Mã,Ngày,Giá đóng cửa,Giá điều chỉnh,Thay đổi,Khối lượng khớp lệnh,Giá trị khớp lệnh,Khối lượng thỏa thuận,Giá trị thỏa thuận,Khối lượng thỏa thuận,Giá trị thỏa thuận,Giá mở cửa,Giá cao nhất,Giá thấp nhất
AAA,06/10/2026,7.03,7.03,"-0,01 (-0,14%)",2438000,17.04,0,0.0,0,0.0,7.06,7.13,6.92
AAA,05/10/2026,7.04,7.04,"-0,01 (-0,14%)",912500,6.46,0,0.0,0,0.0,7.06,7.18,7.04
AAA,02/10/2026,7.05,7.05,"-0,11 (-1,54%)",1540600,10.94,0,0.0,0,0.0,7.16,7.17,7.05
AAA,01/10/2026,7.16,7.16,"0 (0,00%)",1089400,7.81,0,0.0,0,0.0,7.2,7.22,7.13
AAA,30/09/2026,7.16,7.16,"-0,10 (-1,38%)",1021900,7.37,0,0.0,0,0.0,7.27,7.29,7.16
AAA,29/09/2026,7.26,7.26,"+0,09 (+1,26%)",1199400,8.64,0,0.0,0,0.0,7.16,7.27,7.16
AAA,28/09/2026,7.17,7.17,"-0,30 (-4,02%)",3663000,26.55,0,0.0,0,0.0,7.47,7.47,7.15
AAA,25/09/2026,7.47,7.47,"-0,06 (-0,80%)",1803900,13.58,0,0.0,0,0.0,7.55,7.66,7.47
AAA,24/09/2026,7.53,7.53,"+0,02 (+0,27%)",2345000,17.64,0,0.0,0,0.0,7.51,7.64,7.47
AAA,23/09/2026,7.51,7.51,"-0,14 (-1,83%)",2730800,20.52,0,0.0,0,0.0,7.65,7.69,7.45
AAA,22/09/2026,7.65,7.65,"-0,06 (-0,78%)",3171700,24.43,0,0.0,0,0.0,7.75,7.9,7.57
AAA,21/09/2026,7.71,7.71,"+0,45 (+6,20%)",6395300,48.73,0,0.0,0,0.0,7.32,7.76,7.3
AAA,18/09/2026,7.26,7.26,"-0,04 (-0,55%)",1322500,9.67,0,0.0,0,0.0,7.36,7.41,7.26
AAA,17/09/2026,7.3,7.3,"0 (0,00%)",1949900,14.23,0,0.0,0,0.0,7.25,7.37,7.25
AAA,16/09/2026,7.3,7.3,"-0,14 (-1,88%)",2161300,15.91,0,0.0,0,0.0,7.44,7.49,7.25
AAA,15/09/2026,7.44,7.44,"+0,05 (+0,68%)",2316300,17.32,0,0.0,0,0.0,7.5,7.6,7.38
AAA,14/09/2026,7.39,7.39,"+0,22 (+3,07%)",3703200,27.24,350000,2.33,350000,2.33,7.15,7.49,7.15
AAA,11/09/2026,7.17,7.17,"-0,13 (-1,78%)",2197500,15.97,0,0.0,0,0.0,7.22,7.44,7.16
AAA,10/09/2026,7.3,7.3,"-0,05 (-0,68%)",1136900,8.28,0,0.0,0,0.0,7.35,7.35,7.21
AAA,09/09/2026,7.35,7.35,"+0,17 (+2,37%)",4275800,31.29,0,0.0,0,0.0,7.16,7.45,7.14
AAM,06/10/2026,7.75,7.75,"+0,02 (+0,26%)",2200,0.02,0,0.0,0,0.0,7.73,7.75,7.73
AAM,05/10/2026,7.73,7.73,"-0,02 (-0,26%)",500,0.0,0,0.0,0,0.0,7.65,7.73,7.65
AAM,02/10/2026,7.75,7.75,"0 (0,00%)",7200,0.06,0,0.0,0,0.0,7.75,7.75,7.75
AAM,01/10/2026,7.75,7.75,"-0,05 (-0,64%)",700,0.01,0,0.0,0,0.0,7.8,7.8,7.75
AAM,30/09/2026,7.8,7.8,"0 (0,00%)",0,0.0,0,0.0,0,0.0,7.8,7.8,7.8
AAM,29/09/2026,7.8,7.8,"+0,10 (+1,30%)",1900,0.01,0,0.0,0,0.0,7.75,7.8,7.6
AAM,28/09/2026,7.7,7.7,"+0,17 (+2,26%)",31300,0.24,0,0.0,0,0.0,7.55,7.75,7.55
AAM,25/09/2026,7.53,7.53,"0 (0,00%)",1000,0.01,0,0.0,0,0.0,7.53,7.53,7.53
AAM,24/09/2026,7.53,7.53,"+0,02 (+0,27%)",200,0.0,0,0.0,0,0.0,7.52,7.53,7.52
AAM,23/09/2026,7.51,7.51,"+0,01 (+0,13%)",21400,0.17,0,0.0,0,0.0,7.79,7.8,7.5
AAM,22/09/2026,7.5,7.5,"+0,02 (+0,27%)",9400,0.07,0,0.0,0,0.0,7.5,7.5,7.5
AAM,21/09/2026,7.48,7.48,"-0,12 (-1,58%)",5500,0.04,0,0.0,0,0.0,7.48,7.48,7.48
AAM,18/09/2026,7.6,7.6,"+0,10 (+1,33%)",4100,0.03,0,0.0,0,0.0,7.78,7.78,7.6
AAM,17/09/2026,7.5,7.5,"+0,10 (+1,35%)",500,0.0,0,0.0,0,0.0,7.5,7.5,7.5
AAM,16/09/2026,7.4,7.4,"-0,39 (-5,01%)",700,0.01,0,0.0,0,0.0,7.79,7.79,7.4
AAM,15/09/2026,7.79,7.79,"+0,31 (+4,14%)",400,0.0,0,0.0,0,0.0,7.39,7.79,7.39
AAM,14/09/2026,7.48,7.48,"-0,02 (-0,27%)",3200,0.02,0,0.0,0,0.0,7.5,7.5,7.48
AAM,11/09/2026,7.5,7.5,"-0,30 (-3,85%)",2400,0.02,0,0.0,0,0.0,7.7,7.7,7.29
AAM,10/09/2026,7.8,7.8,"+0,20 (+2,63%)",5600,0.04,0,0.0,0,0.0,7.6,7.8,7.48
AAM,09/09/2026,7.6,7.6,"+0,15 (+2,01%)",13000,0.1,0,0.0,0,0.0,7.1,7.6,7.1
AAT,06/10/2026,1.8,1.8,"-0,02 (-1,10%)",16700,0.03,0,0.0,0,0.0,1.82,1.82,1.79
AAT,05/10/2026,1.82,1.82,"0 (0,00%)",17600,0.03,0,0.0,0,0.0,1.82,1.85,1.81
AAT,02/10/2026,1.82,1.82,"-0,05 (-2,67%)",6100,0.01,0,0.0,0,0.0,1.87,1.87,1.82
AAT,01/10/2026,1.87,1.87,"0 (0,00%)",12800,0.02,0,0.0,0,0.0,1.87,1.87,1.82
AAT,30/09/2026,1.87,1.87,"-0,05 (-2,60%)",11000,0.02,0,0.0,0,0.0,1.91,1.92,1.82
AAT,29/09/2026,1.92,1.92,"0 (0,00%)",13800,0.03,0,0.0,0,0.0,1.98,1.98,1.82
AAT,28/09/2026,1.92,1.92,"-0,01 (-0,52%)",18500,0.03,0,0.0,0,0.0,1.93,1.93,1.87
AAT,25/09/2026,1.93,1.93,"-0,05 (-2,53%)",28000,0.05,0,0.0,0,0.0,1.98,1.98,1.93
AAT,24/09/2026,1.98,1.98,"-0,05 (-2,46%)",9600,0.02,0,0.0,0,0.0,2.03,2.03,1.98
AAT,23/09/2026,2.03,2.03,"-0,02 (-0,98%)",41000,0.08,0,0.0,0,0.0,2.03,2.06,1.91
AAT,22/09/2026,2.05,2.05,"0 (0,00%)",12400,0.03,0,0.0,0,0.0,2.02,2.05,2.0
AAT,21/09/2026,2.05,2.05,"0 (0,00%)",26700,0.05,0,0.0,0,0.0,2.05,2.06,2.01
AAT,18/09/2026,2.05,2.05,"0 (0,00%)",13200,0.03,0,0.0,0,0.0,2.12,2.12,2.04
AAT,17/09/2026,2.05,2.05,"0 (0,00%)",29000,0.06,0,0.0,0,0.0,2.05,2.08,2.02
AAT,16/09/2026,2.05,2.05,"-0,04 (-1,91%)",46100,0.1,0,0.0,0,0.0,2.09,2.09,2.05
AAT,15/09/2026,2.09,2.09,"+0,02 (+0,97%)",17600,0.04,0,0.0,0,0.0,2.09,2.09,2.05
AAT,14/09/2026,2.07,2.07,"-0,13 (-5,91%)",91100,0.19,0,0.0,0,0.0,2.18,2.19,2.05
AAT,11/09/2026,2.2,2.2,"0 (0,00%)",14600,0.03,0,0.0,0,0.0,2.2,2.27,2.18
AAT,10/09/2026,2.2,2.2,"0 (0,00%)",6700,0.01,0,0.0,0,0.0,2.23,2.23,2.17
AAT,09/09/2026,2.2,2.2,"-0,03 (-1,35%)",43300,0.1,0,0.0,0,0.0,2.23,2.25,2.18
ABR,06/10/2026,10.35,10.35,"+0,01 (+0,10%)",200,0.0,0,0.0,0,0.0,10.35,10.35,10.35
ABR,05/10/2026,10.35,10.35,"+0,01 (+0,10%)",100,0.0,0,0.0,0,0.0,10.35,10.35,10.35
ABR,02/10/2026,10.35,10.35,"-0,55 (-5,05%)",300,0.0,0,0.0,0,0.0,10.2,10.35,10.2
ABR,01/10/2026,10.9,10.9,"0 (0,00%)",0,0.0,0,0.0,0,0.0,10.9,10.9,10.9
ABR,30/09/2026,10.9,10.9,"+0,37 (+3,51%)",100,0.0,0,0.0,0,0.0,10.9,10.9,10.9
ABR,29/09/2026,10.55,10.55,"+0,02 (+0,19%)",0,0.0,0,0.0,0,0.0,10.55,10.55,10.55
ABR,28/09/2026,10.55,10.55,"+0,02 (+0,19%)",0,0.0,0,0.0,0,0.0,10.55,10.55,10.55
ABR,25/09/2026,10.55,10.55,"+0,02 (+0,19%)",0,0.0,30700,0.31,30700,0.31,10.55,10.55,10.55
ABR,24/09/2026,10.55,10.55,"-0,25 (-2,31%)",100,0.0,0,0.0,0,0.0,10.55,10.55,10.55
ABR,23/09/2026,10.8,10.8,"-0,10 (-0,92%)",100,0.0,0,0.0,0,0.0,10.8,10.8,10.8
ABR,22/09/2026,10.9,10.9,"0 (0,00%)",0,0.0,0,0.0,0,0.0,10.9,10.9,10.9
ABR,21/09/2026,10.9,10.9,"0 (0,00%)",0,0.0,0,0.0,0,0.0,10.9,10.9,10.9
ABR,18/09/2026,10.9,10.9,"0 (0,00%)",1200,0.01,0,0.0,0,0.0,10.9,10.9,10.9
ABR,17/09/2026,10.9,10.9,"+0,05 (+0,46%)",300,0.0,0,0.0,0,0.0,10.6,10.9,10.6
ABR,16/09/2026,10.85,10.85,"+0,37 (+3,53%)",300,0.0,0,0.0,0,0.0,10.85,10.85,10.85
ABR,15/09/2026,10.5,10.5,"+0,30 (+2,94%)",400,0.0,0,0.0,0,0.0,10.2,10.5,10.2
ABR,14/09/2026,10.2,10.2,"-0,38 (-3,59%)",1000,0.01,0,0.0,0,0.0,10.5,10.5,10.2
ABR,11/09/2026,10.6,10.6,"+0,02 (+0,19%)",0,0.0,0,0.0,0,0.0,10.6,10.6,10.6
ABR,10/09/2026,10.6,10.6,"-0,30 (-2,75%)",1200,0.01,0,0.0,0,0.0,10.65,10.65,10.6
ABR,09/09/2026,10.9,10.9,"0 (0,00%)",0,0.0,0,0.0,0,0.0,10.9,10.9,10.9
ABS,06/10/2026,2.88,2.88,"+0,01 (+0,35%)",109800,0.32,0,0.0,0,0.0,2.88,2.92,2.81
ABS,05/10/2026,2.87,2.87,"+0,18 (+6,69%)",453400,1.26,0,0.0,0,0.0,2.69,2.87,2.69
ABS,02/10/2026,2.69,2.69,"-0,20 (-6,92%)",151000,0.42,0,0.0,0,0.0,2.89,2.89,2.69
ABS,01/10/2026,2.89,2.89,"0 (0,00%)",256600,0.74,0,0.0,0,0.0,2.8,2.92,2.8
ABS,30/09/2026,2.89,2.89,"+0,03 (+1,05%)",125800,0.36,0,0.0,0,0.0,3.02,3.02,2.85
ABS,29/09/2026,2.86,2.86,"0 (0,00%)",51200,0.15,0,0.0,0,0.0,2.85,2.89,2.8
ABS,28/09/2026,2.86,2.86,"-0,03 (-1,04%)",96100,0.27,0,0.0,0,0.0,2.89,2.89,2.84
ABS,25/09/2026,2.89,2.89,"+0,01 (+0,35%)",80300,0.23,0,0.0,0,0.0,2.89,2.91,2.84
ABS,24/09/2026,2.88,2.88,"0 (0,00%)",199400,0.57,0,0.0,0,0.0,2.9,2.94,2.86
ABS,23/09/2026,2.88,2.88,"-0,02 (-0,69%)",74800,0.22,0,0.0,0,0.0,2.86,2.9,2.86
ABS,22/09/2026,2.9,2.9,"+0,01 (+0,35%)",74800,0.22,0,0.0,0,0.0,2.9,2.9,2.87
ABS,21/09/2026,2.89,2.89,"-0,01 (-0,34%)",41900,0.12,0,0.0,0,0.0,2.9,2.9,2.84
ABS,18/09/2026,2.9,2.9,"0 (0,00%)",33100,0.1,0,0.0,0,0.0,2.9,2.9,2.85
ABS,17/09/2026,2.9,2.9,"+0,04 (+1,40%)",51100,0.15,0,0.0,0,0.0,2.89,2.91,2.89
ABS,16/09/2026,2.86,2.86,"-0,02 (-0,69%)",34200,0.1,0,0.0,0,0.0,2.91,2.91,2.85
ABS,15/09/2026,2.88,2.88,"0 (0,00%)",182900,0.53,0,0.0,0,0.0,2.9,2.92,2.88
ABS,14/09/2026,2.88,2.88,"+0,05 (+1,77%)",99500,0.29,0,0.0,0,0.0,2.86,2.92,2.86
ABS,11/09/2026,2.83,2.83,"-0,06 (-2,08%)",136300,0.39,0,0.0,0,0.0,2.89,2.92,2.81
ABS,10/09/2026,2.89,2.89,"-0,01 (-0,34%)",101600,0.29,0,0.0,0,0.0,2.9,2.91,2.88
ABS,09/09/2026,2.9,2.9,"0 (0,00%)",208900,0.61,0,0.0,0,0.0,2.9,2.94,2.9
ABT,06/10/2026,50.0,50.0,"-0,10 (-0,20%)",13600,0.68,0,0.0,0,0.0,50.4,50.4,50.0
ABT,05/10/2026,50.1,50.1,"+0,10 (+0,20%)",3500,0.18,0,0.0,0,0.0,50.3,50.4,50.0
ABT,02/10/2026,50.0,50.0,"0 (0,00%)",3000,0.15,0,0.0,0,0.0,50.0,50.4,50.0
ABT,01/10/2026,50.0,50.0,"+0,12 (+0,24%)",600,0.03,0,0.0,0,0.0,50.2,50.2,50.0
ABT,30/09/2026,49.9,49.9,"+0,25 (+0,50%)",400,0.02,0,0.0,0,0.0,49.8,50.0,49.8
ABT,29/09/2026,49.65,49.65,"-0,35 (-0,70%)",2700,0.13,0,0.0,0,0.0,50.0,50.0,49.65
ABT,28/09/2026,50.0,50.0,"+0,12 (+0,24%)",2100,0.11,0,0.0,0,0.0,50.4,50.4,50.0
ABT,25/09/2026,49.9,49.9,"-0,05 (-0,10%)",1300,0.06,0,0.0,0,0.0,49.9,50.0,49.8
ABT,24/09/2026,49.95,49.95,"-0,25 (-0,50%)",3100,0.15,0,0.0,0,0.0,50.2,50.2,49.9
ABT,23/09/2026,50.2,50.2,"+0,10 (+0,20%)",13400,0.67,0,0.0,0,0.0,50.1,50.4,49.9
ABT,22/09/2026,50.1,50.1,"-0,30 (-0,60%)",3400,0.17,0,0.0,0,0.0,50.1,50.2,50.0
ABT,21/09/2026,50.4,50.4,"-0,10 (-0,20%)",5600,0.28,0,0.0,0,0.0,48.8,50.9,48.8
ABT,18/09/2026,50.5,50.5,"-0,38 (-0,75%)",800,0.04,0,0.0,0,0.0,50.8,50.9,50.5
ABT,17/09/2026,50.9,50.9,"+0,40 (+0,79%)",3000,0.15,0,0.0,0,0.0,50.1,50.9,50.1
ABT,16/09/2026,50.5,50.5,"+0,20 (+0,40%)",800,0.04,0,0.0,0,0.0,50.2,50.5,50.1
ABT,15/09/2026,50.3,50.3,"0 (0,00%)",2000,0.1,0,0.0,0,0.0,50.1,50.6,50.1
ABT,14/09/2026,50.3,50.3,"+0,20 (+0,40%)",2400,0.12,0,0.0,0,0.0,50.4,50.4,50.1
ABT,11/09/2026,50.1,50.1,"0 (0,00%)",900,0.05,0,0.0,0,0.0,50.8,50.9,50.1
ABT,10/09/2026,50.1,50.1,"-0,20 (-0,40%)",2200,0.11,0,0.0,0,0.0,50.3,50.3,50.1
ABT,09/09/2026,50.3,50.3,"0 (0,00%)",1600,0.08,0,0.0,0,0.0,50.3,51.0,50.3
ACB,06/10/2026,20.6,20.6,"-0,40 (-1,90%)",12839800,264.91,0,0.0,0,0.0,21.0,21.05,20.4
ACB,05/10/2026,21.0,21.0,"-0,10 (-0,47%)",5149200,108.43,0,0.0,0,0.0,21.1,21.2,20.95
ACB,02/10/2026,21.1,21.1,"0 (0,00%)",6545100,138.3,0,0.0,0,0.0,21.1,21.25,21.05
ACB,01/10/2026,21.1,21.1,"0 (0,00%)",3419400,72.3,135600,2.71,135600,2.71,21.1,21.25,21.05
ACB,30/09/2026,21.1,21.1,"+0,05 (+0,24%)",5938000,126.08,0,0.0,0,0.0,21.1,21.5,21.1
ACB,29/09/2026,21.05,21.05,"-0,05 (-0,24%)",7059700,149.1,111586,2.34,111586,2.34,21.1,21.25,21.05
ACB,28/09/2026,21.1,21.1,"-0,30 (-1,40%)",8042100,170.31,50000,1.0,50000,1.0,21.3,21.4,21.0
ACB,25/09/2026,21.4,21.4,"0 (0,00%)",6080700,130.01,0,0.0,0,0.0,21.4,21.6,21.25
ACB,24/09/2026,21.4,21.4,"-0,40 (-1,83%)",8843500,190.34,49000,0.99,49000,0.99,21.9,21.9,21.3
ACB,23/09/2026,21.8,21.8,"-0,20 (-0,91%)",11013700,241.43,0,0.0,0,0.0,22.0,22.15,21.75
ACB,22/09/2026,22.0,22.0,"-0,40 (-1,79%)",7237000,159.87,48000,1.0,48000,1.0,22.4,22.5,22.0
ACB,21/09/2026,22.4,22.4,"+0,50 (+2,28%)",9212300,204.66,0,0.0,0,0.0,22.3,22.4,21.9
ACB,18/09/2026,21.9,21.9,"-0,90 (-3,95%)",10475900,231.92,47000,1.0,47000,1.0,22.8,22.85,21.9
ACB,17/09/2026,22.8,22.8,"+0,20 (+0,88%)",9239200,209.17,0,0.0,0,0.0,22.45,22.8,22.35
ACB,16/09/2026,22.6,22.6,"+0,50 (+2,26%)",8017800,179.27,48000,0.99,48000,0.99,22.1,22.6,22.05
ACB,15/09/2026,22.1,22.1,"+0,05 (+0,23%)",6877300,151.93,530000,11.74,530000,11.74,22.2,22.3,22.0
ACB,14/09/2026,22.05,22.05,"0 (0,00%)",5907500,130.31,48000,0.99,48000,0.99,22.05,22.15,21.95
ACB,11/09/2026,22.05,22.05,"-0,35 (-1,56%)",8653100,191.68,0,0.0,0,0.0,22.3,22.35,22.0
ACB,10/09/2026,22.4,22.4,"-0,05 (-0,22%)",3925600,88.0,47000,0.98,47000,0.98,22.45,22.5,22.35
ACB,09/09/2026,22.45,22.45,"+0,15 (+0,67%)",7439600,166.58,0,0.0,0,0.0,22.3,22.6,22.2
ACC,06/10/2026,3.65,3.65,"-0,24 (-6,17%)",382300,1.41,0,0.0,0,0.0,3.89,3.9,3.62
ACC,05/10/2026,3.89,3.89,"-0,20 (-4,89%)",287900,1.13,0,0.0,0,0.0,4.09,4.09,3.85
ACC,02/10/2026,4.09,4.09,"-0,10 (-2,39%)",192500,0.79,0,0.0,0,0.0,4.2,4.22,4.05
ACC,01/10/2026,4.19,4.19,"-0,04 (-0,95%)",148200,0.62,0,0.0,0,0.0,4.23,4.25,4.19
ACC,30/09/2026,4.23,4.23,"-0,03 (-0,70%)",129700,0.55,0,0.0,0,0.0,4.26,4.28,4.23
ACC,29/09/2026,4.26,4.26,"-0,02 (-0,47%)",102500,0.44,0,0.0,0,0.0,4.21,4.28,4.21
ACC,28/09/2026,4.28,4.28,"0 (0,00%)",169300,0.72,0,0.0,0,0.0,4.32,4.32,4.25
ACC,25/09/2026,4.28,4.28,"+0,01 (+0,23%)",140300,0.6,0,0.0,0,0.0,4.33,4.33,4.26
ACC,24/09/2026,4.27,4.27,"-0,05 (-1,16%)",313000,1.34,0,0.0,0,0.0,4.31,4.32,4.27
ACC,23/09/2026,4.32,4.32,"-0,01 (-0,23%)",98100,0.42,0,0.0,0,0.0,4.33,4.37,4.3
ACC,22/09/2026,4.33,4.33,"-0,01 (-0,23%)",151700,0.66,0,0.0,0,0.0,4.3,4.37,4.3
ACC,21/09/2026,4.34,4.34,"-0,08 (-1,81%)",131300,0.57,0,0.0,0,0.0,4.41,4.41,4.32
ACC,18/09/2026,4.42,4.42,"0 (0,00%)",227200,1.0,0,0.0,0,0.0,4.47,4.52,4.31
ACC,17/09/2026,4.42,4.42,"+0,08 (+1,84%)",214600,0.94,0,0.0,0,0.0,4.3,4.58,4.29
ACC,16/09/2026,4.34,4.34,"+0,04 (+0,93%)",165100,0.71,0,0.0,0,0.0,4.29,4.35,4.27
ACC,15/09/2026,4.3,4.3,"+0,01 (+0,23%)",146200,0.63,0,0.0,0,0.0,4.34,4.37,4.28
ACC,14/09/2026,4.29,4.29,"-0,03 (-0,69%)",193400,0.83,0,0.0,0,0.0,4.37,4.38,4.28
ACC,11/09/2026,4.32,4.32,"-0,11 (-2,48%)",311000,1.35,0,0.0,0,0.0,4.43,4.45,4.29
ACC,10/09/2026,4.43,4.43,"-0,06 (-1,34%)",92100,0.41,0,0.0,0,0.0,4.49,4.57,4.41
ACC,09/09/2026,4.49,4.49,"-0,02 (-0,44%)",354300,1.57,0,0.0,0,0.0,4.41,4.54,4.37
ACG,06/10/2026,31.0,31.0,"0 (0,00%)",600,0.02,0,0.0,0,0.0,31.0,31.0,31.0
ACG,05/10/2026,31.0,31.0,"+1,10 (+3,68%)",800,0.02,0,0.0,0,0.0,29.85,31.3,29.85
ACG,02/10/2026,29.9,29.9,"-1,40 (-4,47%)",1300,0.04,0,0.0,0,0.0,31.3,31.3,29.9
ACG,01/10/2026,31.3,31.3,"-0,10 (-0,32%)",400,0.01,0,0.0,0,0.0,30.5,31.3,30.5
ACG,30/09/2026,31.4,31.4,"-0,10 (-0,32%)",500,0.02,0,0.0,0,0.0,31.5,31.5,30.2
ACG,29/09/2026,31.5,31.5,"0 (0,00%)",200,0.01,0,0.0,0,0.0,30.5,31.5,30.5
ACG,28/09/2026,31.5,31.5,"+0,35 (+1,12%)",1100,0.03,0,0.0,0,0.0,32.3,32.3,30.0
ACG,25/09/2026,31.15,31.15,"-0,10 (-0,32%)",200,0.01,0,0.0,0,0.0,31.15,31.15,31.15
ACG,24/09/2026,31.25,31.25,"+1,20 (+3,99%)",3600,0.11,0,0.0,0,0.0,31.5,31.5,30.2
ACG,23/09/2026,30.05,30.05,"-1,15 (-3,69%)",14500,0.44,0,0.0,0,0.0,31.2,31.2,30.05
ACG,22/09/2026,31.2,31.2,"0 (0,00%)",100,0.0,0,0.0,0,0.0,31.2,31.2,31.2
ACG,21/09/2026,31.2,31.2,"-0,50 (-1,58%)",2200,0.07,0,0.0,0,0.0,31.5,31.5,30.6
ACG,18/09/2026,31.7,31.7,"0 (0,00%)",0,0.0,0,0.0,0,0.0,31.7,31.7,31.7
ACG,17/09/2026,31.7,31.7,"-0,10 (-0,31%)",44200,1.34,0,0.0,0,0.0,31.0,31.8,30.0
ACG,16/09/2026,31.8,31.8,"+0,80 (+2,58%)",1300,0.04,0,0.0,0,0.0,31.0,31.8,30.6
ACG,15/09/2026,32.0,31.0,"0 (0,00%)",45600,1.42,0,0.0,0,0.0,31.3,32.2,30.8
ACG,14/09/2026,32.0,31.0,"-0,30 (-0,93%)",1700,0.05,0,0.0,0,0.0,32.2,32.2,30.6
ACG,11/09/2026,32.3,31.29,"+0,50 (+1,57%)",6200,0.19,0,0.0,0,0.0,31.8,32.3,31.1
ACG,10/09/2026,31.8,30.81,"-0,10 (-0,31%)",1500,0.05,0,0.0,0,0.0,31.8,31.8,31.8
ACG,09/09/2026,31.9,30.9,"0 (0,00%)",1800,0.06,0,0.0,0,0.0,31.95,31.95,31.1
ACL,06/10/2026,11.0,11.0,"0 (0,00%)",6200,0.07,0,0.0,0,0.0,11.0,11.4,11.0
ACL,05/10/2026,11.0,11.0,"-0,20 (-1,79%)",300,0.0,0,0.0,0,0.0,11.0,11.0,11.0
ACL,02/10/2026,11.2,11.2,"0 (0,00%)",0,0.0,0,0.0,0,0.0,11.2,11.2,11.2
ACL,01/10/2026,11.2,11.2,"-0,20 (-1,75%)",200,0.0,0,0.0,0,0.0,11.95,11.95,11.2
ACL,30/09/2026,11.4,11.4,"-0,30 (-2,56%)",5600,0.06,0,0.0,0,0.0,10.95,11.4,10.9
ACL,29/09/2026,11.7,11.7,"+0,65 (+5,88%)",700,0.01,0,0.0,0,0.0,11.15,11.7,11.15
ACL,28/09/2026,11.05,11.05,"-0,05 (-0,45%)",1000,0.01,0,0.0,0,0.0,11.05,11.05,10.55
ACL,25/09/2026,11.1,11.1,"-0,70 (-5,93%)",11700,0.13,0,0.0,0,0.0,11.0,11.7,11.0
ACL,24/09/2026,11.8,11.8,"+0,55 (+4,89%)",300,0.0,0,0.0,0,0.0,11.95,11.95,11.8
ACL,23/09/2026,11.25,11.25,"+0,62 (+5,83%)",4500,0.05,0,0.0,0,0.0,10.7,11.25,10.7
ACL,22/09/2026,10.65,10.65,"-0,35 (-3,18%)",3300,0.04,0,0.0,0,0.0,10.65,10.9,10.65
ACL,21/09/2026,11.0,11.0,"0 (0,00%)",1600,0.02,0,0.0,0,0.0,11.0,11.1,11.0
ACL,18/09/2026,11.0,11.0,"-0,30 (-2,65%)",7800,0.08,0,0.0,0,0.0,10.65,11.5,10.65
ACL,17/09/2026,11.3,11.3,"+0,35 (+3,20%)",6800,0.07,0,0.0,0,0.0,10.7,11.45,10.7
ACL,16/09/2026,10.95,10.95,"-0,05 (-0,45%)",7400,0.08,0,0.0,0,0.0,10.65,11.25,10.65
ACL,15/09/2026,11.0,11.0,"0 (0,00%)",9900,0.1,0,0.0,0,0.0,10.55,11.45,10.55
ACL,14/09/2026,11.0,11.0,"-0,20 (-1,79%)",7300,0.08,0,0.0,0,0.0,11.2,11.4,10.8
ACL,11/09/2026,11.2,11.2,"-0,70 (-5,88%)",4800,0.05,0,0.0,0,0.0,11.3,11.65,11.2
ACL,10/09/2026,11.9,11.9,"-0,10 (-0,83%)",100,0.0,0,0.0,0,0.0,11.9,11.9,11.9
ACL,09/09/2026,12.0,12.0,"0 (0,00%)",0,0.0,0,0.0,0,0.0,12.0,12.0,12.0
ADG,06/10/2026,8.5,8.5,"0 (0,00%)",0,0.0,0,0.0,0,0.0,8.5,8.5,8.5
ADG,05/10/2026,8.5,8.5,"0 (0,00%)",0,0.0,0,0.0,0,0.0,8.5,8.5,8.5
ADG,02/10/2026,8.5,8.5,"-0,12 (-1,39%)",2000,0.02,0,0.0,0,0.0,8.02,8.5,8.02
ADG,01/10/2026,8.62,8.62,"+0,42 (+5,12%)",3800,0.03,0,0.0,0,0.0,7.65,8.63,7.63
ADG,30/09/2026,8.2,8.2,"0 (0,00%)",0,0.0,0,0.0,0,0.0,8.2,8.2,8.2
ADG,29/09/2026,8.2,8.2,"0 (0,00%)",0,0.0,0,0.0,0,0.0,8.2,8.2,8.2
ADG,28/09/2026,8.2,8.2,"0 (0,00%)",0,0.0,0,0.0,0,0.0,8.2,8.2,8.2
ADG,25/09/2026,8.2,8.2,"0 (0,00%)",0,0.0,0,0.0,0,0.0,8.2,8.2,8.2
ADG,24/09/2026,8.2,8.2,"0 (0,00%)",0,0.0,0,0.0,0,0.0,8.2,8.2,8.2
ADG,23/09/2026,8.2,8.2,"+0,20 (+2,50%)",2600,0.02,0,0.0,0,0.0,7.5,8.32,7.44
ADG,22/09/2026,8.0,8.0,"0 (0,00%)",0,0.0,0,0.0,0,0.0,8.0,8.0,8.0
ADG,21/09/2026,8.0,8.0,"0 (0,00%)",0,0.0,0,0.0,0,0.0,8.0,8.0,8.0
ADG,18/09/2026,8.0,8.0,"-0,51 (-5,99%)",700,0.01,0,0.0,0,0.0,7.92,8.0,7.92
ADG,17/09/2026,8.51,8.51,"0 (0,00%)",0,0.0,0,0.0,0,0.0,8.51,8.51,8.51
ADG,16/09/2026,8.51,8.51,"+0,51 (+6,38%)",2200,0.02,0,0.0,0,0.0,7.9,8.51,7.5
ADG,15/09/2026,8.0,8.0,"0 (0,00%)",300,0.0,0,0.0,0,0.0,8.0,8.0,8.0
ADG,14/09/2026,8.0,8.0,"-0,39 (-4,65%)",100,0.0,0,0.0,0,0.0,8.0,8.0,8.0
ADG,11/09/2026,8.39,8.39,"0 (0,00%)",0,0.0,0,0.0,0,0.0,8.39,8.39,8.39
ADG,10/09/2026,8.39,8.39,"0 (0,00%)",0,0.0,0,0.0,0,0.0,8.39,8.39,8.39
ADG,09/09/2026,8.39,8.39,"0 (0,00%)",0,0.0,0,0.0,0,0.0,8.39,8.39,8.39
ADP,06/10/2026,23.55,23.55,"-0,40 (-1,67%)",2400,0.06,0,0.0,0,0.0,23.95,23.95,23.1
ADP,05/10/2026,23.95,23.95,"+0,30 (+1,27%)",3600,0.09,0,0.0,0,0.0,23.65,23.95,23.65
ADP,02/10/2026,23.65,23.65,"+0,05 (+0,21%)",2400,0.06,0,0.0,0,0.0,24.0,24.0,23.55
ADP,01/10/2026,23.6,23.6,"-0,20 (-0,84%)",400,0.01,0,0.0,0,0.0,23.2,24.0,23.2
ADP,30/09/2026,24.5,23.8,"0 (0,00%)",27300,0.67,0,0.0,0,0.0,24.5,24.55,24.5
ADP,29/09/2026,24.5,23.8,"0 (0,00%)",8100,0.2,0,0.0,0,0.0,24.5,24.6,24.3
ADP,28/09/2026,24.5,23.8,"+0,25 (+1,03%)",2600,0.06,0,0.0,0,0.0,24.3,24.5,24.3
ADP,25/09/2026,24.25,23.56,"-0,05 (-0,21%)",1200,0.03,0,0.0,0,0.0,24.6,24.6,24.25
ADP,24/09/2026,24.3,23.6,"+0,10 (+0,41%)",6300,0.15,0,0.0,0,0.0,24.2,24.5,24.15
ADP,23/09/2026,24.2,23.51,"0 (0,00%)",6600,0.16,0,0.0,0,0.0,24.0,24.4,24.0
ADP,22/09/2026,24.2,23.51,"+0,30 (+1,26%)",2400,0.06,0,0.0,0,0.0,24.0,24.3,23.9
ADP,21/09/2026,23.9,23.22,"+0,05 (+0,21%)",1500,0.04,0,0.0,0,0.0,23.9,23.9,23.7
ADP,18/09/2026,23.85,23.17,"-0,15 (-0,62%)",3000,0.07,0,0.0,0,0.0,24.0,24.0,23.85
ADP,17/09/2026,24.0,23.31,"+0,30 (+1,27%)",1200,0.03,0,0.0,0,0.0,24.0,24.0,24.0
ADP,16/09/2026,23.7,23.02,"+0,15 (+0,64%)",5000,0.12,0,0.0,0,0.0,24.0,24.8,23.65
ADP,15/09/2026,23.55,22.88,"+0,05 (+0,21%)",1000,0.02,0,0.0,0,0.0,24.0,24.0,23.55
ADP,14/09/2026,23.5,22.83,"-0,30 (-1,26%)",7900,0.19,0,0.0,0,0.0,23.8,23.8,23.0
ADP,11/09/2026,23.8,23.12,"0 (0,00%)",600,0.01,0,0.0,0,0.0,23.5,23.8,23.5
ADP,10/09/2026,23.8,23.12,"-0,10 (-0,42%)",2700,0.06,0,0.0,0,0.0,23.6,23.8,23.55
ADP,09/09/2026,23.9,23.22,"+0,10 (+0,42%)",3500,0.08,0,0.0,0,0.0,23.8,24.0,23.8
ADS,06/10/2026,7.5,7.5,"0 (0,00%)",26600,0.2,0,0.0,0,0.0,7.79,7.79,7.5
ADS,05/10/2026,7.5,7.5,"-0,28 (-3,60%)",26100,0.2,0,0.0,0,0.0,7.79,7.8,7.5
ADS,02/10/2026,7.78,7.78,"0 (0,00%)",14700,0.11,0,0.0,0,0.0,7.58,7.86,7.58
ADS,01/10/2026,7.78,7.78,"-0,01 (-0,13%)",16800,0.13,0,0.0,0,0.0,7.76,7.8,7.7
ADS,30/09/2026,7.79,7.79,"+0,06 (+0,78%)",28200,0.22,0,0.0,0,0.0,7.8,7.8,7.6
ADS,29/09/2026,7.73,7.73,"-0,09 (-1,15%)",28700,0.22,0,0.0,0,0.0,7.85,7.85,7.72
ADS,28/09/2026,7.82,7.82,"-0,07 (-0,89%)",26100,0.2,0,0.0,0,0.0,7.89,7.89,7.75
ADS,25/09/2026,7.89,7.89,"0 (0,00%)",5500,0.04,0,0.0,0,0.0,7.89,7.89,7.86
ADS,24/09/2026,7.89,7.89,"+0,02 (+0,25%)",24500,0.19,0,0.0,0,0.0,7.88,7.94,7.8
ADS,23/09/2026,7.87,7.87,"-0,03 (-0,38%)",67100,0.53,0,0.0,0,0.0,7.87,7.98,7.87
ADS,22/09/2026,7.9,7.9,"-0,03 (-0,38%)",20400,0.16,0,0.0,0,0.0,7.9,7.99,7.9
ADS,21/09/2026,7.93,7.93,"-0,02 (-0,25%)",5200,0.04,0,0.0,0,0.0,7.91,8.03,7.9
ADS,18/09/2026,7.95,7.95,"0 (0,00%)",7200,0.06,0,0.0,0,0.0,8.1,8.1,7.91
ADS,17/09/2026,7.95,7.95,"+0,03 (+0,38%)",19600,0.16,0,0.0,0,0.0,7.92,8.24,7.89
ADS,16/09/2026,7.92,7.92,"-0,06 (-0,75%)",24600,0.2,158000,1.27,158000,1.27,7.95,7.96,7.9
ADS,15/09/2026,7.98,7.98,"-0,02 (-0,25%)",38800,0.31,0,0.0,0,0.0,8.0,8.0,7.8
ADS,14/09/2026,8.0,8.0,"-0,04 (-0,50%)",59900,0.48,0,0.0,0,0.0,8.04,8.09,8.0
ADS,11/09/2026,8.04,8.04,"-0,05 (-0,62%)",49400,0.4,0,0.0,0,0.0,8.09,8.2,8.04
ADS,10/09/2026,8.09,8.09,"0 (0,00%)",41600,0.33,0,0.0,0,0.0,8.05,8.09,7.98
ADS,09/09/2026,8.09,8.09,"0 (0,00%)",46500,0.37,0,0.0,0,0.0,8.06,8.16,8.0
AFX,06/10/2026,9.72,9.72,"0 (0,00%)",89200,0.87,0,0.0,0,0.0,9.73,9.73,9.66
AFX,05/10/2026,9.73,9.73,"+0,01 (+0,10%)",98500,0.96,0,0.0,0,0.0,9.72,9.73,9.69
AFX,02/10/2026,9.73,9.73,"-0,04 (-0,41%)",131100,1.26,0,0.0,0,0.0,9.78,9.78,9.55
AFX,01/10/2026,9.78,9.78,"-0,01 (-0,10%)",173600,1.7,0,0.0,0,0.0,9.78,9.83,9.72
AFX,30/09/2026,9.8,9.8,"-0,04 (-0,41%)",131000,1.29,0,0.0,0,0.0,9.84,9.85,9.62
AFX,29/09/2026,9.85,9.85,"-0,02 (-0,20%)",190300,1.88,0,0.0,0,0.0,9.93,9.93,9.62
AFX,28/09/2026,9.87,9.87,"-0,06 (-0,60%)",136800,1.35,0,0.0,0,0.0,9.95,9.99,9.61
AFX,25/09/2026,9.95,9.95,"+0,07 (+0,71%)",138000,1.37,0,0.0,0,0.0,9.9,10.05,9.88
AFX,24/09/2026,9.89,9.89,"-0,04 (-0,40%)",94900,0.94,0,0.0,0,0.0,9.99,9.99,9.88
AFX,23/09/2026,9.95,9.95,"-0,02 (-0,20%)",135500,1.35,0,0.0,0,0.0,9.98,9.98,9.9
AFX,22/09/2026,9.98,9.98,"+0,10 (+1,01%)",116400,1.15,0,0.0,0,0.0,9.9,9.99,9.84
AFX,21/09/2026,9.9,9.9,"+0,04 (+0,41%)",209800,2.07,0,0.0,0,0.0,9.86,10.0,9.86
AFX,18/09/2026,9.86,9.86,"0 (0,00%)",117300,1.15,0,0.0,0,0.0,9.85,9.86,9.71
AFX,17/09/2026,9.86,9.86,"0 (0,00%)",145800,1.44,0,0.0,0,0.0,9.86,9.88,9.8
AFX,16/09/2026,9.86,9.86,"+0,07 (+0,72%)",112900,1.11,0,0.0,0,0.0,9.85,9.9,9.8
AFX,15/09/2026,9.8,9.8,"+0,02 (+0,20%)",122100,1.2,0,0.0,0,0.0,9.8,9.95,9.78
AFX,14/09/2026,9.8,9.8,"-0,08 (-0,81%)",171600,1.69,0,0.0,0,0.0,9.9,10.0,9.55
AFX,11/09/2026,9.9,9.9,"-0,07 (-0,70%)",186500,1.84,1017000,10.83,1017000,10.83,10.0,10.0,9.5
AFX,10/09/2026,9.98,9.98,"-0,02 (-0,20%)",126100,1.26,0,0.0,0,0.0,9.99,10.0,9.9
AFX,09/09/2026,10.0,10.0,"0 (0,00%)",121500,1.21,740000,7.92,740000,7.92,10.05,10.1,9.9
AGG,06/10/2026,8.99,8.99,"0 (0,00%)",135300,1.21,0,0.0,0,0.0,9.0,9.0,8.8
AGG,05/10/2026,8.99,8.99,"-0,01 (-0,11%)",165000,1.47,0,0.0,0,0.0,8.73,8.99,8.73
AGG,02/10/2026,9.0,9.0,"0 (0,00%)",187700,1.68,392000,3.51,392000,3.51,8.83,9.0,8.8
AGG,01/10/2026,9.0,9.0,"0 (0,00%)",124000,1.11,315000,2.84,315000,2.84,8.87,9.0,8.83
AGG,30/09/2026,9.0,9.0,"-0,15 (-1,64%)",243200,2.18,592000,5.33,592000,5.33,9.02,9.15,8.8
AGG,29/09/2026,9.15,9.15,"-0,03 (-0,33%)",194300,1.76,0,0.0,0,0.0,9.08,9.15,8.72
AGG,28/09/2026,9.18,9.18,"+0,01 (+0,11%)",1516200,13.32,475000,4.28,475000,4.28,9.1,9.18,8.53
AGG,25/09/2026,9.17,9.17,"-0,69 (-7,00%)",590500,5.62,0,0.0,0,0.0,9.81,9.86,9.17
AGG,24/09/2026,9.86,9.86,"-0,07 (-0,71%)",165600,1.63,666300,6.16,666300,6.16,9.92,9.94,9.82
AGG,23/09/2026,9.94,9.94,"-0,02 (-0,20%)",280600,2.79,0,0.0,0,0.0,9.96,9.98,9.91
AGG,22/09/2026,9.96,9.96,"0 (0,00%)",220900,2.2,0,0.0,0,0.0,9.98,9.98,9.93
AGG,21/09/2026,9.96,9.96,"-0,04 (-0,40%)",139400,1.39,133401,1.24,133401,1.24,10.0,10.0,9.93
AGG,18/09/2026,10.0,10.0,"0 (0,00%)",197600,1.97,40000,0.42,40000,0.42,10.0,10.1,9.98
AGG,17/09/2026,10.0,10.0,"+0,03 (+0,30%)",295900,2.95,0,0.0,0,0.0,9.82,10.05,9.82
AGG,16/09/2026,9.98,9.98,"-0,12 (-1,19%)",211700,2.11,2535000,27.38,2535000,27.38,10.1,10.1,9.96
AGG,15/09/2026,10.1,10.1,"-0,04 (-0,39%)",349000,3.5,45000,0.49,45000,0.49,10.1,10.15,9.97
AGG,14/09/2026,10.15,10.15,"-0,14 (-1,36%)",256000,2.59,680000,7.48,680000,7.48,10.1,10.25,10.0
AGG,11/09/2026,10.3,10.3,"-0,09 (-0,87%)",267100,2.73,0,0.0,0,0.0,10.3,10.3,10.1
AGG,10/09/2026,10.4,10.4,"+0,01 (+0,10%)",151600,1.57,1385000,15.23,1385000,15.23,10.5,10.5,10.25
AGG,09/09/2026,10.4,10.4,"+0,06 (+0,58%)",199500,2.06,0,0.0,0,0.0,10.4,10.55,10.2
AGR,06/10/2026,11.6,11.6,"-0,10 (-0,85%)",265500,3.06,0,0.0,0,0.0,11.85,11.85,11.35
AGR,05/10/2026,11.7,11.7,"+0,05 (+0,43%)",116400,1.37,0,0.0,0,0.0,11.75,11.85,11.7
AGR,02/10/2026,11.65,11.65,"-0,25 (-2,10%)",323000,3.81,0,0.0,0,0.0,11.9,11.95,11.65
AGR,01/10/2026,11.9,11.9,"-0,05 (-0,42%)",272400,3.25,0,0.0,0,0.0,11.8,12.0,11.8
AGR,30/09/2026,11.95,11.95,"-0,25 (-2,05%)",147000,1.77,0,0.0,0,0.0,12.2,12.35,11.95
AGR,29/09/2026,12.2,12.2,"-0,05 (-0,41%)",220200,2.68,0,0.0,0,0.0,12.2,12.3,12.0
AGR,28/09/2026,12.25,12.25,"-0,20 (-1,61%)",277900,3.38,0,0.0,0,0.0,12.45,12.5,12.0
AGR,25/09/2026,12.45,12.45,"-0,10 (-0,80%)",136900,1.72,0,0.0,0,0.0,12.55,12.6,12.45
AGR,24/09/2026,12.55,12.55,"-0,05 (-0,40%)",224700,2.82,0,0.0,0,0.0,12.55,12.6,12.45
AGR,23/09/2026,12.6,12.6,"0 (0,00%)",181700,2.29,0,0.0,0,0.0,12.6,12.75,12.55
AGR,22/09/2026,12.6,12.6,"-0,05 (-0,40%)",212200,2.69,0,0.0,0,0.0,12.75,12.8,12.6
AGR,21/09/2026,12.65,12.65,"-0,25 (-1,94%)",218600,2.79,0,0.0,0,0.0,13.05,13.05,12.6
AGR,18/09/2026,12.9,12.9,"0 (0,00%)",228200,2.95,0,0.0,0,0.0,13.05,13.05,12.85
AGR,17/09/2026,12.9,12.9,"+0,30 (+2,38%)",336700,4.34,0,0.0,0,0.0,12.6,13.15,12.5
AGR,16/09/2026,12.6,12.6,"-0,05 (-0,40%)",119200,1.5,0,0.0,0,0.0,12.65,12.8,12.55
AGR,15/09/2026,12.65,12.65,"0 (0,00%)",213200,2.7,0,0.0,0,0.0,12.75,12.75,12.6
AGR,14/09/2026,12.65,12.65,"0 (0,00%)",239100,2.99,0,0.0,0,0.0,12.65,12.75,12.35
AGR,11/09/2026,12.65,12.65,"-0,35 (-2,69%)",250900,3.2,0,0.0,0,0.0,12.85,12.95,12.65
AGR,10/09/2026,13.0,13.0,"+0,15 (+1,17%)",118900,1.54,0,0.0,0,0.0,12.95,13.0,12.8
AGR,09/09/2026,12.85,12.85,"-0,20 (-1,53%)",104200,1.35,0,0.0,0,0.0,13.05,13.1,12.85
ANT,06/10/2026,17.4,17.4,"-1,25 (-6,70%)",17500,0.31,0,0.0,0,0.0,18.5,18.7,17.4
ANT,05/10/2026,18.65,18.65,"-0,30 (-1,58%)",20500,0.38,0,0.0,0,0.0,18.6,19.0,18.4
ANT,02/10/2026,18.95,18.95,"+0,10 (+0,53%)",8900,0.17,0,0.0,0,0.0,18.95,18.95,18.5
ANT,01/10/2026,18.85,18.85,"+0,10 (+0,53%)",21800,0.41,0,0.0,0,0.0,18.25,19.3,18.25
ANT,30/09/2026,18.75,18.75,"+0,30 (+1,63%)",14800,0.28,0,0.0,0,0.0,18.5,18.8,18.5
ANT,29/09/2026,18.45,18.45,"-0,05 (-0,27%)",29100,0.54,0,0.0,0,0.0,17.65,18.6,17.65
ANT,28/09/2026,18.5,18.5,"+0,15 (+0,82%)",14600,0.27,0,0.0,0,0.0,18.35,18.5,18.0
ANT,25/09/2026,18.35,18.35,"+0,40 (+2,23%)",39200,0.72,0,0.0,0,0.0,17.9,18.55,17.9
ANT,24/09/2026,17.95,17.95,"+0,25 (+1,41%)",78400,1.37,0,0.0,0,0.0,17.15,17.95,17.15
ANT,23/09/2026,17.7,17.7,"+0,30 (+1,72%)",10800,0.19,0,0.0,0,0.0,17.4,17.8,17.35
ANT,22/09/2026,17.4,17.4,"-0,55 (-3,06%)",6300,0.11,0,0.0,0,0.0,17.9,17.9,17.4
ANT,21/09/2026,17.95,17.95,"0 (0,00%)",19400,0.34,0,0.0,0,0.0,17.9,17.95,17.45
ANT,18/09/2026,17.95,17.95,"0 (0,00%)",18400,0.32,0,0.0,0,0.0,17.6,17.95,17.35
ANT,17/09/2026,17.95,17.95,"-0,05 (-0,28%)",15700,0.28,0,0.0,0,0.0,17.5,18.0,17.5
ANT,16/09/2026,18.0,18.0,"0 (0,00%)",13300,0.24,0,0.0,0,0.0,18.0,18.55,17.55
ANT,15/09/2026,18.0,18.0,"0 (0,00%)",2600,0.05,0,0.0,0,0.0,18.0,18.1,17.7
ANT,14/09/2026,18.0,18.0,"0 (0,00%)",17400,0.31,0,0.0,0,0.0,18.0,18.0,17.4
ANT,11/09/2026,18.0,18.0,"-0,60 (-3,23%)",12200,0.22,0,0.0,0,0.0,18.4,18.6,17.4
ANT,10/09/2026,18.6,18.6,"+0,45 (+2,48%)",25900,0.46,0,0.0,0,0.0,16.9,18.6,16.9
ANT,09/09/2026,18.15,18.15,"-0,45 (-2,42%)",19100,0.35,0,0.0,0,0.0,18.2,18.5,18.15
ANV,06/10/2026,17.2,17.2,"-0,20 (-1,15%)",1273600,21.65,0,0.0,0,0.0,17.5,17.5,16.7
ANV,05/10/2026,17.4,17.4,"+0,40 (+2,35%)",1202900,20.95,0,0.0,0,0.0,17.0,17.75,17.0
ANV,02/10/2026,17.0,17.0,"+1,10 (+6,92%)",2821200,47.76,0,0.0,0,0.0,16.0,17.0,16.0
ANV,01/10/2026,15.9,15.9,"+0,35 (+2,25%)",432500,6.84,0,0.0,0,0.0,15.55,15.95,15.55
ANV,30/09/2026,15.55,15.55,"-0,10 (-0,64%)",231600,3.63,0,0.0,0,0.0,15.65,15.85,15.5
ANV,29/09/2026,15.65,15.65,"+0,35 (+2,29%)",422900,6.54,0,0.0,0,0.0,15.2,15.75,15.1
ANV,28/09/2026,15.3,15.3,"-0,65 (-4,08%)",669300,10.43,0,0.0,0,0.0,16.1,16.1,15.3
ANV,25/09/2026,15.95,15.95,"-0,25 (-1,54%)",246100,3.94,0,0.0,0,0.0,16.2,16.2,15.9
ANV,24/09/2026,16.2,16.2,"-0,05 (-0,31%)",207500,3.36,0,0.0,0,0.0,16.25,16.3,16.1
ANV,23/09/2026,16.25,16.25,"+0,15 (+0,93%)",577000,9.46,0,0.0,0,0.0,16.4,16.7,16.2
ANV,22/09/2026,16.1,16.1,"+0,10 (+0,62%)",255000,4.09,0,0.0,0,0.0,16.05,16.1,15.95
ANV,21/09/2026,16.0,16.0,"0 (0,00%)",389700,6.27,0,0.0,0,0.0,16.1,16.35,15.9
ANV,18/09/2026,16.0,16.0,"0 (0,00%)",331200,5.31,0,0.0,0,0.0,16.05,16.1,15.85
ANV,17/09/2026,16.0,16.0,"+0,20 (+1,27%)",476800,7.65,0,0.0,0,0.0,15.6,16.25,15.6
ANV,16/09/2026,15.8,15.8,"-0,15 (-0,94%)",200200,3.17,0,0.0,0,0.0,15.9,16.1,15.65
ANV,15/09/2026,15.95,15.95,"+0,65 (+4,25%)",597000,9.44,0,0.0,0,0.0,15.25,16.2,15.25
ANV,14/09/2026,15.3,15.3,"-0,35 (-2,24%)",342000,5.3,0,0.0,0,0.0,15.5,15.7,15.3
ANV,11/09/2026,15.65,15.65,"-0,55 (-3,40%)",627900,9.95,0,0.0,0,0.0,16.1,16.1,15.65
ANV,10/09/2026,16.2,16.2,"-0,10 (-0,61%)",261500,4.24,0,0.0,0,0.0,16.2,16.35,16.15
ANV,09/09/2026,16.3,16.3,"0 (0,00%)",393400,6.46,0,0.0,0,0.0,16.3,16.55,16.2
APG,06/10/2026,4.17,4.17,"-0,10 (-2,34%)",104400,0.44,0,0.0,0,0.0,4.23,4.27,4.11
APG,05/10/2026,4.27,4.27,"+0,05 (+1,18%)",110400,0.47,0,0.0,0,0.0,4.23,4.3,4.23
APG,02/10/2026,4.22,4.22,"-0,08 (-1,86%)",149100,0.63,0,0.0,0,0.0,4.3,4.35,4.15
APG,01/10/2026,4.3,4.3,"-0,05 (-1,15%)",82900,0.36,0,0.0,0,0.0,4.35,4.38,4.25
APG,30/09/2026,4.35,4.35,"+0,05 (+1,16%)",54500,0.24,0,0.0,0,0.0,4.3,4.44,4.3
APG,29/09/2026,4.3,4.3,"0 (0,00%)",75000,0.32,0,0.0,0,0.0,4.29,4.4,4.23
APG,28/09/2026,4.3,4.3,"-0,13 (-2,93%)",139900,0.61,0,0.0,0,0.0,4.43,4.49,4.3
APG,25/09/2026,4.43,4.43,"-0,03 (-0,67%)",59000,0.26,0,0.0,0,0.0,4.44,4.5,4.41
APG,24/09/2026,4.46,4.46,"-0,04 (-0,89%)",205500,0.91,0,0.0,0,0.0,4.45,4.5,4.39
APG,23/09/2026,4.5,4.5,"-0,03 (-0,66%)",139600,0.63,0,0.0,0,0.0,4.44,4.56,4.44
APG,22/09/2026,4.53,4.53,"0 (0,00%)",130700,0.59,0,0.0,0,0.0,4.59,4.59,4.45
APG,21/09/2026,4.53,4.53,"-0,07 (-1,52%)",95500,0.43,0,0.0,0,0.0,4.5,4.61,4.5
APG,18/09/2026,4.6,4.6,"+0,03 (+0,66%)",240700,1.11,0,0.0,0,0.0,4.58,4.68,4.5
APG,17/09/2026,4.57,4.57,"+0,06 (+1,33%)",189900,0.87,0,0.0,0,0.0,4.5,4.62,4.44
APG,16/09/2026,4.51,4.51,"-0,04 (-0,88%)",73200,0.33,0,0.0,0,0.0,4.58,4.6,4.5
APG,15/09/2026,4.55,4.55,"+0,01 (+0,22%)",71400,0.32,0,0.0,0,0.0,4.54,4.66,4.51
APG,14/09/2026,4.54,4.54,"-0,11 (-2,37%)",93700,0.43,0,0.0,0,0.0,4.65,4.68,4.54
APG,11/09/2026,4.65,4.65,"-0,08 (-1,69%)",110200,0.52,0,0.0,0,0.0,4.7,4.75,4.65
APG,10/09/2026,4.73,4.73,"0 (0,00%)",266100,1.25,0,0.0,0,0.0,4.73,4.78,4.6
APG,09/09/2026,4.73,4.73,"-0,09 (-1,87%)",147500,0.7,0,0.0,0,0.0,4.86,4.86,4.73
APH,06/10/2026,6.98,6.98,"-0,02 (-0,29%)",340200,2.36,0,0.0,0,0.0,7.02,7.08,6.86
APH,05/10/2026,7.0,7.0,"+0,02 (+0,29%)",544800,3.87,100950,0.66,100950,0.66,7.07,7.18,6.98
APH,02/10/2026,6.98,6.98,"+0,02 (+0,29%)",166500,1.16,0,0.0,0,0.0,7.0,7.0,6.9
APH,01/10/2026,6.96,6.96,"+0,20 (+2,96%)",302300,2.08,0,0.0,0,0.0,6.76,6.99,6.75
APH,30/09/2026,6.76,6.76,"-0,04 (-0,59%)",247800,1.68,0,0.0,0,0.0,6.97,6.97,6.75
APH,29/09/2026,6.8,6.8,"-0,09 (-1,31%)",434700,2.95,0,0.0,0,0.0,6.67,6.86,6.67
APH,28/09/2026,6.89,6.89,"-0,11 (-1,57%)",806900,5.55,0,0.0,0,0.0,7.05,7.05,6.75
APH,25/09/2026,7.0,7.0,"-0,11 (-1,55%)",229400,1.61,0,0.0,0,0.0,7.11,7.18,6.99
APH,24/09/2026,7.11,7.11,"+0,05 (+0,71%)",755100,5.3,1265000,8.86,1265000,8.86,7.06,7.2,6.9
APH,23/09/2026,7.06,7.06,"-0,26 (-3,55%)",752900,5.37,0,0.0,0,0.0,7.23,7.33,7.0
APH,22/09/2026,7.32,7.32,"-0,07 (-0,95%)",615600,4.59,0,0.0,0,0.0,7.58,7.58,7.31
APH,21/09/2026,7.39,7.39,"+0,48 (+6,95%)",1522900,11.13,0,0.0,0,0.0,6.95,7.39,6.95
APH,18/09/2026,6.91,6.91,"+0,07 (+1,02%)",648000,4.47,0,0.0,0,0.0,6.84,7.05,6.81
APH,17/09/2026,6.84,6.84,"+0,04 (+0,59%)",305000,2.08,0,0.0,0,0.0,6.73,6.95,6.73
APH,16/09/2026,6.8,6.8,"-0,17 (-2,44%)",491100,3.39,1368000,8.89,1368000,8.89,6.98,6.98,6.78
APH,15/09/2026,6.97,6.97,"+0,27 (+4,03%)",820500,5.74,0,0.0,0,0.0,7.13,7.13,6.82
APH,14/09/2026,6.7,6.7,"+0,27 (+4,20%)",997600,6.71,0,0.0,0,0.0,6.5,6.84,6.4
APH,11/09/2026,6.43,6.43,"+0,03 (+0,47%)",472000,3.06,0,0.0,0,0.0,6.41,6.55,6.4
APH,10/09/2026,6.4,6.4,"0 (0,00%)",233500,1.49,0,0.0,0,0.0,6.4,6.47,6.25
APH,09/09/2026,6.4,6.4,"+0,02 (+0,31%)",424600,2.73,0,0.0,0,0.0,6.35,6.54,6.25
ASG,06/10/2026,16.45,16.45,"+0,45 (+2,81%)",100,0.0,0,0.0,0,0.0,16.45,16.45,16.45
ASG,05/10/2026,16.0,16.0,"0 (0,00%)",0,0.0,4507418,74.82,4507418,74.82,16.0,16.0,16.0
ASG,02/10/2026,16.0,16.0,"+0,20 (+1,27%)",400,0.01,0,0.0,0,0.0,16.0,16.0,16.0
ASG,01/10/2026,15.8,15.8,"0 (0,00%)",0,0.0,0,0.0,0,0.0,15.8,15.8,15.8
ASG,30/09/2026,15.8,15.8,"0 (0,00%)",0,0.0,0,0.0,0,0.0,15.8,15.8,15.8
ASG,29/09/2026,15.8,15.8,"0 (0,00%)",0,0.0,3296032,49.77,3296032,49.77,15.8,15.8,15.8
ASG,28/09/2026,15.8,15.8,"+0,30 (+1,94%)",100,0.0,0,0.0,0,0.0,15.8,15.8,15.8
ASG,25/09/2026,15.5,15.5,"-0,50 (-3,12%)",100,0.0,0,0.0,0,0.0,15.5,15.5,15.5
ASG,24/09/2026,16.0,16.0,"0 (0,00%)",0,0.0,0,0.0,0,0.0,16.0,16.0,16.0
ASG,23/09/2026,16.0,16.0,"0 (0,00%)",200,0.0,0,0.0,0,0.0,16.0,16.0,16.0
ASG,22/09/2026,16.0,16.0,"0 (0,00%)",100,0.0,3361050,50.42,3361050,50.42,16.0,16.0,16.0
ASG,21/09/2026,16.0,16.0,"0 (0,00%)",0,0.0,0,0.0,0,0.0,16.0,16.0,16.0
ASG,18/09/2026,16.0,16.0,"-0,30 (-1,84%)",200,0.0,0,0.0,0,0.0,16.0,16.0,16.0
ASG,17/09/2026,16.3,16.3,"0 (0,00%)",0,0.0,0,0.0,0,0.0,16.3,16.3,16.3
ASG,16/09/2026,16.3,16.3,"+0,30 (+1,88%)",200,0.0,0,0.0,0,0.0,16.3,16.3,16.3
ASG,15/09/2026,16.0,16.0,"0 (0,00%)",0,0.0,0,0.0,0,0.0,16.0,16.0,16.0
ASG,14/09/2026,16.0,16.0,"-0,10 (-0,62%)",500,0.01,0,0.0,0,0.0,16.0,16.0,16.0
ASG,11/09/2026,16.1,16.1,"+0,10 (+0,62%)",700,0.01,0,0.0,0,0.0,16.1,16.1,15.7
ASG,10/09/2026,16.0,16.0,"0 (0,00%)",1000,0.02,0,0.0,0,0.0,16.0,16.0,16.0
ASG,09/09/2026,16.0,16.0,"-0,30 (-1,84%)",1100,0.02,0,0.0,0,0.0,16.5,16.5,16.0
ASM,06/10/2026,4.79,4.79,"-0,16 (-3,23%)",246900,1.18,0,0.0,0,0.0,4.98,4.98,4.69
ASM,05/10/2026,4.95,4.95,"-0,06 (-1,20%)",103400,0.51,0,0.0,0,0.0,5.01,5.03,4.89
ASM,02/10/2026,5.01,5.01,"-0,01 (-0,20%)",115000,0.58,0,0.0,0,0.0,5.02,5.18,5.0
ASM,01/10/2026,5.02,5.02,"+0,05 (+1,01%)",59500,0.3,0,0.0,0,0.0,4.97,5.06,4.97
ASM,30/09/2026,4.97,4.97,"0 (0,00%)",62400,0.31,0,0.0,0,0.0,4.97,5.03,4.92
ASM,29/09/2026,4.97,4.97,"-0,03 (-0,60%)",112900,0.56,0,0.0,0,0.0,5.01,5.01,4.9
ASM,28/09/2026,5.0,5.0,"-0,11 (-2,15%)",186400,0.94,0,0.0,0,0.0,5.11,5.11,4.98
ASM,25/09/2026,5.11,5.11,"0 (0,00%)",87300,0.45,0,0.0,0,0.0,5.11,5.19,5.1
ASM,24/09/2026,5.11,5.11,"-0,10 (-1,92%)",130700,0.68,0,0.0,0,0.0,5.18,5.23,5.11
ASM,23/09/2026,5.21,5.21,"-0,03 (-0,57%)",284800,1.49,0,0.0,0,0.0,5.24,5.26,5.1
ASM,22/09/2026,5.24,5.24,"+0,01 (+0,19%)",74900,0.39,0,0.0,0,0.0,5.23,5.27,5.04
ASM,21/09/2026,5.23,5.23,"+0,01 (+0,19%)",92000,0.48,0,0.0,0,0.0,5.24,5.27,5.2
ASM,18/09/2026,5.22,5.22,"+0,06 (+1,16%)",90900,0.47,0,0.0,0,0.0,5.19,5.26,5.19
ASM,17/09/2026,5.16,5.16,"0 (0,00%)",58800,0.3,0,0.0,0,0.0,5.11,5.2,5.11
ASM,16/09/2026,5.16,5.16,"-0,05 (-0,96%)",52400,0.27,0,0.0,0,0.0,5.21,5.26,5.14
ASM,15/09/2026,5.21,5.21,"+0,12 (+2,36%)",104700,0.54,0,0.0,0,0.0,5.09,5.24,5.09
ASM,14/09/2026,5.09,5.09,"-0,11 (-2,12%)",244800,1.25,0,0.0,0,0.0,5.16,5.19,5.03
ASM,11/09/2026,5.2,5.2,"-0,12 (-2,26%)",153600,0.81,0,0.0,0,0.0,5.37,5.37,5.2
ASM,10/09/2026,5.32,5.32,"+0,03 (+0,57%)",199200,1.06,0,0.0,0,0.0,5.29,5.34,5.29
ASM,09/09/2026,5.29,5.29,"-0,06 (-1,12%)",327000,1.74,0,0.0,0,0.0,5.35,5.42,5.25
ASP,06/10/2026,14.75,14.75,"-0,80 (-5,14%)",293300,4.41,0,0.0,0,0.0,15.55,15.9,14.55
ASP,05/10/2026,15.55,15.55,"-0,45 (-2,81%)",173700,2.72,0,0.0,0,0.0,16.1,16.1,15.5
ASP,02/10/2026,16.0,16.0,"-0,20 (-1,23%)",87700,1.41,0,0.0,0,0.0,16.05,16.5,15.9
ASP,01/10/2026,16.2,16.2,"+0,10 (+0,62%)",209300,3.39,0,0.0,0,0.0,16.6,16.6,15.85
ASP,30/09/2026,16.1,16.1,"-0,05 (-0,31%)",109500,1.75,0,0.0,0,0.0,16.15,16.2,15.8
ASP,29/09/2026,16.15,16.15,"-0,15 (-0,92%)",167300,2.66,0,0.0,0,0.0,16.3,16.3,15.65
ASP,28/09/2026,16.3,16.3,"+0,10 (+0,62%)",92500,1.49,0,0.0,0,0.0,16.2,16.4,15.95
ASP,25/09/2026,16.2,16.2,"-0,15 (-0,92%)",159300,2.56,0,0.0,0,0.0,16.2,16.6,15.9
ASP,24/09/2026,16.35,16.35,"+0,20 (+1,24%)",275100,4.45,0,0.0,0,0.0,16.0,16.5,15.75
ASP,23/09/2026,16.15,16.15,"+0,05 (+0,31%)",181900,2.92,0,0.0,0,0.0,16.0,16.3,15.8
ASP,22/09/2026,16.1,16.1,"0 (0,00%)",220900,3.56,0,0.0,0,0.0,16.25,17.0,15.7
ASP,21/09/2026,16.1,16.1,"+0,95 (+6,27%)",623700,10.03,0,0.0,0,0.0,15.45,16.2,15.2
ASP,18/09/2026,15.15,15.15,"-0,10 (-0,66%)",175600,2.65,0,0.0,0,0.0,15.45,15.45,14.85
ASP,17/09/2026,15.25,15.25,"-0,25 (-1,61%)",191800,2.95,0,0.0,0,0.0,15.35,15.5,15.25
ASP,16/09/2026,15.5,15.5,"0 (0,00%)",230200,3.61,0,0.0,0,0.0,15.3,15.95,15.3
ASP,15/09/2026,15.5,15.5,"+0,30 (+1,97%)",285800,4.4,20000,0.31,20000,0.31,15.0,15.6,15.0
ASP,14/09/2026,15.2,15.2,"+0,90 (+6,29%)",292400,4.37,0,0.0,0,0.0,14.3,15.3,14.3
ASP,11/09/2026,14.3,14.3,"+0,30 (+2,14%)",129300,1.87,0,0.0,0,0.0,14.5,14.7,14.15
ASP,10/09/2026,14.0,14.0,"+0,50 (+3,70%)",125700,1.72,0,0.0,0,0.0,13.2,14.0,13.2
ASP,09/09/2026,13.5,13.5,"-0,40 (-2,88%)",220200,2.99,0,0.0,0,0.0,13.6,13.9,13.3
AST,06/10/2026,62.0,62.0,"0 (0,00%)",500,0.03,0,0.0,0,0.0,62.0,62.0,62.0
AST,05/10/2026,62.0,62.0,"+1,50 (+2,48%)",11100,0.69,0,0.0,0,0.0,60.5,62.0,60.5
AST,02/10/2026,60.5,60.5,"0 (0,00%)",10200,0.62,0,0.0,0,0.0,60.7,60.7,60.5
AST,01/10/2026,60.5,60.5,"+1,10 (+1,85%)",2200,0.13,0,0.0,0,0.0,60.5,61.0,60.5
AST,30/09/2026,59.4,59.4,"-4,10 (-6,46%)",16400,1.04,0,0.0,0,0.0,63.5,67.8,59.4
AST,29/09/2026,63.5,63.5,"+0,40 (+0,63%)",1500,0.09,0,0.0,0,0.0,63.0,63.5,63.0
AST,28/09/2026,63.1,63.1,"0 (0,00%)",1900,0.12,0,0.0,0,0.0,63.1,63.3,63.1
AST,25/09/2026,63.1,63.1,"-0,60 (-0,94%)",3700,0.24,0,0.0,0,0.0,63.7,63.7,62.5
AST,24/09/2026,63.7,63.7,"+0,40 (+0,63%)",2900,0.18,0,0.0,0,0.0,63.3,63.7,63.0
AST,23/09/2026,63.3,63.3,"+0,80 (+1,28%)",85500,5.4,0,0.0,0,0.0,62.5,63.7,62.5
AST,22/09/2026,62.5,62.5,"-1,20 (-1,88%)",5300,0.33,0,0.0,0,0.0,62.1,62.5,62.0
AST,21/09/2026,63.7,63.7,"0 (0,00%)",300,0.02,0,0.0,0,0.0,63.7,63.7,63.7
AST,18/09/2026,63.7,63.7,"+1,80 (+2,91%)",18200,1.14,0,0.0,0,0.0,61.9,63.7,61.8
AST,17/09/2026,61.9,61.9,"-0,80 (-1,28%)",26300,1.64,0,0.0,0,0.0,62.0,62.9,61.0
AST,16/09/2026,62.7,62.7,"-0,40 (-0,63%)",5400,0.34,0,0.0,0,0.0,63.0,63.0,62.7
AST,15/09/2026,63.1,63.1,"-0,60 (-0,94%)",18800,1.19,0,0.0,0,0.0,64.5,64.5,62.8
AST,14/09/2026,63.7,63.7,"-4,20 (-6,19%)",29700,1.91,14927160,1052.85,14927160,1052.85,64.0,65.0,63.7
AST,11/09/2026,67.9,67.9,"+4,40 (+6,93%)",37400,2.52,0,0.0,0,0.0,63.5,67.9,63.4
AST,10/09/2026,63.5,63.5,"-1,40 (-2,16%)",5000,0.32,0,0.0,0,0.0,64.0,64.0,63.5
AST,09/09/2026,64.9,64.9,"+1,60 (+2,53%)",16200,1.04,0,0.0,0,0.0,63.3,64.9,62.6
BAF,06/10/2026,31.15,31.15,"+0,10 (+0,32%)",2555300,78.73,396380,11.46,396380,11.46,30.8,31.15,30.6
BAF,05/10/2026,31.05,31.05,"+0,25 (+0,81%)",2877000,88.26,0,0.0,0,0.0,30.75,31.05,30.5
BAF,02/10/2026,30.8,30.8,"-0,40 (-1,28%)",1323200,40.46,0,0.0,0,0.0,31.2,31.2,30.15
BAF,01/10/2026,31.2,31.2,"-0,30 (-0,95%)",1498600,46.76,0,0.0,0,0.0,31.3,31.6,30.85
BAF,30/09/2026,31.5,31.5,"-0,10 (-0,32%)",1538100,48.14,0,0.0,0,0.0,31.6,31.7,30.85
BAF,29/09/2026,31.6,31.6,"-0,15 (-0,47%)",1898000,59.74,155000,4.96,155000,4.96,31.55,31.75,31.1
BAF,28/09/2026,31.75,31.75,"-0,10 (-0,31%)",1538200,48.62,0,0.0,0,0.0,31.95,32.0,31.4
BAF,25/09/2026,31.85,31.85,"+0,20 (+0,63%)",1807700,57.22,0,0.0,0,0.0,31.65,31.9,31.35
BAF,24/09/2026,31.65,31.65,"+0,05 (+0,16%)",1645100,51.86,0,0.0,0,0.0,31.5,31.7,31.3
BAF,23/09/2026,31.6,31.6,"0 (0,00%)",1389500,43.73,0,0.0,0,0.0,31.65,31.75,31.3
BAF,22/09/2026,31.6,31.6,"-0,40 (-1,25%)",1945300,61.52,0,0.0,0,0.0,31.9,32.0,31.4
BAF,21/09/2026,32.0,32.0,"-0,05 (-0,16%)",909300,29.04,0,0.0,0,0.0,32.1,32.15,31.8
BAF,18/09/2026,32.05,32.05,"0 (0,00%)",1627700,52.06,21000,0.67,21000,0.67,31.9,32.15,31.8
BAF,17/09/2026,32.05,32.05,"-0,05 (-0,16%)",1268700,40.64,3147000,100.56,3147000,100.56,32.0,32.2,31.85
BAF,16/09/2026,32.1,32.1,"0 (0,00%)",1020700,32.64,0,0.0,0,0.0,32.15,32.25,31.8
BAF,15/09/2026,32.1,32.1,"+0,25 (+0,78%)",1536800,49.11,635000,20.32,635000,20.32,31.85,32.15,31.8
BAF,14/09/2026,31.85,31.85,"-0,20 (-0,62%)",1406000,44.86,0,0.0,0,0.0,31.95,32.2,31.65
BAF,11/09/2026,32.05,32.05,"-0,15 (-0,47%)",1287500,41.24,0,0.0,0,0.0,32.1,32.2,31.85
BAF,10/09/2026,32.2,32.2,"+0,10 (+0,31%)",1125900,36.07,0,0.0,0,0.0,32.0,32.2,31.9
BAF,09/09/2026,32.1,32.1,"0 (0,00%)",1359800,43.56,0,0.0,0,0.0,32.1,32.15,31.95
BCE,06/10/2026,5.1,5.1,"-0,05 (-0,97%)",32800,0.17,0,0.0,0,0.0,5.15,5.15,4.95
BCE,05/10/2026,5.15,5.15,"-0,23 (-4,28%)",1400,0.01,0,0.0,0,0.0,5.38,5.42,5.12
BCE,02/10/2026,5.38,5.38,"+0,10 (+1,89%)",9700,0.05,0,0.0,0,0.0,5.28,5.4,5.28
BCE,01/10/2026,5.28,5.28,"-0,12 (-2,22%)",34600,0.18,0,0.0,0,0.0,5.4,5.4,5.28
BCE,30/09/2026,5.4,5.4,"-0,08 (-1,46%)",135200,0.72,0,0.0,0,0.0,5.57,5.57,5.24
BCE,29/09/2026,5.48,5.48,"+0,05 (+0,92%)",17700,0.1,0,0.0,0,0.0,5.4,5.48,5.25
BCE,28/09/2026,5.43,5.43,"-0,13 (-2,34%)",18100,0.1,0,0.0,0,0.0,5.45,5.45,5.4
BCE,25/09/2026,5.56,5.56,"-0,01 (-0,18%)",6000,0.03,0,0.0,0,0.0,5.5,5.56,5.5
BCE,24/09/2026,5.57,5.57,"0 (0,00%)",9700,0.05,0,0.0,0,0.0,5.57,5.6,5.4
BCE,23/09/2026,5.57,5.57,"+0,07 (+1,27%)",39900,0.22,0,0.0,0,0.0,5.5,5.61,5.4
BCE,22/09/2026,5.5,5.5,"0 (0,00%)",6800,0.04,0,0.0,0,0.0,5.5,5.5,5.46
BCE,21/09/2026,5.5,5.5,"-0,11 (-1,96%)",9300,0.05,0,0.0,0,0.0,5.61,5.61,5.5
BCE,18/09/2026,5.61,5.61,"+0,03 (+0,54%)",14400,0.08,0,0.0,0,0.0,5.59,5.61,5.56
BCE,17/09/2026,5.58,5.58,"+0,02 (+0,36%)",87500,0.48,0,0.0,0,0.0,5.59,5.61,5.45
BCE,16/09/2026,5.56,5.56,"+0,07 (+1,28%)",61800,0.34,0,0.0,0,0.0,5.56,5.59,5.45
BCE,15/09/2026,5.49,5.49,"+0,03 (+0,55%)",39800,0.22,0,0.0,0,0.0,5.62,5.62,5.44
BCE,14/09/2026,5.46,5.46,"-0,16 (-2,85%)",3400,0.02,0,0.0,0,0.0,5.52,5.52,5.46
BCE,11/09/2026,5.62,5.62,"-0,07 (-1,23%)",11600,0.06,0,0.0,0,0.0,5.68,5.68,5.45
BCE,10/09/2026,5.69,5.69,"+0,07 (+1,25%)",62100,0.35,0,0.0,0,0.0,5.43,5.69,5.43
BCE,09/09/2026,5.62,5.62,"+0,12 (+2,18%)",24700,0.14,0,0.0,0,0.0,5.7,5.7,5.4
BCG,14/07/2026,2.53,2.53,"0 (0,00%)",0,0.0,0,0.0,0,0.0,2.53,2.53,2.53
BCG,13/07/2026,2.53,2.53,"0 (0,00%)",0,0.0,0,0.0,0,0.0,2.53,2.53,2.53
BCG,10/07/2026,2.53,2.53,"0 (0,00%)",0,0.0,0,0.0,0,0.0,2.53,2.53,2.53
BCG,09/07/2026,2.53,2.53,"0 (0,00%)",0,0.0,0,0.0,0,0.0,2.53,2.53,2.53
BCG,08/07/2026,2.53,2.53,"0 (0,00%)",0,0.0,0,0.0,0,0.0,2.53,2.53,2.53
BCG,07/07/2026,2.53,2.53,"0 (0,00%)",0,0.0,0,0.0,0,0.0,2.53,2.53,2.53
BCM,06/10/2026,38.15,38.15,"-0,35 (-0,91%)",885100,33.07,0,0.0,0,0.0,38.5,38.5,36.5
BCM,05/10/2026,38.5,38.5,"-0,20 (-0,52%)",308700,11.92,0,0.0,0,0.0,38.8,39.0,38.4
BCM,02/10/2026,38.7,38.7,"-0,80 (-2,03%)",477700,18.7,0,0.0,0,0.0,39.5,40.15,38.5
BCM,01/10/2026,39.5,39.5,"-0,20 (-0,50%)",362200,14.42,0,0.0,0,0.0,39.65,40.35,39.25
BCM,30/09/2026,39.7,39.7,"+0,10 (+0,25%)",548300,21.96,0,0.0,0,0.0,39.4,40.5,39.4
BCM,29/09/2026,39.6,39.6,"+0,55 (+1,41%)",344100,13.55,0,0.0,0,0.0,39.2,39.65,38.85
BCM,28/09/2026,39.05,39.05,"-1,15 (-2,86%)",840300,32.94,0,0.0,0,0.0,40.5,40.5,38.5
BCM,25/09/2026,40.2,40.2,"-0,75 (-1,83%)",417500,16.99,0,0.0,0,0.0,41.25,41.3,40.2
BCM,24/09/2026,40.95,40.95,"+0,40 (+0,99%)",1161100,48.07,0,0.0,0,0.0,40.7,41.95,40.45
BCM,23/09/2026,40.55,40.55,"+0,35 (+0,87%)",350400,14.23,0,0.0,0,0.0,40.4,41.05,40.3
BCM,22/09/2026,40.2,40.2,"+0,40 (+1,01%)",367800,14.82,0,0.0,0,0.0,39.65,40.85,39.6
BCM,21/09/2026,39.8,39.8,"-0,45 (-1,12%)",406600,16.23,0,0.0,0,0.0,40.5,40.85,39.7
BCM,18/09/2026,40.25,40.25,"-0,20 (-0,49%)",312500,12.67,0,0.0,0,0.0,40.6,40.95,40.25
BCM,17/09/2026,40.45,40.45,"+0,05 (+0,12%)",342700,13.9,0,0.0,0,0.0,40.05,40.9,40.0
BCM,16/09/2026,40.4,40.4,"+0,40 (+1,00%)",672500,27.39,0,0.0,0,0.0,40.0,41.4,39.6
BCM,15/09/2026,40.0,40.0,"+1,00 (+2,56%)",438700,17.34,0,0.0,0,0.0,39.0,40.0,39.0
BCM,14/09/2026,39.0,39.0,"+0,15 (+0,39%)",384400,15.0,0,0.0,0,0.0,39.0,39.55,38.6
BCM,11/09/2026,38.85,38.85,"-1,85 (-4,55%)",930400,36.93,0,0.0,0,0.0,40.7,41.05,38.8
BCM,10/09/2026,40.7,40.7,"-0,60 (-1,45%)",702700,28.6,0,0.0,0,0.0,41.6,41.7,40.3
BCM,09/09/2026,41.3,41.3,"-1,10 (-2,59%)",760700,31.74,0,0.0,0,0.0,42.4,42.75,41.0
BFC,06/10/2026,58.8,58.8,"+1,30 (+2,26%)",302400,17.39,0,0.0,0,0.0,57.5,58.9,55.7
BFC,05/10/2026,57.5,57.5,"+2,90 (+5,31%)",313300,17.66,0,0.0,0,0.0,54.0,57.6,54.0
BFC,02/10/2026,54.6,54.6,"+0,70 (+1,30%)",315300,17.32,0,0.0,0,0.0,54.0,56.0,54.0
BFC,01/10/2026,53.9,53.9,"+3,50 (+6,94%)",500300,26.37,0,0.0,0,0.0,50.4,53.9,50.4
BFC,30/09/2026,50.4,50.4,"-0,10 (-0,20%)",159600,8.08,0,0.0,0,0.0,50.4,51.0,50.2
BFC,29/09/2026,50.5,50.5,"+0,62 (+1,24%)",147900,7.52,0,0.0,0,0.0,51.0,51.4,50.0
BFC,28/09/2026,49.9,49.9,"+1,55 (+3,21%)",330200,16.34,0,0.0,0,0.0,48.35,51.2,48.35
BFC,25/09/2026,48.35,48.35,"+0,55 (+1,15%)",241200,11.64,0,0.0,0,0.0,47.8,48.9,47.8
BFC,24/09/2026,47.8,47.8,"-0,38 (-0,79%)",182500,8.72,0,0.0,0,0.0,48.0,48.3,47.2
BFC,23/09/2026,48.2,48.2,"+1,43 (+3,06%)",212800,10.11,0,0.0,0,0.0,46.8,48.35,46.5
BFC,22/09/2026,46.8,46.8,"-0,28 (-0,59%)",30800,1.45,0,0.0,0,0.0,47.2,47.25,46.8
BFC,21/09/2026,47.1,47.1,"-0,50 (-1,05%)",290600,13.79,0,0.0,0,0.0,47.6,47.85,46.7
BFC,18/09/2026,47.6,47.6,"-0,27 (-0,56%)",142600,6.8,0,0.0,0,0.0,47.9,48.1,47.45
BFC,17/09/2026,47.9,47.9,"-0,70 (-1,44%)",148800,7.18,0,0.0,0,0.0,49.3,49.3,47.9
BFC,16/09/2026,48.6,48.6,"+0,73 (+1,52%)",378300,18.41,0,0.0,0,0.0,48.5,50.1,47.9
BFC,15/09/2026,47.9,47.9,"+1,70 (+3,68%)",137200,6.48,0,0.0,0,0.0,45.45,48.0,45.45
BFC,14/09/2026,46.2,46.2,"-0,55 (-1,18%)",42700,1.98,0,0.0,0,0.0,46.7,46.7,46.1
BFC,11/09/2026,46.75,46.75,"-0,45 (-0,95%)",54400,2.54,0,0.0,0,0.0,47.0,47.4,46.0
BFC,10/09/2026,47.2,47.2,"+0,12 (+0,25%)",18500,0.87,0,0.0,0,0.0,46.9,47.2,46.6
BFC,09/09/2026,47.1,47.1,"+0,12 (+0,26%)",45000,2.11,0,0.0,0,0.0,47.3,47.3,46.85
BHN,06/10/2026,27.25,27.25,"+1,05 (+4,01%)",300,0.01,0,0.0,0,0.0,26.5,27.25,26.5
BHN,05/10/2026,26.2,26.2,"-0,50 (-1,87%)",500,0.01,0,0.0,0,0.0,26.7,26.7,26.2
BHN,02/10/2026,26.7,26.7,"-0,90 (-3,26%)",1900,0.05,0,0.0,0,0.0,26.7,26.7,26.7
BHN,01/10/2026,27.6,27.6,"0 (0,00%)",900,0.02,0,0.0,0,0.0,27.6,27.6,27.6
BHN,30/09/2026,27.6,27.6,"-0,30 (-1,08%)",3300,0.09,0,0.0,0,0.0,27.95,27.95,26.5
BHN,29/09/2026,27.9,27.9,"+0,85 (+3,14%)",300,0.01,0,0.0,0,0.0,28.0,28.0,27.9
BHN,28/09/2026,27.05,27.05,"+0,50 (+1,88%)",1800,0.05,0,0.0,0,0.0,27.9,28.0,27.05
BHN,25/09/2026,26.55,26.55,"-0,65 (-2,39%)",600,0.02,0,0.0,0,0.0,27.2,27.2,26.5
BHN,24/09/2026,27.2,27.2,"0 (0,00%)",500,0.01,0,0.0,0,0.0,27.2,27.2,27.2
BHN,23/09/2026,27.2,27.2,"-0,75 (-2,68%)",1300,0.04,0,0.0,0,0.0,27.2,27.2,27.2
BHN,22/09/2026,27.95,27.95,"+0,35 (+1,27%)",200,0.01,0,0.0,0,0.0,27.6,27.95,27.6
BHN,21/09/2026,27.6,27.6,"+0,10 (+0,36%)",2300,0.06,0,0.0,0,0.0,27.5,27.6,27.5
BHN,18/09/2026,27.5,27.5,"+0,20 (+0,73%)",1100,0.03,0,0.0,0,0.0,27.5,27.5,27.5
BHN,17/09/2026,27.3,27.3,"-0,50 (-1,80%)",400,0.01,0,0.0,0,0.0,27.1,27.3,27.1
BHN,16/09/2026,27.8,27.8,"-0,70 (-2,46%)",3500,0.1,0,0.0,0,0.0,28.5,28.5,27.8
BHN,15/09/2026,28.5,28.5,"+0,70 (+2,52%)",2800,0.08,0,0.0,0,0.0,28.65,28.65,28.15
BHN,14/09/2026,30.65,27.81,"-0,85 (-2,70%)",1600,0.05,0,0.0,0,0.0,31.8,31.8,30.65
BHN,11/09/2026,31.5,28.58,"-0,20 (-0,63%)",3000,0.09,0,0.0,0,0.0,31.65,31.65,30.45
BHN,10/09/2026,31.7,28.76,"+0,30 (+0,96%)",1600,0.05,0,0.0,0,0.0,31.45,31.7,31.25
BHN,09/09/2026,31.4,28.49,"0 (0,00%)",3400,0.11,0,0.0,0,0.0,31.2,31.75,30.05
BIC,06/10/2026,21.65,21.65,"-0,05 (-0,23%)",32000,0.69,0,0.0,0,0.0,21.8,21.8,21.4
BIC,05/10/2026,21.7,21.7,"+0,10 (+0,46%)",47200,1.03,0,0.0,0,0.0,21.6,21.9,20.9
BIC,02/10/2026,21.6,21.6,"+0,05 (+0,23%)",55500,1.2,0,0.0,0,0.0,21.55,21.8,21.55
BIC,01/10/2026,21.55,21.55,"0 (0,00%)",13300,0.29,0,0.0,0,0.0,21.55,21.7,21.45
BIC,30/09/2026,21.55,21.55,"-0,05 (-0,23%)",50400,1.1,0,0.0,0,0.0,21.95,21.95,21.5
BIC,29/09/2026,21.6,21.6,"-0,20 (-0,92%)",18500,0.4,0,0.0,0,0.0,21.95,21.95,21.55
BIC,28/09/2026,21.8,21.8,"+0,30 (+1,40%)",62000,1.35,0,0.0,0,0.0,21.4,21.9,21.4
BIC,25/09/2026,21.5,21.5,"-0,05 (-0,23%)",10600,0.23,0,0.0,0,0.0,21.95,21.95,21.5
BIC,24/09/2026,21.55,21.55,"-0,35 (-1,60%)",14200,0.31,0,0.0,0,0.0,21.85,21.9,21.5
BIC,23/09/2026,21.9,21.9,"+0,25 (+1,15%)",57300,1.25,0,0.0,0,0.0,21.7,22.0,21.65
BIC,22/09/2026,21.65,21.65,"-0,05 (-0,23%)",10900,0.24,0,0.0,0,0.0,21.65,21.75,21.2
BIC,21/09/2026,21.7,21.7,"+0,30 (+1,40%)",46600,1.01,0,0.0,0,0.0,21.5,21.8,21.3
BIC,18/09/2026,21.4,21.4,"+0,35 (+1,66%)",20500,0.44,0,0.0,0,0.0,21.05,21.5,21.0
BIC,17/09/2026,21.05,21.05,"+0,10 (+0,48%)",16200,0.34,0,0.0,0,0.0,20.9,21.15,20.9
BIC,16/09/2026,20.95,20.95,"-0,15 (-0,71%)",11000,0.23,0,0.0,0,0.0,21.1,21.1,20.95
BIC,15/09/2026,21.1,21.1,"0 (0,00%)",111500,2.36,0,0.0,0,0.0,21.35,21.35,21.1
BIC,14/09/2026,21.1,21.1,"-0,15 (-0,71%)",6700,0.14,0,0.0,0,0.0,21.4,21.4,21.1
BIC,11/09/2026,21.25,21.25,"-0,20 (-0,93%)",4900,0.1,0,0.0,0,0.0,21.45,21.45,21.25
BIC,10/09/2026,21.45,21.45,"-0,10 (-0,46%)",13200,0.28,0,0.0,0,0.0,21.55,21.55,21.45
BIC,09/09/2026,21.55,21.55,"0 (0,00%)",6200,0.13,0,0.0,0,0.0,21.5,21.7,21.5
BID,06/10/2026,34.6,34.6,"0 (0,00%)",5007700,171.66,0,0.0,0,0.0,34.6,34.75,33.95
BID,05/10/2026,34.6,34.6,"-0,20 (-0,57%)",2267600,78.92,0,0.0,0,0.0,34.85,35.15,34.55
BID,02/10/2026,34.8,34.8,"-0,65 (-1,83%)",4064500,142.64,30000,0.99,30000,0.99,35.55,35.65,34.8
BID,01/10/2026,35.45,35.45,"-0,50 (-1,39%)",2302900,82.14,225000,8.02,225000,8.02,35.9,36.0,35.45
BID,30/09/2026,35.95,35.95,"+0,05 (+0,14%)",2679100,96.68,30000,1.15,30000,1.15,35.95,36.45,35.85
BID,29/09/2026,35.9,35.9,"+0,15 (+0,42%)",2212500,79.12,319800,11.43,319800,11.43,35.75,36.1,35.4
BID,28/09/2026,35.75,35.75,"0 (0,00%)",4726700,166.92,0,0.0,0,0.0,35.75,35.9,35.0
BID,25/09/2026,35.75,35.75,"-0,15 (-0,42%)",2971000,106.38,200000,7.12,200000,7.12,35.9,36.15,35.6
BID,24/09/2026,35.9,35.9,"-0,45 (-1,24%)",3027800,108.87,200000,7.62,200000,7.62,36.3,36.3,35.8
BID,23/09/2026,36.35,36.35,"+0,15 (+0,41%)",2874600,104.36,0,0.0,0,0.0,36.2,36.65,36.1
BID,22/09/2026,36.2,36.2,"0 (0,00%)",3157800,114.23,200000,7.3,200000,7.3,36.4,36.55,35.9
BID,21/09/2026,36.2,36.2,"+0,45 (+1,26%)",3989700,145.28,0,0.0,0,0.0,36.5,36.85,36.15
BID,18/09/2026,35.75,35.75,"-0,95 (-2,59%)",12526600,459.98,0,0.0,0,0.0,36.85,37.85,35.75
BID,17/09/2026,36.7,36.7,"+0,35 (+0,96%)",3397000,124.49,0,0.0,0,0.0,36.2,36.95,36.15
BID,16/09/2026,36.35,36.35,"-0,45 (-1,22%)",2256300,82.38,0,0.0,0,0.0,36.95,36.95,36.3
BID,15/09/2026,36.8,36.8,"+1,05 (+2,94%)",5810000,212.75,70000,2.49,70000,2.49,35.8,37.0,35.8
BID,14/09/2026,35.75,35.75,"+0,15 (+0,42%)",3603300,127.98,0,0.0,0,0.0,35.25,35.85,35.2
BID,11/09/2026,35.6,35.6,"-0,75 (-2,06%)",4969500,178.12,0,0.0,0,0.0,36.2,36.25,35.6
BID,10/09/2026,36.35,36.35,"-0,05 (-0,14%)",2388800,86.82,0,0.0,0,0.0,36.4,36.55,36.05
BID,09/09/2026,36.4,36.4,"+0,20 (+0,55%)",2459100,89.62,1490000,50.66,1490000,50.66,36.2,36.7,36.15
BKG,06/10/2026,1.66,1.66,"+0,03 (+1,84%)",127000,0.21,0,0.0,0,0.0,1.68,1.68,1.62
BKG,05/10/2026,1.63,1.63,"-0,03 (-1,81%)",412900,0.68,0,0.0,0,0.0,1.65,1.67,1.63
BKG,02/10/2026,1.66,1.66,"-0,02 (-1,19%)",104500,0.18,0,0.0,0,0.0,1.7,1.71,1.65
BKG,01/10/2026,1.68,1.68,"0 (0,00%)",216600,0.36,0,0.0,0,0.0,1.68,1.7,1.66
BKG,30/09/2026,1.68,1.68,"-0,01 (-0,59%)",133400,0.22,0,0.0,0,0.0,1.7,1.71,1.67
BKG,29/09/2026,1.69,1.69,"-0,04 (-2,31%)",57100,0.1,0,0.0,0,0.0,1.7,1.73,1.68
BKG,28/09/2026,1.73,1.73,"+0,01 (+0,58%)",82600,0.14,0,0.0,0,0.0,1.75,1.75,1.7
BKG,25/09/2026,1.72,1.72,"+0,02 (+1,18%)",124000,0.21,360000,0.58,360000,0.58,1.72,1.74,1.7
BKG,24/09/2026,1.7,1.7,"-0,04 (-2,30%)",292500,0.5,0,0.0,0,0.0,1.74,1.74,1.68
BKG,23/09/2026,1.74,1.74,"-0,01 (-0,57%)",61300,0.11,0,0.0,0,0.0,1.75,1.76,1.73
BKG,22/09/2026,1.75,1.75,"-0,03 (-1,69%)",54600,0.1,0,0.0,0,0.0,1.77,1.79,1.75
BKG,21/09/2026,1.78,1.78,"0 (0,00%)",76200,0.13,0,0.0,0,0.0,1.78,1.8,1.76
BKG,18/09/2026,1.78,1.78,"0 (0,00%)",124900,0.22,0,0.0,0,0.0,1.78,1.82,1.75
BKG,17/09/2026,1.78,1.78,"0 (0,00%)",321500,0.57,770000,1.28,770000,1.28,1.79,1.8,1.77
BKG,16/09/2026,1.78,1.78,"-0,06 (-3,26%)",164000,0.29,0,0.0,0,0.0,1.77,1.84,1.77
BKG,15/09/2026,1.84,1.84,"-0,01 (-0,54%)",380400,0.68,0,0.0,0,0.0,1.85,1.85,1.73
BKG,14/09/2026,1.85,1.85,"-0,01 (-0,54%)",66100,0.12,0,0.0,0,0.0,1.86,1.88,1.8
BKG,11/09/2026,1.86,1.86,"-0,04 (-2,11%)",109200,0.2,0,0.0,0,0.0,1.9,1.9,1.82
BKG,10/09/2026,1.9,1.9,"-0,01 (-0,52%)",56000,0.11,0,0.0,0,0.0,1.91,1.91,1.88
BKG,09/09/2026,1.91,1.91,"0 (0,00%)",33200,0.06,0,0.0,0,0.0,1.91,1.92,1.89
BMC,06/10/2026,9.9,9.9,"-0,24 (-2,37%)",25500,0.24,0,0.0,0,0.0,10.0,10.15,9.44
BMC,05/10/2026,10.15,10.15,"-0,04 (-0,39%)",900,0.01,0,0.0,0,0.0,10.2,10.2,10.05
BMC,02/10/2026,10.2,10.2,"+0,20 (+2,00%)",7100,0.07,0,0.0,0,0.0,10.05,10.2,9.4
BMC,01/10/2026,10.0,10.0,"-0,48 (-4,58%)",8400,0.08,0,0.0,0,0.0,10.5,10.5,9.9
BMC,30/09/2026,10.5,10.5,"+0,21 (+2,04%)",12600,0.13,0,0.0,0,0.0,10.25,10.5,10.0
BMC,29/09/2026,10.3,10.3,"-0,23 (-2,18%)",8800,0.09,0,0.0,0,0.0,10.25,10.75,10.2
BMC,28/09/2026,10.55,10.55,"-0,13 (-1,22%)",4700,0.05,0,0.0,0,0.0,10.7,10.7,10.3
BMC,25/09/2026,10.7,10.7,"+0,07 (+0,66%)",8900,0.09,0,0.0,0,0.0,10.4,10.85,10.35
BMC,24/09/2026,10.65,10.65,"-0,03 (-0,28%)",6800,0.07,0,0.0,0,0.0,10.7,10.7,10.5
BMC,23/09/2026,10.7,10.7,"-0,40 (-3,60%)",14800,0.16,0,0.0,0,0.0,11.0,11.0,10.35
BMC,22/09/2026,11.1,11.1,"+0,10 (+0,91%)",1100,0.01,0,0.0,0,0.0,11.3,11.3,11.1
BMC,21/09/2026,11.0,11.0,"+0,20 (+1,85%)",18200,0.2,0,0.0,0,0.0,10.8,11.55,10.7
BMC,18/09/2026,10.8,10.8,"+0,22 (+2,08%)",11700,0.12,0,0.0,0,0.0,10.4,10.9,10.4
BMC,17/09/2026,10.6,10.6,"-0,30 (-2,75%)",33000,0.34,0,0.0,0,0.0,10.9,10.9,10.3
BMC,16/09/2026,10.9,10.9,"-0,05 (-0,46%)",2300,0.03,0,0.0,0,0.0,11.0,11.0,10.9
BMC,15/09/2026,10.95,10.95,"+0,10 (+0,92%)",10800,0.12,0,0.0,0,0.0,10.8,10.95,10.75
BMC,14/09/2026,10.85,10.85,"-0,10 (-0,91%)",6100,0.07,0,0.0,0,0.0,11.25,11.25,10.85
BMC,11/09/2026,10.95,10.95,"-0,05 (-0,45%)",1000,0.01,0,0.0,0,0.0,10.85,11.15,10.85
BMC,10/09/2026,11.0,11.0,"0 (0,00%)",3400,0.04,0,0.0,0,0.0,11.0,11.0,11.0
BMC,09/09/2026,11.0,11.0,"-0,05 (-0,45%)",3000,0.03,0,0.0,0,0.0,11.05,11.05,11.0
BMI,06/10/2026,13.55,13.55,"+0,05 (+0,37%)",99800,1.34,0,0.0,0,0.0,13.5,13.55,13.4
BMI,05/10/2026,13.5,13.5,"-0,15 (-1,10%)",51000,0.69,0,0.0,0,0.0,13.65,13.65,13.5
BMI,02/10/2026,13.65,13.65,"-0,10 (-0,73%)",108000,1.47,0,0.0,0,0.0,13.75,13.85,13.5
BMI,01/10/2026,13.75,13.75,"-0,30 (-2,14%)",141000,1.96,0,0.0,0,0.0,14.1,14.15,13.75
BMI,30/09/2026,14.05,14.05,"-0,10 (-0,71%)",130800,1.84,300000,4.5,300000,4.5,14.15,14.25,13.95
BMI,29/09/2026,14.15,14.15,"0 (0,00%)",79600,1.13,0,0.0,0,0.0,14.25,14.3,14.0
BMI,28/09/2026,14.15,14.15,"+0,20 (+1,43%)",134700,1.92,0,0.0,0,0.0,13.95,14.5,13.8
BMI,25/09/2026,13.95,13.95,"+0,15 (+1,09%)",37000,0.51,0,0.0,0,0.0,13.85,14.0,13.65
BMI,24/09/2026,13.8,13.8,"-0,20 (-1,43%)",41000,0.57,0,0.0,0,0.0,13.8,14.0,13.75
BMI,23/09/2026,14.0,14.0,"+0,15 (+1,08%)",84400,1.17,0,0.0,0,0.0,13.75,14.05,13.75
BMI,22/09/2026,13.85,13.85,"0 (0,00%)",26600,0.37,0,0.0,0,0.0,13.95,14.05,13.7
BMI,21/09/2026,13.85,13.85,"-0,10 (-0,72%)",66800,0.93,0,0.0,0,0.0,14.1,14.15,13.75
BMI,18/09/2026,13.95,13.95,"-0,20 (-1,41%)",50200,0.7,0,0.0,0,0.0,14.1,14.2,13.8
BMI,17/09/2026,14.15,14.15,"+0,60 (+4,43%)",166700,2.31,0,0.0,0,0.0,13.45,14.15,13.45
BMI,16/09/2026,13.55,13.55,"0 (0,00%)",12500,0.17,0,0.0,0,0.0,13.6,13.6,13.3
BMI,15/09/2026,13.55,13.55,"+0,20 (+1,50%)",26300,0.36,0,0.0,0,0.0,13.85,13.85,13.35
BMI,14/09/2026,13.35,13.35,"-0,15 (-1,11%)",50000,0.67,0,0.0,0,0.0,13.55,13.55,13.2
BMI,11/09/2026,13.5,13.5,"-0,20 (-1,46%)",43600,0.59,0,0.0,0,0.0,13.7,13.8,13.5
BMI,10/09/2026,13.7,13.7,"-0,25 (-1,79%)",29600,0.41,0,0.0,0,0.0,13.95,14.0,13.6
BMI,09/09/2026,13.95,13.95,"+0,15 (+1,09%)",107700,1.51,0,0.0,0,0.0,13.85,14.2,13.7
BMP,06/10/2026,141.9,141.9,"-0,60 (-0,42%)",25800,3.67,0,0.0,0,0.0,143.1,143.1,141.5
BMP,05/10/2026,142.5,142.5,"+1,50 (+1,06%)",32500,4.62,0,0.0,0,0.0,141.0,142.9,141.0
BMP,02/10/2026,141.0,141.0,"-2,10 (-1,47%)",94600,13.39,0,0.0,0,0.0,143.1,143.1,141.0
BMP,01/10/2026,143.1,143.1,"0 (0,00%)",23800,3.41,0,0.0,0,0.0,143.0,143.9,142.9
BMP,30/09/2026,143.1,143.1,"+0,20 (+0,14%)",50000,7.17,0,0.0,0,0.0,142.9,144.2,142.9
BMP,29/09/2026,142.9,142.9,"-0,20 (-0,14%)",35400,5.07,0,0.0,0,0.0,143.1,143.8,142.6
BMP,28/09/2026,143.1,143.1,"-1,90 (-1,31%)",78600,11.25,0,0.0,0,0.0,145.1,145.2,142.3
BMP,25/09/2026,145.0,145.0,"-1,00 (-0,68%)",47100,6.85,0,0.0,0,0.0,146.1,146.9,144.7
BMP,24/09/2026,146.0,146.0,"+0,70 (+0,48%)",98100,14.32,0,0.0,0,0.0,145.2,146.5,145.0
BMP,23/09/2026,145.3,145.3,"+1,20 (+0,83%)",106500,15.48,0,0.0,0,0.0,144.0,146.4,144.0
BMP,22/09/2026,144.1,144.1,"+0,60 (+0,42%)",30300,4.36,0,0.0,0,0.0,143.2,144.4,143.2
BMP,21/09/2026,143.5,143.5,"0 (0,00%)",46400,6.68,0,0.0,0,0.0,143.5,144.6,143.5
BMP,18/09/2026,143.5,143.5,"-0,20 (-0,14%)",41700,6.0,0,0.0,0,0.0,143.7,144.3,143.5
BMP,17/09/2026,143.7,143.7,"-3,20 (-2,18%)",51200,7.37,0,0.0,0,0.0,143.7,145.4,143.6
BMP,16/09/2026,146.9,146.9,"-0,70 (-0,47%)",133700,19.47,0,0.0,0,0.0,145.0,146.9,143.4
BMP,15/09/2026,147.6,147.6,"+9,40 (+6,80%)",113300,16.45,0,0.0,0,0.0,138.2,147.6,138.2
BMP,14/09/2026,138.2,138.2,"-2,10 (-1,50%)",93200,12.96,0,0.0,0,0.0,140.0,140.5,138.0
BMP,11/09/2026,140.3,140.3,"-1,70 (-1,20%)",42600,6.0,0,0.0,0,0.0,142.0,142.0,140.3
BMP,10/09/2026,142.0,142.0,"+1,80 (+1,28%)",59600,8.47,0,0.0,0,0.0,140.3,143.5,140.3
BMP,09/09/2026,140.2,140.2,"-0,90 (-0,64%)",89500,12.57,0,0.0,0,0.0,140.6,141.2,140.1
BRC,06/10/2026,11.0,11.0,"0 (0,00%)",0,0.0,0,0.0,0,0.0,11.0,11.0,11.0
BRC,05/10/2026,11.0,11.0,"0 (0,00%)",200,0.0,0,0.0,0,0.0,11.0,11.0,11.0
BRC,02/10/2026,11.0,11.0,"0 (0,00%)",0,0.0,0,0.0,0,0.0,11.0,11.0,11.0
BRC,01/10/2026,11.0,11.0,"0 (0,00%)",1700,0.02,0,0.0,0,0.0,10.95,11.0,10.95
BRC,30/09/2026,11.0,11.0,"0 (0,00%)",400,0.0,0,0.0,0,0.0,11.0,11.0,11.0
BRC,29/09/2026,11.0,11.0,"0 (0,00%)",200,0.0,0,0.0,0,0.0,11.0,11.0,11.0
BRC,28/09/2026,11.0,11.0,"0 (0,00%)",200,0.0,0,0.0,0,0.0,11.0,11.0,11.0
BRC,25/09/2026,11.0,11.0,"-0,10 (-0,90%)",800,0.01,0,0.0,0,0.0,11.0,11.0,11.0
BRC,24/09/2026,11.1,11.1,"0 (0,00%)",800,0.01,0,0.0,0,0.0,11.1,11.1,11.1
BRC,23/09/2026,11.1,11.1,"0 (0,00%)",100,0.0,0,0.0,0,0.0,11.1,11.1,11.1
BRC,22/09/2026,11.1,11.1,"0 (0,00%)",0,0.0,0,0.0,0,0.0,11.1,11.1,11.1
BRC,21/09/2026,11.1,11.1,"0 (0,00%)",0,0.0,0,0.0,0,0.0,11.1,11.1,11.1
BRC,18/09/2026,11.1,11.1,"0 (0,00%)",0,0.0,0,0.0,0,0.0,11.1,11.1,11.1
BRC,17/09/2026,11.1,11.1,"0 (0,00%)",900,0.01,0,0.0,0,0.0,11.0,11.1,10.9
BRC,16/09/2026,11.1,11.1,"+0,10 (+0,91%)",200,0.0,0,0.0,0,0.0,10.9,11.1,10.9
BRC,15/09/2026,11.0,11.0,"+0,05 (+0,46%)",200,0.0,0,0.0,0,0.0,11.1,11.1,11.0
BRC,14/09/2026,10.95,10.95,"-0,15 (-1,35%)",2300,0.03,0,0.0,0,0.0,11.1,11.1,10.95
BRC,11/09/2026,11.1,11.1,"0 (0,00%)",1100,0.01,0,0.0,0,0.0,11.1,11.1,11.1
BRC,10/09/2026,11.1,11.1,"0 (0,00%)",1600,0.02,0,0.0,0,0.0,11.1,11.15,11.1
BRC,09/09/2026,11.1,11.1,"-0,05 (-0,45%)",100,0.0,0,0.0,0,0.0,11.1,11.1,11.1
BSI,06/10/2026,25.05,25.05,"+0,35 (+1,42%)",255700,6.3,0,0.0,0,0.0,25.15,25.15,24.25
BSI,05/10/2026,24.7,24.7,"+0,05 (+0,20%)",234500,5.86,0,0.0,0,0.0,24.55,25.25,24.55
BSI,02/10/2026,24.65,24.65,"-0,95 (-3,71%)",260400,6.52,0,0.0,0,0.0,25.6,25.65,24.65
BSI,01/10/2026,25.6,25.6,"-0,15 (-0,58%)",213700,5.47,0,0.0,0,0.0,25.5,25.9,25.45
BSI,30/09/2026,25.75,25.75,"-0,15 (-0,58%)",119400,3.09,0,0.0,0,0.0,25.7,26.15,25.7
BSI,29/09/2026,25.9,25.9,"0 (0,00%)",184500,4.76,0,0.0,0,0.0,26.1,26.1,25.6
BSI,28/09/2026,25.9,25.9,"-0,70 (-2,63%)",275200,7.15,0,0.0,0,0.0,26.6,26.6,25.75
BSI,25/09/2026,26.6,26.6,"+0,05 (+0,19%)",210900,5.56,0,0.0,0,0.0,26.55,26.65,26.15
BSI,24/09/2026,26.55,26.55,"+0,05 (+0,19%)",238300,6.32,0,0.0,0,0.0,26.8,26.9,26.3
BSI,23/09/2026,26.5,26.5,"-0,35 (-1,30%)",202800,5.43,0,0.0,0,0.0,27.15,27.15,26.5
BSI,22/09/2026,26.85,26.85,"0 (0,00%)",165700,4.47,0,0.0,0,0.0,26.85,27.3,26.8
BSI,21/09/2026,26.85,26.85,"-0,50 (-1,83%)",251600,6.78,0,0.0,0,0.0,27.5,27.5,26.8
BSI,18/09/2026,27.35,27.35,"+0,35 (+1,30%)",239900,6.58,0,0.0,0,0.0,27.7,27.7,27.1
BSI,17/09/2026,27.0,27.0,"+0,75 (+2,86%)",440600,11.89,0,0.0,0,0.0,26.3,27.6,26.25
BSI,16/09/2026,26.25,26.25,"-0,45 (-1,69%)",202300,5.35,0,0.0,0,0.0,26.7,26.75,26.2
BSI,15/09/2026,26.7,26.7,"+0,20 (+0,75%)",359900,9.6,245232,6.5,245232,6.5,26.5,26.95,26.4
BSI,14/09/2026,26.5,26.5,"-0,30 (-1,12%)",371700,9.83,0,0.0,0,0.0,26.4,26.95,26.0
BSI,11/09/2026,26.8,26.8,"-1,20 (-4,29%)",463000,12.66,0,0.0,0,0.0,27.9,28.0,26.8
BSI,10/09/2026,28.0,28.0,"-0,30 (-1,06%)",271500,7.64,0,0.0,0,0.0,28.2,28.45,27.85
BSI,09/09/2026,28.3,28.3,"-0,40 (-1,39%)",166800,4.74,245232,7.04,245232,7.04,28.65,28.7,28.3
BSR,06/10/2026,31.1,31.1,"+0,70 (+2,30%)",9880100,302.0,280000,8.68,280000,8.68,30.7,31.1,29.95
BSR,05/10/2026,30.4,30.4,"-0,05 (-0,16%)",5887800,179.41,195000,6.04,195000,6.04,30.35,30.8,30.2
BSR,02/10/2026,30.45,30.45,"-0,90 (-2,87%)",15005500,464.98,1210900,38.95,1210900,38.95,31.75,32.0,30.05
BSR,01/10/2026,31.35,31.35,"-0,05 (-0,16%)",7773500,245.25,195000,6.04,195000,6.04,31.4,32.1,31.2
BSR,30/09/2026,31.4,31.4,"-1,10 (-3,38%)",13078700,413.61,910000,29.76,910000,29.76,32.1,32.25,31.15
BSR,29/09/2026,32.5,32.5,"+0,10 (+0,31%)",14126000,461.68,0,0.0,0,0.0,32.7,33.45,32.05
BSR,28/09/2026,32.4,32.4,"+2,00 (+6,58%)",13905500,435.86,0,0.0,0,0.0,30.65,32.4,30.4
BSR,25/09/2026,30.4,30.4,"+0,40 (+1,33%)",13380000,409.87,870000,26.97,870000,26.97,30.25,31.2,30.05
BSR,24/09/2026,30.0,30.0,"-1,30 (-4,15%)",15219500,470.93,220000,6.6,220000,6.6,31.55,32.1,29.85
BSR,23/09/2026,31.3,31.3,"-0,05 (-0,16%)",10388100,326.13,950000,29.37,950000,29.37,31.2,31.95,30.8
BSR,22/09/2026,31.35,31.35,"-0,20 (-0,63%)",10946100,342.98,30000,0.91,30000,0.91,31.55,31.75,30.85
BSR,21/09/2026,31.55,31.55,"+1,35 (+4,47%)",14290400,445.93,0,0.0,0,0.0,30.4,31.85,30.05
BSR,18/09/2026,30.2,30.2,"-0,50 (-1,63%)",16845300,509.9,0,0.0,0,0.0,30.8,31.2,29.8
BSR,17/09/2026,30.7,30.7,"+0,10 (+0,33%)",21326200,656.84,0,0.0,0,0.0,30.2,31.75,29.9
BSR,16/09/2026,30.6,30.6,"+0,15 (+0,49%)",16487100,513.33,0,0.0,0,0.0,30.95,31.8,30.6
BSR,15/09/2026,30.45,30.45,"+1,95 (+6,84%)",23749800,704.96,0,0.0,0,0.0,28.65,30.45,28.25
BSR,14/09/2026,28.5,28.5,"+0,95 (+3,45%)",16508000,467.18,0,0.0,0,0.0,27.65,28.9,27.65
BSR,11/09/2026,27.55,27.55,"+0,45 (+1,66%)",17225900,478.86,0,0.0,0,0.0,27.6,28.2,27.45
BSR,10/09/2026,27.1,27.1,"-0,25 (-0,91%)",8543000,234.05,100000,2.9,100000,2.9,27.7,27.85,27.05
BSR,09/09/2026,27.35,27.35,"+0,35 (+1,30%)",15693100,434.28,20000,0.5,20000,0.5,27.4,28.2,27.15
BTP,06/10/2026,7.44,7.44,"+0,02 (+0,27%)",39300,0.29,0,0.0,0,0.0,7.42,7.45,7.37
BTP,05/10/2026,7.42,7.42,"+0,13 (+1,78%)",39700,0.29,0,0.0,0,0.0,7.28,7.42,7.28
BTP,02/10/2026,7.29,7.29,"0 (0,00%)",15300,0.11,0,0.0,0,0.0,7.35,7.35,7.27
BTP,01/10/2026,7.29,7.29,"-0,01 (-0,14%)",4400,0.03,0,0.0,0,0.0,7.35,7.4,7.28
BTP,30/09/2026,7.3,7.3,"-0,02 (-0,27%)",43100,0.31,0,0.0,0,0.0,7.32,7.33,7.3
BTP,29/09/2026,7.32,7.32,"-0,07 (-0,95%)",10900,0.08,0,0.0,0,0.0,7.3,7.39,7.3
BTP,28/09/2026,7.39,7.39,"+0,16 (+2,21%)",20400,0.15,0,0.0,0,0.0,7.26,7.51,7.2
BTP,25/09/2026,7.23,7.23,"-0,03 (-0,41%)",31400,0.23,0,0.0,0,0.0,7.26,7.26,7.22
BTP,24/09/2026,7.26,7.26,"-0,01 (-0,14%)",29700,0.22,0,0.0,0,0.0,7.27,7.31,7.25
BTP,23/09/2026,7.27,7.27,"0 (0,00%)",6900,0.05,0,0.0,0,0.0,7.28,7.3,7.27
BTP,22/09/2026,7.27,7.27,"+0,07 (+0,97%)",40300,0.29,0,0.0,0,0.0,7.29,7.29,7.2
BTP,21/09/2026,7.2,7.2,"-0,05 (-0,69%)",14600,0.11,0,0.0,0,0.0,7.25,7.25,7.2
BTP,18/09/2026,7.25,7.25,"+0,02 (+0,28%)",14800,0.11,0,0.0,0,0.0,7.2,7.28,7.2
BTP,17/09/2026,7.23,7.23,"+0,08 (+1,12%)",4000,0.03,0,0.0,0,0.0,7.18,7.25,7.17
BTP,16/09/2026,7.15,7.15,"-0,13 (-1,79%)",15600,0.11,0,0.0,0,0.0,7.28,7.28,7.15
BTP,15/09/2026,7.28,7.28,"+0,12 (+1,68%)",63300,0.46,0,0.0,0,0.0,7.16,7.31,7.16
BTP,14/09/2026,7.16,7.16,"-0,04 (-0,56%)",144300,1.04,0,0.0,0,0.0,7.2,7.2,7.15
BTP,11/09/2026,7.2,7.2,"0 (0,00%)",135000,0.97,0,0.0,0,0.0,7.15,7.26,7.15
BTP,10/09/2026,7.2,7.2,"-0,11 (-1,50%)",37800,0.27,0,0.0,0,0.0,7.09,7.31,7.09
BTP,09/09/2026,7.31,7.31,"-0,04 (-0,54%)",6500,0.05,0,0.0,0,0.0,7.35,7.37,7.31
BTT,06/10/2026,39.5,39.5,"0 (0,00%)",0,0.0,0,0.0,0,0.0,39.5,39.5,39.5
BTT,05/10/2026,39.5,39.5,"0 (0,00%)",0,0.0,0,0.0,0,0.0,39.5,39.5,39.5
BTT,02/10/2026,39.5,39.5,"0 (0,00%)",0,0.0,0,0.0,0,0.0,39.5,39.5,39.5
BTT,01/10/2026,39.5,39.5,"0 (0,00%)",100,0.0,0,0.0,0,0.0,39.5,39.5,39.5
BTT,30/09/2026,39.5,39.5,"0 (0,00%)",0,0.0,0,0.0,0,0.0,39.5,39.5,39.5
BTT,29/09/2026,39.5,39.5,"0 (0,00%)",0,0.0,0,0.0,0,0.0,39.5,39.5,39.5
BTT,28/09/2026,39.5,39.5,"-0,50 (-1,25%)",100,0.0,0,0.0,0,0.0,39.5,39.5,39.5
BTT,25/09/2026,40.0,40.0,"0 (0,00%)",900,0.04,0,0.0,0,0.0,40.0,40.0,40.0
BTT,24/09/2026,40.0,40.0,"0 (0,00%)",100,0.0,0,0.0,0,0.0,40.0,40.0,40.0
BTT,23/09/2026,40.0,40.0,"0 (0,00%)",0,0.0,0,0.0,0,0.0,40.0,40.0,40.0
BTT,22/09/2026,40.0,40.0,"0 (0,00%)",0,0.0,0,0.0,0,0.0,40.0,40.0,40.0
BTT,21/09/2026,40.0,40.0,"0 (0,00%)",0,0.0,0,0.0,0,0.0,40.0,40.0,40.0
BTT,18/09/2026,40.0,40.0,"0 (0,00%)",0,0.0,0,0.0,0,0.0,40.0,40.0,40.0
BTT,17/09/2026,40.0,40.0,"0 (0,00%)",0,0.0,0,0.0,0,0.0,40.0,40.0,40.0
BTT,16/09/2026,40.0,40.0,"0 (0,00%)",0,0.0,0,0.0,0,0.0,40.0,40.0,40.0
BTT,15/09/2026,40.0,40.0,"0 (0,00%)",0,0.0,0,0.0,0,0.0,40.0,40.0,40.0
BTT,14/09/2026,40.0,40.0,"0 (0,00%)",0,0.0,0,0.0,0,0.0,40.0,40.0,40.0
BTT,11/09/2026,40.0,40.0,"0 (0,00%)",0,0.0,0,0.0,0,0.0,40.0,40.0,40.0
BTT,10/09/2026,40.0,40.0,"0 (0,00%)",0,0.0,0,0.0,0,0.0,40.0,40.0,40.0
BTT,09/09/2026,40.0,40.0,"0 (0,00%)",0,0.0,0,0.0,0,0.0,40.0,40.0,40.0
BVH,06/10/2026,75.0,75.0,"-0,80 (-1,06%)",749800,56.94,0,0.0,0,0.0,75.8,77.4,74.2
BVH,05/10/2026,75.8,75.8,"0 (0,00%)",444000,33.54,0,0.0,0,0.0,75.3,76.4,74.6
BVH,02/10/2026,75.8,75.8,"+1,30 (+1,74%)",1069400,80.79,0,0.0,0,0.0,74.4,76.9,74.4
BVH,01/10/2026,74.5,74.5,"0 (0,00%)",620100,46.09,0,0.0,0,0.0,74.2,75.3,73.2
BVH,30/09/2026,74.5,74.5,"+0,30 (+0,40%)",1461300,109.62,0,0.0,0,0.0,73.9,76.2,73.8
BVH,29/09/2026,74.2,74.2,"+0,60 (+0,82%)",1086400,80.71,0,0.0,0,0.0,74.3,75.9,73.6
BVH,28/09/2026,73.6,73.6,"+4,80 (+6,98%)",3430700,246.44,500000,35.25,500000,35.25,69.0,73.6,68.8
BVH,25/09/2026,68.8,68.8,"-0,40 (-0,58%)",585400,40.41,0,0.0,0,0.0,69.1,69.6,68.2
BVH,24/09/2026,69.2,69.2,"-0,10 (-0,14%)",793000,55.04,200000,13.86,200000,13.86,69.0,70.4,69.0
BVH,23/09/2026,69.3,69.3,"-0,40 (-0,57%)",736900,50.81,0,0.0,0,0.0,69.7,69.7,68.4
BVH,22/09/2026,69.7,69.7,"-0,80 (-1,13%)",678500,47.07,300000,21.15,300000,21.15,70.5,70.5,68.8
BVH,21/09/2026,70.5,70.5,"+2,00 (+2,92%)",1014500,71.49,0,0.0,0,0.0,68.5,71.6,68.5
BVH,18/09/2026,68.5,68.5,"-0,90 (-1,30%)",682600,46.94,0,0.0,0,0.0,69.4,69.9,68.2
BVH,17/09/2026,69.4,69.4,"-1,60 (-2,25%)",1054700,74.17,0,0.0,0,0.0,70.6,71.7,69.4
BVH,16/09/2026,71.0,71.0,"+0,80 (+1,14%)",988000,69.32,0,0.0,0,0.0,69.9,71.0,68.9
BVH,15/09/2026,70.2,70.2,"+2,20 (+3,24%)",1229800,84.17,0,0.0,0,0.0,68.0,70.2,67.0
BVH,14/09/2026,68.0,68.0,"+4,00 (+6,25%)",1405500,93.11,0,0.0,0,0.0,63.7,68.0,63.7
BVH,11/09/2026,64.0,64.0,"+1,00 (+1,59%)",770400,49.85,0,0.0,0,0.0,63.1,65.9,63.1
BVH,10/09/2026,63.0,63.0,"-0,50 (-0,79%)",197400,12.45,0,0.0,0,0.0,63.4,63.9,62.8
BVH,09/09/2026,63.5,63.5,"+0,50 (+0,79%)",219400,13.91,0,0.0,0,0.0,62.8,64.1,62.8
BWE,06/10/2026,40.05,40.05,"-0,70 (-1,72%)",35100,1.41,0,0.0,0,0.0,40.75,40.75,40.0
BWE,05/10/2026,40.75,40.75,"-0,05 (-0,12%)",56500,2.3,0,0.0,0,0.0,40.5,40.8,40.0
BWE,02/10/2026,40.8,40.8,"-0,15 (-0,37%)",5900,0.24,30000,1.31,30000,1.31,40.95,40.95,40.55
BWE,01/10/2026,40.95,40.95,"+0,15 (+0,37%)",428900,17.51,0,0.0,0,0.0,40.8,41.5,40.7
BWE,30/09/2026,40.8,40.8,"+0,30 (+0,74%)",8500,0.35,0,0.0,0,0.0,40.5,40.9,40.45
BWE,29/09/2026,40.5,40.5,"+0,05 (+0,12%)",56900,2.29,0,0.0,0,0.0,40.45,40.5,40.0
BWE,28/09/2026,40.45,40.45,"+0,20 (+0,50%)",20100,0.8,0,0.0,0,0.0,40.5,40.5,39.9
BWE,25/09/2026,40.25,40.25,"-0,60 (-1,47%)",88500,3.56,0,0.0,0,0.0,40.6,41.15,39.65
BWE,24/09/2026,40.85,40.85,"-0,55 (-1,33%)",37300,1.53,0,0.0,0,0.0,40.65,41.25,40.65
BWE,23/09/2026,41.4,41.4,"-0,10 (-0,24%)",49100,2.0,0,0.0,0,0.0,41.1,41.6,40.5
BWE,22/09/2026,41.5,41.5,"+0,65 (+1,59%)",8900,0.37,0,0.0,0,0.0,41.0,41.5,41.0
BWE,21/09/2026,40.85,40.85,"-1,25 (-2,97%)",66600,2.73,1698700,72.02,1698700,72.02,42.25,42.25,40.8
BWE,18/09/2026,42.1,42.1,"+0,20 (+0,48%)",17300,0.73,0,0.0,0,0.0,41.8,42.1,41.8
BWE,17/09/2026,41.9,41.9,"-0,10 (-0,24%)",9100,0.38,0,0.0,0,0.0,42.0,42.0,41.5
BWE,16/09/2026,42.0,42.0,"0 (0,00%)",5400,0.23,35000,1.37,35000,1.37,42.0,42.1,41.5
BWE,15/09/2026,42.0,42.0,"+0,15 (+0,36%)",12900,0.54,0,0.0,0,0.0,41.85,42.1,41.55
BWE,14/09/2026,41.85,41.85,"+0,20 (+0,48%)",12500,0.52,0,0.0,0,0.0,41.65,41.9,41.35
BWE,11/09/2026,41.65,41.65,"-0,10 (-0,24%)",34300,1.44,35000,1.56,35000,1.56,41.75,42.2,41.6
BWE,10/09/2026,41.75,41.75,"-0,30 (-0,71%)",22700,0.95,0,0.0,0,0.0,41.9,42.15,41.7
BWE,09/09/2026,42.05,42.05,"+0,10 (+0,24%)",4500,0.19,0,0.0,0,0.0,41.95,42.05,41.8
C32,06/10/2026,15.25,15.25,"+0,25 (+1,67%)",14500,0.22,0,0.0,0,0.0,15.1,15.25,15.0
C32,05/10/2026,15.0,15.0,"0 (0,00%)",1500,0.02,0,0.0,0,0.0,15.0,15.0,15.0
C32,02/10/2026,15.0,15.0,"-0,05 (-0,33%)",3600,0.05,0,0.0,0,0.0,14.9,15.0,14.9
C32,01/10/2026,15.05,15.05,"+0,05 (+0,33%)",1700,0.03,0,0.0,0,0.0,15.0,15.05,15.0
C32,30/09/2026,15.0,15.0,"0 (0,00%)",400,0.01,0,0.0,0,0.0,15.0,15.0,15.0
C32,29/09/2026,15.0,15.0,"0 (0,00%)",7300,0.11,0,0.0,0,0.0,15.0,15.05,15.0
C32,28/09/2026,15.0,15.0,"-0,05 (-0,33%)",3700,0.06,0,0.0,0,0.0,15.0,15.0,15.0
C32,25/09/2026,15.05,15.05,"0 (0,00%)",0,0.0,1249000,19.98,1249000,19.98,15.05,15.05,15.05
C32,24/09/2026,15.05,15.05,"0 (0,00%)",500,0.01,0,0.0,0,0.0,15.6,15.6,15.05
C32,23/09/2026,15.05,15.05,"-0,70 (-4,44%)",6000,0.09,0,0.0,0,0.0,15.1,15.1,15.0
C32,22/09/2026,15.75,15.75,"-0,05 (-0,32%)",11300,0.17,0,0.0,0,0.0,15.05,15.75,15.0
C32,21/09/2026,15.8,15.8,"+0,75 (+4,98%)",7100,0.11,0,0.0,0,0.0,15.05,15.8,15.05
C32,18/09/2026,15.05,15.05,"+0,05 (+0,33%)",400,0.01,0,0.0,0,0.0,15.0,15.9,15.0
C32,17/09/2026,15.0,15.0,"-0,60 (-3,85%)",2800,0.04,0,0.0,0,0.0,15.6,15.6,15.0
C32,16/09/2026,15.6,15.6,"-0,15 (-0,95%)",14100,0.21,0,0.0,0,0.0,14.65,15.6,14.65
C32,15/09/2026,15.75,15.75,"0 (0,00%)",0,0.0,0,0.0,0,0.0,15.75,15.75,15.75
C32,14/09/2026,15.75,15.75,"-1,15 (-6,80%)",200,0.0,0,0.0,0,0.0,15.8,15.8,15.75
C32,11/09/2026,16.9,16.9,"0 (0,00%)",0,0.0,0,0.0,0,0.0,16.9,16.9,16.9
C32,10/09/2026,16.9,16.9,"0 (0,00%)",0,0.0,0,0.0,0,0.0,16.9,16.9,16.9
C32,09/09/2026,16.9,16.9,"+1,00 (+6,29%)",20000,0.3,0,0.0,0,0.0,15.1,16.9,15.0
C47,06/10/2026,8.1,8.1,"0 (0,00%)",4000,0.03,0,0.0,0,0.0,8.1,8.2,8.1
C47,05/10/2026,8.1,8.1,"-0,15 (-1,82%)",4900,0.04,0,0.0,0,0.0,8.25,8.25,8.1
C47,02/10/2026,8.25,8.25,"0 (0,00%)",12900,0.1,0,0.0,0,0.0,8.25,8.25,8.0
C47,01/10/2026,8.25,8.25,"0 (0,00%)",20300,0.16,0,0.0,0,0.0,8.25,8.25,8.0
C47,30/09/2026,8.25,8.25,"0 (0,00%)",12900,0.11,0,0.0,0,0.0,8.3,8.33,8.25
C47,29/09/2026,8.25,8.25,"+0,25 (+3,12%)",38800,0.32,0,0.0,0,0.0,8.0,8.35,8.0
C47,28/09/2026,8.0,8.0,"-0,35 (-4,19%)",20100,0.17,0,0.0,0,0.0,8.3,8.3,8.0
C47,25/09/2026,8.35,8.35,"+0,10 (+1,21%)",1600,0.01,0,0.0,0,0.0,8.2,8.35,8.2
C47,24/09/2026,8.25,8.25,"0 (0,00%)",1500,0.01,0,0.0,0,0.0,8.2,8.44,8.2
C47,23/09/2026,8.25,8.25,"0 (0,00%)",7700,0.06,0,0.0,0,0.0,8.25,8.26,8.21
C47,22/09/2026,8.25,8.25,"-0,04 (-0,48%)",5600,0.05,0,0.0,0,0.0,8.27,8.29,8.23
C47,21/09/2026,8.29,8.29,"-0,21 (-2,47%)",4100,0.03,0,0.0,0,0.0,8.35,8.35,8.25
C47,18/09/2026,8.5,8.5,"+0,23 (+2,78%)",1400,0.01,0,0.0,0,0.0,8.2,8.5,8.2
C47,17/09/2026,8.27,8.27,"-0,61 (-6,87%)",55400,0.46,0,0.0,0,0.0,8.3,8.86,8.27
C47,16/09/2026,8.88,8.88,"-0,07 (-0,78%)",400,0.0,0,0.0,0,0.0,8.6,8.88,8.6
C47,15/09/2026,8.95,8.95,"0 (0,00%)",0,0.0,0,0.0,0,0.0,8.95,8.95,8.95
C47,14/09/2026,8.95,8.95,"+0,20 (+2,29%)",100,0.0,0,0.0,0,0.0,8.95,8.95,8.95
C47,11/09/2026,8.75,8.75,"-0,05 (-0,57%)",6700,0.06,0,0.0,0,0.0,8.22,8.75,8.22
C47,10/09/2026,8.8,8.8,"-0,08 (-0,90%)",1000,0.01,0,0.0,0,0.0,8.7,8.8,8.7
C47,09/09/2026,8.88,8.88,"-0,02 (-0,22%)",18500,0.16,0,0.0,0,0.0,8.9,8.9,8.5
CCC,06/10/2026,5.95,5.95,"0 (0,00%)",2900,0.02,0,0.0,0,0.0,5.66,5.96,5.66
CCC,05/10/2026,5.95,5.95,"-0,23 (-3,72%)",5000,0.03,0,0.0,0,0.0,6.18,6.2,5.9
CCC,02/10/2026,6.18,6.18,"+0,29 (+4,92%)",600,0.0,0,0.0,0,0.0,5.89,6.19,5.89
CCC,01/10/2026,5.89,5.89,"-0,44 (-6,95%)",7700,0.05,0,0.0,0,0.0,6.3,6.3,5.89
CCC,30/09/2026,6.33,6.33,"-0,06 (-0,94%)",400,0.0,0,0.0,0,0.0,6.35,6.35,6.33
CCC,29/09/2026,6.39,6.39,"0 (0,00%)",0,0.0,0,0.0,0,0.0,6.39,6.39,6.39
CCC,28/09/2026,6.39,6.39,"-0,01 (-0,16%)",9800,0.06,0,0.0,0,0.0,6.01,6.39,5.96
CCC,25/09/2026,6.4,6.4,"-0,10 (-1,54%)",1900,0.01,0,0.0,0,0.0,6.4,6.4,6.4
CCC,24/09/2026,6.5,6.5,"0 (0,00%)",1400,0.01,0,0.0,0,0.0,6.79,6.79,6.31
CCC,23/09/2026,6.5,6.5,"0 (0,00%)",400,0.0,0,0.0,0,0.0,6.4,6.6,6.4
CCC,22/09/2026,6.5,6.5,"+0,13 (+2,04%)",1500,0.01,0,0.0,0,0.0,6.35,6.5,6.3
CCC,21/09/2026,6.37,6.37,"-0,41 (-6,05%)",5300,0.03,0,0.0,0,0.0,6.41,6.78,6.37
CCC,18/09/2026,6.78,6.78,"+0,09 (+1,35%)",1200,0.01,0,0.0,0,0.0,6.25,6.78,6.25
CCC,17/09/2026,6.69,6.69,"+0,09 (+1,36%)",8500,0.05,106000,0.7,106000,0.7,6.23,6.69,6.22
CCC,16/09/2026,6.6,6.6,"0 (0,00%)",5400,0.04,0,0.0,0,0.0,6.16,6.67,6.16
CCC,15/09/2026,6.6,6.6,"0 (0,00%)",800,0.01,0,0.0,0,0.0,6.6,6.6,6.6
CCC,14/09/2026,6.6,6.6,"+0,03 (+0,46%)",600,0.0,0,0.0,0,0.0,6.61,6.62,6.6
CCC,11/09/2026,6.57,6.57,"-0,49 (-6,94%)",2600,0.02,0,0.0,0,0.0,7.06,7.06,6.57
CCC,10/09/2026,7.06,7.06,"-0,05 (-0,70%)",500,0.0,0,0.0,0,0.0,7.2,7.2,7.05
CCC,09/09/2026,7.11,7.11,"0 (0,00%)",2600,0.02,0,0.0,0,0.0,6.93,7.11,6.92
CCI,06/10/2026,16.15,16.15,"0 (0,00%)",0,0.0,0,0.0,0,0.0,16.15,16.15,16.15
CCI,05/10/2026,16.15,16.15,"0 (0,00%)",0,0.0,0,0.0,0,0.0,16.15,16.15,16.15
CCI,02/10/2026,16.15,16.15,"0 (0,00%)",0,0.0,0,0.0,0,0.0,16.15,16.15,16.15
CCI,01/10/2026,16.15,16.15,"0 (0,00%)",0,0.0,0,0.0,0,0.0,16.15,16.15,16.15
CCI,30/09/2026,16.15,16.15,"0 (0,00%)",0,0.0,0,0.0,0,0.0,16.15,16.15,16.15
CCI,29/09/2026,16.15,16.15,"-0,65 (-3,87%)",100,0.0,0,0.0,0,0.0,16.15,16.15,16.15
CCI,28/09/2026,16.8,16.8,"-1,20 (-6,67%)",100,0.0,0,0.0,0,0.0,16.8,16.8,16.8
CCI,25/09/2026,18.0,18.0,"0 (0,00%)",0,0.0,0,0.0,0,0.0,18.0,18.0,18.0
CCI,24/09/2026,18.0,18.0,"+1,10 (+6,51%)",600,0.01,0,0.0,0,0.0,15.85,18.0,15.85
CCI,23/09/2026,16.9,16.9,"0 (0,00%)",0,0.0,0,0.0,0,0.0,16.9,16.9,16.9
CCI,22/09/2026,16.9,16.9,"+0,05 (+0,30%)",3400,0.06,0,0.0,0,0.0,18.0,18.0,16.85
CCI,21/09/2026,16.85,16.85,"-0,05 (-0,30%)",100,0.0,0,0.0,0,0.0,16.85,16.85,16.85
CCI,18/09/2026,16.9,16.9,"-1,05 (-5,85%)",100,0.0,0,0.0,0,0.0,16.9,16.9,16.9
CCI,17/09/2026,17.95,17.95,"+1,15 (+6,85%)",1300,0.02,0,0.0,0,0.0,17.95,17.95,17.95
CCI,16/09/2026,16.8,16.8,"-0,85 (-4,82%)",200,0.0,0,0.0,0,0.0,16.8,16.8,16.8
CCI,15/09/2026,17.65,17.65,"0 (0,00%)",600,0.01,0,0.0,0,0.0,17.65,17.65,17.65
CCI,14/09/2026,17.65,17.65,"0 (0,00%)",0,0.0,0,0.0,0,0.0,17.65,17.65,17.65
CCI,11/09/2026,17.65,17.65,"+1,15 (+6,97%)",3400,0.06,0,0.0,0,0.0,16.5,17.65,16.5
CCI,10/09/2026,16.5,16.5,"0 (0,00%)",0,0.0,0,0.0,0,0.0,16.5,16.5,16.5
CCI,09/09/2026,16.5,16.5,"0 (0,00%)",0,0.0,0,0.0,0,0.0,16.5,16.5,16.5
CCL,06/10/2026,3.28,3.28,"-0,04 (-1,20%)",37300,0.12,0,0.0,0,0.0,3.3,3.3,3.26
CCL,05/10/2026,3.32,3.32,"+0,01 (+0,30%)",17200,0.06,0,0.0,0,0.0,3.31,3.33,3.3
CCL,02/10/2026,3.31,3.31,"+0,01 (+0,30%)",58900,0.2,0,0.0,0,0.0,3.3,3.33,3.25
CCL,01/10/2026,3.3,3.3,"-0,04 (-1,20%)",24000,0.08,0,0.0,0,0.0,3.3,3.36,3.29
CCL,30/09/2026,3.34,3.34,"-0,02 (-0,60%)",19000,0.06,0,0.0,0,0.0,3.36,3.38,3.29
CCL,29/09/2026,3.36,3.36,"-0,04 (-1,18%)",1900,0.01,0,0.0,0,0.0,3.39,3.39,3.36
CCL,28/09/2026,3.4,3.4,"-0,01 (-0,29%)",4600,0.02,0,0.0,0,0.0,3.42,3.42,3.35
CCL,25/09/2026,3.41,3.41,"-0,03 (-0,87%)",20500,0.07,0,0.0,0,0.0,3.43,3.44,3.31
CCL,24/09/2026,3.44,3.44,"-0,06 (-1,71%)",12100,0.04,0,0.0,0,0.0,3.5,3.5,3.44
CCL,23/09/2026,3.5,3.5,"+0,03 (+0,86%)",15200,0.05,0,0.0,0,0.0,3.47,3.5,3.45
CCL,22/09/2026,3.47,3.47,"0 (0,00%)",16700,0.06,0,0.0,0,0.0,3.46,3.48,3.45
CCL,21/09/2026,3.47,3.47,"0 (0,00%)",107900,0.37,0,0.0,0,0.0,3.42,3.48,3.42
CCL,18/09/2026,3.47,3.47,"-0,01 (-0,29%)",9100,0.03,0,0.0,0,0.0,3.48,3.48,3.42
CCL,17/09/2026,3.48,3.48,"+0,07 (+2,05%)",67000,0.23,0,0.0,0,0.0,3.43,3.48,3.4
CCL,16/09/2026,3.41,3.41,"0 (0,00%)",29800,0.1,0,0.0,0,0.0,3.45,3.45,3.35
CCL,15/09/2026,3.41,3.41,"-0,07 (-2,01%)",33900,0.12,0,0.0,0,0.0,3.37,3.49,3.37
CCL,14/09/2026,3.48,3.48,"-0,01 (-0,29%)",25500,0.09,0,0.0,0,0.0,3.5,3.52,3.45
CCL,11/09/2026,3.49,3.49,"-0,02 (-0,57%)",38500,0.14,0,0.0,0,0.0,3.52,3.58,3.49
CCL,10/09/2026,3.51,3.51,"-0,02 (-0,57%)",60800,0.21,0,0.0,0,0.0,3.53,3.56,3.51
CCL,09/09/2026,3.53,3.53,"-0,07 (-1,94%)",58500,0.21,0,0.0,0,0.0,3.53,3.55,3.5
CDC,06/10/2026,20.8,20.8,"-0,10 (-0,48%)",313100,6.47,4870000,96.76,4870000,96.76,20.9,21.2,20.4
CDC,05/10/2026,20.9,20.9,"+0,40 (+1,95%)",272700,5.65,815000,16.23,815000,16.23,20.7,21.0,20.5
CDC,02/10/2026,20.5,20.5,"-0,20 (-0,97%)",224900,4.63,2600000,53.82,2600000,53.82,20.7,20.95,20.3
CDC,01/10/2026,20.7,20.7,"-0,40 (-1,90%)",176600,3.7,0,0.0,0,0.0,21.0,21.3,20.6
CDC,30/09/2026,21.1,21.1,"+0,40 (+1,93%)",257700,5.41,610000,12.63,610000,12.63,20.8,21.3,20.7
CDC,29/09/2026,20.7,20.7,"+0,30 (+1,47%)",271600,5.54,80000,1.57,80000,1.57,20.7,21.0,19.95
CDC,28/09/2026,20.4,20.4,"-0,30 (-1,45%)",173600,3.46,0,0.0,0,0.0,20.6,20.6,19.6
CDC,25/09/2026,20.7,20.7,"-0,50 (-2,36%)",291600,6.09,0,0.0,0,0.0,21.0,21.4,20.5
CDC,24/09/2026,21.2,21.2,"+0,20 (+0,95%)",231500,4.83,400000,7.98,400000,7.98,20.7,21.25,20.6
CDC,23/09/2026,21.0,21.0,"+0,40 (+1,94%)",151100,3.15,1615400,31.75,1615400,31.75,20.7,21.1,20.5
CDC,22/09/2026,20.6,20.6,"+0,40 (+1,98%)",154900,3.16,1171600,22.89,1171600,22.89,20.3,20.6,20.1
CDC,21/09/2026,20.2,20.2,"-0,40 (-1,94%)",146100,2.98,450000,8.78,450000,8.78,20.5,20.8,20.2
CDC,18/09/2026,20.6,20.6,"+0,60 (+3,00%)",173400,3.5,0,0.0,0,0.0,20.0,20.6,19.8
CDC,17/09/2026,20.0,20.0,"+0,60 (+3,09%)",165000,3.26,0,0.0,0,0.0,19.4,20.0,19.4
CDC,16/09/2026,19.4,19.4,"+0,15 (+0,78%)",142800,2.76,0,0.0,0,0.0,19.2,19.5,19.2
CDC,15/09/2026,19.25,19.25,"+0,15 (+0,79%)",119300,2.29,0,0.0,0,0.0,19.0,19.4,19.0
CDC,14/09/2026,19.1,19.1,"-0,20 (-1,04%)",102200,1.95,1637200,31.13,1637200,31.13,19.2,19.3,18.9
CDC,11/09/2026,19.3,19.3,"0 (0,00%)",144200,2.76,0,0.0,0,0.0,19.2,19.4,19.0
CDC,10/09/2026,19.3,19.3,"0 (0,00%)",179000,3.44,0,0.0,0,0.0,19.3,19.4,19.0
CDC,09/09/2026,19.3,19.3,"-0,10 (-0,52%)",125600,2.42,1400000,27.3,1400000,27.3,19.4,19.5,19.1
CHP,06/10/2026,26.5,26.5,"0 (0,00%)",2800,0.07,0,0.0,0,0.0,26.5,26.6,26.5
CHP,05/10/2026,26.5,26.5,"+0,05 (+0,19%)",2000,0.05,0,0.0,0,0.0,26.5,26.5,26.5
CHP,02/10/2026,26.45,26.45,"-0,05 (-0,19%)",4600,0.12,0,0.0,0,0.0,26.75,26.75,26.45
CHP,01/10/2026,26.5,26.5,"+0,05 (+0,19%)",1300,0.03,0,0.0,0,0.0,26.45,26.5,26.45
CHP,30/09/2026,26.45,26.45,"0 (0,00%)",10200,0.27,0,0.0,0,0.0,26.5,26.5,26.25
CHP,29/09/2026,26.45,26.45,"-0,05 (-0,19%)",1500,0.04,0,0.0,0,0.0,26.45,26.45,26.45
CHP,28/09/2026,26.5,26.5,"+0,20 (+0,76%)",22900,0.6,0,0.0,0,0.0,26.4,26.5,26.3
CHP,25/09/2026,26.3,26.3,"+0,05 (+0,19%)",11400,0.3,0,0.0,0,0.0,26.45,26.45,26.3
CHP,24/09/2026,26.25,26.25,"0 (0,00%)",7900,0.21,0,0.0,0,0.0,26.3,26.5,26.25
CHP,23/09/2026,26.25,26.25,"+0,20 (+0,77%)",32000,0.85,0,0.0,0,0.0,26.5,26.6,26.25
CHP,22/09/2026,26.05,26.05,"+0,05 (+0,19%)",3100,0.08,0,0.0,0,0.0,26.5,26.5,26.05
CHP,21/09/2026,26.0,26.0,"+0,10 (+0,39%)",400,0.01,0,0.0,0,0.0,25.9,26.0,25.9
CHP,18/09/2026,25.9,25.9,"-0,25 (-0,96%)",7000,0.18,0,0.0,0,0.0,26.1,26.1,25.9
CHP,17/09/2026,26.15,26.15,"+0,15 (+0,58%)",19300,0.5,0,0.0,0,0.0,26.0,26.15,26.0
CHP,16/09/2026,26.0,26.0,"0 (0,00%)",2200,0.06,0,0.0,0,0.0,26.05,26.05,26.0
CHP,15/09/2026,26.0,26.0,"+0,10 (+0,39%)",1500,0.04,0,0.0,0,0.0,25.9,26.0,25.75
CHP,14/09/2026,25.9,25.9,"-0,05 (-0,19%)",3800,0.1,0,0.0,0,0.0,25.95,26.0,25.75
CHP,11/09/2026,25.95,25.95,"-0,05 (-0,19%)",2300,0.06,0,0.0,0,0.0,26.0,26.0,25.95
CHP,10/09/2026,26.0,26.0,"0 (0,00%)",1600,0.04,0,0.0,0,0.0,26.0,26.0,26.0
CHP,09/09/2026,26.0,26.0,"+0,20 (+0,78%)",2500,0.06,0,0.0,0,0.0,25.8,26.0,25.7
CIG,06/10/2026,7.0,7.0,"+0,01 (+0,14%)",572600,3.95,0,0.0,0,0.0,7.0,7.0,6.83
CIG,05/10/2026,6.99,6.99,"-0,10 (-1,41%)",26700,0.19,0,0.0,0,0.0,7.05,7.11,6.84
CIG,02/10/2026,7.09,7.09,"-0,01 (-0,14%)",89500,0.64,0,0.0,0,0.0,7.09,7.13,6.85
CIG,01/10/2026,7.1,7.1,"+0,01 (+0,14%)",166300,1.18,0,0.0,0,0.0,7.07,7.13,7.07
CIG,30/09/2026,7.09,7.09,"+0,01 (+0,14%)",92000,0.66,0,0.0,0,0.0,7.08,7.29,7.0
CIG,29/09/2026,7.08,7.08,"+0,07 (+1,00%)",72100,0.51,0,0.0,0,0.0,7.02,7.25,7.02
CIG,28/09/2026,7.01,7.01,"-0,09 (-1,27%)",23700,0.17,0,0.0,0,0.0,7.09,7.48,7.01
CIG,25/09/2026,7.1,7.1,"+0,02 (+0,28%)",24700,0.18,0,0.0,0,0.0,7.07,7.27,7.07
CIG,24/09/2026,7.08,7.08,"+0,15 (+2,16%)",123400,0.87,0,0.0,0,0.0,6.8,7.12,6.8
CIG,23/09/2026,6.93,6.93,"+0,13 (+1,91%)",19200,0.13,0,0.0,0,0.0,6.81,6.98,6.81
CIG,22/09/2026,6.8,6.8,"0 (0,00%)",34900,0.24,0,0.0,0,0.0,6.5,7.12,6.5
CIG,21/09/2026,6.8,6.8,"-0,41 (-5,69%)",40700,0.29,0,0.0,0,0.0,7.21,7.21,6.8
CIG,18/09/2026,7.21,7.21,"-0,26 (-3,48%)",107800,0.79,0,0.0,0,0.0,7.22,7.67,7.21
CIG,17/09/2026,7.47,7.47,"-0,33 (-4,23%)",61800,0.46,0,0.0,0,0.0,7.75,7.75,7.3
CIG,16/09/2026,7.8,7.8,"+0,21 (+2,77%)",196800,1.52,0,0.0,0,0.0,7.59,7.9,7.59
CIG,15/09/2026,7.59,7.59,"+0,42 (+5,86%)",189800,1.4,0,0.0,0,0.0,7.0,7.59,7.0
CIG,14/09/2026,7.17,7.17,"-0,09 (-1,24%)",18600,0.13,0,0.0,0,0.0,7.26,7.5,7.05
CIG,11/09/2026,7.26,7.26,"+0,25 (+3,57%)",13600,0.1,0,0.0,0,0.0,6.9,7.48,6.9
CIG,10/09/2026,7.01,7.01,"-0,35 (-4,76%)",35600,0.25,0,0.0,0,0.0,7.36,7.36,7.0
CIG,09/09/2026,7.36,7.36,"+0,23 (+3,23%)",65400,0.48,0,0.0,0,0.0,7.5,7.5,7.01
CII,06/10/2026,12.35,12.35,"+0,60 (+5,11%)",11908900,141.3,0,0.0,0,0.0,11.8,12.35,11.35
CII,05/10/2026,11.75,11.75,"0 (0,00%)",4871500,57.49,0,0.0,0,0.0,11.7,12.0,11.7
CII,02/10/2026,11.75,11.75,"-0,50 (-4,08%)",8524700,102.26,0,0.0,0,0.0,12.25,12.35,11.75
CII,01/10/2026,12.25,12.25,"+0,10 (+0,82%)",6227700,76.25,50000,0.65,50000,0.65,12.45,12.45,12.15
CII,30/09/2026,12.15,12.15,"-0,25 (-2,02%)",5137500,63.52,5300000,70.22,5300000,70.22,12.4,12.6,12.15
CII,29/09/2026,12.4,12.4,"+0,15 (+1,22%)",6221600,77.21,0,0.0,0,0.0,12.15,12.7,12.15
CII,28/09/2026,12.25,12.25,"-0,35 (-2,78%)",9463000,115.52,0,0.0,0,0.0,12.6,12.7,11.95
CII,25/09/2026,12.6,12.6,"-0,05 (-0,40%)",4738000,60.17,0,0.0,0,0.0,12.65,12.85,12.6
CII,24/09/2026,12.65,12.65,"-0,25 (-1,94%)",5856200,74.45,0,0.0,0,0.0,12.9,12.9,12.6
CII,23/09/2026,12.9,12.9,"0 (0,00%)",3697000,47.82,0,0.0,0,0.0,12.9,13.1,12.85
CII,22/09/2026,12.9,12.9,"+0,05 (+0,39%)",3809400,49.35,0,0.0,0,0.0,12.95,13.1,12.85
CII,21/09/2026,12.85,12.85,"-0,05 (-0,39%)",6148900,80.17,0,0.0,0,0.0,13.1,13.3,12.85
CII,18/09/2026,12.9,12.9,"+0,05 (+0,39%)",5017700,65.28,50000,0.6,50000,0.6,13.0,13.1,12.9
CII,17/09/2026,12.85,12.85,"+0,15 (+1,18%)",8061900,104.15,120000,1.44,120000,1.44,12.6,13.15,12.55
CII,16/09/2026,12.7,12.7,"-0,25 (-1,93%)",8909100,113.37,0,0.0,0,0.0,12.95,13.0,12.55
CII,15/09/2026,12.95,12.95,"0 (0,00%)",6652800,86.39,100000,1.2,100000,1.2,13.0,13.15,12.85
CII,14/09/2026,12.95,12.95,"-0,30 (-2,26%)",11136800,144.77,0,0.0,0,0.0,13.35,13.45,12.75
CII,11/09/2026,13.25,13.25,"-0,80 (-5,69%)",15173200,205.54,0,0.0,0,0.0,14.05,14.05,13.25
CII,10/09/2026,14.05,14.05,"-0,30 (-2,09%)",7914800,111.92,0,0.0,0,0.0,14.35,14.4,14.05
CII,09/09/2026,14.35,14.35,"-0,05 (-0,35%)",7616900,110.16,0,0.0,0,0.0,14.4,14.7,14.3
CKG,06/10/2026,5.38,5.38,"-0,07 (-1,28%)",8100,0.04,550000,3.12,550000,3.12,5.45,5.45,5.35
CKG,05/10/2026,5.45,5.45,"-0,15 (-2,68%)",6400,0.04,300000,1.74,300000,1.74,5.5,5.5,5.45
CKG,02/10/2026,5.6,5.6,"0 (0,00%)",24500,0.14,1182000,6.86,1182000,6.86,5.62,5.62,5.6
CKG,01/10/2026,5.6,5.6,"0 (0,00%)",3300,0.02,0,0.0,0,0.0,5.59,5.6,5.58
CKG,30/09/2026,5.6,5.6,"+0,05 (+0,90%)",10800,0.06,0,0.0,0,0.0,5.55,5.6,5.55
CKG,29/09/2026,5.55,5.55,"0 (0,00%)",14600,0.08,69400,0.36,69400,0.36,5.55,5.55,5.35
CKG,28/09/2026,5.55,5.55,"-0,23 (-3,98%)",11200,0.06,100000,0.58,100000,0.58,5.8,5.8,5.4
CKG,25/09/2026,5.78,5.78,"+0,09 (+1,58%)",5500,0.03,0,0.0,0,0.0,5.61,5.8,5.61
CKG,24/09/2026,5.69,5.69,"+0,03 (+0,53%)",1400,0.01,0,0.0,0,0.0,5.66,5.69,5.66
CKG,23/09/2026,5.66,5.66,"+0,01 (+0,18%)",18300,0.1,102000,0.56,102000,0.56,5.65,5.8,5.65
CKG,22/09/2026,5.65,5.65,"-0,13 (-2,25%)",14200,0.08,0,0.0,0,0.0,5.61,5.75,5.61
CKG,21/09/2026,5.78,5.78,"0 (0,00%)",25100,0.15,40260,0.22,40260,0.22,5.8,5.8,5.77
CKG,18/09/2026,5.78,5.78,"-0,02 (-0,34%)",19100,0.11,0,0.0,0,0.0,5.8,5.8,5.7
CKG,17/09/2026,5.8,5.8,"+0,05 (+0,87%)",32900,0.19,0,0.0,0,0.0,5.78,5.8,5.78
CKG,16/09/2026,5.75,5.75,"-0,10 (-1,71%)",16500,0.1,0,0.0,0,0.0,5.7,5.83,5.7
CKG,15/09/2026,5.85,5.85,"+0,25 (+4,46%)",7500,0.04,0,0.0,0,0.0,5.57,5.85,5.56
CKG,14/09/2026,5.6,5.6,"0 (0,00%)",32900,0.18,66000,0.37,66000,0.37,5.6,5.76,5.5
CKG,11/09/2026,5.6,5.6,"-0,13 (-2,27%)",34600,0.19,0,0.0,0,0.0,5.61,5.69,5.6
CKG,10/09/2026,5.73,5.73,"-0,02 (-0,35%)",46300,0.26,0,0.0,0,0.0,5.84,5.84,5.65
CKG,09/09/2026,5.75,5.75,"+0,03 (+0,52%)",21400,0.12,0,0.0,0,0.0,5.73,5.82,5.73
CLC,06/10/2026,53.0,53.0,"0 (0,00%)",300,0.02,0,0.0,0,0.0,53.0,53.0,53.0
CLC,05/10/2026,53.0,53.0,"0 (0,00%)",0,0.0,0,0.0,0,0.0,53.0,53.0,53.0
CLC,02/10/2026,53.0,53.0,"-1,00 (-1,85%)",100,0.01,0,0.0,0,0.0,53.0,53.0,53.0
CLC,01/10/2026,54.0,54.0,"0 (0,00%)",1700,0.09,0,0.0,0,0.0,53.9,54.1,53.9
CLC,30/09/2026,54.0,54.0,"-0,10 (-0,18%)",700,0.04,0,0.0,0,0.0,54.0,54.0,54.0
CLC,29/09/2026,54.1,54.1,"0 (0,00%)",500,0.03,0,0.0,0,0.0,54.1,54.1,54.1
CLC,28/09/2026,54.1,54.1,"+0,10 (+0,19%)",200,0.01,0,0.0,0,0.0,54.1,54.1,54.1
CLC,25/09/2026,54.0,54.0,"0 (0,00%)",0,0.0,0,0.0,0,0.0,54.0,54.0,54.0
CLC,24/09/2026,54.0,54.0,"0 (0,00%)",0,0.0,0,0.0,0,0.0,54.0,54.0,54.0
CLC,23/09/2026,54.0,54.0,"0 (0,00%)",0,0.0,0,0.0,0,0.0,54.0,54.0,54.0
CLC,22/09/2026,54.0,54.0,"0 (0,00%)",0,0.0,0,0.0,0,0.0,54.0,54.0,54.0
CLC,21/09/2026,54.0,54.0,"0 (0,00%)",400,0.02,0,0.0,0,0.0,54.1,54.1,54.0
CLC,18/09/2026,54.0,54.0,"0 (0,00%)",500,0.03,0,0.0,0,0.0,54.0,54.0,54.0
CLC,17/09/2026,54.0,54.0,"0 (0,00%)",100,0.01,0,0.0,0,0.0,54.0,54.0,54.0
CLC,16/09/2026,54.0,54.0,"0 (0,00%)",300,0.02,0,0.0,0,0.0,54.0,54.0,54.0
CLC,15/09/2026,54.0,54.0,"0 (0,00%)",300,0.02,0,0.0,0,0.0,54.0,54.0,54.0
CLC,14/09/2026,54.0,54.0,"0 (0,00%)",600,0.03,0,0.0,0,0.0,54.0,54.0,54.0
CLC,11/09/2026,54.0,54.0,"0 (0,00%)",1700,0.09,0,0.0,0,0.0,54.7,54.7,53.0
CLC,10/09/2026,54.0,54.0,"-2,00 (-3,57%)",500,0.03,0,0.0,0,0.0,54.0,54.0,54.0
CLC,09/09/2026,56.0,56.0,"0 (0,00%)",0,0.0,0,0.0,0,0.0,56.0,56.0,56.0
CLL,06/10/2026,26.9,26.9,"-0,10 (-0,37%)",300,0.01,0,0.0,0,0.0,27.05,27.05,26.9
CLL,05/10/2026,27.0,27.0,"+0,10 (+0,37%)",1000,0.03,0,0.0,0,0.0,26.9,27.0,26.85
CLL,02/10/2026,26.9,26.9,"-0,05 (-0,19%)",4000,0.11,0,0.0,0,0.0,26.95,27.1,26.9
CLL,01/10/2026,26.95,26.95,"0 (0,00%)",5900,0.16,0,0.0,0,0.0,26.95,26.95,26.9
CLL,30/09/2026,26.95,26.95,"+0,10 (+0,37%)",700,0.02,0,0.0,0,0.0,26.85,26.95,26.85
CLL,29/09/2026,26.85,26.85,"+0,05 (+0,19%)",1000,0.03,0,0.0,0,0.0,26.8,26.85,26.8
CLL,28/09/2026,26.8,26.8,"-0,05 (-0,19%)",3100,0.08,0,0.0,0,0.0,26.85,26.85,26.55
CLL,25/09/2026,26.85,26.85,"-0,05 (-0,19%)",1500,0.04,0,0.0,0,0.0,26.9,26.9,26.85
CLL,24/09/2026,26.9,26.9,"0 (0,00%)",2000,0.05,0,0.0,0,0.0,26.95,27.0,26.9
CLL,23/09/2026,26.9,26.9,"0 (0,00%)",6100,0.16,0,0.0,0,0.0,26.95,27.0,26.9
CLL,22/09/2026,26.9,26.9,"-0,05 (-0,19%)",2400,0.06,0,0.0,0,0.0,26.95,27.0,26.9
CLL,21/09/2026,26.95,26.95,"-0,30 (-1,10%)",5900,0.16,0,0.0,0,0.0,27.0,27.0,26.95
CLL,18/09/2026,27.25,27.25,"+0,25 (+0,93%)",1200,0.03,0,0.0,0,0.0,27.0,27.25,27.0
CLL,17/09/2026,27.0,27.0,"-0,05 (-0,18%)",4600,0.12,0,0.0,0,0.0,27.0,27.2,27.0
CLL,16/09/2026,27.05,27.05,"0 (0,00%)",11800,0.32,0,0.0,0,0.0,27.05,27.15,27.0
CLL,15/09/2026,27.05,27.05,"+0,05 (+0,19%)",900,0.02,0,0.0,0,0.0,27.0,27.05,27.0
CLL,14/09/2026,27.0,27.0,"-0,20 (-0,74%)",4100,0.11,0,0.0,0,0.0,27.25,27.25,27.0
CLL,11/09/2026,27.2,27.2,"-0,25 (-0,91%)",1800,0.05,0,0.0,0,0.0,27.15,27.2,27.15
CLL,10/09/2026,27.45,27.45,"0 (0,00%)",1600,0.04,0,0.0,0,0.0,27.45,27.45,27.0
CLL,09/09/2026,27.45,27.45,"-0,05 (-0,18%)",600,0.02,0,0.0,0,0.0,27.4,27.45,27.4
CLW,06/10/2026,47.6,47.6,"0 (0,00%)",0,0.0,0,0.0,0,0.0,47.6,47.6,47.6
CLW,05/10/2026,47.6,47.6,"0 (0,00%)",0,0.0,0,0.0,0,0.0,47.6,47.6,47.6
CLW,02/10/2026,47.6,47.6,"0 (0,00%)",0,0.0,0,0.0,0,0.0,47.6,47.6,47.6
CLW,01/10/2026,47.6,47.6,"0 (0,00%)",0,0.0,0,0.0,0,0.0,47.6,47.6,47.6
CLW,30/09/2026,47.6,47.6,"+3,10 (+6,97%)",100,0.0,0,0.0,0,0.0,47.6,47.6,47.6
CLW,29/09/2026,44.5,44.5,"0 (0,00%)",0,0.0,131780,5.46,131780,5.46,44.5,44.5,44.5
CLW,28/09/2026,44.5,44.5,"+2,90 (+6,97%)",300,0.01,0,0.0,0,0.0,44.5,44.5,44.5
CLW,25/09/2026,41.6,41.6,"-3,10 (-6,94%)",100,0.0,0,0.0,0,0.0,41.6,41.6,41.6
CLW,24/09/2026,44.7,44.7,"0 (0,00%)",0,0.0,0,0.0,0,0.0,44.7,44.7,44.7
CLW,23/09/2026,44.7,44.7,"+2,90 (+6,94%)",3000,0.13,193000,7.51,193000,7.51,44.7,44.7,44.7
CLW,22/09/2026,41.8,41.8,"0 (0,00%)",0,0.0,0,0.0,0,0.0,41.8,41.8,41.8
CLW,21/09/2026,41.8,41.8,"0 (0,00%)",0,0.0,195220,7.59,195220,7.59,41.8,41.8,41.8
CLW,18/09/2026,41.8,41.8,"-3,00 (-6,70%)",100,0.0,0,0.0,0,0.0,41.8,41.8,41.8
CLW,17/09/2026,44.8,44.8,"0 (0,00%)",0,0.0,0,0.0,0,0.0,44.8,44.8,44.8
CLW,16/09/2026,44.8,44.8,"0 (0,00%)",0,0.0,0,0.0,0,0.0,44.8,44.8,44.8
CLW,15/09/2026,44.8,44.8,"0 (0,00%)",0,0.0,0,0.0,0,0.0,44.8,44.8,44.8
CLW,14/09/2026,44.8,44.8,"0 (0,00%)",0,0.0,0,0.0,0,0.0,44.8,44.8,44.8
CLW,11/09/2026,44.8,44.8,"0 (0,00%)",0,0.0,0,0.0,0,0.0,44.8,44.8,44.8
CLW,10/09/2026,44.8,44.8,"0 (0,00%)",0,0.0,0,0.0,0,0.0,44.8,44.8,44.8
CLW,09/09/2026,44.8,44.8,"-3,28 (-6,82%)",100,0.0,0,0.0,0,0.0,44.8,44.8,44.8
CMG,06/10/2026,20.4,20.4,"-0,60 (-2,86%)",306900,6.3,0,0.0,0,0.0,21.0,21.5,20.1
CMG,05/10/2026,21.0,21.0,"-0,10 (-0,47%)",145500,3.06,0,0.0,0,0.0,21.0,21.35,21.0
CMG,02/10/2026,21.1,21.1,"-0,10 (-0,47%)",93000,1.97,0,0.0,0,0.0,21.05,21.45,21.05
CMG,01/10/2026,21.2,21.2,"0 (0,00%)",98500,2.09,0,0.0,0,0.0,21.2,21.5,21.2
CMG,30/09/2026,21.2,21.2,"-0,80 (-3,64%)",247900,5.37,0,0.0,0,0.0,22.0,22.95,21.2
CMG,29/09/2026,22.0,22.0,"0 (0,00%)",205300,4.47,0,0.0,0,0.0,21.8,22.0,21.6
CMG,28/09/2026,22.0,22.0,"-0,45 (-2,00%)",216400,4.78,0,0.0,0,0.0,22.35,22.95,21.95
CMG,25/09/2026,22.45,22.45,"-0,20 (-0,88%)",169800,3.83,0,0.0,0,0.0,22.65,22.95,22.45
CMG,24/09/2026,22.65,22.65,"-0,15 (-0,66%)",97600,2.24,0,0.0,0,0.0,22.8,23.2,22.65
CMG,23/09/2026,22.8,22.8,"-0,30 (-1,30%)",95600,2.19,0,0.0,0,0.0,23.0,23.45,22.8
CMG,22/09/2026,23.1,23.1,"+0,40 (+1,76%)",136400,3.19,0,0.0,0,0.0,23.7,23.7,23.0
CMG,21/09/2026,22.7,22.7,"-0,40 (-1,73%)",142100,3.24,0,0.0,0,0.0,23.0,23.15,22.5
CMG,18/09/2026,23.1,23.1,"+0,10 (+0,43%)",90500,2.1,0,0.0,0,0.0,23.15,23.55,23.0
CMG,17/09/2026,23.0,23.0,"+0,20 (+0,88%)",75200,1.73,0,0.0,0,0.0,22.85,23.2,22.85
CMG,16/09/2026,22.8,22.8,"0 (0,00%)",72000,1.65,0,0.0,0,0.0,22.8,23.1,22.8
CMG,15/09/2026,22.8,22.8,"+0,30 (+1,33%)",124400,2.86,0,0.0,0,0.0,22.55,23.65,22.55
CMG,14/09/2026,22.5,22.5,"-0,85 (-3,64%)",152000,3.51,0,0.0,0,0.0,23.35,23.4,22.5
CMG,11/09/2026,23.35,23.35,"-0,40 (-1,68%)",88600,2.07,0,0.0,0,0.0,23.7,23.7,23.15
CMG,10/09/2026,23.75,23.75,"+0,65 (+2,81%)",208200,4.88,0,0.0,0,0.0,23.1,23.9,23.0
CMG,09/09/2026,23.1,23.1,"-0,20 (-0,86%)",134400,3.12,0,0.0,0,0.0,23.3,23.4,23.1
CMV,06/10/2026,7.55,7.55,"0 (0,00%)",700,0.01,0,0.0,0,0.0,7.55,7.55,7.55
CMV,05/10/2026,7.55,7.55,"0 (0,00%)",0,0.0,0,0.0,0,0.0,7.55,7.55,7.55
CMV,02/10/2026,7.55,7.55,"0 (0,00%)",0,0.0,0,0.0,0,0.0,7.55,7.55,7.55
CMV,01/10/2026,7.55,7.55,"0 (0,00%)",0,0.0,0,0.0,0,0.0,7.55,7.55,7.55
CMV,30/09/2026,7.55,7.55,"+0,02 (+0,27%)",600,0.0,0,0.0,0,0.0,7.55,7.55,7.55
CMV,29/09/2026,7.53,7.53,"+0,27 (+3,72%)",100,0.0,0,0.0,0,0.0,7.53,7.53,7.53
CMV,28/09/2026,7.26,7.26,"0 (0,00%)",0,0.0,0,0.0,0,0.0,7.26,7.26,7.26
CMV,25/09/2026,7.26,7.26,"-0,52 (-6,68%)",400,0.0,0,0.0,0,0.0,7.26,7.26,7.24
CMV,24/09/2026,7.78,7.78,"-0,58 (-6,94%)",2800,0.02,0,0.0,0,0.0,7.78,7.78,7.78
CMV,23/09/2026,8.36,8.36,"0 (0,00%)",0,0.0,0,0.0,0,0.0,8.36,8.36,8.36
CMV,22/09/2026,8.36,8.36,"0 (0,00%)",0,0.0,0,0.0,0,0.0,8.36,8.36,8.36
CMV,21/09/2026,8.36,8.36,"0 (0,00%)",0,0.0,0,0.0,0,0.0,8.36,8.36,8.36
CMV,18/09/2026,8.36,8.36,"-0,62 (-6,90%)",5700,0.05,0,0.0,0,0.0,8.97,8.98,8.36
CMV,17/09/2026,8.98,8.98,"0 (0,00%)",0,0.0,0,0.0,0,0.0,8.98,8.98,8.98
CMV,16/09/2026,8.98,8.98,"0 (0,00%)",0,0.0,0,0.0,0,0.0,8.98,8.98,8.98
CMV,15/09/2026,8.98,8.98,"0 (0,00%)",0,0.0,0,0.0,0,0.0,8.98,8.98,8.98
CMV,14/09/2026,8.98,8.98,"0 (0,00%)",0,0.0,0,0.0,0,0.0,8.98,8.98,8.98
CMV,11/09/2026,8.98,8.98,"0 (0,00%)",0,0.0,0,0.0,0,0.0,8.98,8.98,8.98
CMV,10/09/2026,8.98,8.98,"0 (0,00%)",0,0.0,0,0.0,0,0.0,8.98,8.98,8.98
CMV,09/09/2026,8.98,8.98,"-0,66 (-6,85%)",200,0.0,0,0.0,0,0.0,8.98,8.98,8.98
CMX,06/10/2026,4.48,4.48,"-0,02 (-0,44%)",27700,0.12,0,0.0,0,0.0,4.5,4.58,4.44
CMX,05/10/2026,4.5,4.5,"-0,08 (-1,75%)",37900,0.17,0,0.0,0,0.0,4.36,4.6,4.36
CMX,02/10/2026,4.58,4.58,"+0,04 (+0,88%)",49700,0.23,0,0.0,0,0.0,4.59,4.78,4.54
CMX,01/10/2026,4.54,4.54,"-0,08 (-1,73%)",16000,0.07,0,0.0,0,0.0,4.5,4.55,4.5
CMX,30/09/2026,4.62,4.62,"0 (0,00%)",10500,0.05,0,0.0,0,0.0,4.62,4.62,4.51
CMX,29/09/2026,4.62,4.62,"+0,01 (+0,22%)",7200,0.03,0,0.0,0,0.0,4.6,4.64,4.59
CMX,28/09/2026,4.61,4.61,"-0,01 (-0,22%)",11800,0.05,0,0.0,0,0.0,4.63,4.65,4.6
CMX,25/09/2026,4.62,4.62,"-0,01 (-0,22%)",14100,0.07,0,0.0,0,0.0,4.63,4.63,4.61
CMX,24/09/2026,4.63,4.63,"-0,01 (-0,22%)",10500,0.05,0,0.0,0,0.0,4.7,4.7,4.63
CMX,23/09/2026,4.64,4.64,"+0,01 (+0,22%)",41800,0.2,0,0.0,0,0.0,4.65,4.73,4.62
CMX,22/09/2026,4.63,4.63,"-0,07 (-1,49%)",43600,0.2,0,0.0,0,0.0,4.58,4.71,4.58
CMX,21/09/2026,4.7,4.7,"+0,01 (+0,21%)",15800,0.07,0,0.0,0,0.0,4.66,4.7,4.65
CMX,18/09/2026,4.69,4.69,"+0,01 (+0,21%)",18100,0.09,0,0.0,0,0.0,4.71,4.8,4.69
CMX,17/09/2026,4.68,4.68,"-0,02 (-0,43%)",17100,0.08,0,0.0,0,0.0,4.68,4.7,4.65
CMX,16/09/2026,4.7,4.7,"+0,08 (+1,73%)",25500,0.12,0,0.0,0,0.0,4.62,4.7,4.62
CMX,15/09/2026,4.62,4.62,"+0,06 (+1,32%)",67000,0.31,0,0.0,0,0.0,4.56,4.63,4.56
CMX,14/09/2026,4.56,4.56,"0 (0,00%)",61300,0.28,0,0.0,0,0.0,4.51,4.62,4.51
CMX,11/09/2026,4.56,4.56,"-0,01 (-0,22%)",29100,0.13,0,0.0,0,0.0,4.58,4.65,4.56
CMX,10/09/2026,4.57,4.57,"-0,04 (-0,87%)",38600,0.18,0,0.0,0,0.0,4.65,4.65,4.57
CMX,09/09/2026,4.61,4.61,"-0,03 (-0,65%)",63700,0.29,0,0.0,0,0.0,4.65,4.7,4.59
CNG,06/10/2026,21.25,21.25,"-0,05 (-0,23%)",9800,0.2,0,0.0,0,0.0,20.6,21.25,20.55
CNG,05/10/2026,21.3,21.3,"+0,30 (+1,43%)",2200,0.05,0,0.0,0,0.0,20.4,21.3,20.4
CNG,02/10/2026,21.0,21.0,"-0,40 (-1,87%)",3600,0.08,0,0.0,0,0.0,21.1,21.1,20.6
CNG,01/10/2026,21.4,21.4,"0 (0,00%)",200,0.0,0,0.0,0,0.0,20.85,21.4,20.85
CNG,30/09/2026,21.4,21.4,"+0,45 (+2,15%)",3300,0.07,0,0.0,0,0.0,21.4,21.4,20.95
CNG,29/09/2026,20.95,20.95,"-0,70 (-3,23%)",2100,0.04,0,0.0,0,0.0,21.65,21.65,20.8
CNG,28/09/2026,21.65,21.65,"0 (0,00%)",0,0.0,0,0.0,0,0.0,21.65,21.65,21.65
CNG,25/09/2026,21.65,21.65,"-0,05 (-0,23%)",2200,0.05,0,0.0,0,0.0,21.7,21.7,20.8
CNG,24/09/2026,21.7,21.7,"-0,15 (-0,69%)",9500,0.2,0,0.0,0,0.0,21.05,21.8,20.35
CNG,23/09/2026,21.85,21.85,"-0,05 (-0,23%)",2700,0.06,0,0.0,0,0.0,21.85,21.85,21.4
CNG,22/09/2026,21.9,21.9,"-0,20 (-0,90%)",2800,0.06,0,0.0,0,0.0,22.5,22.5,21.9
CNG,21/09/2026,22.1,22.1,"-0,10 (-0,45%)",1100,0.02,0,0.0,0,0.0,22.2,22.2,21.3
CNG,18/09/2026,22.2,22.2,"+0,10 (+0,45%)",2200,0.05,0,0.0,0,0.0,21.4,22.3,20.75
CNG,17/09/2026,22.1,22.1,"-0,20 (-0,90%)",700,0.02,0,0.0,0,0.0,22.0,22.25,22.0
CNG,16/09/2026,22.3,22.3,"-0,05 (-0,22%)",1100,0.02,0,0.0,0,0.0,22.0,22.3,22.0
CNG,15/09/2026,22.35,22.35,"+0,35 (+1,59%)",1700,0.04,0,0.0,0,0.0,21.2,22.35,21.2
CNG,14/09/2026,22.0,22.0,"0 (0,00%)",4800,0.1,0,0.0,0,0.0,22.2,22.2,21.5
CNG,11/09/2026,22.0,22.0,"-0,30 (-1,35%)",2400,0.05,0,0.0,0,0.0,22.3,22.3,22.0
CNG,10/09/2026,22.3,22.3,"+0,30 (+1,36%)",1600,0.04,0,0.0,0,0.0,21.9,22.4,21.55
CNG,09/09/2026,22.0,22.0,"0 (0,00%)",1400,0.03,0,0.0,0,0.0,22.3,22.35,22.0
COM,06/10/2026,24.9,24.9,"0 (0,00%)",0,0.0,0,0.0,0,0.0,24.9,24.9,24.9
COM,05/10/2026,24.9,24.9,"0 (0,00%)",0,0.0,0,0.0,0,0.0,24.9,24.9,24.9
COM,02/10/2026,24.9,24.9,"0 (0,00%)",0,0.0,0,0.0,0,0.0,24.9,24.9,24.9
COM,01/10/2026,24.9,24.9,"0 (0,00%)",0,0.0,0,0.0,0,0.0,24.9,24.9,24.9
COM,30/09/2026,24.9,24.9,"0 (0,00%)",0,0.0,0,0.0,0,0.0,24.9,24.9,24.9
COM,29/09/2026,24.9,24.9,"-1,85 (-6,92%)",500,0.01,0,0.0,0,0.0,28.6,28.6,24.9
COM,28/09/2026,26.75,26.75,"0 (0,00%)",0,0.0,0,0.0,0,0.0,26.75,26.75,26.75
COM,25/09/2026,26.75,26.75,"0 (0,00%)",0,0.0,0,0.0,0,0.0,26.75,26.75,26.75
COM,24/09/2026,26.75,26.75,"-1,80 (-6,30%)",100,0.0,0,0.0,0,0.0,26.75,26.75,26.75
COM,23/09/2026,28.55,28.55,"+0,05 (+0,18%)",200,0.01,0,0.0,0,0.0,27.1,28.55,27.1
COM,22/09/2026,28.5,28.5,"+1,85 (+6,94%)",300,0.01,0,0.0,0,0.0,25.0,28.5,25.0
COM,21/09/2026,26.65,26.65,"+1,70 (+6,81%)",400,0.01,0,0.0,0,0.0,26.65,26.65,26.65
COM,18/09/2026,24.95,24.95,"0 (0,00%)",0,0.0,0,0.0,0,0.0,24.95,24.95,24.95
COM,17/09/2026,24.95,24.95,"0 (0,00%)",0,0.0,0,0.0,0,0.0,24.95,24.95,24.95
COM,16/09/2026,24.95,24.95,"0 (0,00%)",0,0.0,0,0.0,0,0.0,24.95,24.95,24.95
COM,15/09/2026,24.95,24.95,"0 (0,00%)",0,0.0,0,0.0,0,0.0,24.95,24.95,24.95
COM,14/09/2026,24.95,24.95,"0 (0,00%)",0,0.0,0,0.0,0,0.0,24.95,24.95,24.95
COM,11/09/2026,24.95,24.95,"0 (0,00%)",0,0.0,0,0.0,0,0.0,24.95,24.95,24.95
COM,10/09/2026,24.95,24.95,"0 (0,00%)",0,0.0,0,0.0,0,0.0,24.95,24.95,24.95
COM,09/09/2026,24.95,24.95,"-1,85 (-6,90%)",500,0.01,0,0.0,0,0.0,28.65,28.65,24.95
CRC,06/10/2026,5.0,5.0,"0 (0,00%)",497800,2.45,0,0.0,0,0.0,4.91,5.0,4.84
CRC,05/10/2026,5.0,5.0,"0 (0,00%)",142300,0.71,0,0.0,0,0.0,5.01,5.06,4.93
CRC,02/10/2026,5.0,5.0,"-0,10 (-1,96%)",379500,1.91,0,0.0,0,0.0,5.03,5.09,5.0
CRC,01/10/2026,5.1,5.1,"0 (0,00%)",159800,0.81,0,0.0,0,0.0,5.08,5.12,5.01
CRC,30/09/2026,5.1,5.1,"-0,01 (-0,20%)",91700,0.47,0,0.0,0,0.0,5.1,5.1,5.03
CRC,29/09/2026,5.11,5.11,"0 (0,00%)",433500,2.2,0,0.0,0,0.0,5.05,5.11,5.03
CRC,28/09/2026,5.11,5.11,"-0,03 (-0,58%)",259000,1.32,0,0.0,0,0.0,5.13,5.13,5.0
CRC,25/09/2026,5.14,5.14,"0 (0,00%)",540900,2.77,0,0.0,0,0.0,5.08,5.15,5.05
CRC,24/09/2026,5.14,5.14,"-0,02 (-0,39%)",317500,1.63,0,0.0,0,0.0,5.08,5.15,5.06
CRC,23/09/2026,5.16,5.16,"0 (0,00%)",307300,1.59,0,0.0,0,0.0,5.15,5.18,5.1
CRC,22/09/2026,5.16,5.16,"+0,01 (+0,19%)",40500,0.21,0,0.0,0,0.0,5.06,5.19,5.06
CRC,21/09/2026,5.15,5.15,"-0,01 (-0,19%)",235300,1.2,0,0.0,0,0.0,5.15,5.16,5.05
CRC,18/09/2026,5.16,5.16,"0 (0,00%)",182500,0.94,0,0.0,0,0.0,5.16,5.19,5.09
CRC,17/09/2026,5.16,5.16,"-0,01 (-0,19%)",805400,4.15,0,0.0,0,0.0,5.18,5.18,5.07
CRC,16/09/2026,5.17,5.17,"+0,01 (+0,19%)",84800,0.44,0,0.0,0,0.0,5.2,5.2,5.12
CRC,15/09/2026,5.16,5.16,"-0,01 (-0,19%)",131800,0.68,0,0.0,0,0.0,5.17,5.17,5.1
CRC,14/09/2026,5.17,5.17,"-0,01 (-0,19%)",97900,0.5,0,0.0,0,0.0,5.17,5.17,5.05
CRC,11/09/2026,5.18,5.18,"-0,04 (-0,77%)",135500,0.7,0,0.0,0,0.0,5.22,5.22,5.07
CRC,10/09/2026,5.22,5.22,"-0,01 (-0,19%)",32900,0.17,0,0.0,0,0.0,5.23,5.23,5.15
CRC,09/09/2026,5.23,5.23,"-0,01 (-0,19%)",76600,0.4,0,0.0,0,0.0,5.26,5.26,5.18
CRE,06/10/2026,6.0,6.0,"-0,20 (-3,23%)",75300,0.45,0,0.0,0,0.0,6.19,6.19,5.9
CRE,05/10/2026,6.2,6.2,"0 (0,00%)",254100,1.56,0,0.0,0,0.0,6.2,6.2,6.05
CRE,02/10/2026,6.2,6.2,"-0,14 (-2,21%)",168300,1.05,0,0.0,0,0.0,6.34,6.34,6.15
CRE,01/10/2026,6.34,6.34,"+0,04 (+0,63%)",137300,0.86,0,0.0,0,0.0,6.3,6.35,6.23
CRE,30/09/2026,6.3,6.3,"-0,02 (-0,32%)",124300,0.78,0,0.0,0,0.0,6.32,6.32,6.23
CRE,29/09/2026,6.32,6.32,"-0,02 (-0,32%)",126800,0.8,0,0.0,0,0.0,6.4,6.4,6.25
CRE,28/09/2026,6.34,6.34,"-0,14 (-2,16%)",97700,0.62,0,0.0,0,0.0,6.48,6.48,6.3
CRE,25/09/2026,6.48,6.48,"0 (0,00%)",110500,0.71,0,0.0,0,0.0,6.48,6.48,6.4
CRE,24/09/2026,6.48,6.48,"-0,01 (-0,15%)",88700,0.57,0,0.0,0,0.0,6.49,6.49,6.32
CRE,23/09/2026,6.49,6.49,"-0,01 (-0,15%)",165200,1.06,0,0.0,0,0.0,6.45,6.5,6.37
CRE,22/09/2026,6.5,6.5,"0 (0,00%)",218700,1.4,0,0.0,0,0.0,6.6,6.6,6.36
CRE,21/09/2026,6.5,6.5,"+0,09 (+1,40%)",129400,0.83,0,0.0,0,0.0,6.3,6.5,6.3
CRE,18/09/2026,6.41,6.41,"+0,01 (+0,16%)",111900,0.72,0,0.0,0,0.0,6.4,6.46,6.31
CRE,17/09/2026,6.4,6.4,"+0,11 (+1,75%)",228600,1.46,0,0.0,0,0.0,6.25,6.55,6.25
CRE,16/09/2026,6.29,6.29,"+0,01 (+0,16%)",146700,0.92,0,0.0,0,0.0,6.28,6.3,6.2
CRE,15/09/2026,6.28,6.28,"+0,08 (+1,29%)",172700,1.06,0,0.0,0,0.0,6.2,6.3,6.09
CRE,14/09/2026,6.2,6.2,"+0,10 (+1,64%)",144300,0.89,0,0.0,0,0.0,6.1,6.2,6.05
CRE,11/09/2026,6.1,6.1,"-0,25 (-3,94%)",182800,1.14,0,0.0,0,0.0,6.35,6.4,6.1
CRE,10/09/2026,6.35,6.35,"0 (0,00%)",197400,1.27,2575000,15.22,2575000,15.22,6.35,6.6,6.3
CRE,09/09/2026,6.35,6.35,"-0,22 (-3,35%)",274900,1.74,3095000,18.94,3095000,18.94,6.4,6.45,6.3
CRV,06/10/2026,22.7,22.7,"0 (0,00%)",0,0.0,0,0.0,0,0.0,22.7,22.7,22.7
CRV,05/10/2026,22.7,22.7,"0 (0,00%)",0,0.0,0,0.0,0,0.0,22.7,22.7,22.7
CRV,02/10/2026,22.7,22.7,"0 (0,00%)",0,0.0,0,0.0,0,0.0,22.7,22.7,22.7
CRV,01/10/2026,22.7,22.7,"0 (0,00%)",0,0.0,0,0.0,0,0.0,22.7,22.7,22.7
CRV,30/09/2026,22.7,22.7,"0 (0,00%)",0,0.0,0,0.0,0,0.0,22.7,22.7,22.7
CRV,29/09/2026,22.7,22.7,"+0,60 (+2,71%)",1100,0.02,0,0.0,0,0.0,21.05,22.7,21.05
CRV,28/09/2026,22.1,22.1,"0 (0,00%)",0,0.0,0,0.0,0,0.0,22.1,22.1,22.1
CRV,25/09/2026,22.1,22.1,"0 (0,00%)",400,0.01,0,0.0,0,0.0,22.05,22.1,22.05
CRV,24/09/2026,22.1,22.1,"0 (0,00%)",0,0.0,0,0.0,0,0.0,22.1,22.1,22.1
CRV,23/09/2026,22.1,22.1,"0 (0,00%)",0,0.0,0,0.0,0,0.0,22.1,22.1,22.1
CRV,22/09/2026,22.1,22.1,"0 (0,00%)",0,0.0,0,0.0,0,0.0,22.1,22.1,22.1
CRV,21/09/2026,22.1,22.1,"0 (0,00%)",0,0.0,0,0.0,0,0.0,22.1,22.1,22.1
CRV,18/09/2026,22.1,22.1,"0 (0,00%)",300,0.01,0,0.0,0,0.0,22.1,22.1,22.1
CRV,17/09/2026,22.1,22.1,"0 (0,00%)",200,0.0,0,0.0,0,0.0,22.1,22.1,22.1
CRV,16/09/2026,22.1,22.1,"0 (0,00%)",500,0.01,0,0.0,0,0.0,22.1,22.1,22.1
CRV,15/09/2026,22.1,22.1,"-1,20 (-5,15%)",6600,0.15,0,0.0,0,0.0,23.3,23.35,22.1
CRV,14/09/2026,23.3,23.3,"0 (0,00%)",0,0.0,0,0.0,0,0.0,23.3,23.3,23.3
CRV,11/09/2026,23.3,23.3,"0 (0,00%)",0,0.0,0,0.0,0,0.0,23.3,23.3,23.3
CRV,10/09/2026,23.3,23.3,"+0,55 (+2,42%)",800,0.02,0,0.0,0,0.0,22.0,23.3,22.0
CRV,09/09/2026,22.75,22.75,"-0,60 (-2,57%)",300,0.01,0,0.0,0,0.0,22.75,22.75,22.75
CSM,06/10/2026,12.85,12.85,"+0,10 (+0,78%)",61400,0.77,400000,5.28,400000,5.28,12.9,12.9,12.0
CSM,05/10/2026,12.75,12.75,"-0,10 (-0,78%)",16100,0.2,0,0.0,0,0.0,13.05,13.05,12.65
CSM,02/10/2026,12.85,12.85,"0 (0,00%)",41400,0.53,0,0.0,0,0.0,12.95,12.95,12.5
CSM,01/10/2026,12.85,12.85,"+0,15 (+1,18%)",148000,1.92,0,0.0,0,0.0,12.6,13.5,12.6
CSM,30/09/2026,12.7,12.7,"+0,25 (+2,01%)",27400,0.35,0,0.0,0,0.0,12.45,12.9,12.45
CSM,29/09/2026,12.45,12.45,"-0,60 (-4,60%)",162700,2.04,0,0.0,0,0.0,12.6,12.95,12.45
CSM,28/09/2026,13.05,13.05,"-0,05 (-0,38%)",77400,0.99,0,0.0,0,0.0,12.6,13.05,12.55
CSM,25/09/2026,13.1,13.1,"0 (0,00%)",44700,0.58,0,0.0,0,0.0,12.6,13.1,12.5
CSM,24/09/2026,13.1,13.1,"-0,15 (-1,13%)",69200,0.89,0,0.0,0,0.0,13.25,13.3,12.65
CSM,23/09/2026,13.25,13.25,"+0,10 (+0,76%)",53500,0.71,0,0.0,0,0.0,13.15,13.35,13.0
CSM,22/09/2026,13.15,13.15,"-0,05 (-0,38%)",51600,0.68,0,0.0,0,0.0,13.2,13.45,13.0
CSM,21/09/2026,13.2,13.2,"+0,75 (+6,02%)",164900,2.17,0,0.0,0,0.0,12.5,13.3,12.4
CSM,18/09/2026,12.45,12.45,"-0,05 (-0,40%)",132100,1.61,0,0.0,0,0.0,12.5,12.5,12.1
CSM,17/09/2026,12.5,12.5,"-0,05 (-0,40%)",34700,0.43,0,0.0,0,0.0,12.1,12.6,12.1
CSM,16/09/2026,12.55,12.55,"-0,10 (-0,79%)",16900,0.21,0,0.0,0,0.0,12.65,12.65,12.35
CSM,15/09/2026,12.65,12.65,"+0,15 (+1,20%)",16200,0.2,0,0.0,0,0.0,12.6,13.0,12.45
CSM,14/09/2026,12.5,12.5,"-0,25 (-1,96%)",39400,0.5,0,0.0,0,0.0,12.75,13.0,12.4
CSM,11/09/2026,12.75,12.75,"-0,30 (-2,30%)",45000,0.57,0,0.0,0,0.0,12.8,13.05,12.2
CSM,10/09/2026,13.05,13.05,"-0,10 (-0,76%)",62500,0.81,0,0.0,0,0.0,13.2,13.2,12.8
CSM,09/09/2026,13.15,13.15,"-0,05 (-0,38%)",22300,0.29,0,0.0,0,0.0,12.9,13.25,12.8
CSV,06/10/2026,19.8,19.8,"-0,20 (-1,00%)",176100,3.51,0,0.0,0,0.0,20.25,20.25,19.7
CSV,05/10/2026,20.0,20.0,"-0,05 (-0,25%)",96000,1.93,0,0.0,0,0.0,20.0,20.45,20.0
CSV,02/10/2026,20.05,20.05,"+0,10 (+0,50%)",285800,5.78,0,0.0,0,0.0,19.6,20.5,19.6
CSV,01/10/2026,19.95,19.95,"-0,05 (-0,25%)",75600,1.51,311500,6.23,311500,6.23,20.0,20.05,19.8
CSV,30/09/2026,20.0,20.0,"-0,05 (-0,25%)",116800,2.34,0,0.0,0,0.0,20.05,20.25,20.0
CSV,29/09/2026,20.05,20.05,"0 (0,00%)",130000,2.62,0,0.0,0,0.0,20.0,20.4,20.0
CSV,28/09/2026,20.05,20.05,"-0,20 (-0,99%)",192200,3.85,0,0.0,0,0.0,20.3,20.3,19.9
CSV,25/09/2026,20.25,20.25,"-0,15 (-0,74%)",93900,1.91,0,0.0,0,0.0,20.4,20.5,20.25
CSV,24/09/2026,20.4,20.4,"-0,10 (-0,49%)",185300,3.78,0,0.0,0,0.0,20.45,20.7,20.2
CSV,23/09/2026,20.5,20.5,"-0,20 (-0,97%)",129900,2.67,311500,6.45,311500,6.45,20.7,20.7,20.4
CSV,22/09/2026,20.7,20.7,"0 (0,00%)",188000,3.89,0,0.0,0,0.0,20.7,20.9,20.5
CSV,21/09/2026,20.7,20.7,"-0,20 (-0,96%)",109500,2.28,0,0.0,0,0.0,20.85,21.05,20.7
CSV,18/09/2026,20.9,20.9,"0 (0,00%)",176500,3.72,0,0.0,0,0.0,20.95,21.35,20.8
CSV,17/09/2026,20.9,20.9,"+0,15 (+0,72%)",220900,4.6,0,0.0,0,0.0,20.75,21.2,20.55
CSV,16/09/2026,20.75,20.75,"-0,05 (-0,24%)",131500,2.73,0,0.0,0,0.0,20.55,20.95,20.55
CSV,15/09/2026,20.8,20.8,"+0,55 (+2,72%)",156400,3.2,311500,6.31,311500,6.31,20.15,20.8,20.15
CSV,14/09/2026,20.25,20.25,"-0,60 (-2,88%)",304600,6.21,0,0.0,0,0.0,20.8,20.9,20.05
CSV,11/09/2026,20.85,20.85,"-0,45 (-2,11%)",287400,6.07,0,0.0,0,0.0,21.25,21.45,20.75
CSV,10/09/2026,21.3,21.3,"0 (0,00%)",194200,4.15,0,0.0,0,0.0,21.3,21.65,21.2
CSV,09/09/2026,21.3,21.3,"-0,05 (-0,23%)",203000,4.34,0,0.0,0,0.0,21.25,21.45,21.2
CTD,06/10/2026,58.8,58.8,"+0,70 (+1,20%)",232000,13.54,0,0.0,0,0.0,57.9,58.9,57.6
CTD,05/10/2026,58.1,58.1,"+0,30 (+0,52%)",179700,10.42,0,0.0,0,0.0,58.0,58.8,57.4
CTD,02/10/2026,57.8,57.8,"-1,50 (-2,53%)",387900,22.43,0,0.0,0,0.0,59.3,59.3,57.3
CTD,01/10/2026,59.3,59.3,"+0,70 (+1,19%)",218200,12.86,0,0.0,0,0.0,58.6,59.3,58.6
CTD,30/09/2026,58.6,58.6,"-1,10 (-1,84%)",329600,19.58,0,0.0,0,0.0,59.6,60.4,58.6
CTD,29/09/2026,59.7,59.7,"+0,30 (+0,51%)",319500,19.15,0,0.0,0,0.0,59.4,60.4,59.1
CTD,28/09/2026,59.4,59.4,"+1,20 (+2,06%)",533800,31.59,0,0.0,0,0.0,58.4,60.7,58.4
CTD,25/09/2026,58.2,58.2,"-0,30 (-0,51%)",179700,10.51,0,0.0,0,0.0,58.5,58.8,58.2
CTD,24/09/2026,58.5,58.5,"0 (0,00%)",189200,11.08,0,0.0,0,0.0,58.5,58.9,58.2
CTD,23/09/2026,58.5,58.5,"0 (0,00%)",141400,8.3,0,0.0,0,0.0,58.1,59.4,58.1
CTD,22/09/2026,58.5,58.5,"-0,20 (-0,34%)",251300,14.59,0,0.0,0,0.0,58.6,58.7,57.5
CTD,21/09/2026,58.7,58.7,"-0,30 (-0,51%)",143900,8.46,0,0.0,0,0.0,59.2,59.6,58.2
CTD,18/09/2026,59.0,59.0,"+0,20 (+0,34%)",171500,10.16,0,0.0,0,0.0,58.8,59.9,58.8
CTD,17/09/2026,58.8,58.8,"+1,30 (+2,26%)",157100,9.19,0,0.0,0,0.0,56.8,59.1,56.8
CTD,16/09/2026,57.5,57.5,"-0,80 (-1,37%)",175100,10.1,0,0.0,0,0.0,58.4,58.4,57.4
CTD,15/09/2026,58.3,58.3,"+0,30 (+0,52%)",198500,11.56,0,0.0,0,0.0,58.8,58.8,57.9
CTD,14/09/2026,58.0,58.0,"0 (0,00%)",131000,7.6,0,0.0,0,0.0,57.3,58.5,57.3
CTD,11/09/2026,58.0,58.0,"-1,00 (-1,69%)",298700,17.35,0,0.0,0,0.0,58.8,58.9,57.5
CTD,10/09/2026,59.0,59.0,"-1,10 (-1,83%)",396100,23.48,0,0.0,0,0.0,60.6,60.6,58.8
CTD,09/09/2026,60.1,60.1,"-1,00 (-1,64%)",228100,13.87,0,0.0,0,0.0,61.1,61.6,60.1
CTF,06/10/2026,18.3,18.3,"+0,10 (+0,55%)",273700,4.96,0,0.0,0,0.0,18.25,18.3,17.65
CTF,05/10/2026,18.2,18.2,"-0,15 (-0,82%)",237100,4.28,0,0.0,0,0.0,18.25,18.4,17.8
CTF,02/10/2026,18.35,18.35,"+0,15 (+0,82%)",272700,4.96,0,0.0,0,0.0,18.2,18.45,17.65
CTF,01/10/2026,18.2,18.2,"0 (0,00%)",179000,3.15,0,0.0,0,0.0,18.2,18.25,17.1
CTF,30/09/2026,18.2,18.2,"-0,15 (-0,82%)",173600,3.03,0,0.0,0,0.0,17.45,18.35,17.1
CTF,29/09/2026,18.35,18.35,"-0,85 (-4,43%)",267700,5.02,0,0.0,0,0.0,18.9,19.15,18.1
CTF,28/09/2026,19.2,19.2,"0 (0,00%)",236600,4.52,0,0.0,0,0.0,18.95,19.35,18.5
CTF,25/09/2026,19.2,19.2,"0 (0,00%)",267100,5.1,0,0.0,0,0.0,19.2,19.4,18.7
CTF,24/09/2026,19.2,19.2,"-0,30 (-1,54%)",245600,4.75,0,0.0,0,0.0,19.5,19.5,19.05
CTF,23/09/2026,19.5,19.5,"+0,10 (+0,52%)",265800,5.12,0,0.0,0,0.0,18.05,19.5,18.05
CTF,22/09/2026,19.4,19.4,"-1,45 (-6,95%)",111300,2.23,61400,1.22,61400,1.22,20.95,20.95,19.4
CTF,21/09/2026,20.85,20.85,"-0,25 (-1,18%)",329100,6.78,0,0.0,0,0.0,20.85,20.85,20.55
CTF,18/09/2026,21.1,21.1,"0 (0,00%)",284300,5.91,142000,2.84,142000,2.84,20.75,21.1,20.5
CTF,17/09/2026,21.1,21.1,"+0,10 (+0,48%)",353200,7.38,0,0.0,0,0.0,21.1,21.1,20.45
CTF,16/09/2026,21.0,21.0,"-0,20 (-0,94%)",317900,6.57,0,0.0,0,0.0,21.2,21.2,20.4
CTF,15/09/2026,21.2,21.2,"+0,05 (+0,24%)",331400,6.94,0,0.0,0,0.0,21.35,21.35,20.75
CTF,14/09/2026,21.15,21.15,"-0,10 (-0,47%)",199300,4.22,0,0.0,0,0.0,21.4,21.4,21.05
CTF,11/09/2026,21.25,21.25,"+0,15 (+0,71%)",287900,6.06,0,0.0,0,0.0,21.3,21.3,21.0
CTF,10/09/2026,21.1,21.1,"0 (0,00%)",353900,7.47,0,0.0,0,0.0,21.3,21.3,21.05
CTF,09/09/2026,21.1,21.1,"+0,15 (+0,72%)",273900,5.75,0,0.0,0,0.0,21.1,21.1,20.95
CTG,06/10/2026,29.8,29.8,"+0,15 (+0,51%)",9633400,282.31,0,0.0,0,0.0,29.65,29.8,28.9
CTG,05/10/2026,29.65,29.65,"-0,10 (-0,34%)",3052100,90.68,0,0.0,0,0.0,29.8,29.9,29.6
CTG,02/10/2026,29.75,29.75,"-0,30 (-1,00%)",5575400,166.41,227000,6.91,227000,6.91,30.1,30.1,29.6
CTG,01/10/2026,30.05,30.05,"+0,05 (+0,17%)",5685400,170.95,0,0.0,0,0.0,30.05,30.25,29.9
CTG,30/09/2026,30.0,30.0,"+0,25 (+0,84%)",4672200,140.54,189000,5.86,189000,5.86,30.0,30.25,29.9
CTG,29/09/2026,29.75,29.75,"-0,10 (-0,34%)",7504100,224.03,144636,4.27,144636,4.27,29.95,30.05,29.7
CTG,28/09/2026,29.85,29.85,"-0,30 (-1,00%)",12451800,371.76,0,0.0,0,0.0,30.2,30.3,29.7
CTG,25/09/2026,30.15,30.15,"0 (0,00%)",6540400,197.43,300000,9.66,300000,9.66,30.15,30.55,30.0
CTG,24/09/2026,30.15,30.15,"-0,55 (-1,79%)",7640300,231.58,144000,4.49,144000,4.49,30.6,30.65,30.15
CTG,23/09/2026,30.7,30.7,"-0,25 (-0,81%)",6309400,194.42,472200,15.38,472200,15.38,30.75,31.0,30.65
CTG,22/09/2026,30.95,30.95,"-0,05 (-0,16%)",3819100,117.94,173000,5.56,173000,5.56,30.9,31.1,30.7
CTG,21/09/2026,31.0,31.0,"+0,75 (+2,48%)",7931900,243.68,0,0.0,0,0.0,30.75,31.0,30.3
CTG,18/09/2026,30.25,30.25,"-1,15 (-3,66%)",14170000,436.65,107000,3.32,107000,3.32,31.4,31.7,30.25
CTG,17/09/2026,31.4,31.4,"+0,55 (+1,78%)",11251200,349.56,30000,0.89,30000,0.89,30.4,31.4,30.35
CTG,16/09/2026,30.85,30.85,"+0,30 (+0,98%)",4346000,132.72,244000,7.52,244000,7.52,30.65,30.85,30.2
CTG,15/09/2026,30.55,30.55,"+0,70 (+2,35%)",7704000,234.79,438000,13.2,438000,13.2,30.0,30.65,30.0
CTG,14/09/2026,29.85,29.85,"-0,10 (-0,33%)",8579100,256.76,289000,9.03,289000,9.03,30.0,30.25,29.7
CTG,11/09/2026,29.95,29.95,"-0,60 (-1,96%)",11049200,332.78,33000,1.05,33000,1.05,30.45,30.5,29.9
CTG,10/09/2026,30.55,30.55,"-0,15 (-0,49%)",6515200,199.27,114000,3.5,114000,3.5,30.65,30.7,30.5
CTG,09/09/2026,30.7,30.7,"-0,05 (-0,16%)",8789800,270.13,78000,2.48,78000,2.48,30.95,31.0,30.6
CTI,06/10/2026,15.35,15.35,"-0,05 (-0,32%)",409200,6.2,0,0.0,0,0.0,15.35,15.35,14.9
CTI,05/10/2026,15.4,15.4,"+0,10 (+0,65%)",254300,3.85,0,0.0,0,0.0,15.3,15.4,14.85
CTI,02/10/2026,15.3,15.3,"-0,20 (-1,29%)",127800,1.95,0,0.0,0,0.0,15.4,15.4,15.1
CTI,01/10/2026,15.5,15.5,"+0,05 (+0,32%)",79900,1.23,0,0.0,0,0.0,15.3,15.5,15.3
CTI,30/09/2026,15.45,15.45,"+0,10 (+0,65%)",143500,2.21,0,0.0,0,0.0,15.35,15.45,15.25
CTI,29/09/2026,15.35,15.35,"+0,05 (+0,33%)",121000,1.86,0,0.0,0,0.0,15.3,15.4,15.3
CTI,28/09/2026,15.3,15.3,"-0,30 (-1,92%)",317700,4.83,0,0.0,0,0.0,15.4,15.45,15.05
CTI,25/09/2026,15.6,15.6,"-0,05 (-0,32%)",125700,1.95,0,0.0,0,0.0,15.5,15.6,15.45
CTI,24/09/2026,15.65,15.65,"-0,10 (-0,63%)",281700,4.39,0,0.0,0,0.0,15.7,15.75,15.45
CTI,23/09/2026,15.75,15.75,"+0,20 (+1,29%)",314300,4.89,0,0.0,0,0.0,15.55,15.75,15.5
CTI,22/09/2026,15.55,15.55,"0 (0,00%)",251000,3.88,0,0.0,0,0.0,15.35,15.55,15.35
CTI,21/09/2026,15.55,15.55,"-0,10 (-0,64%)",99000,1.54,0,0.0,0,0.0,15.8,15.8,15.5
CTI,18/09/2026,15.65,15.65,"-0,20 (-1,26%)",377600,5.93,0,0.0,0,0.0,15.85,16.0,15.6
CTI,17/09/2026,15.85,15.85,"+0,45 (+2,92%)",412700,6.46,0,0.0,0,0.0,15.4,15.95,15.35
CTI,16/09/2026,15.4,15.4,"-0,10 (-0,65%)",152600,2.36,0,0.0,0,0.0,15.5,15.6,15.4
CTI,15/09/2026,15.5,15.5,"0 (0,00%)",371200,5.73,0,0.0,0,0.0,15.15,16.0,15.15
CTI,14/09/2026,15.5,15.5,"-0,60 (-3,73%)",230000,3.64,0,0.0,0,0.0,15.85,16.1,15.5
CTI,11/09/2026,16.1,16.1,"-0,30 (-1,83%)",292500,4.72,0,0.0,0,0.0,16.45,16.45,15.9
CTI,10/09/2026,16.4,16.4,"-0,05 (-0,30%)",152300,2.5,0,0.0,0,0.0,16.6,16.6,16.35
CTI,09/09/2026,16.45,16.45,"-0,25 (-1,50%)",171100,2.83,0,0.0,0,0.0,16.55,16.7,16.35
CTR,06/10/2026,70.3,70.3,"-0,50 (-0,71%)",306900,21.32,0,0.0,0,0.0,70.2,70.7,68.4
CTR,05/10/2026,70.8,70.8,"-0,40 (-0,56%)",168200,11.86,0,0.0,0,0.0,71.0,71.2,70.2
CTR,02/10/2026,71.2,71.2,"-0,30 (-0,42%)",167000,11.8,0,0.0,0,0.0,71.5,71.5,70.2
CTR,01/10/2026,71.5,71.5,"-0,10 (-0,14%)",269900,19.24,0,0.0,0,0.0,71.6,72.6,70.5
CTR,30/09/2026,71.6,71.6,"0 (0,00%)",254100,18.09,0,0.0,0,0.0,71.5,72.0,70.2
CTR,29/09/2026,71.6,71.6,"+0,10 (+0,14%)",334200,23.75,0,0.0,0,0.0,71.0,71.6,70.1
CTR,28/09/2026,71.5,71.5,"-1,20 (-1,65%)",284900,20.25,0,0.0,0,0.0,73.3,73.3,70.0
CTR,25/09/2026,72.7,72.7,"-1,40 (-1,89%)",214000,15.61,0,0.0,0,0.0,74.1,74.1,72.2
CTR,24/09/2026,74.1,74.1,"+1,60 (+2,21%)",541100,40.12,0,0.0,0,0.0,72.4,75.5,72.3
CTR,23/09/2026,72.5,72.5,"+0,70 (+0,97%)",204000,14.64,0,0.0,0,0.0,71.8,72.7,71.3
CTR,22/09/2026,71.8,71.8,"-0,40 (-0,55%)",68400,4.93,0,0.0,0,0.0,72.2,72.5,71.8
CTR,21/09/2026,72.2,72.2,"-0,80 (-1,10%)",172300,12.44,0,0.0,0,0.0,73.0,73.0,71.6
CTR,18/09/2026,73.0,73.0,"-0,10 (-0,14%)",118400,8.67,0,0.0,0,0.0,73.2,73.6,73.0
CTR,17/09/2026,73.1,73.1,"+0,40 (+0,55%)",160300,11.69,0,0.0,0,0.0,72.2,73.2,72.2
CTR,16/09/2026,72.7,72.7,"-0,30 (-0,41%)",152700,11.12,0,0.0,0,0.0,73.0,73.3,72.5
CTR,15/09/2026,73.0,73.0,"+0,50 (+0,69%)",131200,9.54,0,0.0,0,0.0,72.1,73.1,72.1
CTR,14/09/2026,72.5,72.5,"-1,50 (-2,03%)",167500,12.14,0,0.0,0,0.0,72.6,74.0,72.0
CTR,11/09/2026,74.0,74.0,"+0,40 (+0,54%)",188100,13.77,0,0.0,0,0.0,73.6,74.0,72.6
CTR,10/09/2026,73.6,73.6,"-0,60 (-0,81%)",85300,6.29,0,0.0,0,0.0,74.0,74.2,73.3
CTR,09/09/2026,74.2,74.2,"0 (0,00%)",118000,8.7,0,0.0,0,0.0,73.6,74.2,73.3
CTS,06/10/2026,20.25,20.25,"+0,35 (+1,76%)",1437300,28.22,0,0.0,0,0.0,19.85,20.3,19.2
CTS,05/10/2026,19.9,19.9,"0 (0,00%)",607600,12.2,0,0.0,0,0.0,19.9,20.3,19.9
CTS,02/10/2026,19.9,19.9,"-0,30 (-1,49%)",957600,19.22,0,0.0,0,0.0,20.1,20.45,19.85
CTS,01/10/2026,20.2,20.2,"-0,20 (-0,98%)",883900,17.98,0,0.0,0,0.0,20.4,20.8,20.15
CTS,30/09/2026,20.4,20.4,"-0,05 (-0,24%)",609100,12.52,0,0.0,0,0.0,20.55,20.8,20.4
CTS,29/09/2026,20.45,20.45,"-0,05 (-0,24%)",547600,11.3,0,0.0,0,0.0,20.7,20.9,20.45
CTS,28/09/2026,20.5,20.5,"-0,70 (-3,30%)",1407300,29.02,0,0.0,0,0.0,21.05,21.2,20.4
CTS,25/09/2026,21.2,21.2,"-0,35 (-1,62%)",632300,13.52,0,0.0,0,0.0,21.5,21.6,21.2
CTS,24/09/2026,21.55,21.55,"+0,10 (+0,47%)",866400,18.51,0,0.0,0,0.0,21.4,21.85,21.15
CTS,23/09/2026,21.45,21.45,"-0,35 (-1,61%)",708100,15.34,0,0.0,0,0.0,21.9,21.95,21.4
CTS,22/09/2026,21.8,21.8,"+0,20 (+0,93%)",596400,12.98,0,0.0,0,0.0,21.7,22.05,21.55
CTS,21/09/2026,21.6,21.6,"-0,35 (-1,59%)",1115000,24.26,0,0.0,0,0.0,22.15,22.25,21.55
CTS,18/09/2026,21.95,21.95,"0 (0,00%)",1016100,22.63,0,0.0,0,0.0,22.35,22.65,21.95
CTS,17/09/2026,21.95,21.95,"+0,65 (+3,05%)",2146200,47.35,0,0.0,0,0.0,21.1,22.65,21.1
CTS,16/09/2026,21.3,21.3,"-0,40 (-1,84%)",1122300,24.01,0,0.0,0,0.0,21.75,21.75,21.25
CTS,15/09/2026,21.7,21.7,"+0,25 (+1,17%)",901900,19.54,0,0.0,0,0.0,21.45,21.8,21.45
CTS,14/09/2026,21.45,21.45,"-0,05 (-0,23%)",1368700,29.22,0,0.0,0,0.0,21.4,22.0,20.8
CTS,11/09/2026,21.5,21.5,"-0,75 (-3,37%)",1940500,42.21,0,0.0,0,0.0,22.15,22.15,21.5
CTS,10/09/2026,22.25,22.25,"+0,25 (+1,14%)",960100,21.25,0,0.0,0,0.0,21.9,22.6,21.8
CTS,09/09/2026,22.0,22.0,"-0,30 (-1,35%)",1141200,25.3,0,0.0,0,0.0,22.45,22.55,21.95
CVT,06/10/2026,26.45,26.45,"0 (0,00%)",0,0.0,0,0.0,0,0.0,26.45,26.45,26.45
CVT,05/10/2026,26.45,26.45,"0 (0,00%)",0,0.0,0,0.0,0,0.0,26.45,26.45,26.45
CVT,02/10/2026,26.45,26.45,"+0,10 (+0,38%)",500,0.01,0,0.0,0,0.0,25.8,26.45,25.8
CVT,01/10/2026,26.35,26.35,"+0,30 (+1,15%)",100,0.0,0,0.0,0,0.0,26.35,26.35,26.35
CVT,30/09/2026,26.05,26.05,"+0,25 (+0,97%)",2300,0.06,0,0.0,0,0.0,24.8,26.15,24.8
CVT,29/09/2026,25.8,25.8,"+0,15 (+0,58%)",3800,0.1,0,0.0,0,0.0,25.7,27.15,25.7
CVT,28/09/2026,25.65,25.65,"+0,65 (+2,60%)",10800,0.28,0,0.0,0,0.0,25.95,25.95,25.0
CVT,25/09/2026,25.0,25.0,"+0,40 (+1,63%)",1100,0.03,0,0.0,0,0.0,26.3,26.3,25.0
CVT,24/09/2026,24.6,24.6,"-1,80 (-6,82%)",1900,0.05,0,0.0,0,0.0,24.6,26.4,24.6
CVT,23/09/2026,26.4,26.4,"-0,05 (-0,19%)",100,0.0,0,0.0,0,0.0,26.4,26.4,26.4
CVT,22/09/2026,26.45,26.45,"+0,50 (+1,93%)",500,0.01,0,0.0,0,0.0,25.9,26.45,25.9
CVT,21/09/2026,25.95,25.95,"-0,70 (-2,63%)",7600,0.19,0,0.0,0,0.0,25.0,25.95,25.0
CVT,18/09/2026,26.65,26.65,"0 (0,00%)",0,0.0,0,0.0,0,0.0,26.65,26.65,26.65
CVT,17/09/2026,26.65,26.65,"0 (0,00%)",0,0.0,0,0.0,0,0.0,26.65,26.65,26.65
CVT,16/09/2026,26.65,26.65,"0 (0,00%)",0,0.0,0,0.0,0,0.0,26.65,26.65,26.65
CVT,15/09/2026,26.65,26.65,"0 (0,00%)",0,0.0,0,0.0,0,0.0,26.65,26.65,26.65
CVT,14/09/2026,26.65,26.65,"0 (0,00%)",0,0.0,0,0.0,0,0.0,26.65,26.65,26.65
CVT,11/09/2026,26.65,26.65,"0 (0,00%)",0,0.0,0,0.0,0,0.0,26.65,26.65,26.65
CVT,10/09/2026,26.65,26.65,"0 (0,00%)",0,0.0,0,0.0,0,0.0,26.65,26.65,26.65
CVT,09/09/2026,26.65,26.65,"0 (0,00%)",0,0.0,0,0.0,0,0.0,26.65,26.65,26.65
D2D,06/10/2026,22.0,22.0,"-0,25 (-1,12%)",72100,1.6,0,0.0,0,0.0,22.25,22.25,22.0
D2D,05/10/2026,22.25,22.25,"+0,15 (+0,68%)",36100,0.8,0,0.0,0,0.0,22.15,22.35,22.15
D2D,02/10/2026,22.1,22.1,"-0,30 (-1,34%)",87100,1.92,0,0.0,0,0.0,22.45,22.45,21.55
D2D,01/10/2026,22.4,22.4,"-0,45 (-1,97%)",101700,2.28,0,0.0,0,0.0,22.45,22.8,22.25
D2D,30/09/2026,22.85,22.85,"-0,90 (-3,79%)",116900,2.73,0,0.0,0,0.0,23.65,23.8,22.7
D2D,29/09/2026,23.75,23.75,"-0,85 (-3,46%)",174500,4.16,0,0.0,0,0.0,24.55,24.55,23.7
D2D,28/09/2026,29.6,24.6,"+0,55 (+1,89%)",372200,10.94,0,0.0,0,0.0,29.3,29.9,29.1
D2D,25/09/2026,29.05,24.14,"-0,45 (-1,53%)",186500,5.43,0,0.0,0,0.0,29.2,29.5,28.95
D2D,24/09/2026,29.5,24.52,"-0,40 (-1,34%)",115700,3.42,0,0.0,0,0.0,29.9,30.0,29.0
D2D,23/09/2026,29.9,24.85,"-0,20 (-0,66%)",183900,5.53,0,0.0,0,0.0,30.2,30.25,29.9
D2D,22/09/2026,30.1,25.02,"-0,05 (-0,17%)",97000,2.93,0,0.0,0,0.0,30.45,30.45,30.0
D2D,21/09/2026,30.15,25.06,"-0,45 (-1,47%)",124100,3.77,0,0.0,0,0.0,30.7,30.7,30.15
D2D,18/09/2026,30.6,25.43,"+0,10 (+0,33%)",97000,2.96,0,0.0,0,0.0,30.6,30.65,30.35
D2D,17/09/2026,30.5,25.35,"+0,40 (+1,33%)",117800,3.57,0,0.0,0,0.0,30.1,30.5,30.0
D2D,16/09/2026,30.1,25.02,"-0,20 (-0,66%)",55200,1.67,0,0.0,0,0.0,30.5,30.6,29.8
D2D,15/09/2026,30.3,25.18,"+0,15 (+0,50%)",66900,2.02,0,0.0,0,0.0,30.2,30.45,30.1
D2D,14/09/2026,30.15,25.06,"+0,20 (+0,67%)",138600,4.2,0,0.0,0,0.0,30.35,30.7,30.05
D2D,11/09/2026,29.95,24.89,"+0,20 (+0,67%)",108700,3.27,0,0.0,0,0.0,29.7,30.6,29.3
D2D,10/09/2026,29.75,24.73,"+0,25 (+0,85%)",46100,1.37,0,0.0,0,0.0,29.5,30.2,29.5
D2D,09/09/2026,29.5,24.52,"+0,50 (+1,72%)",93700,2.78,0,0.0,0,0.0,29.5,30.8,29.4
DAH,06/10/2026,2.4,2.4,"+0,07 (+3,00%)",119400,0.29,0,0.0,0,0.0,2.4,2.49,2.32
DAH,05/10/2026,2.33,2.33,"+0,15 (+6,88%)",199900,0.46,0,0.0,0,0.0,2.24,2.33,2.18
DAH,02/10/2026,2.18,2.18,"0 (0,00%)",67100,0.15,0,0.0,0,0.0,2.25,2.26,2.11
DAH,01/10/2026,2.18,2.18,"-0,08 (-3,54%)",88700,0.2,1078200,2.44,1078200,2.44,2.26,2.26,2.14
DAH,30/09/2026,2.26,2.26,"+0,10 (+4,63%)",181000,0.41,0,0.0,0,0.0,2.25,2.31,2.19
DAH,29/09/2026,2.16,2.16,"+0,13 (+6,40%)",406800,0.88,0,0.0,0,0.0,2.03,2.17,2.03
DAH,28/09/2026,2.03,2.03,"-0,04 (-1,93%)",50200,0.1,0,0.0,0,0.0,2.07,2.07,2.0
DAH,25/09/2026,2.07,2.07,"-0,03 (-1,43%)",92400,0.19,0,0.0,0,0.0,2.1,2.14,2.07
DAH,24/09/2026,2.1,2.1,"-0,03 (-1,41%)",12200,0.03,0,0.0,0,0.0,2.13,2.13,2.1
DAH,23/09/2026,2.13,2.13,"+0,01 (+0,47%)",48800,0.1,0,0.0,0,0.0,2.12,2.13,2.09
DAH,22/09/2026,2.12,2.12,"-0,02 (-0,93%)",26700,0.06,0,0.0,0,0.0,2.14,2.16,2.07
DAH,21/09/2026,2.14,2.14,"-0,01 (-0,47%)",19000,0.04,0,0.0,0,0.0,2.15,2.21,2.14
DAH,18/09/2026,2.15,2.15,"-0,01 (-0,46%)",35100,0.08,0,0.0,0,0.0,2.16,2.17,2.14
DAH,17/09/2026,2.16,2.16,"-0,06 (-2,70%)",106700,0.23,0,0.0,0,0.0,2.22,2.23,2.15
DAH,16/09/2026,2.22,2.22,"-0,01 (-0,45%)",24200,0.05,0,0.0,0,0.0,2.28,2.28,2.18
DAH,15/09/2026,2.23,2.23,"+0,03 (+1,36%)",52700,0.11,0,0.0,0,0.0,2.17,2.24,2.14
DAH,14/09/2026,2.2,2.2,"-0,04 (-1,79%)",51200,0.11,0,0.0,0,0.0,2.27,2.27,2.13
DAH,11/09/2026,2.24,2.24,"0 (0,00%)",16500,0.04,0,0.0,0,0.0,2.31,2.38,2.23
DAH,10/09/2026,2.24,2.24,"-0,02 (-0,88%)",241300,0.55,0,0.0,0,0.0,2.28,2.29,2.22
DAH,09/09/2026,2.26,2.26,"0 (0,00%)",253900,0.57,0,0.0,0,0.0,2.26,2.27,2.23
DAT,06/10/2026,8.05,8.05,"0 (0,00%)",0,0.0,0,0.0,0,0.0,8.05,8.05,8.05
DAT,05/10/2026,8.05,8.05,"0 (0,00%)",4400,0.04,0,0.0,0,0.0,8.05,8.2,8.05
DAT,02/10/2026,8.05,8.05,"0 (0,00%)",0,0.0,0,0.0,0,0.0,8.05,8.05,8.05
DAT,01/10/2026,8.05,8.05,"0 (0,00%)",0,0.0,0,0.0,0,0.0,8.05,8.05,8.05
DAT,30/09/2026,8.05,8.05,"+0,15 (+1,90%)",200,0.0,0,0.0,0,0.0,7.9,8.05,7.9
DAT,29/09/2026,7.9,7.9,"0 (0,00%)",0,0.0,0,0.0,0,0.0,7.9,7.9,7.9
DAT,28/09/2026,7.9,7.9,"+0,10 (+1,28%)",6600,0.05,0,0.0,0,0.0,7.26,7.9,7.26
DAT,25/09/2026,7.8,7.8,"0 (0,00%)",0,0.0,0,0.0,0,0.0,7.8,7.8,7.8
DAT,24/09/2026,7.8,7.8,"0 (0,00%)",0,0.0,0,0.0,0,0.0,7.8,7.8,7.8
DAT,23/09/2026,7.8,7.8,"0 (0,00%)",0,0.0,0,0.0,0,0.0,7.8,7.8,7.8
DAT,22/09/2026,7.8,7.8,"0 (0,00%)",0,0.0,0,0.0,0,0.0,7.8,7.8,7.8
DAT,21/09/2026,7.8,7.8,"0 (0,00%)",300,0.0,0,0.0,0,0.0,7.7,7.8,7.7
DAT,18/09/2026,7.8,7.8,"+0,40 (+5,41%)",16200,0.12,0,0.0,0,0.0,7.7,7.8,7.2
DAT,17/09/2026,7.4,7.4,"-0,01 (-0,13%)",1100,0.01,0,0.0,0,0.0,7.51,7.92,7.4
DAT,16/09/2026,7.41,7.41,"-0,36 (-4,63%)",1000,0.01,0,0.0,0,0.0,7.62,7.79,7.41
DAT,15/09/2026,7.77,7.77,"-0,23 (-2,88%)",3000,0.02,0,0.0,0,0.0,7.9,7.9,7.77
DAT,14/09/2026,8.0,8.0,"+0,06 (+0,76%)",5100,0.04,0,0.0,0,0.0,7.75,8.0,7.39
DAT,11/09/2026,7.94,7.94,"0 (0,00%)",0,0.0,0,0.0,0,0.0,7.94,7.94,7.94
DAT,10/09/2026,7.94,7.94,"0 (0,00%)",0,0.0,0,0.0,0,0.0,7.94,7.94,7.94
DAT,09/09/2026,7.94,7.94,"0 (0,00%)",100,0.0,0,0.0,0,0.0,7.94,7.94,7.94
DBC,06/10/2026,15.25,15.25,"-0,10 (-0,65%)",1711700,26.07,0,0.0,0,0.0,15.3,15.5,15.0
DBC,05/10/2026,15.35,15.35,"-0,05 (-0,32%)",1132400,17.42,1290000,21.22,1290000,21.22,15.4,15.5,15.3
DBC,02/10/2026,15.4,15.4,"+0,40 (+2,67%)",2820200,43.14,0,0.0,0,0.0,14.9,15.55,14.9
DBC,01/10/2026,15.0,15.0,"-0,30 (-1,96%)",1801800,27.29,0,0.0,0,0.0,15.2,15.35,15.0
DBC,30/09/2026,15.3,15.3,"-0,20 (-1,29%)",791100,12.2,0,0.0,0,0.0,15.4,15.55,15.3
DBC,29/09/2026,15.5,15.5,"-0,05 (-0,32%)",485000,7.51,0,0.0,0,0.0,15.35,15.55,15.35
DBC,28/09/2026,15.55,15.55,"-0,15 (-0,96%)",997700,15.47,0,0.0,0,0.0,15.55,15.75,15.4
DBC,25/09/2026,15.7,15.7,"-0,05 (-0,32%)",888500,13.96,0,0.0,0,0.0,15.7,15.8,15.6
DBC,24/09/2026,15.75,15.75,"-0,15 (-0,94%)",1012500,16.04,0,0.0,0,0.0,15.9,15.9,15.75
DBC,23/09/2026,15.9,15.9,"-0,05 (-0,31%)",741600,11.84,0,0.0,0,0.0,15.95,16.05,15.9
DBC,22/09/2026,15.95,15.95,"-0,05 (-0,31%)",622600,9.96,0,0.0,0,0.0,16.05,16.1,15.95
DBC,21/09/2026,16.0,16.0,"-0,05 (-0,31%)",679800,10.93,0,0.0,0,0.0,16.2,16.2,15.95
DBC,18/09/2026,16.05,16.05,"0 (0,00%)",1079100,17.38,440000,7.0,440000,7.0,16.1,16.2,16.0
DBC,17/09/2026,16.05,16.05,"+0,20 (+1,26%)",1170900,18.77,0,0.0,0,0.0,15.85,16.25,15.85
DBC,16/09/2026,15.85,15.85,"-0,15 (-0,94%)",717500,11.44,440000,7.04,440000,7.04,16.0,16.05,15.85
DBC,15/09/2026,16.0,16.0,"+0,15 (+0,95%)",852600,13.57,310000,5.08,310000,5.08,15.8,16.05,15.8
DBC,14/09/2026,15.85,15.85,"-0,15 (-0,94%)",1458400,23.15,420000,6.93,420000,6.93,16.05,16.1,15.55
DBC,11/09/2026,16.0,16.0,"-0,50 (-3,03%)",2720300,44.14,310000,5.12,310000,5.12,16.55,16.55,16.0
DBC,10/09/2026,16.5,16.5,"-0,10 (-0,60%)",833700,13.78,420000,6.97,420000,6.97,16.55,16.7,16.4
DBC,09/09/2026,16.6,16.6,"-0,15 (-0,90%)",742700,12.42,1103000,19.17,1103000,19.17,16.75,16.85,16.6
DBD,06/10/2026,46.65,46.65,"-0,05 (-0,11%)",4000,0.18,0,0.0,0,0.0,46.5,46.65,45.5
DBD,05/10/2026,46.7,46.7,"-0,05 (-0,11%)",4600,0.21,0,0.0,0,0.0,45.5,46.7,45.5
DBD,02/10/2026,46.75,46.75,"0 (0,00%)",2300,0.11,0,0.0,0,0.0,46.7,46.8,46.0
DBD,01/10/2026,46.75,46.75,"+1,15 (+2,52%)",12700,0.58,0,0.0,0,0.0,46.25,46.75,45.2
DBD,30/09/2026,45.6,45.6,"-0,60 (-1,30%)",41900,1.94,0,0.0,0,0.0,46.2,46.95,45.6
DBD,29/09/2026,46.2,46.2,"0 (0,00%)",700,0.03,186000,8.61,186000,8.61,46.25,46.25,46.2
DBD,28/09/2026,46.2,46.2,"-0,75 (-1,60%)",20600,0.95,0,0.0,0,0.0,46.2,46.25,46.2
DBD,25/09/2026,46.95,46.95,"+0,60 (+1,29%)",1000,0.05,0,0.0,0,0.0,46.1,46.95,46.1
DBD,24/09/2026,46.35,46.35,"+0,10 (+0,22%)",64800,3.05,0,0.0,0,0.0,46.25,47.3,46.25
DBD,23/09/2026,46.25,46.25,"-0,62 (-1,32%)",20700,0.96,0,0.0,0,0.0,46.4,46.9,46.25
DBD,22/09/2026,46.9,46.9,"-0,05 (-0,11%)",56200,2.64,0,0.0,0,0.0,46.6,47.0,46.15
DBD,21/09/2026,46.95,46.95,"+0,20 (+0,43%)",70200,3.32,0,0.0,0,0.0,46.75,47.8,46.4
DBD,18/09/2026,46.75,46.75,"+0,75 (+1,63%)",44000,2.06,0,0.0,0,0.0,46.9,47.0,45.9
DBD,17/09/2026,46.0,46.0,"-0,65 (-1,39%)",67000,3.07,150000,6.72,150000,6.72,46.4,46.45,45.3
DBD,16/09/2026,46.65,46.65,"-0,33 (-0,70%)",11100,0.51,0,0.0,0,0.0,46.1,46.65,45.8
DBD,15/09/2026,47.0,47.0,"+0,15 (+0,32%)",5500,0.26,0,0.0,0,0.0,45.55,47.0,45.55
DBD,14/09/2026,46.85,46.85,"-0,10 (-0,21%)",5400,0.25,0,0.0,0,0.0,45.2,46.85,45.2
DBD,11/09/2026,46.95,46.95,"+0,45 (+0,97%)",12700,0.59,0,0.0,0,0.0,46.4,46.95,45.55
DBD,10/09/2026,46.5,46.5,"0 (0,00%)",10300,0.48,0,0.0,0,0.0,46.6,46.95,46.5
DBD,09/09/2026,46.5,46.5,"-0,48 (-1,02%)",10200,0.48,0,0.0,0,0.0,47.15,47.15,46.5
DBT,06/10/2026,13.2,13.2,"0 (0,00%)",0,0.0,0,0.0,0,0.0,13.2,13.2,13.2
DBT,05/10/2026,13.2,13.2,"0 (0,00%)",5200,0.07,0,0.0,0,0.0,13.2,13.2,13.2
DBT,02/10/2026,13.2,13.2,"0 (0,00%)",0,0.0,0,0.0,0,0.0,13.2,13.2,13.2
DBT,01/10/2026,13.2,13.2,"0 (0,00%)",4000,0.05,0,0.0,0,0.0,13.1,13.2,13.1
DBT,30/09/2026,13.2,13.2,"+0,20 (+1,54%)",7000,0.09,0,0.0,0,0.0,13.1,13.3,13.1
DBT,29/09/2026,13.0,13.0,"0 (0,00%)",0,0.0,0,0.0,0,0.0,13.0,13.0,13.0
DBT,28/09/2026,13.0,13.0,"0 (0,00%)",5000,0.06,0,0.0,0,0.0,13.0,13.0,13.0
DBT,25/09/2026,13.0,13.0,"0 (0,00%)",4200,0.05,0,0.0,0,0.0,13.0,13.0,13.0
DBT,24/09/2026,13.0,13.0,"-0,50 (-3,70%)",6000,0.08,0,0.0,0,0.0,12.6,13.0,12.6
DBT,23/09/2026,13.5,13.5,"0 (0,00%)",0,0.0,0,0.0,0,0.0,13.5,13.5,13.5
DBT,22/09/2026,13.5,13.5,"0 (0,00%)",500,0.01,0,0.0,0,0.0,13.5,13.5,13.5
DBT,21/09/2026,13.5,13.5,"+0,50 (+3,85%)",500,0.01,0,0.0,0,0.0,13.5,13.5,13.5
DBT,18/09/2026,13.0,13.0,"-0,05 (-0,38%)",1600,0.02,0,0.0,0,0.0,13.0,13.0,13.0
DBT,17/09/2026,13.05,13.05,"+0,05 (+0,38%)",300,0.0,0,0.0,0,0.0,13.0,13.05,13.0
DBT,16/09/2026,13.0,13.0,"0 (0,00%)",200,0.0,0,0.0,0,0.0,13.05,13.05,13.0
DBT,15/09/2026,13.0,13.0,"-0,10 (-0,76%)",1100,0.01,0,0.0,0,0.0,13.1,13.1,13.0
DBT,14/09/2026,13.1,13.1,"+0,10 (+0,77%)",400,0.01,0,0.0,0,0.0,13.1,13.1,13.1
DBT,11/09/2026,13.0,13.0,"0 (0,00%)",22200,0.3,0,0.0,0,0.0,13.0,13.85,13.0
DBT,10/09/2026,13.0,13.0,"0 (0,00%)",0,0.0,0,0.0,0,0.0,13.0,13.0,13.0
DBT,09/09/2026,13.0,13.0,"0 (0,00%)",6200,0.09,0,0.0,0,0.0,13.8,13.85,13.0
DC4,06/10/2026,6.14,6.14,"-0,01 (-0,16%)",57200,0.35,0,0.0,0,0.0,6.15,6.17,5.86
DC4,05/10/2026,6.15,6.15,"-0,05 (-0,81%)",62600,0.39,0,0.0,0,0.0,6.18,6.2,6.15
DC4,02/10/2026,6.2,6.2,"0 (0,00%)",40100,0.25,0,0.0,0,0.0,6.21,6.24,6.16
DC4,01/10/2026,6.2,6.2,"-0,01 (-0,16%)",169000,1.05,0,0.0,0,0.0,6.16,6.27,6.16
DC4,30/09/2026,6.21,6.21,"+0,04 (+0,65%)",389600,2.43,0,0.0,0,0.0,6.18,6.27,6.18
DC4,29/09/2026,6.17,6.17,"-0,05 (-0,80%)",255200,1.59,0,0.0,0,0.0,6.22,6.3,6.17
DC4,28/09/2026,6.22,6.22,"-0,09 (-1,43%)",44200,0.28,0,0.0,0,0.0,6.31,6.35,6.2
DC4,25/09/2026,6.31,6.31,"+0,01 (+0,16%)",432700,2.73,0,0.0,0,0.0,6.31,6.34,6.26
DC4,24/09/2026,6.3,6.3,"-0,19 (-2,93%)",289500,1.84,0,0.0,0,0.0,6.5,6.5,6.28
DC4,23/09/2026,6.49,6.49,"-0,02 (-0,31%)",31300,0.2,0,0.0,0,0.0,6.53,6.53,6.47
DC4,22/09/2026,6.51,6.51,"+0,03 (+0,46%)",131800,0.86,0,0.0,0,0.0,6.5,6.56,6.49
DC4,21/09/2026,6.48,6.48,"-0,01 (-0,15%)",142200,0.93,0,0.0,0,0.0,6.51,6.54,6.48
DC4,18/09/2026,6.49,6.49,"-0,01 (-0,15%)",138800,0.91,0,0.0,0,0.0,6.53,6.56,6.49
DC4,17/09/2026,6.5,6.5,"0 (0,00%)",53900,0.35,0,0.0,0,0.0,6.49,6.55,6.48
DC4,16/09/2026,6.5,6.5,"0 (0,00%)",136300,0.89,0,0.0,0,0.0,6.59,6.59,6.41
DC4,15/09/2026,6.5,6.5,"+0,03 (+0,46%)",30400,0.2,0,0.0,0,0.0,6.5,6.6,6.43
DC4,14/09/2026,6.47,6.47,"-0,07 (-1,07%)",41200,0.27,0,0.0,0,0.0,6.5,6.52,6.42
DC4,11/09/2026,6.54,6.54,"-0,03 (-0,46%)",43100,0.28,0,0.0,0,0.0,6.56,6.59,6.46
DC4,10/09/2026,6.57,6.57,"-0,06 (-0,90%)",70900,0.47,0,0.0,0,0.0,6.63,6.63,6.45
DC4,09/09/2026,6.63,6.63,"+0,02 (+0,30%)",52200,0.35,0,0.0,0,0.0,6.61,6.66,6.6
DCL,06/10/2026,47.0,47.0,"+0,02 (+0,04%)",824800,38.89,50000,2.35,50000,2.35,47.0,47.6,46.0
DCL,05/10/2026,47.0,47.0,"+0,50 (+1,08%)",985500,46.01,0,0.0,0,0.0,45.5,47.4,45.5
DCL,02/10/2026,46.5,46.5,"0 (0,00%)",1039000,48.9,0,0.0,0,0.0,46.0,47.7,46.0
DCL,01/10/2026,46.5,46.5,"+3,00 (+6,90%)",1510700,69.34,0,0.0,0,0.0,44.9,46.5,44.0
DCL,30/09/2026,43.5,43.5,"-2,25 (-4,92%)",643500,28.94,0,0.0,0,0.0,45.75,45.8,43.5
DCL,29/09/2026,45.75,45.75,"-0,35 (-0,76%)",915700,42.11,0,0.0,0,0.0,46.1,46.85,44.5
DCL,28/09/2026,46.1,46.1,"-0,35 (-0,75%)",1664300,76.52,0,0.0,0,0.0,46.7,46.9,43.75
DCL,25/09/2026,46.45,46.45,"+1,45 (+3,22%)",2723000,124.28,0,0.0,0,0.0,44.95,46.65,44.5
DCL,24/09/2026,45.0,45.0,"+0,05 (+0,11%)",2045700,92.64,0,0.0,0,0.0,44.95,45.9,43.5
DCL,23/09/2026,44.95,44.95,"-0,95 (-2,07%)",588600,26.42,0,0.0,0,0.0,45.9,46.05,43.0
DCL,22/09/2026,45.9,45.9,"+2,60 (+6,00%)",3541500,160.89,0,0.0,0,0.0,43.3,46.3,43.3
DCL,21/09/2026,43.3,43.3,"+2,80 (+6,91%)",4105500,173.92,0,0.0,0,0.0,40.55,43.3,40.5
DCL,18/09/2026,40.5,40.5,"-1,95 (-4,59%)",2911200,117.31,0,0.0,0,0.0,41.2,42.1,39.5
DCL,17/09/2026,42.45,42.45,"+0,80 (+1,92%)",2018800,85.85,0,0.0,0,0.0,41.35,43.35,41.35
DCL,16/09/2026,41.65,41.65,"+2,70 (+6,93%)",4214500,171.21,0,0.0,0,0.0,38.95,41.65,38.95
DCL,15/09/2026,38.95,38.95,"+0,95 (+2,50%)",2271900,87.83,150000,5.66,150000,5.66,38.2,39.0,36.65
DCL,14/09/2026,38.0,38.0,"-0,35 (-0,91%)",523300,19.86,50000,1.88,50000,1.88,38.35,38.4,36.3
DCL,11/09/2026,38.35,38.35,"-0,65 (-1,67%)",651700,24.98,0,0.0,0,0.0,37.0,39.1,37.0
DCL,10/09/2026,39.0,39.0,"+1,00 (+2,63%)",1788000,69.63,0,0.0,0,0.0,38.0,39.7,38.0
DCL,09/09/2026,38.0,38.0,"-0,50 (-1,30%)",206300,7.91,0,0.0,0,0.0,38.5,38.6,37.95
DCM,06/10/2026,33.7,33.7,"+1,20 (+3,69%)",3397300,111.4,260000,8.58,260000,8.58,32.5,33.7,32.1
DCM,05/10/2026,32.5,32.5,"-0,25 (-0,76%)",1846700,60.27,50000,1.68,50000,1.68,32.75,32.95,32.4
DCM,02/10/2026,32.75,32.75,"-0,95 (-2,82%)",3095500,102.21,260000,8.58,260000,8.58,33.9,33.9,32.65
DCM,01/10/2026,33.7,33.7,"+0,20 (+0,60%)",1621700,54.65,0,0.0,0,0.0,33.5,33.95,33.5
DCM,30/09/2026,33.5,33.5,"-1,35 (-3,87%)",3637300,123.95,0,0.0,0,0.0,34.6,34.7,33.45
DCM,29/09/2026,34.85,34.85,"-0,35 (-0,99%)",1915000,67.25,0,0.0,0,0.0,34.9,35.4,34.85
DCM,28/09/2026,35.2,35.2,"+0,90 (+2,62%)",4506800,155.65,0,0.0,0,0.0,34.55,35.25,33.6
DCM,25/09/2026,34.3,34.3,"+0,30 (+0,88%)",3200400,109.46,0,0.0,0,0.0,33.8,34.75,33.65
DCM,24/09/2026,34.0,34.0,"-0,50 (-1,45%)",3446700,118.72,0,0.0,0,0.0,34.5,34.9,34.0
DCM,23/09/2026,34.5,34.5,"+0,55 (+1,62%)",3782500,129.09,0,0.0,0,0.0,33.95,34.5,33.6
DCM,22/09/2026,33.95,33.95,"+0,25 (+0,74%)",2762100,93.39,0,0.0,0,0.0,33.6,34.4,33.2
DCM,21/09/2026,33.7,33.7,"+0,65 (+1,97%)",3145900,105.24,0,0.0,0,0.0,33.1,33.75,32.85
DCM,18/09/2026,33.05,33.05,"+0,25 (+0,76%)",3695500,122.42,0,0.0,0,0.0,32.8,33.6,32.75
DCM,17/09/2026,32.8,32.8,"-0,60 (-1,80%)",2800200,92.52,0,0.0,0,0.0,33.0,33.45,32.75
DCM,16/09/2026,33.4,33.4,"-0,40 (-1,18%)",3447000,116.35,0,0.0,0,0.0,33.9,34.25,33.4
DCM,15/09/2026,33.8,33.8,"+1,35 (+4,16%)",4913100,163.98,0,0.0,0,0.0,32.4,33.95,32.3
DCM,14/09/2026,32.45,32.45,"-0,05 (-0,15%)",2600900,84.02,0,0.0,0,0.0,32.6,32.9,31.9
DCM,11/09/2026,32.5,32.5,"0 (0,00%)",4512500,147.97,0,0.0,0,0.0,32.8,33.3,32.4
DCM,10/09/2026,32.5,32.5,"-0,15 (-0,46%)",2906900,95.15,0,0.0,0,0.0,32.8,33.15,32.4
DCM,09/09/2026,32.65,32.65,"-0,10 (-0,31%)",3045500,100.06,0,0.0,0,0.0,33.2,33.25,32.65
DGC,06/10/2026,34.35,34.35,"-0,75 (-2,14%)",504600,17.46,0,0.0,0,0.0,35.05,35.15,34.25
DGC,05/10/2026,35.1,35.1,"-0,40 (-1,13%)",319700,11.26,0,0.0,0,0.0,35.6,35.6,35.05
DGC,02/10/2026,35.5,35.5,"+0,10 (+0,28%)",489600,17.4,0,0.0,0,0.0,35.35,35.95,35.25
DGC,01/10/2026,35.4,35.4,"-0,60 (-1,67%)",618500,21.97,0,0.0,0,0.0,35.9,35.9,35.4
DGC,30/09/2026,36.0,36.0,"-0,40 (-1,10%)",480600,17.37,0,0.0,0,0.0,36.5,36.5,36.0
DGC,29/09/2026,36.4,36.4,"-0,15 (-0,41%)",427400,15.56,0,0.0,0,0.0,36.6,36.6,36.15
DGC,28/09/2026,36.55,36.55,"+0,60 (+1,67%)",1157900,42.31,0,0.0,0,0.0,36.65,36.85,36.2
DGC,25/09/2026,35.95,35.95,"+0,65 (+1,84%)",529000,18.85,0,0.0,0,0.0,35.65,35.95,35.25
DGC,24/09/2026,35.3,35.3,"-0,15 (-0,42%)",402800,14.21,0,0.0,0,0.0,35.45,35.45,35.2
DGC,23/09/2026,35.45,35.45,"-0,35 (-0,98%)",427700,15.19,0,0.0,0,0.0,35.8,35.8,35.35
DGC,22/09/2026,35.8,35.8,"+0,45 (+1,27%)",550500,19.62,0,0.0,0,0.0,35.35,35.8,35.35
DGC,21/09/2026,35.35,35.35,"-0,60 (-1,67%)",579700,20.64,0,0.0,0,0.0,36.35,36.35,35.35
DGC,18/09/2026,35.95,35.95,"+0,65 (+1,84%)",861300,30.89,0,0.0,0,0.0,35.5,36.0,35.5
DGC,17/09/2026,35.3,35.3,"+0,30 (+0,86%)",957500,34.02,0,0.0,0,0.0,34.8,36.35,34.8
DGC,16/09/2026,35.0,35.0,"-1,05 (-2,91%)",912600,32.27,0,0.0,0,0.0,36.1,36.2,34.85
DGC,15/09/2026,36.05,36.05,"-1,35 (-3,61%)",1227700,44.66,0,0.0,0,0.0,37.2,37.2,36.0
DGC,14/09/2026,37.4,37.4,"-1,35 (-3,48%)",811700,30.48,0,0.0,0,0.0,38.6,38.6,37.0
DGC,11/09/2026,46.75,38.75,"-0,23 (-0,49%)",1158600,54.54,0,0.0,0,0.0,47.45,47.45,46.75
DGC,10/09/2026,47.0,38.96,"+0,40 (+0,86%)",528900,24.7,0,0.0,0,0.0,46.7,47.0,46.45
DGC,09/09/2026,46.6,38.63,"+0,95 (+2,08%)",664300,30.93,0,0.0,0,0.0,46.3,46.8,46.3
DGW,06/10/2026,47.75,47.75,"+0,35 (+0,74%)",1993300,94.94,0,0.0,0,0.0,47.95,48.9,46.75
DGW,05/10/2026,47.4,47.4,"+2,80 (+6,28%)",3672300,171.58,0,0.0,0,0.0,45.2,47.45,44.9
DGW,02/10/2026,45.6,44.6,"+0,40 (+0,88%)",1642200,75.03,0,0.0,0,0.0,45.2,46.3,44.85
DGW,01/10/2026,45.2,44.21,"0 (0,00%)",1110100,50.2,0,0.0,0,0.0,45.0,45.9,44.65
DGW,30/09/2026,45.2,44.21,"-0,60 (-1,31%)",3225500,148.52,0,0.0,0,0.0,46.15,47.5,44.4
DGW,29/09/2026,45.8,44.8,"+0,25 (+0,55%)",1544700,70.88,0,0.0,0,0.0,45.6,46.5,45.3
DGW,28/09/2026,45.55,44.55,"+1,05 (+2,36%)",2054800,92.24,0,0.0,0,0.0,44.8,45.95,43.55
DGW,25/09/2026,44.5,43.53,"-1,30 (-2,84%)",1420700,63.8,0,0.0,0,0.0,45.3,45.85,44.5
DGW,24/09/2026,45.8,44.8,"-0,75 (-1,61%)",1275200,58.16,0,0.0,0,0.0,46.6,46.9,44.9
DGW,23/09/2026,46.55,45.53,"+1,45 (+3,22%)",3343500,154.59,0,0.0,0,0.0,44.9,47.0,44.9
DGW,22/09/2026,45.1,44.11,"+0,10 (+0,22%)",1499000,68.39,0,0.0,0,0.0,45.35,46.65,45.0
DGW,21/09/2026,45.0,44.01,"-0,50 (-1,10%)",1194100,53.95,0,0.0,0,0.0,45.5,46.25,44.8
DGW,18/09/2026,45.5,44.5,"+0,10 (+0,22%)",1615600,74.64,0,0.0,0,0.0,45.6,47.0,45.45
DGW,17/09/2026,45.4,44.41,"+0,70 (+1,57%)",869700,39.28,0,0.0,0,0.0,44.7,45.7,44.1
DGW,16/09/2026,44.7,43.72,"-1,60 (-3,46%)",1486900,66.81,0,0.0,0,0.0,45.65,46.2,44.6
DGW,15/09/2026,46.3,45.29,"+0,30 (+0,65%)",1622400,74.56,0,0.0,0,0.0,45.6,46.7,45.4
DGW,14/09/2026,46.0,44.99,"+1,60 (+3,60%)",3096900,138.38,0,0.0,0,0.0,44.2,46.0,43.25
DGW,11/09/2026,44.4,43.43,"-0,35 (-0,78%)",3781000,171.61,0,0.0,0,0.0,44.9,47.0,43.9
DGW,10/09/2026,44.75,43.77,"+2,90 (+6,93%)",5022100,219.11,0,0.0,0,0.0,41.8,44.75,41.6
DGW,09/09/2026,41.85,40.93,"-0,10 (-0,24%)",996100,41.17,0,0.0,0,0.0,41.9,41.9,41.05
DHA,06/10/2026,53.1,53.1,"-1,30 (-2,39%)",27400,1.48,0,0.0,0,0.0,53.2,54.4,53.0
DHA,05/10/2026,54.4,54.4,"-0,60 (-1,09%)",26100,1.39,0,0.0,0,0.0,53.4,54.4,52.0
DHA,02/10/2026,55.0,55.0,"+2,42 (+4,60%)",30000,1.62,0,0.0,0,0.0,53.0,55.5,53.0
DHA,01/10/2026,52.6,52.6,"-0,70 (-1,31%)",5500,0.29,0,0.0,0,0.0,52.2,52.9,52.2
DHA,30/09/2026,53.3,53.3,"-0,10 (-0,19%)",5300,0.28,0,0.0,0,0.0,53.1,53.3,52.6
DHA,29/09/2026,53.4,53.4,"-0,70 (-1,29%)",7300,0.39,0,0.0,0,0.0,54.1,54.1,52.9
DHA,28/09/2026,54.1,54.1,"-0,90 (-1,64%)",5300,0.28,0,0.0,0,0.0,52.1,54.2,52.1
DHA,25/09/2026,55.0,55.0,"+1,50 (+2,80%)",39600,2.18,0,0.0,0,0.0,54.9,55.0,53.6
DHA,24/09/2026,53.5,53.5,"-0,50 (-0,93%)",25100,1.37,0,0.0,0,0.0,55.3,55.3,53.5
DHA,23/09/2026,54.0,54.0,"+1,00 (+1,89%)",7800,0.42,0,0.0,0,0.0,53.1,54.0,53.1
DHA,22/09/2026,53.0,53.0,"-0,67 (-1,25%)",12000,0.64,0,0.0,0,0.0,53.2,54.0,53.0
DHA,21/09/2026,53.7,53.7,"+2,53 (+4,94%)",14900,0.79,0,0.0,0,0.0,53.9,53.9,52.1
DHA,18/09/2026,51.2,51.2,"-2,47 (-4,60%)",31300,1.69,0,0.0,0,0.0,54.0,55.2,51.2
DHA,17/09/2026,53.7,53.7,"-0,80 (-1,47%)",9300,0.5,0,0.0,0,0.0,54.0,54.5,53.7
DHA,16/09/2026,54.5,54.5,"+2,33 (+4,47%)",65500,3.51,0,0.0,0,0.0,52.8,54.5,52.1
DHA,15/09/2026,52.2,52.2,"+0,20 (+0,38%)",9200,0.48,0,0.0,0,0.0,52.0,52.6,51.9
DHA,14/09/2026,52.0,52.0,"0 (0,00%)",9600,0.5,0,0.0,0,0.0,51.8,52.0,51.8
DHA,11/09/2026,52.0,52.0,"0 (0,00%)",18900,0.98,0,0.0,0,0.0,52.0,52.0,51.9
DHA,10/09/2026,52.0,52.0,"+0,10 (+0,19%)",14000,0.73,0,0.0,0,0.0,51.9,52.8,51.9
DHA,09/09/2026,51.9,51.9,"+0,82 (+1,61%)",67700,3.5,0,0.0,0,0.0,50.0,52.1,50.0
DHC,06/10/2026,39.5,39.5,"+0,95 (+2,46%)",657800,25.72,0,0.0,0,0.0,38.8,39.5,38.35
DHC,05/10/2026,38.55,38.55,"+0,55 (+1,45%)",223700,8.52,0,0.0,0,0.0,38.1,38.55,37.7
DHC,02/10/2026,39.0,38.0,"-0,05 (-0,13%)",391700,15.46,0,0.0,0,0.0,39.0,39.9,38.9
DHC,01/10/2026,39.05,38.05,"-0,60 (-1,51%)",301200,11.88,0,0.0,0,0.0,39.65,39.8,39.05
DHC,30/09/2026,39.65,38.64,"-0,25 (-0,63%)",441300,17.38,0,0.0,0,0.0,40.0,40.0,39.0
DHC,29/09/2026,39.9,38.88,"+1,20 (+3,10%)",612600,24.07,0,0.0,0,0.0,38.7,39.95,38.7
DHC,28/09/2026,38.7,37.71,"-0,30 (-0,77%)",370600,14.31,0,0.0,0,0.0,39.0,39.35,37.9
DHC,25/09/2026,39.0,38.0,"+0,20 (+0,52%)",214800,8.31,0,0.0,0,0.0,38.8,39.25,38.1
DHC,24/09/2026,38.8,37.81,"0 (0,00%)",690700,26.93,0,0.0,0,0.0,38.8,39.25,38.65
DHC,23/09/2026,38.8,37.81,"+1,70 (+4,58%)",774800,29.58,0,0.0,0,0.0,37.3,39.15,36.8
DHC,22/09/2026,37.1,36.15,"+0,70 (+1,92%)",331100,12.19,0,0.0,0,0.0,36.4,37.1,36.15
DHC,21/09/2026,36.4,35.47,"-0,15 (-0,41%)",157900,5.72,0,0.0,0,0.0,36.55,36.75,36.05
DHC,18/09/2026,36.55,35.61,"+0,75 (+2,09%)",260100,9.44,0,0.0,0,0.0,36.25,36.75,35.8
DHC,17/09/2026,35.8,34.88,"-0,20 (-0,56%)",356800,12.81,100000,3.45,100000,3.45,36.3,36.35,35.55
DHC,16/09/2026,36.0,35.08,"-1,10 (-2,96%)",477200,17.35,0,0.0,0,0.0,37.35,37.35,35.9
DHC,15/09/2026,37.1,36.15,"+0,60 (+1,64%)",955200,35.51,0,0.0,0,0.0,36.7,37.6,36.45
DHC,14/09/2026,36.5,35.57,"+0,75 (+2,10%)",461200,16.56,0,0.0,0,0.0,35.75,36.5,35.45
DHC,11/09/2026,35.75,34.83,"-0,85 (-2,32%)",525300,18.87,0,0.0,0,0.0,36.6,36.6,35.6
DHC,10/09/2026,36.6,35.66,"+0,30 (+0,83%)",320000,11.65,0,0.0,0,0.0,36.55,36.9,36.05
DHC,09/09/2026,36.3,35.37,"+0,10 (+0,28%)",708600,26.05,0,0.0,0,0.0,36.2,37.3,35.9
DHG,06/10/2026,89.5,89.5,"-0,10 (-0,11%)",5900,0.53,0,0.0,0,0.0,89.6,89.6,89.1
DHG,05/10/2026,89.6,89.6,"+0,20 (+0,22%)",4700,0.42,0,0.0,0,0.0,89.6,90.5,89.4
DHG,02/10/2026,89.4,89.4,"-0,10 (-0,11%)",8500,0.76,0,0.0,0,0.0,89.7,89.7,89.2
DHG,01/10/2026,89.5,89.5,"-0,40 (-0,44%)",6100,0.55,0,0.0,0,0.0,90.0,90.0,89.5
DHG,30/09/2026,89.9,89.9,"+0,20 (+0,22%)",4500,0.4,0,0.0,0,0.0,89.7,90.1,89.7
DHG,29/09/2026,89.7,89.7,"-0,30 (-0,33%)",6700,0.6,0,0.0,0,0.0,89.9,90.0,89.7
DHG,28/09/2026,90.0,90.0,"-0,10 (-0,11%)",5200,0.47,0,0.0,0,0.0,90.1,90.5,89.9
DHG,25/09/2026,90.1,90.1,"-0,20 (-0,22%)",2500,0.23,0,0.0,0,0.0,90.2,90.3,90.1
DHG,24/09/2026,90.3,90.3,"-0,30 (-0,33%)",1400,0.13,0,0.0,0,0.0,90.6,90.6,90.1
DHG,23/09/2026,90.6,90.6,"+0,10 (+0,11%)",6300,0.57,0,0.0,0,0.0,90.1,90.9,90.1
DHG,22/09/2026,90.5,90.5,"0 (0,00%)",5200,0.47,0,0.0,0,0.0,90.5,90.6,90.0
DHG,21/09/2026,90.5,90.5,"0 (0,00%)",5700,0.52,0,0.0,0,0.0,90.7,90.7,90.1
DHG,18/09/2026,90.5,90.5,"+0,50 (+0,56%)",4300,0.39,0,0.0,0,0.0,90.5,90.5,90.0
DHG,17/09/2026,90.0,90.0,"-0,10 (-0,11%)",10300,0.93,0,0.0,0,0.0,90.1,90.8,89.9
DHG,16/09/2026,90.1,90.1,"-0,40 (-0,44%)",6200,0.56,0,0.0,0,0.0,90.5,90.5,90.1
DHG,15/09/2026,90.5,90.5,"+0,40 (+0,44%)",12200,1.1,0,0.0,0,0.0,90.5,90.8,89.6
DHG,14/09/2026,90.1,90.1,"-0,40 (-0,44%)",7600,0.69,0,0.0,0,0.0,89.7,91.1,89.7
DHG,11/09/2026,95.5,90.5,"-0,30 (-0,31%)",12600,1.2,0,0.0,0,0.0,95.9,95.9,95.3
DHG,10/09/2026,95.8,90.78,"+0,10 (+0,10%)",5800,0.56,0,0.0,0,0.0,95.7,95.9,95.4
DHG,09/09/2026,95.7,90.69,"+0,20 (+0,21%)",7900,0.75,0,0.0,0,0.0,95.7,95.8,95.0
DHM,06/10/2026,6.88,6.88,"0 (0,00%)",0,0.0,0,0.0,0,0.0,6.88,6.88,6.88
DHM,05/10/2026,6.88,6.88,"+0,21 (+3,15%)",4300,0.03,0,0.0,0,0.0,6.88,6.88,6.45
DHM,02/10/2026,6.67,6.67,"-0,03 (-0,45%)",4700,0.03,0,0.0,0,0.0,6.7,6.7,6.3
DHM,01/10/2026,6.7,6.7,"+0,06 (+0,90%)",5700,0.04,0,0.0,0,0.0,6.64,6.7,6.64
DHM,30/09/2026,6.64,6.64,"0 (0,00%)",600,0.0,0,0.0,0,0.0,6.63,6.64,6.63
DHM,29/09/2026,6.64,6.64,"-0,10 (-1,48%)",3300,0.02,0,0.0,0,0.0,6.69,6.69,6.4
DHM,28/09/2026,6.74,6.74,"-0,05 (-0,74%)",12000,0.08,0,0.0,0,0.0,6.79,6.79,6.4
DHM,25/09/2026,6.79,6.79,"+0,23 (+3,51%)",8700,0.06,0,0.0,0,0.0,6.55,6.79,6.47
DHM,24/09/2026,6.56,6.56,"-0,29 (-4,23%)",4300,0.03,0,0.0,0,0.0,6.86,6.86,6.55
DHM,23/09/2026,6.85,6.85,"-0,04 (-0,58%)",1300,0.01,0,0.0,0,0.0,6.88,6.88,6.6
DHM,22/09/2026,6.89,6.89,"0 (0,00%)",100,0.0,0,0.0,0,0.0,6.89,6.89,6.89
DHM,21/09/2026,6.89,6.89,"-0,01 (-0,14%)",2800,0.02,0,0.0,0,0.0,6.9,6.9,6.55
DHM,18/09/2026,6.9,6.9,"-0,02 (-0,29%)",8000,0.05,0,0.0,0,0.0,6.91,6.91,6.52
DHM,17/09/2026,6.92,6.92,"-0,02 (-0,29%)",18000,0.12,0,0.0,0,0.0,6.94,6.94,6.5
DHM,16/09/2026,6.94,6.94,"-0,01 (-0,14%)",6100,0.04,260000,1.81,260000,1.81,6.6,6.94,6.6
DHM,15/09/2026,6.95,6.95,"-0,04 (-0,57%)",10100,0.07,0,0.0,0,0.0,6.99,6.99,6.51
DHM,14/09/2026,6.99,6.99,"0 (0,00%)",6200,0.04,420000,2.94,420000,2.94,6.85,7.0,6.8
DHM,11/09/2026,6.99,6.99,"+0,01 (+0,14%)",10000,0.07,0,0.0,0,0.0,6.98,7.04,6.8
DHM,10/09/2026,6.98,6.98,"-0,01 (-0,14%)",2100,0.01,0,0.0,0,0.0,6.98,6.98,6.98
DHM,09/09/2026,6.99,6.99,"-0,01 (-0,14%)",100,0.0,0,0.0,0,0.0,6.99,6.99,6.99
DIG,06/10/2026,9.3,9.3,"+0,28 (+3,10%)",7969600,71.67,0,0.0,0,0.0,9.0,9.4,8.71
DIG,05/10/2026,9.02,9.02,"-0,23 (-2,49%)",2793500,25.65,0,0.0,0,0.0,9.22,9.35,9.02
DIG,02/10/2026,9.25,9.25,"-0,29 (-3,04%)",3194500,29.79,0,0.0,0,0.0,9.53,9.53,9.25
DIG,01/10/2026,9.55,9.55,"0 (0,00%)",2761500,26.21,0,0.0,0,0.0,9.7,9.7,9.34
DIG,30/09/2026,9.57,9.57,"+0,06 (+0,63%)",2702400,25.97,0,0.0,0,0.0,9.6,9.72,9.56
DIG,29/09/2026,9.53,9.53,"+0,30 (+3,25%)",4322700,41.11,0,0.0,0,0.0,9.23,9.87,9.21
DIG,28/09/2026,9.23,9.23,"-0,40 (-4,15%)",5574800,51.86,0,0.0,0,0.0,9.6,9.61,9.17
DIG,25/09/2026,9.63,9.63,"-0,19 (-1,93%)",4131500,39.97,0,0.0,0,0.0,9.87,9.87,9.55
DIG,24/09/2026,9.83,9.83,"-0,10 (-1,01%)",2714800,26.87,0,0.0,0,0.0,9.94,9.98,9.83
DIG,23/09/2026,9.95,9.95,"-0,15 (-1,49%)",2743100,27.44,0,0.0,0,0.0,10.15,10.2,9.95
DIG,22/09/2026,10.1,10.1,"0 (0,00%)",1838000,18.6,0,0.0,0,0.0,10.05,10.25,10.0
DIG,21/09/2026,10.1,10.1,"-0,10 (-0,98%)",2426100,24.71,0,0.0,0,0.0,10.2,10.3,10.05
DIG,18/09/2026,10.2,10.2,"+0,10 (+0,99%)",3009000,30.49,0,0.0,0,0.0,10.1,10.2,10.05
DIG,17/09/2026,10.1,10.1,"+0,12 (+1,20%)",3108900,31.49,0,0.0,0,0.0,9.9,10.3,9.87
DIG,16/09/2026,9.99,9.99,"-0,01 (-0,10%)",1546000,15.4,61600,0.62,61600,0.62,9.96,10.0,9.92
DIG,15/09/2026,10.0,10.0,"0 (0,00%)",2291000,22.88,0,0.0,0,0.0,9.95,10.1,9.94
DIG,14/09/2026,10.0,10.0,"-0,05 (-0,50%)",3817800,38.06,0,0.0,0,0.0,9.94,10.1,9.85
DIG,11/09/2026,10.05,10.05,"-0,19 (-1,85%)",5101700,51.19,0,0.0,0,0.0,10.2,10.2,9.97
DIG,10/09/2026,10.25,10.25,"+0,01 (+0,10%)",1832100,18.67,0,0.0,0,0.0,10.25,10.25,10.1
DIG,09/09/2026,10.25,10.25,"+0,01 (+0,10%)",4080000,41.53,0,0.0,0,0.0,10.25,10.25,10.1
DLG,06/10/2026,1.95,1.95,"-0,03 (-1,52%)",732600,1.41,0,0.0,0,0.0,1.96,1.98,1.9
DLG,05/10/2026,1.98,1.98,"-0,01 (-0,50%)",320900,0.64,0,0.0,0,0.0,1.99,2.02,1.97
DLG,02/10/2026,1.99,1.99,"-0,01 (-0,50%)",556200,1.11,0,0.0,0,0.0,1.97,2.0,1.97
DLG,01/10/2026,2.0,2.0,"+0,01 (+0,50%)",495300,0.99,0,0.0,0,0.0,2.01,2.02,1.98
DLG,30/09/2026,1.99,1.99,"0 (0,00%)",262300,0.53,0,0.0,0,0.0,2.0,2.03,1.99
DLG,29/09/2026,1.99,1.99,"0 (0,00%)",198600,0.4,0,0.0,0,0.0,1.99,2.03,1.99
DLG,28/09/2026,1.99,1.99,"-0,04 (-1,97%)",494400,0.99,0,0.0,0,0.0,2.03,2.06,1.98
DLG,25/09/2026,2.03,2.03,"+0,03 (+1,50%)",604900,1.21,0,0.0,0,0.0,2.0,2.1,1.98
DLG,24/09/2026,2.0,2.0,"-0,02 (-0,99%)",435900,0.87,0,0.0,0,0.0,2.02,2.02,1.98
DLG,23/09/2026,2.02,2.02,"-0,01 (-0,49%)",307200,0.62,0,0.0,0,0.0,2.03,2.03,2.0
DLG,22/09/2026,2.03,2.03,"+0,05 (+2,53%)",659300,1.33,0,0.0,0,0.0,2.0,2.04,1.99
DLG,21/09/2026,1.98,1.98,"-0,07 (-3,41%)",742100,1.49,0,0.0,0,0.0,2.05,2.05,1.98
DLG,18/09/2026,2.05,2.05,"+0,03 (+1,49%)",395700,0.81,0,0.0,0,0.0,2.05,2.06,2.01
DLG,17/09/2026,2.02,2.02,"+0,01 (+0,50%)",603000,1.21,0,0.0,0,0.0,2.01,2.03,2.0
DLG,16/09/2026,2.01,2.01,"-0,02 (-0,99%)",564600,1.14,0,0.0,0,0.0,2.03,2.05,2.0
DLG,15/09/2026,2.03,2.03,"+0,01 (+0,50%)",507900,1.03,0,0.0,0,0.0,2.02,2.07,2.01
DLG,14/09/2026,2.02,2.02,"-0,08 (-3,81%)",611600,1.23,2080500,4.37,2080500,4.37,1.98,2.08,1.98
DLG,11/09/2026,2.1,2.1,"-0,04 (-1,87%)",344000,0.72,0,0.0,0,0.0,2.14,2.14,2.09
DLG,10/09/2026,2.14,2.14,"-0,01 (-0,47%)",555500,1.18,0,0.0,0,0.0,2.15,2.15,2.1
DLG,09/09/2026,2.15,2.15,"-0,01 (-0,46%)",467600,1.01,0,0.0,0,0.0,2.19,2.2,2.12
DMC,06/10/2026,53.5,53.5,"-1,80 (-3,25%)",3200,0.17,0,0.0,0,0.0,54.1,54.1,53.5
DMC,05/10/2026,55.3,55.3,"+0,50 (+0,91%)",900,0.05,0,0.0,0,0.0,53.9,55.3,53.6
DMC,02/10/2026,54.8,54.8,"-1,70 (-3,01%)",600,0.03,0,0.0,0,0.0,55.8,55.8,54.8
DMC,01/10/2026,56.5,56.5,"-0,70 (-1,22%)",400,0.02,0,0.0,0,0.0,55.8,56.5,55.8
DMC,30/09/2026,57.2,57.2,"0 (0,00%)",0,0.0,0,0.0,0,0.0,57.2,57.2,57.2
DMC,29/09/2026,57.2,57.2,"-0,30 (-0,52%)",200,0.01,0,0.0,0,0.0,55.8,57.2,55.8
DMC,28/09/2026,57.5,57.5,"-0,50 (-0,86%)",100,0.01,0,0.0,0,0.0,57.5,57.5,57.5
DMC,25/09/2026,58.0,58.0,"+2,70 (+4,88%)",200,0.01,0,0.0,0,0.0,58.0,58.0,58.0
DMC,24/09/2026,55.3,55.3,"0 (0,00%)",0,0.0,0,0.0,0,0.0,55.3,55.3,55.3
DMC,23/09/2026,55.3,55.3,"-3,20 (-5,47%)",400,0.02,0,0.0,0,0.0,55.3,55.3,55.3
DMC,22/09/2026,58.5,58.5,"+3,00 (+5,41%)",2200,0.13,0,0.0,0,0.0,58.4,58.5,58.4
DMC,21/09/2026,55.5,55.5,"-2,40 (-4,15%)",200,0.01,0,0.0,0,0.0,55.5,55.5,55.5
DMC,18/09/2026,57.9,57.9,"+3,40 (+6,24%)",300,0.02,0,0.0,0,0.0,58.0,58.0,57.9
DMC,17/09/2026,54.5,54.5,"0 (0,00%)",0,0.0,0,0.0,0,0.0,54.5,54.5,54.5
DMC,16/09/2026,54.5,54.5,"-3,00 (-5,22%)",2700,0.15,0,0.0,0,0.0,55.5,55.5,54.5
DMC,15/09/2026,57.5,57.5,"-0,50 (-0,86%)",500,0.03,0,0.0,0,0.0,57.5,57.5,57.5
DMC,14/09/2026,58.0,58.0,"+0,50 (+0,87%)",1100,0.06,0,0.0,0,0.0,57.0,58.0,54.0
DMC,11/09/2026,60.0,57.5,"0 (0,00%)",0,0.0,0,0.0,0,0.0,60.0,60.0,60.0
DMC,10/09/2026,60.0,57.5,"+0,40 (+0,67%)",2800,0.17,0,0.0,0,0.0,59.6,60.0,59.6
DMC,09/09/2026,59.6,57.11,"-0,10 (-0,17%)",400,0.02,0,0.0,0,0.0,59.7,59.7,59.6
DPG,06/10/2026,26.3,26.3,"+0,20 (+0,77%)",221700,5.79,0,0.0,0,0.0,25.7,26.5,25.7
DPG,05/10/2026,26.1,26.1,"+0,20 (+0,77%)",253100,6.57,0,0.0,0,0.0,25.9,26.1,25.75
DPG,02/10/2026,25.9,25.9,"-0,70 (-2,63%)",320700,8.34,0,0.0,0,0.0,26.7,26.7,25.8
DPG,01/10/2026,26.6,26.6,"-0,80 (-2,92%)",364100,9.75,0,0.0,0,0.0,27.1,27.4,26.5
DPG,30/09/2026,27.4,27.4,"-0,10 (-0,36%)",227400,6.23,0,0.0,0,0.0,27.35,27.65,27.2
DPG,29/09/2026,27.5,27.5,"-0,30 (-1,08%)",177900,4.87,0,0.0,0,0.0,27.5,27.65,27.1
DPG,28/09/2026,27.8,27.8,"-0,20 (-0,71%)",538300,14.7,0,0.0,0,0.0,28.05,28.05,26.8
DPG,25/09/2026,28.0,28.0,"+0,10 (+0,36%)",258700,7.21,0,0.0,0,0.0,27.95,28.0,27.6
DPG,24/09/2026,27.9,27.9,"0 (0,00%)",324500,9.01,0,0.0,0,0.0,28.0,28.0,27.5
DPG,23/09/2026,27.9,27.9,"+0,70 (+2,57%)",531200,14.81,0,0.0,0,0.0,27.25,28.35,27.25
DPG,22/09/2026,27.2,27.2,"+0,40 (+1,49%)",157800,4.27,0,0.0,0,0.0,26.8,27.3,26.6
DPG,21/09/2026,26.8,26.8,"-0,30 (-1,11%)",235600,6.31,0,0.0,0,0.0,27.15,27.15,26.65
DPG,18/09/2026,27.1,27.1,"-0,35 (-1,28%)",354600,9.6,0,0.0,0,0.0,27.75,27.75,26.8
DPG,17/09/2026,27.45,27.45,"+0,25 (+0,92%)",317400,8.66,0,0.0,0,0.0,27.0,27.6,26.8
DPG,16/09/2026,27.2,27.2,"0 (0,00%)",255600,6.88,0,0.0,0,0.0,27.2,27.35,26.7
DPG,15/09/2026,27.2,27.2,"+0,20 (+0,74%)",184200,4.98,0,0.0,0,0.0,26.55,27.2,26.55
DPG,14/09/2026,27.0,27.0,"-0,05 (-0,18%)",304400,8.13,0,0.0,0,0.0,26.75,27.0,26.4
DPG,11/09/2026,27.05,27.05,"-0,65 (-2,35%)",264800,7.17,0,0.0,0,0.0,27.85,27.85,26.9
DPG,10/09/2026,27.7,27.7,"-0,05 (-0,18%)",198000,5.45,0,0.0,0,0.0,27.75,27.95,27.2
DPG,09/09/2026,27.75,27.75,"-0,85 (-2,97%)",388200,10.83,0,0.0,0,0.0,28.5,28.5,27.6
DPM,06/10/2026,21.65,21.65,"+0,05 (+0,23%)",3181900,68.03,0,0.0,0,0.0,21.6,21.85,21.0
DPM,05/10/2026,21.6,21.6,"-0,25 (-1,14%)",1984200,43.14,0,0.0,0,0.0,21.75,21.95,21.6
DPM,02/10/2026,21.85,21.85,"-0,55 (-2,46%)",4266800,94.29,0,0.0,0,0.0,22.45,22.5,21.85
DPM,01/10/2026,22.4,22.4,"0 (0,00%)",2247700,50.59,0,0.0,0,0.0,22.45,22.75,22.35
DPM,30/09/2026,22.4,22.4,"-0,60 (-2,61%)",2592600,58.83,0,0.0,0,0.0,23.0,23.05,22.4
DPM,29/09/2026,23.0,23.0,"+0,10 (+0,44%)",3289900,75.5,0,0.0,0,0.0,22.95,23.1,22.75
DPM,28/09/2026,22.9,22.9,"+0,30 (+1,33%)",3629700,81.54,0,0.0,0,0.0,22.65,22.9,22.15
DPM,25/09/2026,22.6,22.6,"-0,10 (-0,44%)",3281800,74.79,0,0.0,0,0.0,22.75,23.05,22.6
DPM,24/09/2026,22.7,22.7,"-0,40 (-1,73%)",3141500,72.07,0,0.0,0,0.0,23.15,23.2,22.7
DPM,23/09/2026,23.1,23.1,"+0,20 (+0,87%)",3859600,88.63,0,0.0,0,0.0,22.85,23.25,22.75
DPM,22/09/2026,22.9,22.9,"+0,10 (+0,44%)",1889900,43.2,0,0.0,0,0.0,22.8,23.05,22.65
DPM,21/09/2026,22.8,22.8,"-0,05 (-0,22%)",2889100,66.1,0,0.0,0,0.0,23.0,23.1,22.65
DPM,18/09/2026,22.85,22.85,"-0,05 (-0,22%)",3176500,72.76,0,0.0,0,0.0,23.1,23.1,22.75
DPM,17/09/2026,22.9,22.9,"-0,10 (-0,43%)",4300700,98.25,0,0.0,0,0.0,22.9,23.1,22.65
DPM,16/09/2026,23.0,23.0,"-0,05 (-0,22%)",6232700,145.16,0,0.0,0,0.0,23.15,23.75,22.95
DPM,15/09/2026,23.05,23.05,"+1,00 (+4,54%)",5203800,118.56,0,0.0,0,0.0,22.15,23.2,22.1
DPM,14/09/2026,22.05,22.05,"-0,35 (-1,56%)",3459700,76.75,0,0.0,0,0.0,22.1,22.6,21.8
DPM,11/09/2026,22.4,22.4,"-0,20 (-0,88%)",4268600,97.41,0,0.0,0,0.0,22.8,23.15,22.35
DPM,10/09/2026,22.6,22.6,"-0,20 (-0,88%)",2681800,61.12,0,0.0,0,0.0,22.9,23.05,22.55
DPM,09/09/2026,22.8,22.8,"-0,05 (-0,22%)",3238600,74.37,0,0.0,0,0.0,23.0,23.2,22.75
DPR,06/10/2026,37.6,37.6,"-0,45 (-1,18%)",819400,30.89,0,0.0,0,0.0,38.25,38.5,37.25
DPR,05/10/2026,38.05,38.05,"-0,10 (-0,26%)",232600,8.89,0,0.0,0,0.0,38.4,38.5,38.05
DPR,02/10/2026,38.15,38.15,"-0,30 (-0,78%)",681000,26.27,0,0.0,0,0.0,38.5,39.1,38.05
DPR,01/10/2026,38.45,38.45,"-0,15 (-0,39%)",407400,15.75,0,0.0,0,0.0,38.7,39.05,38.3
DPR,30/09/2026,38.6,38.6,"-0,15 (-0,39%)",998300,39.15,0,0.0,0,0.0,39.0,39.8,38.6
DPR,29/09/2026,38.75,38.75,"+1,20 (+3,20%)",1133800,43.35,0,0.0,0,0.0,37.65,38.75,37.5
DPR,28/09/2026,37.55,37.55,"-0,35 (-0,92%)",321600,12.09,0,0.0,0,0.0,38.15,38.2,37.3
DPR,25/09/2026,37.9,37.9,"-0,80 (-2,07%)",631000,24.22,0,0.0,0,0.0,38.5,39.25,37.85
DPR,24/09/2026,38.7,38.7,"+0,25 (+0,65%)",386200,15.04,0,0.0,0,0.0,38.45,39.4,38.4
DPR,23/09/2026,38.45,38.45,"+0,85 (+2,26%)",511400,19.69,0,0.0,0,0.0,38.15,38.7,38.15
DPR,22/09/2026,37.6,37.6,"+0,10 (+0,27%)",131300,4.92,0,0.0,0,0.0,37.55,37.85,37.2
DPR,21/09/2026,37.5,37.5,"-0,35 (-0,92%)",159600,6.02,0,0.0,0,0.0,38.0,38.0,37.5
DPR,18/09/2026,37.85,37.85,"-0,10 (-0,26%)",142300,5.39,0,0.0,0,0.0,37.95,38.2,37.75
DPR,17/09/2026,37.95,37.95,"-0,15 (-0,39%)",120600,4.59,305000,11.42,305000,11.42,38.5,38.5,37.9
DPR,16/09/2026,38.1,38.1,"+0,35 (+0,93%)",299700,11.45,0,0.0,0,0.0,37.65,38.75,37.65
DPR,15/09/2026,37.75,37.75,"+0,75 (+2,03%)",211700,7.93,305000,11.44,305000,11.44,37.15,37.9,37.0
DPR,14/09/2026,37.0,37.0,"-0,50 (-1,33%)",259200,9.72,0,0.0,0,0.0,37.5,38.1,37.0
DPR,11/09/2026,37.5,37.5,"-1,05 (-2,72%)",367300,13.95,0,0.0,0,0.0,37.9,38.55,37.5
DPR,10/09/2026,38.55,38.55,"+0,15 (+0,39%)",190200,7.34,0,0.0,0,0.0,38.85,39.0,38.2
DPR,09/09/2026,38.4,38.4,"+0,95 (+2,54%)",428500,16.35,0,0.0,0,0.0,37.5,38.65,37.5
DQC,06/10/2026,9.5,9.5,"-0,09 (-0,94%)",15700,0.15,0,0.0,0,0.0,9.6,9.6,9.2
DQC,05/10/2026,9.6,9.6,"+0,01 (+0,10%)",0,0.0,0,0.0,0,0.0,9.6,9.6,9.6
DQC,02/10/2026,9.6,9.6,"-0,04 (-0,41%)",5600,0.05,0,0.0,0,0.0,9.39,9.6,9.39
DQC,01/10/2026,9.66,9.66,"+0,02 (+0,21%)",0,0.0,0,0.0,0,0.0,9.66,9.66,9.66
DQC,30/09/2026,9.66,9.66,"+0,17 (+1,79%)",3800,0.04,0,0.0,0,0.0,9.5,9.66,9.5
DQC,29/09/2026,9.5,9.5,"+0,01 (+0,11%)",10200,0.1,0,0.0,0,0.0,9.5,9.5,9.5
DQC,28/09/2026,9.5,9.5,"-0,23 (-2,36%)",8800,0.08,0,0.0,0,0.0,9.75,9.75,9.5
DQC,25/09/2026,9.75,9.75,"+0,25 (+2,63%)",3900,0.04,0,0.0,0,0.0,9.78,9.78,9.49
DQC,24/09/2026,9.52,9.52,"-0,36 (-3,65%)",3300,0.03,0,0.0,0,0.0,9.85,9.85,9.51
DQC,23/09/2026,9.89,9.89,"+0,02 (+0,20%)",0,0.0,0,0.0,0,0.0,9.89,9.89,9.89
DQC,22/09/2026,9.89,9.89,"-0,08 (-0,80%)",800,0.01,0,0.0,0,0.0,9.89,9.89,9.6
DQC,21/09/2026,9.98,9.98,"+0,20 (+2,04%)",24500,0.24,0,0.0,0,0.0,9.79,10.0,9.5
DQC,18/09/2026,9.8,9.8,"+0,12 (+1,24%)",2500,0.02,0,0.0,0,0.0,9.99,9.99,9.8
DQC,17/09/2026,9.69,9.69,"0 (0,00%)",4100,0.04,0,0.0,0,0.0,9.41,9.7,9.41
DQC,16/09/2026,9.7,9.7,"+0,02 (+0,21%)",2800,0.03,0,0.0,0,0.0,9.4,9.7,9.4
DQC,15/09/2026,9.68,9.68,"+0,28 (+2,98%)",4000,0.04,0,0.0,0,0.0,9.67,9.68,9.65
DQC,14/09/2026,9.4,9.4,"0 (0,00%)",7700,0.07,0,0.0,0,0.0,9.4,9.69,9.4
DQC,11/09/2026,9.4,9.4,"+0,05 (+0,53%)",1900,0.02,0,0.0,0,0.0,9.4,9.4,9.4
DQC,10/09/2026,9.35,9.35,"-0,29 (-3,01%)",8200,0.08,0,0.0,0,0.0,9.64,9.64,9.35
DQC,09/09/2026,9.66,9.66,"-0,03 (-0,31%)",4300,0.04,0,0.0,0,0.0,9.69,9.7,9.52
DRC,06/10/2026,9.78,9.78,"+0,01 (+0,10%)",141000,1.38,0,0.0,0,0.0,9.78,9.85,9.65
DRC,05/10/2026,9.78,9.78,"+0,05 (+0,51%)",63000,0.62,40000,0.36,40000,0.36,9.8,9.87,9.75
DRC,02/10/2026,9.74,9.74,"-0,14 (-1,42%)",74700,0.74,0,0.0,0,0.0,9.88,9.95,9.74
DRC,01/10/2026,9.9,9.9,"+0,04 (+0,41%)",35900,0.35,0,0.0,0,0.0,9.97,9.97,9.84
DRC,30/09/2026,9.87,9.87,"-0,01 (-0,10%)",56400,0.56,0,0.0,0,0.0,9.96,9.96,9.8
DRC,29/09/2026,9.89,9.89,"+0,12 (+1,23%)",85500,0.85,0,0.0,0,0.0,9.76,9.99,9.76
DRC,28/09/2026,9.77,9.77,"-0,11 (-1,11%)",208000,2.03,0,0.0,0,0.0,9.95,10.0,9.67
DRC,25/09/2026,9.89,9.89,"-0,16 (-1,59%)",278600,2.76,0,0.0,0,0.0,10.05,10.1,9.89
DRC,24/09/2026,10.05,10.05,"0 (0,00%)",61200,0.61,0,0.0,0,0.0,10.05,10.1,9.99
DRC,23/09/2026,10.05,10.05,"-0,09 (-0,89%)",79500,0.8,0,0.0,0,0.0,10.15,10.2,10.0
DRC,22/09/2026,10.15,10.15,"+0,10 (+1,00%)",107500,1.08,0,0.0,0,0.0,10.15,10.15,10.0
DRC,21/09/2026,10.05,10.05,"0 (0,00%)",151200,1.53,0,0.0,0,0.0,10.05,10.35,10.0
DRC,18/09/2026,10.05,10.05,"+0,05 (+0,50%)",87600,0.88,0,0.0,0,0.0,10.0,10.05,9.98
DRC,17/09/2026,10.0,10.0,"0 (0,00%)",182900,1.83,0,0.0,0,0.0,9.92,10.05,9.92
DRC,16/09/2026,10.0,10.0,"+0,12 (+1,21%)",150500,1.5,0,0.0,0,0.0,9.85,10.1,9.85
DRC,15/09/2026,9.9,9.9,"+0,12 (+1,23%)",119000,1.17,0,0.0,0,0.0,9.78,9.9,9.78
DRC,14/09/2026,9.8,9.8,"-0,11 (-1,11%)",190000,1.88,0,0.0,0,0.0,9.91,9.99,9.8
DRC,11/09/2026,9.92,9.92,"-0,13 (-1,29%)",211600,2.11,0,0.0,0,0.0,10.05,10.05,9.92
DRC,10/09/2026,10.05,10.05,"+0,05 (+0,50%)",58200,0.58,0,0.0,0,0.0,10.05,10.05,9.99
DRC,09/09/2026,10.0,10.0,"-0,10 (-0,99%)",341800,3.42,0,0.0,0,0.0,10.1,10.2,9.99
DRH,06/10/2026,1.31,1.31,"-0,09 (-6,43%)",354900,0.46,0,0.0,0,0.0,1.31,1.31,1.31
DRH,05/10/2026,1.4,1.4,"-0,10 (-6,67%)",283700,0.41,0,0.0,0,0.0,1.41,1.5,1.4
DRH,02/10/2026,1.5,1.5,"0 (0,00%)",162200,0.24,0,0.0,0,0.0,1.51,1.56,1.49
DRH,01/10/2026,1.5,1.5,"-0,07 (-4,46%)",112400,0.17,0,0.0,0,0.0,1.57,1.57,1.5
DRH,30/09/2026,1.57,1.57,"-0,01 (-0,63%)",245300,0.39,0,0.0,0,0.0,1.58,1.58,1.55
DRH,29/09/2026,1.58,1.58,"-0,01 (-0,63%)",335200,0.52,0,0.0,0,0.0,1.5,1.61,1.5
DRH,28/09/2026,1.59,1.59,"-0,03 (-1,85%)",118700,0.19,0,0.0,0,0.0,1.68,1.68,1.59
DRH,25/09/2026,1.62,1.62,"-0,01 (-0,61%)",80600,0.13,0,0.0,0,0.0,1.63,1.65,1.61
DRH,24/09/2026,1.63,1.63,"0 (0,00%)",51400,0.08,0,0.0,0,0.0,1.61,1.63,1.6
DRH,23/09/2026,1.63,1.63,"0 (0,00%)",44300,0.07,0,0.0,0,0.0,1.64,1.64,1.62
DRH,22/09/2026,1.63,1.63,"-0,02 (-1,21%)",80200,0.13,0,0.0,0,0.0,1.65,1.66,1.62
DRH,21/09/2026,1.65,1.65,"-0,01 (-0,60%)",30600,0.05,0,0.0,0,0.0,1.7,1.7,1.65
DRH,18/09/2026,1.66,1.66,"-0,01 (-0,60%)",109900,0.18,0,0.0,0,0.0,1.68,1.7,1.66
DRH,17/09/2026,1.67,1.67,"-0,03 (-1,76%)",153400,0.25,0,0.0,0,0.0,1.69,1.69,1.64
DRH,16/09/2026,1.7,1.7,"+0,02 (+1,19%)",193400,0.32,0,0.0,0,0.0,1.75,1.75,1.64
DRH,15/09/2026,1.68,1.68,"+0,08 (+5,00%)",126700,0.21,0,0.0,0,0.0,1.6,1.71,1.6
DRH,14/09/2026,1.6,1.6,"-0,07 (-4,19%)",158100,0.25,0,0.0,0,0.0,1.68,1.68,1.59
DRH,11/09/2026,1.67,1.67,"-0,01 (-0,60%)",130300,0.22,0,0.0,0,0.0,1.69,1.69,1.65
DRH,10/09/2026,1.68,1.68,"-0,02 (-1,18%)",72900,0.12,0,0.0,0,0.0,1.74,1.74,1.68
DRH,09/09/2026,1.7,1.7,"+0,05 (+3,03%)",54300,0.09,0,0.0,0,0.0,1.72,1.72,1.67
DRL,06/10/2026,42.9,42.9,"-0,05 (-0,12%)",3200,0.14,0,0.0,0,0.0,43.0,43.0,42.9
DRL,05/10/2026,42.95,42.95,"+0,25 (+0,59%)",6100,0.26,0,0.0,0,0.0,42.7,43.15,42.5
DRL,02/10/2026,42.7,42.7,"-0,20 (-0,47%)",3600,0.15,0,0.0,0,0.0,42.5,42.7,42.5
DRL,01/10/2026,42.9,42.9,"0 (0,00%)",7200,0.31,0,0.0,0,0.0,42.9,43.1,42.9
DRL,30/09/2026,42.9,42.9,"+0,30 (+0,70%)",7800,0.33,0,0.0,0,0.0,42.7,43.0,42.7
DRL,29/09/2026,42.6,42.6,"-0,30 (-0,70%)",1800,0.08,0,0.0,0,0.0,42.8,42.9,42.3
DRL,28/09/2026,42.9,42.9,"0 (0,00%)",1600,0.07,0,0.0,0,0.0,42.9,43.0,42.9
DRL,25/09/2026,42.9,42.9,"0 (0,00%)",3000,0.13,0,0.0,0,0.0,42.9,42.9,42.9
DRL,24/09/2026,42.9,42.9,"+0,60 (+1,42%)",800,0.03,0,0.0,0,0.0,42.5,43.0,42.2
DRL,23/09/2026,42.3,42.3,"-0,10 (-0,24%)",2100,0.09,0,0.0,0,0.0,42.3,42.3,42.2
DRL,22/09/2026,42.4,42.4,"+0,40 (+0,95%)",600,0.03,0,0.0,0,0.0,42.5,42.5,42.2
DRL,21/09/2026,42.0,42.0,"-1,00 (-2,33%)",11600,0.49,0,0.0,0,0.0,43.0,43.0,41.8
DRL,18/09/2026,43.0,43.0,"+0,80 (+1,90%)",5000,0.22,0,0.0,0,0.0,42.2,43.95,42.2
DRL,17/09/2026,42.2,42.2,"-0,15 (-0,35%)",600,0.03,0,0.0,0,0.0,42.3,42.3,42.2
DRL,16/09/2026,42.35,42.35,"-0,05 (-0,12%)",14400,0.61,0,0.0,0,0.0,42.4,42.4,42.35
DRL,15/09/2026,42.4,42.4,"0 (0,00%)",1800,0.08,0,0.0,0,0.0,42.0,42.4,41.6
DRL,14/09/2026,42.4,42.4,"-0,10 (-0,24%)",2000,0.08,0,0.0,0,0.0,42.5,42.5,42.4
DRL,11/09/2026,42.5,42.5,"+0,90 (+2,16%)",17100,0.71,0,0.0,0,0.0,41.6,42.5,41.6
DRL,10/09/2026,41.6,41.6,"-0,05 (-0,12%)",17800,0.74,0,0.0,0,0.0,41.5,41.7,41.5
DRL,09/09/2026,41.65,41.65,"-0,35 (-0,83%)",8500,0.35,0,0.0,0,0.0,41.5,42.0,41.5
DSC,06/10/2026,9.63,9.63,"+0,13 (+1,37%)",46000,0.44,0,0.0,0,0.0,9.55,9.65,9.4
DSC,05/10/2026,9.52,9.52,"+0,06 (+0,63%)",10800,0.1,0,0.0,0,0.0,9.3,9.96,9.3
DSC,02/10/2026,9.47,9.47,"-0,39 (-3,95%)",15000,0.14,0,0.0,0,0.0,9.65,9.87,9.47
DSC,01/10/2026,9.87,9.87,"+0,13 (+1,33%)",4400,0.04,0,0.0,0,0.0,9.7,9.94,9.5
DSC,30/09/2026,9.76,9.76,"-0,10 (-1,01%)",1400,0.01,0,0.0,0,0.0,9.8,9.8,9.75
DSC,29/09/2026,9.86,9.86,"-0,06 (-0,60%)",1300,0.01,0,0.0,0,0.0,9.92,9.92,9.55
DSC,28/09/2026,9.93,9.93,"-0,03 (-0,30%)",17800,0.17,0,0.0,0,0.0,9.96,9.96,9.5
DSC,25/09/2026,9.96,9.96,"+0,18 (+1,84%)",1400,0.01,0,0.0,0,0.0,9.97,9.97,9.95
DSC,24/09/2026,9.8,9.8,"-0,20 (-2,00%)",4900,0.05,0,0.0,0,0.0,10.0,10.0,9.78
DSC,23/09/2026,10.0,10.0,"+0,04 (+0,40%)",3200,0.03,0,0.0,0,0.0,10.0,10.0,9.96
DSC,22/09/2026,9.96,9.96,"-0,23 (-2,26%)",11200,0.11,0,0.0,0,0.0,10.1,10.25,9.96
DSC,21/09/2026,10.2,10.2,"0 (0,00%)",5400,0.05,0,0.0,0,0.0,10.4,10.4,10.0
DSC,18/09/2026,10.2,10.2,"+0,05 (+0,49%)",22000,0.22,0,0.0,0,0.0,10.3,10.3,9.9
DSC,17/09/2026,10.15,10.15,"+0,05 (+0,50%)",13300,0.14,0,0.0,0,0.0,10.3,10.3,10.05
DSC,16/09/2026,10.1,10.1,"+0,22 (+2,23%)",18500,0.19,0,0.0,0,0.0,10.05,10.35,9.9
DSC,15/09/2026,9.9,9.9,"+0,18 (+1,85%)",16700,0.16,0,0.0,0,0.0,10.05,10.05,9.7
DSC,14/09/2026,9.73,9.73,"-0,27 (-2,70%)",33800,0.33,0,0.0,0,0.0,9.56,10.3,9.56
DSC,11/09/2026,10.0,10.0,"-0,29 (-2,82%)",38800,0.4,0,0.0,0,0.0,10.25,10.5,10.0
DSC,10/09/2026,10.3,10.3,"-0,18 (-1,72%)",10800,0.11,0,0.0,0,0.0,10.4,10.5,10.2
DSC,09/09/2026,10.5,10.5,"+0,16 (+1,55%)",1800,0.02,0,0.0,0,0.0,10.35,10.5,10.35
DSE,06/10/2026,21.65,21.65,"0 (0,00%)",483000,10.4,0,0.0,0,0.0,21.7,21.7,21.35
DSE,05/10/2026,21.65,21.65,"-0,10 (-0,46%)",461000,10.02,0,0.0,0,0.0,21.7,21.85,21.65
DSE,02/10/2026,21.75,21.75,"0 (0,00%)",465300,10.12,0,0.0,0,0.0,21.75,21.85,21.65
DSE,01/10/2026,21.75,21.75,"-0,05 (-0,23%)",359800,7.85,0,0.0,0,0.0,21.8,21.9,21.65
DSE,30/09/2026,21.8,21.8,"+0,05 (+0,23%)",345400,7.54,0,0.0,0,0.0,21.8,21.9,21.75
DSE,29/09/2026,21.75,21.75,"0 (0,00%)",436000,9.49,0,0.0,0,0.0,21.75,21.85,21.65
DSE,28/09/2026,21.75,21.75,"0 (0,00%)",327500,7.13,0,0.0,0,0.0,21.75,21.85,21.6
DSE,25/09/2026,21.75,21.75,"-0,25 (-1,14%)",766500,16.76,0,0.0,0,0.0,22.0,22.1,21.6
DSE,24/09/2026,22.0,22.0,"-0,10 (-0,45%)",547000,12.04,0,0.0,0,0.0,22.05,22.1,21.9
DSE,23/09/2026,22.1,22.1,"-0,15 (-0,67%)",547400,12.15,0,0.0,0,0.0,22.2,22.3,22.1
DSE,22/09/2026,22.25,22.25,"0 (0,00%)",505000,11.26,0,0.0,0,0.0,22.35,22.45,22.2
DSE,21/09/2026,22.25,22.25,"-0,25 (-1,11%)",576100,12.93,0,0.0,0,0.0,22.5,22.6,22.25
DSE,18/09/2026,22.5,22.5,"+0,10 (+0,45%)",532000,11.98,0,0.0,0,0.0,22.4,22.65,22.4
DSE,17/09/2026,22.4,22.4,"+0,30 (+1,36%)",607200,13.54,0,0.0,0,0.0,22.0,22.5,21.95
DSE,16/09/2026,22.1,22.1,"+0,10 (+0,45%)",447100,9.86,0,0.0,0,0.0,21.95,22.15,21.95
DSE,15/09/2026,22.0,22.0,"+0,25 (+1,15%)",430200,9.44,0,0.0,0,0.0,21.8,22.1,21.8
DSE,14/09/2026,21.75,21.75,"-0,05 (-0,23%)",406600,8.86,0,0.0,0,0.0,21.75,21.9,21.7
DSE,11/09/2026,21.8,21.8,"-0,50 (-2,24%)",480900,10.57,0,0.0,0,0.0,22.2,22.2,21.8
DSE,10/09/2026,22.3,22.3,"0 (0,00%)",457400,10.14,0,0.0,0,0.0,22.3,22.35,22.05
DSE,09/09/2026,22.3,22.3,"-0,15 (-0,67%)",353100,7.87,0,0.0,0,0.0,22.4,22.4,22.2
DSN,06/10/2026,36.5,36.5,"-0,30 (-0,82%)",1300,0.05,0,0.0,0,0.0,36.5,36.5,36.5
DSN,05/10/2026,36.8,36.8,"0 (0,00%)",4500,0.16,0,0.0,0,0.0,36.8,36.85,36.0
DSN,02/10/2026,36.8,36.8,"0 (0,00%)",700,0.03,0,0.0,0,0.0,36.8,36.8,36.8
DSN,01/10/2026,36.8,36.8,"-0,40 (-1,08%)",3900,0.14,0,0.0,0,0.0,37.2,37.2,36.8
DSN,30/09/2026,37.2,37.2,"+0,80 (+2,20%)",1800,0.07,0,0.0,0,0.0,36.55,37.2,36.55
DSN,29/09/2026,36.4,36.4,"-0,60 (-1,62%)",6000,0.22,0,0.0,0,0.0,37.3,37.45,36.4
DSN,28/09/2026,37.0,37.0,"-0,05 (-0,13%)",5100,0.19,0,0.0,0,0.0,37.05,37.05,37.0
DSN,25/09/2026,37.05,37.05,"-0,35 (-0,94%)",600,0.02,0,0.0,0,0.0,37.0,37.05,37.0
DSN,24/09/2026,37.4,37.4,"+0,35 (+0,94%)",1500,0.06,0,0.0,0,0.0,37.05,37.4,37.05
DSN,23/09/2026,37.05,37.05,"-0,30 (-0,80%)",400,0.01,0,0.0,0,0.0,37.05,37.1,37.05
DSN,22/09/2026,37.35,37.35,"+0,15 (+0,40%)",6900,0.26,0,0.0,0,0.0,36.8,37.5,36.8
DSN,21/09/2026,37.2,37.2,"-0,05 (-0,13%)",1300,0.05,81500,3.04,81500,3.04,37.25,37.3,37.2
DSN,18/09/2026,37.25,37.25,"-0,05 (-0,13%)",2700,0.1,0,0.0,0,0.0,36.65,37.3,36.6
DSN,17/09/2026,37.3,37.3,"+0,35 (+0,95%)",1400,0.05,0,0.0,0,0.0,37.0,37.4,37.0
DSN,16/09/2026,36.95,36.95,"+0,15 (+0,41%)",2700,0.1,0,0.0,0,0.0,36.8,36.95,36.8
DSN,15/09/2026,36.8,36.8,"+0,10 (+0,27%)",1200,0.04,0,0.0,0,0.0,36.5,36.9,36.5
DSN,14/09/2026,36.7,36.7,"0 (0,00%)",9300,0.34,0,0.0,0,0.0,36.7,36.7,36.6
DSN,11/09/2026,36.7,36.7,"0 (0,00%)",900,0.03,0,0.0,0,0.0,36.7,36.7,36.7
DSN,10/09/2026,36.7,36.7,"-0,25 (-0,68%)",2100,0.08,0,0.0,0,0.0,36.9,36.9,36.65
DSN,09/09/2026,36.95,36.95,"0 (0,00%)",6200,0.23,0,0.0,0,0.0,36.95,36.95,36.9
DTA,06/10/2026,3.44,3.44,"-0,01 (-0,29%)",33500,0.12,0,0.0,0,0.0,3.21,3.48,3.21
DTA,05/10/2026,3.45,3.45,"+0,07 (+2,07%)",6200,0.02,0,0.0,0,0.0,3.44,3.45,3.17
DTA,02/10/2026,3.38,3.38,"+0,01 (+0,30%)",11100,0.04,0,0.0,0,0.0,3.44,3.44,3.3
DTA,01/10/2026,3.37,3.37,"-0,03 (-0,88%)",300,0.0,0,0.0,0,0.0,3.2,3.37,3.2
DTA,30/09/2026,3.4,3.4,"+0,13 (+3,98%)",4500,0.01,0,0.0,0,0.0,3.25,3.49,3.25
DTA,29/09/2026,3.27,3.27,"+0,09 (+2,83%)",100,0.0,0,0.0,0,0.0,3.27,3.27,3.27
DTA,28/09/2026,3.18,3.18,"-0,02 (-0,62%)",6200,0.02,0,0.0,0,0.0,3.2,3.29,3.18
DTA,25/09/2026,3.2,3.2,"-0,09 (-2,74%)",11900,0.04,0,0.0,0,0.0,3.38,3.38,3.2
DTA,24/09/2026,3.29,3.29,"-0,24 (-6,80%)",94400,0.31,0,0.0,0,0.0,3.3,3.4,3.29
DTA,23/09/2026,3.53,3.53,"+0,11 (+3,22%)",100,0.0,0,0.0,0,0.0,3.53,3.53,3.53
DTA,22/09/2026,3.42,3.42,"+0,05 (+1,48%)",2900,0.01,0,0.0,0,0.0,3.23,3.42,3.23
DTA,21/09/2026,3.37,3.37,"-0,01 (-0,30%)",800,0.0,0,0.0,0,0.0,3.55,3.55,3.21
DTA,18/09/2026,3.38,3.38,"-0,02 (-0,59%)",4300,0.01,0,0.0,0,0.0,3.22,3.38,3.22
DTA,17/09/2026,3.4,3.4,"-0,16 (-4,49%)",12600,0.04,0,0.0,0,0.0,3.5,3.5,3.32
DTA,16/09/2026,3.56,3.56,"+0,16 (+4,71%)",100,0.0,0,0.0,0,0.0,3.56,3.56,3.56
DTA,15/09/2026,3.4,3.4,"0 (0,00%)",1000,0.0,0,0.0,0,0.0,3.42,3.42,3.2
DTA,14/09/2026,3.4,3.4,"-0,01 (-0,29%)",300,0.0,0,0.0,0,0.0,3.22,3.4,3.22
DTA,11/09/2026,3.41,3.41,"-0,07 (-2,01%)",13400,0.04,0,0.0,0,0.0,3.42,3.45,3.24
DTA,10/09/2026,3.48,3.48,"+0,13 (+3,88%)",2000,0.01,0,0.0,0,0.0,3.35,3.48,3.35
DTA,09/09/2026,3.35,3.35,"-0,05 (-1,47%)",2000,0.01,0,0.0,0,0.0,3.35,3.35,3.35
DTL,06/10/2026,11.0,11.0,"+0,05 (+0,46%)",1100,0.01,0,0.0,0,0.0,11.0,11.0,10.95
DTL,05/10/2026,10.95,10.95,"+0,05 (+0,46%)",500,0.01,0,0.0,0,0.0,10.95,10.95,10.95
DTL,02/10/2026,10.9,10.9,"0 (0,00%)",0,0.0,0,0.0,0,0.0,10.9,10.9,10.9
DTL,01/10/2026,10.9,10.9,"0 (0,00%)",0,0.0,0,0.0,0,0.0,10.9,10.9,10.9
DTL,30/09/2026,10.9,10.9,"0 (0,00%)",0,0.0,0,0.0,0,0.0,10.9,10.9,10.9
DTL,29/09/2026,10.9,10.9,"0 (0,00%)",500,0.01,0,0.0,0,0.0,10.9,10.9,10.9
DTL,28/09/2026,10.9,10.9,"+0,15 (+1,40%)",500,0.01,0,0.0,0,0.0,10.9,10.9,10.9
DTL,25/09/2026,10.75,10.75,"0 (0,00%)",0,0.0,0,0.0,0,0.0,10.75,10.75,10.75
DTL,24/09/2026,10.75,10.75,"0 (0,00%)",0,0.0,0,0.0,0,0.0,10.75,10.75,10.75
DTL,23/09/2026,10.75,10.75,"0 (0,00%)",0,0.0,0,0.0,0,0.0,10.75,10.75,10.75
DTL,22/09/2026,10.75,10.75,"0 (0,00%)",0,0.0,0,0.0,0,0.0,10.75,10.75,10.75
DTL,21/09/2026,10.75,10.75,"0 (0,00%)",500,0.01,0,0.0,0,0.0,10.75,10.75,10.75
DTL,18/09/2026,10.75,10.75,"0 (0,00%)",700,0.01,0,0.0,0,0.0,10.9,10.9,10.75
DTL,17/09/2026,10.75,10.75,"-0,15 (-1,38%)",800,0.01,0,0.0,0,0.0,10.8,10.8,10.75
DTL,16/09/2026,10.9,10.9,"0 (0,00%)",0,0.0,0,0.0,0,0.0,10.9,10.9,10.9
DTL,15/09/2026,10.9,10.9,"+0,32 (+3,02%)",200,0.0,0,0.0,0,0.0,10.9,10.9,10.9
DTL,14/09/2026,10.6,10.6,"+0,02 (+0,19%)",700,0.01,0,0.0,0,0.0,10.6,10.6,10.6
DTL,11/09/2026,10.6,10.6,"+0,02 (+0,19%)",0,0.0,0,0.0,0,0.0,10.6,10.6,10.6
DTL,10/09/2026,10.6,10.6,"+0,02 (+0,19%)",300,0.0,0,0.0,0,0.0,10.6,10.6,10.6
DTL,09/09/2026,10.6,10.6,"+0,02 (+0,19%)",500,0.01,0,0.0,0,0.0,10.6,10.65,10.6
DTT,06/10/2026,15.8,15.8,"0 (0,00%)",0,0.0,0,0.0,0,0.0,15.8,15.8,15.8
DTT,05/10/2026,15.8,15.8,"0 (0,00%)",0,0.0,0,0.0,0,0.0,15.8,15.8,15.8
DTT,02/10/2026,15.8,15.8,"0 (0,00%)",0,0.0,0,0.0,0,0.0,15.8,15.8,15.8
DTT,01/10/2026,15.8,15.8,"0 (0,00%)",0,0.0,0,0.0,0,0.0,15.8,15.8,15.8
DTT,30/09/2026,15.8,15.8,"0 (0,00%)",0,0.0,0,0.0,0,0.0,15.8,15.8,15.8
DTT,29/09/2026,15.8,15.8,"0 (0,00%)",0,0.0,0,0.0,0,0.0,15.8,15.8,15.8
DTT,28/09/2026,15.8,15.8,"0 (0,00%)",0,0.0,0,0.0,0,0.0,15.8,15.8,15.8
DTT,25/09/2026,15.8,15.8,"0 (0,00%)",100,0.0,0,0.0,0,0.0,15.8,15.8,15.8
DTT,24/09/2026,15.8,15.8,"0 (0,00%)",0,0.0,0,0.0,0,0.0,15.8,15.8,15.8
DTT,23/09/2026,15.8,15.8,"0 (0,00%)",0,0.0,0,0.0,0,0.0,15.8,15.8,15.8
DTT,22/09/2026,15.8,15.8,"0 (0,00%)",0,0.0,0,0.0,0,0.0,15.8,15.8,15.8
DTT,21/09/2026,15.8,15.8,"0 (0,00%)",0,0.0,0,0.0,0,0.0,15.8,15.8,15.8
DTT,18/09/2026,15.8,15.8,"0 (0,00%)",0,0.0,0,0.0,0,0.0,15.8,15.8,15.8
DTT,17/09/2026,15.8,15.8,"0 (0,00%)",0,0.0,0,0.0,0,0.0,15.8,15.8,15.8
DTT,16/09/2026,15.8,15.8,"0 (0,00%)",0,0.0,0,0.0,0,0.0,15.8,15.8,15.8
DTT,15/09/2026,15.8,15.8,"0 (0,00%)",0,0.0,0,0.0,0,0.0,15.8,15.8,15.8
DTT,14/09/2026,15.8,15.8,"0 (0,00%)",0,0.0,0,0.0,0,0.0,15.8,15.8,15.8
DTT,11/09/2026,15.8,15.8,"0 (0,00%)",0,0.0,0,0.0,0,0.0,15.8,15.8,15.8
DTT,10/09/2026,15.8,15.8,"0 (0,00%)",0,0.0,0,0.0,0,0.0,15.8,15.8,15.8
DTT,09/09/2026,15.8,15.8,"0 (0,00%)",0,0.0,0,0.0,0,0.0,15.8,15.8,15.8
DVP,06/10/2026,75.7,75.7,"-0,30 (-0,39%)",30500,2.33,0,0.0,0,0.0,75.5,77.2,75.5
DVP,05/10/2026,76.0,76.0,"+1,10 (+1,47%)",8700,0.66,0,0.0,0,0.0,74.9,76.0,74.9
DVP,02/10/2026,74.9,74.9,"-0,40 (-0,53%)",12000,0.9,0,0.0,0,0.0,76.1,76.1,74.8
DVP,01/10/2026,75.3,75.3,"-0,20 (-0,26%)",5300,0.4,0,0.0,0,0.0,75.5,76.5,75.2
DVP,30/09/2026,75.5,75.5,"-0,80 (-1,05%)",15800,1.2,0,0.0,0,0.0,76.8,76.8,75.4
DVP,29/09/2026,76.3,76.3,"+2,50 (+3,39%)",30000,2.27,0,0.0,0,0.0,74.5,76.8,73.9
DVP,28/09/2026,73.8,73.8,"-0,20 (-0,27%)",9100,0.68,0,0.0,0,0.0,74.7,74.7,73.8
DVP,25/09/2026,74.0,74.0,"-0,40 (-0,54%)",5400,0.4,0,0.0,0,0.0,74.8,74.8,74.0
DVP,24/09/2026,74.4,74.4,"+0,30 (+0,40%)",14000,1.04,0,0.0,0,0.0,74.1,74.4,73.7
DVP,23/09/2026,74.1,74.1,"+0,10 (+0,14%)",14300,1.06,0,0.0,0,0.0,74.0,74.5,73.7
DVP,22/09/2026,74.0,74.0,"+0,50 (+0,68%)",14900,1.1,0,0.0,0,0.0,75.0,75.0,73.4
DVP,21/09/2026,73.5,73.5,"+0,10 (+0,14%)",4600,0.34,0,0.0,0,0.0,73.9,73.9,73.3
DVP,18/09/2026,73.4,73.4,"+0,20 (+0,27%)",36700,2.69,0,0.0,0,0.0,73.0,74.0,73.0
DVP,17/09/2026,73.2,73.2,"0 (0,00%)",15800,1.16,0,0.0,0,0.0,73.0,73.9,72.8
DVP,16/09/2026,73.2,73.2,"-0,20 (-0,27%)",6200,0.45,0,0.0,0,0.0,73.4,73.6,72.7
DVP,15/09/2026,73.4,73.4,"0 (0,00%)",7600,0.56,0,0.0,0,0.0,72.7,73.6,72.7
DVP,14/09/2026,73.4,73.4,"-0,40 (-0,54%)",8900,0.66,0,0.0,0,0.0,73.8,74.0,73.4
DVP,11/09/2026,73.8,73.8,"0 (0,00%)",11200,0.83,0,0.0,0,0.0,73.9,74.2,73.5
DVP,10/09/2026,73.8,73.8,"-0,20 (-0,27%)",23300,1.71,0,0.0,0,0.0,73.9,74.1,73.0
DVP,09/09/2026,74.0,74.0,"-0,10 (-0,13%)",15700,1.16,0,0.0,0,0.0,74.1,74.5,73.5
DXG,06/10/2026,9.91,9.91,"-0,06 (-0,60%)",16707700,161.86,2100000,19.64,2100000,19.64,9.91,9.98,9.3
DXG,05/10/2026,9.98,9.98,"+0,01 (+0,10%)",11810300,117.34,1062000,11.12,1062000,11.12,9.96,10.05,9.75
DXG,02/10/2026,9.99,9.99,"-0,21 (-2,06%)",5063100,50.81,0,0.0,0,0.0,10.1,10.2,9.98
DXG,01/10/2026,10.2,10.2,"+0,05 (+0,49%)",4662900,47.31,912000,9.58,912000,9.58,10.15,10.25,10.0
DXG,30/09/2026,10.15,10.15,"+0,01 (+0,10%)",6864700,69.78,0,0.0,0,0.0,10.2,10.25,10.1
DXG,29/09/2026,10.15,10.15,"-0,04 (-0,39%)",7320400,74.25,0,0.0,0,0.0,10.15,10.35,10.0
DXG,28/09/2026,10.2,10.2,"+0,10 (+0,99%)",15049900,150.79,0,0.0,0,0.0,10.1,10.25,9.82
DXG,25/09/2026,10.1,10.1,"-0,04 (-0,39%)",7013900,71.23,962000,10.44,962000,10.44,10.15,10.25,10.05
DXG,24/09/2026,10.15,10.15,"-0,43 (-4,06%)",13581500,138.89,0,0.0,0,0.0,10.45,10.55,10.1
DXG,23/09/2026,10.6,10.6,"+0,02 (+0,19%)",5687100,59.62,0,0.0,0,0.0,10.6,10.7,10.35
DXG,22/09/2026,10.6,10.6,"+0,06 (+0,57%)",5315000,56.07,0,0.0,0,0.0,10.55,10.7,10.45
DXG,21/09/2026,10.55,10.55,"-0,03 (-0,28%)",5454100,58.07,0,0.0,0,0.0,10.8,10.8,10.5
DXG,18/09/2026,10.6,10.6,"-0,20 (-1,85%)",10509500,112.47,0,0.0,0,0.0,10.9,10.9,10.6
DXG,17/09/2026,10.8,10.8,"+0,27 (+2,56%)",14399100,155.97,0,0.0,0,0.0,10.3,11.2,10.3
DXG,16/09/2026,10.55,10.55,"-0,20 (-1,86%)",10689800,111.76,0,0.0,0,0.0,10.6,10.7,10.3
DXG,15/09/2026,10.75,10.75,"0 (0,00%)",5332600,57.13,0,0.0,0,0.0,10.75,10.85,10.6
DXG,14/09/2026,10.75,10.75,"0 (0,00%)",7583500,81.18,0,0.0,0,0.0,10.65,10.9,10.5
DXG,11/09/2026,10.75,10.75,"-0,50 (-4,44%)",15177400,164.63,0,0.0,0,0.0,11.1,11.15,10.7
DXG,10/09/2026,11.25,11.25,"-0,05 (-0,44%)",7339600,82.31,0,0.0,0,0.0,11.2,11.35,11.1
DXG,09/09/2026,11.3,11.3,"-0,20 (-1,74%)",10703400,120.31,0,0.0,0,0.0,11.35,11.45,11.1
DXS,06/10/2026,4.89,4.89,"+0,09 (+1,88%)",1722100,8.16,0,0.0,0,0.0,4.8,4.89,4.61
DXS,05/10/2026,4.8,4.8,"-0,08 (-1,64%)",1360400,6.58,0,0.0,0,0.0,4.81,4.95,4.78
DXS,02/10/2026,4.88,4.88,"-0,19 (-3,75%)",1461500,7.29,0,0.0,0,0.0,5.1,5.12,4.88
DXS,01/10/2026,5.07,5.07,"-0,04 (-0,78%)",1144400,5.86,0,0.0,0,0.0,5.11,5.18,5.07
DXS,30/09/2026,5.11,5.11,"-0,10 (-1,92%)",1740700,8.99,0,0.0,0,0.0,5.21,5.29,5.1
DXS,29/09/2026,5.21,5.21,"-0,09 (-1,70%)",1279600,6.75,0,0.0,0,0.0,5.37,5.37,5.21
DXS,28/09/2026,5.3,5.3,"-0,16 (-2,93%)",1859000,9.87,0,0.0,0,0.0,5.41,5.5,5.23
DXS,25/09/2026,5.46,5.46,"-0,17 (-3,02%)",1701400,9.36,0,0.0,0,0.0,5.51,5.57,5.42
DXS,24/09/2026,5.63,5.63,"-0,07 (-1,23%)",2402100,13.3,0,0.0,0,0.0,5.56,5.63,5.4
DXS,23/09/2026,5.7,5.7,"+0,22 (+4,01%)",1844700,10.22,0,0.0,0,0.0,5.5,5.7,5.39
DXS,22/09/2026,5.48,5.48,"+0,03 (+0,55%)",636500,3.48,0,0.0,0,0.0,5.43,5.51,5.43
DXS,21/09/2026,5.45,5.45,"-0,05 (-0,91%)",1341000,7.44,0,0.0,0,0.0,5.51,5.63,5.45
DXS,18/09/2026,5.5,5.5,"+0,08 (+1,48%)",1158000,6.35,0,0.0,0,0.0,5.45,5.51,5.45
DXS,17/09/2026,5.42,5.42,"+0,07 (+1,31%)",1313100,7.19,0,0.0,0,0.0,5.3,5.6,5.29
DXS,16/09/2026,5.35,5.35,"-0,13 (-2,37%)",756800,4.08,0,0.0,0,0.0,5.48,5.52,5.34
DXS,15/09/2026,5.48,5.48,"-0,12 (-2,14%)",1030800,5.68,0,0.0,0,0.0,5.5,5.61,5.44
DXS,14/09/2026,5.6,5.6,"+0,20 (+3,70%)",1990100,10.73,0,0.0,0,0.0,5.29,5.6,5.25
DXS,11/09/2026,5.4,5.4,"-0,22 (-3,91%)",2469200,13.54,0,0.0,0,0.0,5.61,5.62,5.4
DXS,10/09/2026,5.62,5.62,"0 (0,00%)",1298800,7.27,0,0.0,0,0.0,5.63,5.66,5.56
DXS,09/09/2026,5.62,5.62,"-0,14 (-2,43%)",1323300,7.51,0,0.0,0,0.0,5.76,5.76,5.61
DXV,06/10/2026,3.0,3.0,"-0,20 (-6,25%)",200,0.0,0,0.0,0,0.0,3.2,3.2,3.0
DXV,05/10/2026,3.2,3.2,"-0,16 (-4,76%)",100,0.0,0,0.0,0,0.0,3.2,3.2,3.2
DXV,02/10/2026,3.36,3.36,"0 (0,00%)",0,0.0,0,0.0,0,0.0,3.36,3.36,3.36
DXV,01/10/2026,3.36,3.36,"0 (0,00%)",0,0.0,0,0.0,0,0.0,3.36,3.36,3.36
DXV,30/09/2026,3.36,3.36,"+0,21 (+6,67%)",5100,0.02,0,0.0,0,0.0,2.93,3.36,2.93
DXV,29/09/2026,3.15,3.15,"0 (0,00%)",0,0.0,0,0.0,0,0.0,3.15,3.15,3.15
DXV,28/09/2026,3.15,3.15,"-0,05 (-1,56%)",100,0.0,0,0.0,0,0.0,3.15,3.15,3.15
DXV,25/09/2026,3.2,3.2,"0 (0,00%)",0,0.0,0,0.0,0,0.0,3.2,3.2,3.2
DXV,24/09/2026,3.2,3.2,"0 (0,00%)",0,0.0,0,0.0,0,0.0,3.2,3.2,3.2
DXV,23/09/2026,3.2,3.2,"0 (0,00%)",0,0.0,0,0.0,0,0.0,3.2,3.2,3.2
DXV,22/09/2026,3.2,3.2,"0 (0,00%)",0,0.0,0,0.0,0,0.0,3.2,3.2,3.2
DXV,21/09/2026,3.2,3.2,"0 (0,00%)",1600,0.01,0,0.0,0,0.0,3.2,3.2,3.2
DXV,18/09/2026,3.2,3.2,"0 (0,00%)",0,0.0,0,0.0,0,0.0,3.2,3.2,3.2
DXV,17/09/2026,3.2,3.2,"+0,04 (+1,27%)",200,0.0,0,0.0,0,0.0,3.2,3.2,3.2
DXV,16/09/2026,3.16,3.16,"-0,20 (-5,95%)",100,0.0,0,0.0,0,0.0,3.16,3.16,3.16
DXV,15/09/2026,3.36,3.36,"0 (0,00%)",0,0.0,0,0.0,0,0.0,3.36,3.36,3.36
DXV,14/09/2026,3.36,3.36,"0 (0,00%)",0,0.0,0,0.0,0,0.0,3.36,3.36,3.36
DXV,11/09/2026,3.36,3.36,"-0,03 (-0,88%)",500,0.0,0,0.0,0,0.0,3.17,3.36,3.16
DXV,10/09/2026,3.39,3.39,"+0,19 (+5,94%)",1700,0.01,0,0.0,0,0.0,3.39,3.39,3.37
DXV,09/09/2026,3.2,3.2,"0 (0,00%)",100,0.0,0,0.0,0,0.0,3.2,3.2,3.2
EIB,06/10/2026,16.4,16.4,"0 (0,00%)",3387200,55.41,1590000,26.6,1590000,26.6,16.4,16.65,16.25
EIB,05/10/2026,16.4,16.4,"-0,10 (-0,61%)",1518400,25.0,16680530,284.53,16680530,284.53,16.5,16.55,16.4
EIB,02/10/2026,16.5,16.5,"-0,10 (-0,60%)",2939100,48.65,850000,14.53,850000,14.53,16.75,16.75,16.45
EIB,01/10/2026,16.6,16.6,"-0,45 (-2,64%)",3422600,57.1,17940000,305.88,17940000,305.88,16.9,16.95,16.6
EIB,30/09/2026,17.05,17.05,"-0,05 (-0,29%)",4578200,77.91,870000,14.78,870000,14.78,17.1,17.1,16.9
EIB,29/09/2026,17.1,17.1,"+0,35 (+2,09%)",6965500,117.75,9525000,162.29,9525000,162.29,16.55,17.1,16.55
EIB,28/09/2026,16.75,16.75,"+0,05 (+0,30%)",4453100,74.13,14370000,245.38,14370000,245.38,16.7,17.0,16.4
EIB,25/09/2026,16.7,16.7,"+0,20 (+1,21%)",3506400,58.06,46764300,780.73,46764300,780.73,16.5,16.7,16.4
EIB,24/09/2026,16.5,16.5,"0 (0,00%)",2851800,46.82,17570000,306.65,17570000,306.65,16.4,16.5,16.3
EIB,23/09/2026,16.5,16.5,"+0,05 (+0,30%)",2066300,34.2,11310000,190.91,11310000,190.91,16.5,16.7,16.4
EIB,22/09/2026,16.45,16.45,"+0,25 (+1,54%)",3933500,64.63,10465000,170.51,10465000,170.51,16.3,16.6,16.2
EIB,21/09/2026,16.2,16.2,"-0,20 (-1,22%)",3879700,63.58,13410000,225.19,13410000,225.19,16.75,16.75,16.2
EIB,18/09/2026,16.4,16.4,"+0,15 (+0,92%)",4889000,80.56,300000,4.59,300000,4.59,16.5,16.65,16.3
EIB,17/09/2026,16.25,16.25,"+0,20 (+1,25%)",5553400,91.15,11821000,198.1,11821000,198.1,16.45,16.6,16.25
EIB,16/09/2026,16.05,16.05,"-0,05 (-0,31%)",4117200,66.75,740000,12.4,740000,12.4,16.25,16.4,16.05
EIB,15/09/2026,16.1,16.1,"+0,10 (+0,62%)",6973500,113.43,3520000,60.01,3520000,60.01,16.05,16.5,16.05
EIB,14/09/2026,16.0,16.0,"-0,80 (-4,76%)",9148500,148.18,6690000,119.65,6690000,119.65,16.7,16.8,15.8
EIB,11/09/2026,16.8,16.8,"-0,05 (-0,30%)",3902500,65.31,3370000,57.48,3370000,57.48,16.85,16.85,16.6
EIB,10/09/2026,16.85,16.85,"+0,10 (+0,60%)",2054700,34.54,766000,12.84,766000,12.84,16.7,16.9,16.7
EIB,09/09/2026,16.75,16.75,"0 (0,00%)",3171500,53.3,8350000,141.14,8350000,141.14,16.75,16.9,16.7
ELC,06/10/2026,12.0,12.0,"+0,40 (+3,45%)",1047800,11.88,463300,5.37,463300,5.37,11.2,12.0,10.85
ELC,05/10/2026,11.6,11.6,"-0,65 (-5,31%)",685100,8.04,0,0.0,0,0.0,11.8,12.25,11.6
ELC,02/10/2026,12.25,12.25,"-0,25 (-2,00%)",768000,9.3,0,0.0,0,0.0,12.35,12.5,11.65
ELC,01/10/2026,12.5,12.5,"-0,60 (-4,58%)",482300,6.08,0,0.0,0,0.0,12.8,12.9,12.5
ELC,30/09/2026,13.1,13.1,"-0,10 (-0,76%)",700500,8.99,0,0.0,0,0.0,13.15,13.15,12.7
ELC,29/09/2026,13.2,13.2,"-0,05 (-0,38%)",671100,8.63,0,0.0,0,0.0,12.9,13.2,12.65
ELC,28/09/2026,13.25,13.25,"-0,35 (-2,57%)",593300,7.76,0,0.0,0,0.0,13.2,13.45,12.9
ELC,25/09/2026,13.6,13.6,"-0,10 (-0,73%)",335600,4.52,0,0.0,0,0.0,13.7,13.7,13.3
ELC,24/09/2026,13.7,13.7,"+0,20 (+1,48%)",1024800,14.03,0,0.0,0,0.0,13.1,13.85,13.1
ELC,23/09/2026,13.5,13.5,"+0,50 (+3,85%)",299800,3.98,0,0.0,0,0.0,12.85,13.5,12.8
ELC,22/09/2026,13.0,13.0,"-0,10 (-0,76%)",357100,4.62,0,0.0,0,0.0,13.25,13.25,12.75
ELC,21/09/2026,13.1,13.1,"-0,35 (-2,60%)",273700,3.6,0,0.0,0,0.0,13.55,13.55,13.1
ELC,18/09/2026,13.45,13.45,"-0,05 (-0,37%)",304900,4.05,0,0.0,0,0.0,13.35,13.45,13.15
ELC,17/09/2026,13.5,13.5,"0 (0,00%)",299300,3.97,0,0.0,0,0.0,13.2,13.5,13.1
ELC,16/09/2026,13.5,13.5,"+0,15 (+1,12%)",378700,5.01,0,0.0,0,0.0,13.45,13.5,12.9
ELC,15/09/2026,13.35,13.35,"+0,05 (+0,38%)",314500,4.14,0,0.0,0,0.0,13.3,13.35,13.0
ELC,14/09/2026,13.3,13.3,"+0,10 (+0,76%)",420400,5.45,0,0.0,0,0.0,12.95,13.3,12.6
ELC,11/09/2026,13.2,13.2,"-0,60 (-4,35%)",479400,6.34,0,0.0,0,0.0,13.6,13.6,13.05
ELC,10/09/2026,13.8,13.8,"+0,10 (+0,73%)",174100,2.38,0,0.0,0,0.0,13.75,13.8,13.45
ELC,09/09/2026,14.65,13.69,"+0,15 (+1,03%)",205200,3.0,0,0.0,0,0.0,15.0,15.0,14.25
EVE,06/10/2026,8.5,8.5,"0 (0,00%)",6400,0.05,0,0.0,0,0.0,8.4,8.5,8.39
EVE,05/10/2026,8.5,8.5,"+0,01 (+0,12%)",7200,0.06,0,0.0,0,0.0,8.5,8.5,8.4
EVE,02/10/2026,8.49,8.49,"-0,01 (-0,12%)",8400,0.07,0,0.0,0,0.0,8.45,8.49,8.4
EVE,01/10/2026,8.5,8.5,"-0,05 (-0,58%)",3900,0.03,0,0.0,0,0.0,8.4,8.56,8.4
EVE,30/09/2026,8.55,8.55,"+0,31 (+3,76%)",20600,0.18,0,0.0,0,0.0,8.48,8.6,8.3
EVE,29/09/2026,8.24,8.24,"-0,18 (-2,14%)",32400,0.27,0,0.0,0,0.0,8.41,8.49,8.24
EVE,28/09/2026,8.42,8.42,"+0,03 (+0,36%)",2800,0.02,0,0.0,0,0.0,8.3,8.5,8.2
EVE,25/09/2026,8.39,8.39,"-0,01 (-0,12%)",15700,0.13,0,0.0,0,0.0,8.16,8.39,8.16
EVE,24/09/2026,8.4,8.4,"0 (0,00%)",200,0.0,0,0.0,0,0.0,8.4,8.4,8.4
EVE,23/09/2026,8.4,8.4,"-0,04 (-0,47%)",3500,0.03,0,0.0,0,0.0,8.44,8.44,8.35
EVE,22/09/2026,8.44,8.44,"+0,04 (+0,48%)",37700,0.32,0,0.0,0,0.0,8.38,8.49,8.3
EVE,21/09/2026,8.4,8.4,"+0,12 (+1,45%)",1400,0.01,0,0.0,0,0.0,8.29,8.4,8.29
EVE,18/09/2026,8.28,8.28,"-0,02 (-0,24%)",24600,0.2,0,0.0,0,0.0,8.18,8.38,8.18
EVE,17/09/2026,8.3,8.3,"-0,17 (-2,01%)",37900,0.31,0,0.0,0,0.0,8.47,8.47,8.3
EVE,16/09/2026,8.47,8.47,"+0,16 (+1,93%)",2900,0.02,0,0.0,0,0.0,8.6,8.6,8.32
EVE,15/09/2026,8.31,8.31,"-0,01 (-0,12%)",100,0.0,0,0.0,0,0.0,8.31,8.31,8.31
EVE,14/09/2026,8.32,8.32,"0 (0,00%)",22600,0.19,0,0.0,0,0.0,8.32,8.42,8.25
EVE,11/09/2026,8.32,8.32,"-0,01 (-0,12%)",15000,0.12,0,0.0,0,0.0,8.3,8.32,8.3
EVE,10/09/2026,8.33,8.33,"-0,02 (-0,24%)",3600,0.03,0,0.0,0,0.0,8.3,8.34,8.21
EVE,09/09/2026,8.35,8.35,"-0,04 (-0,48%)",11200,0.09,0,0.0,0,0.0,8.39,8.4,8.2
EVF,06/10/2026,11.45,11.45,"0 (0,00%)",1284500,14.59,0,0.0,0,0.0,11.45,11.5,11.25
EVF,05/10/2026,11.45,11.45,"0 (0,00%)",940100,10.78,0,0.0,0,0.0,11.35,11.6,11.35
EVF,02/10/2026,11.45,11.45,"-0,05 (-0,43%)",1024900,11.69,0,0.0,0,0.0,11.5,11.5,11.3
EVF,01/10/2026,11.5,11.5,"-0,10 (-0,86%)",927300,10.68,0,0.0,0,0.0,11.5,11.7,11.3
EVF,30/09/2026,11.6,11.6,"+0,10 (+0,87%)",1220800,14.17,0,0.0,0,0.0,11.5,11.75,11.5
EVF,29/09/2026,11.5,11.5,"+0,05 (+0,44%)",917000,10.5,0,0.0,0,0.0,11.45,11.5,11.4
EVF,28/09/2026,11.45,11.45,"-0,15 (-1,29%)",1092900,12.56,0,0.0,0,0.0,11.55,11.75,11.35
EVF,25/09/2026,11.6,11.6,"-0,05 (-0,43%)",1061900,12.37,6100000,73.2,6100000,73.2,11.65,11.8,11.55
EVF,24/09/2026,11.65,11.65,"+0,20 (+1,75%)",2114400,24.39,0,0.0,0,0.0,11.5,11.7,11.35
EVF,23/09/2026,11.45,11.45,"0 (0,00%)",1053600,12.07,3950000,42.07,3950000,42.07,11.45,11.6,11.35
EVF,22/09/2026,11.45,11.45,"0 (0,00%)",1419300,16.29,0,0.0,0,0.0,11.5,11.6,11.4
EVF,21/09/2026,11.45,11.45,"-0,35 (-2,97%)",1595800,18.39,0,0.0,0,0.0,11.9,11.9,11.4
EVF,18/09/2026,11.8,11.8,"+0,10 (+0,85%)",1017100,12.01,0,0.0,0,0.0,11.75,11.9,11.7
EVF,17/09/2026,11.7,11.7,"+0,20 (+1,74%)",1692200,19.8,500000,5.75,500000,5.75,11.5,11.8,11.5
EVF,16/09/2026,11.5,11.5,"0 (0,00%)",1590200,18.35,0,0.0,0,0.0,11.5,11.65,11.4
EVF,15/09/2026,11.5,11.5,"-0,15 (-1,29%)",1529600,17.59,3318335,38.16,3318335,38.16,11.55,11.65,11.4
EVF,14/09/2026,11.65,11.65,"-0,05 (-0,43%)",4950700,55.48,0,0.0,0,0.0,11.5,11.7,10.9
EVF,11/09/2026,11.7,11.7,"-0,15 (-1,27%)",1561200,18.23,0,0.0,0,0.0,11.85,11.9,11.5
EVF,10/09/2026,11.85,11.85,"-0,10 (-0,84%)",1126300,13.39,0,0.0,0,0.0,11.95,11.95,11.85
EVF,09/09/2026,11.95,11.95,"-0,10 (-0,83%)",1261100,15.05,0,0.0,0,0.0,12.0,12.1,11.85
EVG,06/10/2026,3.62,3.62,"-0,08 (-2,16%)",643600,2.28,0,0.0,0,0.0,3.71,3.76,3.46
EVG,05/10/2026,3.7,3.7,"-0,11 (-2,89%)",223900,0.84,0,0.0,0,0.0,3.8,3.82,3.7
EVG,02/10/2026,3.81,3.81,"-0,08 (-2,06%)",331900,1.27,0,0.0,0,0.0,3.89,3.89,3.8
EVG,01/10/2026,3.89,3.89,"+0,01 (+0,26%)",191500,0.74,0,0.0,0,0.0,3.89,3.91,3.85
EVG,30/09/2026,3.88,3.88,"0 (0,00%)",192200,0.75,0,0.0,0,0.0,3.94,3.95,3.88
EVG,29/09/2026,3.88,3.88,"+0,01 (+0,26%)",253300,0.98,0,0.0,0,0.0,3.9,3.94,3.84
EVG,28/09/2026,3.87,3.87,"-0,12 (-3,01%)",343400,1.34,0,0.0,0,0.0,4.06,4.06,3.8
EVG,25/09/2026,3.99,3.99,"-0,11 (-2,68%)",431800,1.73,0,0.0,0,0.0,4.02,4.1,3.99
EVG,24/09/2026,4.1,4.1,"-0,01 (-0,24%)",331100,1.34,0,0.0,0,0.0,4.11,4.11,4.0
EVG,23/09/2026,4.11,4.11,"-0,01 (-0,24%)",426000,1.74,0,0.0,0,0.0,4.12,4.13,4.07
EVG,22/09/2026,4.12,4.12,"0 (0,00%)",539200,2.22,0,0.0,0,0.0,4.12,4.16,4.09
EVG,21/09/2026,4.12,4.12,"-0,04 (-0,96%)",561400,2.32,0,0.0,0,0.0,4.16,4.18,4.1
EVG,18/09/2026,4.16,4.16,"+0,09 (+2,21%)",353100,1.46,0,0.0,0,0.0,4.09,4.18,4.09
EVG,17/09/2026,4.07,4.07,"+0,09 (+2,26%)",368600,1.49,0,0.0,0,0.0,3.96,4.1,3.96
EVG,16/09/2026,3.98,3.98,"-0,03 (-0,75%)",244500,0.98,0,0.0,0,0.0,4.0,4.05,3.97
EVG,15/09/2026,4.01,4.01,"-0,04 (-0,99%)",264600,1.06,0,0.0,0,0.0,3.94,4.08,3.94
EVG,14/09/2026,4.05,4.05,"-0,04 (-0,98%)",815100,3.26,0,0.0,0,0.0,4.09,4.09,3.9
EVG,11/09/2026,4.09,4.09,"-0,04 (-0,97%)",552000,2.26,0,0.0,0,0.0,4.1,4.15,4.05
EVG,10/09/2026,4.13,4.13,"0 (0,00%)",370600,1.53,0,0.0,0,0.0,4.17,4.17,4.1
EVG,09/09/2026,4.13,4.13,"-0,09 (-2,13%)",405800,1.69,0,0.0,0,0.0,4.19,4.24,4.12
FCM,06/10/2026,2.8,2.8,"-0,02 (-0,71%)",14500,0.04,0,0.0,0,0.0,2.82,2.82,2.63
FCM,05/10/2026,2.82,2.82,"+0,03 (+1,08%)",4000,0.01,0,0.0,0,0.0,2.83,2.83,2.77
FCM,02/10/2026,2.79,2.79,"-0,06 (-2,11%)",5500,0.02,0,0.0,0,0.0,2.85,2.85,2.73
FCM,01/10/2026,2.85,2.85,"+0,05 (+1,79%)",11700,0.03,0,0.0,0,0.0,2.88,2.88,2.77
FCM,30/09/2026,2.8,2.8,"-0,09 (-3,11%)",20500,0.06,0,0.0,0,0.0,2.9,2.9,2.77
FCM,29/09/2026,2.89,2.89,"0 (0,00%)",13600,0.04,0,0.0,0,0.0,2.9,2.92,2.86
FCM,28/09/2026,2.89,2.89,"0 (0,00%)",30000,0.09,0,0.0,0,0.0,2.84,2.9,2.84
FCM,25/09/2026,2.89,2.89,"-0,01 (-0,34%)",29900,0.09,0,0.0,0,0.0,2.93,2.94,2.89
FCM,24/09/2026,2.9,2.9,"0 (0,00%)",11100,0.03,0,0.0,0,0.0,2.89,2.91,2.89
FCM,23/09/2026,2.9,2.9,"-0,03 (-1,02%)",19600,0.06,0,0.0,0,0.0,2.93,2.93,2.86
FCM,22/09/2026,2.93,2.93,"+0,01 (+0,34%)",10400,0.03,0,0.0,0,0.0,2.92,2.94,2.87
FCM,21/09/2026,2.92,2.92,"0 (0,00%)",5700,0.02,0,0.0,0,0.0,2.92,2.93,2.89
FCM,18/09/2026,2.92,2.92,"+0,03 (+1,04%)",44600,0.13,0,0.0,0,0.0,2.9,2.92,2.86
FCM,17/09/2026,2.89,2.89,"+0,02 (+0,70%)",16700,0.05,0,0.0,0,0.0,2.88,2.94,2.86
FCM,16/09/2026,2.87,2.87,"-0,06 (-2,05%)",18800,0.05,0,0.0,0,0.0,2.91,2.91,2.87
FCM,15/09/2026,2.93,2.93,"-0,03 (-1,01%)",52500,0.15,0,0.0,0,0.0,2.96,2.96,2.89
FCM,14/09/2026,2.96,2.96,"0 (0,00%)",32500,0.1,0,0.0,0,0.0,2.95,2.97,2.9
FCM,11/09/2026,2.96,2.96,"-0,07 (-2,31%)",262200,0.74,0,0.0,0,0.0,3.03,3.03,2.82
FCM,10/09/2026,3.03,3.03,"0 (0,00%)",31400,0.09,0,0.0,0,0.0,3.02,3.03,3.0
FCM,09/09/2026,3.03,3.03,"-0,03 (-0,98%)",34000,0.1,0,0.0,0,0.0,3.05,3.05,3.0
FCN,06/10/2026,10.2,10.2,"-0,04 (-0,39%)",936100,9.43,0,0.0,0,0.0,10.1,10.3,9.94
FCN,05/10/2026,10.25,10.25,"-0,04 (-0,39%)",850700,8.67,0,0.0,0,0.0,10.4,10.4,10.0
FCN,02/10/2026,10.3,10.3,"-0,28 (-2,65%)",548800,5.68,0,0.0,0,0.0,10.5,10.55,10.3
FCN,01/10/2026,10.6,10.6,"-0,03 (-0,28%)",754300,7.9,0,0.0,0,0.0,10.4,10.6,10.35
FCN,30/09/2026,10.65,10.65,"-0,03 (-0,28%)",743500,7.84,0,0.0,0,0.0,10.65,10.65,10.4
FCN,29/09/2026,10.7,10.7,"-0,05 (-0,47%)",1019700,10.81,0,0.0,0,0.0,10.75,10.75,10.45
FCN,28/09/2026,10.75,10.75,"0 (0,00%)",1165100,12.32,0,0.0,0,0.0,10.7,10.75,10.25
FCN,25/09/2026,10.75,10.75,"0 (0,00%)",692500,7.36,0,0.0,0,0.0,10.65,10.75,10.5
FCN,24/09/2026,10.75,10.75,"0 (0,00%)",808000,8.6,0,0.0,0,0.0,10.75,10.8,10.5
FCN,23/09/2026,10.75,10.75,"-0,25 (-2,27%)",430700,4.65,0,0.0,0,0.0,10.9,10.9,10.75
FCN,22/09/2026,11.0,11.0,"-0,10 (-0,90%)",464000,5.06,0,0.0,0,0.0,10.85,11.0,10.8
FCN,21/09/2026,11.1,11.1,"-0,10 (-0,89%)",692400,7.59,0,0.0,0,0.0,11.15,11.15,10.7
FCN,18/09/2026,11.2,11.2,"+0,30 (+2,75%)",1069300,11.58,0,0.0,0,0.0,10.9,11.2,10.6
FCN,17/09/2026,10.9,10.9,"+0,05 (+0,46%)",1115700,11.98,0,0.0,0,0.0,10.8,10.95,10.55
FCN,16/09/2026,10.85,10.85,"-0,05 (-0,46%)",485900,5.22,0,0.0,0,0.0,10.9,10.95,10.6
FCN,15/09/2026,10.9,10.9,"-0,10 (-0,91%)",477900,5.17,0,0.0,0,0.0,10.95,10.95,10.7
FCN,14/09/2026,11.0,11.0,"0 (0,00%)",576900,6.24,0,0.0,0,0.0,11.0,11.0,10.6
FCN,11/09/2026,11.0,11.0,"-0,05 (-0,45%)",556300,6.06,0,0.0,0,0.0,11.05,11.1,10.7
FCN,10/09/2026,11.05,11.05,"-0,20 (-1,78%)",672900,7.47,0,0.0,0,0.0,11.2,11.25,11.0
FCN,09/09/2026,11.25,11.25,"-0,05 (-0,44%)",470500,5.26,0,0.0,0,0.0,11.25,11.3,11.1
FDC,06/10/2026,22.65,22.65,"0 (0,00%)",0,0.0,0,0.0,0,0.0,22.65,22.65,22.65
FDC,05/10/2026,22.65,22.65,"0 (0,00%)",0,0.0,0,0.0,0,0.0,22.65,22.65,22.65
FDC,02/10/2026,22.65,22.65,"0 (0,00%)",0,0.0,0,0.0,0,0.0,22.65,22.65,22.65
FDC,01/10/2026,22.65,22.65,"0 (0,00%)",0,0.0,0,0.0,0,0.0,22.65,22.65,22.65
FDC,30/09/2026,22.65,22.65,"0 (0,00%)",0,0.0,0,0.0,0,0.0,22.65,22.65,22.65
FDC,29/09/2026,22.65,22.65,"0 (0,00%)",0,0.0,0,0.0,0,0.0,22.65,22.65,22.65
FDC,28/09/2026,22.65,22.65,"0 (0,00%)",0,0.0,0,0.0,0,0.0,22.65,22.65,22.65
FDC,25/09/2026,22.65,22.65,"0 (0,00%)",0,0.0,0,0.0,0,0.0,22.65,22.65,22.65
FDC,24/09/2026,22.65,22.65,"0 (0,00%)",0,0.0,0,0.0,0,0.0,22.65,22.65,22.65
FDC,23/09/2026,22.65,22.65,"0 (0,00%)",0,0.0,0,0.0,0,0.0,22.65,22.65,22.65
FDC,22/09/2026,22.65,22.65,"0 (0,00%)",0,0.0,0,0.0,0,0.0,22.65,22.65,22.65
FDC,21/09/2026,22.65,22.65,"0 (0,00%)",0,0.0,0,0.0,0,0.0,22.65,22.65,22.65
FDC,18/09/2026,22.65,22.65,"0 (0,00%)",0,0.0,0,0.0,0,0.0,22.65,22.65,22.65
FDC,17/09/2026,22.65,22.65,"0 (0,00%)",0,0.0,0,0.0,0,0.0,22.65,22.65,22.65
FDC,16/09/2026,22.65,22.65,"0 (0,00%)",0,0.0,0,0.0,0,0.0,22.65,22.65,22.65
FDC,15/09/2026,22.65,22.65,"0 (0,00%)",0,0.0,0,0.0,0,0.0,22.65,22.65,22.65
FDC,14/09/2026,22.65,22.65,"0 (0,00%)",0,0.0,0,0.0,0,0.0,22.65,22.65,22.65
FDC,11/09/2026,22.65,22.65,"0 (0,00%)",0,0.0,0,0.0,0,0.0,22.65,22.65,22.65
FDC,10/09/2026,22.65,22.65,"+1,25 (+5,84%)",100,0.0,0,0.0,0,0.0,22.65,22.65,22.65
FDC,09/09/2026,21.4,21.4,"0 (0,00%)",0,0.0,0,0.0,0,0.0,21.4,21.4,21.4
FIR,06/10/2026,2.5,2.5,"-0,03 (-1,19%)",39100,0.1,0,0.0,0,0.0,2.47,2.51,2.37
FIR,05/10/2026,2.53,2.53,"+0,03 (+1,20%)",49800,0.13,0,0.0,0,0.0,2.5,2.56,2.5
FIR,02/10/2026,2.5,2.5,"-0,02 (-0,79%)",44600,0.11,0,0.0,0,0.0,2.52,2.56,2.5
FIR,01/10/2026,2.52,2.52,"0 (0,00%)",24800,0.06,0,0.0,0,0.0,2.59,2.59,2.52
FIR,30/09/2026,2.52,2.52,"+0,04 (+1,61%)",58700,0.15,0,0.0,0,0.0,2.47,2.6,2.42
FIR,29/09/2026,2.48,2.48,"-0,09 (-3,50%)",53700,0.13,0,0.0,0,0.0,2.57,2.57,2.47
FIR,28/09/2026,2.57,2.57,"-0,13 (-4,81%)",99700,0.26,0,0.0,0,0.0,2.7,2.7,2.53
FIR,25/09/2026,2.7,2.7,"-0,10 (-3,57%)",19500,0.05,0,0.0,0,0.0,2.78,2.8,2.7
FIR,24/09/2026,2.8,2.8,"-0,01 (-0,36%)",48200,0.13,0,0.0,0,0.0,2.81,2.81,2.73
FIR,23/09/2026,2.81,2.81,"-0,04 (-1,40%)",33800,0.1,0,0.0,0,0.0,2.85,2.86,2.81
FIR,22/09/2026,2.85,2.85,"0 (0,00%)",85700,0.24,0,0.0,0,0.0,2.84,2.86,2.78
FIR,21/09/2026,2.85,2.85,"-0,04 (-1,38%)",30800,0.09,0,0.0,0,0.0,2.89,2.9,2.85
FIR,18/09/2026,2.89,2.89,"+0,05 (+1,76%)",94100,0.26,0,0.0,0,0.0,2.84,2.89,2.7
FIR,17/09/2026,2.84,2.84,"-0,01 (-0,35%)",27800,0.08,0,0.0,0,0.0,2.85,2.9,2.8
FIR,16/09/2026,2.85,2.85,"+0,01 (+0,35%)",185600,0.54,0,0.0,0,0.0,2.85,3.03,2.75
FIR,15/09/2026,2.84,2.84,"-0,01 (-0,35%)",182300,0.51,1195000,3.63,1195000,3.63,2.72,2.95,2.7
FIR,14/09/2026,2.85,2.85,"-0,19 (-6,25%)",658000,1.87,200000,0.61,200000,0.61,2.86,3.0,2.83
FIR,11/09/2026,3.04,3.04,"-0,22 (-6,75%)",436400,1.34,0,0.0,0,0.0,3.24,3.24,3.04
FIR,10/09/2026,3.26,3.26,"-0,24 (-6,86%)",333600,1.11,0,0.0,0,0.0,3.38,3.46,3.26
FIR,09/09/2026,3.5,3.5,"-0,11 (-3,05%)",159300,0.56,0,0.0,0,0.0,3.59,3.6,3.48
FIT,06/10/2026,2.9,2.9,"-0,10 (-3,33%)",522900,1.53,0,0.0,0,0.0,3.0,3.0,2.86
FIT,05/10/2026,3.0,3.0,"0 (0,00%)",947500,2.86,0,0.0,0,0.0,3.01,3.06,2.99
FIT,02/10/2026,3.0,3.0,"+0,06 (+2,04%)",1729900,5.26,0,0.0,0,0.0,2.89,3.12,2.89
FIT,01/10/2026,2.94,2.94,"+0,03 (+1,03%)",823500,2.41,0,0.0,0,0.0,2.88,2.97,2.88
FIT,30/09/2026,2.91,2.91,"-0,03 (-1,02%)",659200,1.93,0,0.0,0,0.0,2.87,2.99,2.87
FIT,29/09/2026,2.94,2.94,"+0,10 (+3,52%)",407600,1.17,0,0.0,0,0.0,2.84,3.0,2.8
FIT,28/09/2026,2.84,2.84,"-0,04 (-1,39%)",429700,1.22,0,0.0,0,0.0,2.88,2.89,2.81
FIT,25/09/2026,2.88,2.88,"+0,03 (+1,05%)",252200,0.73,0,0.0,0,0.0,2.87,2.92,2.85
FIT,24/09/2026,2.85,2.85,"-0,10 (-3,39%)",287500,0.83,0,0.0,0,0.0,2.95,2.95,2.85
FIT,23/09/2026,2.95,2.95,"-0,05 (-1,67%)",232500,0.69,0,0.0,0,0.0,3.0,3.03,2.95
FIT,22/09/2026,3.0,3.0,"-0,03 (-0,99%)",142000,0.43,0,0.0,0,0.0,3.0,3.05,3.0
FIT,21/09/2026,3.03,3.03,"0 (0,00%)",188400,0.57,0,0.0,0,0.0,3.03,3.07,3.0
FIT,18/09/2026,3.03,3.03,"-0,01 (-0,33%)",153800,0.47,0,0.0,0,0.0,3.05,3.07,3.01
FIT,17/09/2026,3.04,3.04,"+0,01 (+0,33%)",290500,0.89,0,0.0,0,0.0,3.03,3.08,3.03
FIT,16/09/2026,3.03,3.03,"+0,12 (+4,12%)",542300,1.63,250000,0.78,250000,0.78,2.91,3.08,2.91
FIT,15/09/2026,2.91,2.91,"+0,03 (+1,04%)",304400,0.88,0,0.0,0,0.0,2.88,2.91,2.81
FIT,14/09/2026,2.88,2.88,"-0,01 (-0,35%)",238000,0.68,248000,0.74,248000,0.74,2.89,2.91,2.82
FIT,11/09/2026,2.89,2.89,"-0,01 (-0,34%)",178800,0.52,0,0.0,0,0.0,2.9,2.96,2.88
FIT,10/09/2026,2.9,2.9,"-0,01 (-0,34%)",132000,0.39,0,0.0,0,0.0,2.94,2.94,2.9
FIT,09/09/2026,2.91,2.91,"-0,01 (-0,34%)",152100,0.44,0,0.0,0,0.0,2.94,2.94,2.9
FMC,06/10/2026,33.2,33.2,"+0,05 (+0,15%)",26900,0.89,0,0.0,0,0.0,33.15,33.85,32.8
FMC,05/10/2026,33.15,33.15,"+0,35 (+1,07%)",35700,1.19,0,0.0,0,0.0,32.85,35.0,32.85
FMC,02/10/2026,32.8,32.8,"+0,05 (+0,15%)",72500,2.42,0,0.0,0,0.0,33.2,34.5,32.8
FMC,01/10/2026,32.75,32.75,"-0,25 (-0,76%)",6400,0.21,0,0.0,0,0.0,33.0,33.0,32.75
FMC,30/09/2026,33.0,33.0,"0 (0,00%)",10400,0.34,0,0.0,0,0.0,33.1,33.1,32.9
FMC,29/09/2026,33.0,33.0,"+0,15 (+0,46%)",6600,0.22,0,0.0,0,0.0,32.85,33.0,32.8
FMC,28/09/2026,32.85,32.85,"+0,05 (+0,15%)",6200,0.2,0,0.0,0,0.0,32.8,32.9,32.75
FMC,25/09/2026,32.8,32.8,"-0,05 (-0,15%)",12800,0.42,0,0.0,0,0.0,32.85,33.0,32.8
FMC,24/09/2026,32.85,32.85,"-0,05 (-0,15%)",12100,0.4,0,0.0,0,0.0,32.9,32.9,32.85
FMC,23/09/2026,32.9,32.9,"+0,30 (+0,92%)",2100,0.07,0,0.0,0,0.0,32.7,33.0,32.7
FMC,22/09/2026,32.6,32.6,"+0,20 (+0,62%)",2200,0.07,0,0.0,0,0.0,32.4,33.2,32.4
FMC,21/09/2026,32.4,32.4,"-0,40 (-1,22%)",13300,0.43,0,0.0,0,0.0,32.4,32.6,32.3
FMC,18/09/2026,32.8,32.8,"-0,10 (-0,30%)",10400,0.34,0,0.0,0,0.0,32.9,32.95,32.8
FMC,17/09/2026,32.9,32.9,"-0,35 (-1,05%)",13200,0.44,0,0.0,0,0.0,33.0,33.25,32.9
FMC,16/09/2026,33.25,33.25,"-0,20 (-0,60%)",6200,0.21,0,0.0,0,0.0,33.3,33.3,33.0
FMC,15/09/2026,33.45,33.45,"+0,35 (+1,06%)",3600,0.12,0,0.0,0,0.0,33.0,33.5,33.0
FMC,14/09/2026,33.1,33.1,"-0,35 (-1,05%)",2700,0.09,0,0.0,0,0.0,33.0,33.7,33.0
FMC,11/09/2026,33.45,33.45,"+0,15 (+0,45%)",24200,0.8,0,0.0,0,0.0,33.3,33.5,32.6
FMC,10/09/2026,33.3,33.3,"-0,10 (-0,30%)",6100,0.2,0,0.0,0,0.0,33.4,33.4,33.25
FMC,09/09/2026,33.4,33.4,"-0,15 (-0,45%)",8900,0.3,0,0.0,0,0.0,33.55,33.55,33.4
FPT,06/10/2026,60.4,60.4,"-1,50 (-2,42%)",8214700,497.64,20000,1.15,20000,1.15,62.0,62.2,60.0
FPT,05/10/2026,61.9,61.9,"-0,20 (-0,32%)",2513400,156.52,0,0.0,0,0.0,62.2,62.8,61.9
FPT,02/10/2026,62.1,62.1,"-0,60 (-0,96%)",3199600,200.3,60000,3.5,60000,3.5,62.7,63.2,62.1
FPT,01/10/2026,62.7,62.7,"-0,30 (-0,48%)",3413000,214.49,2134765,143.88,2134765,143.88,63.0,63.1,62.6
FPT,30/09/2026,63.0,63.0,"-0,20 (-0,32%)",3041400,192.72,728210,49.05,728210,49.05,63.4,64.0,63.0
FPT,29/09/2026,63.2,63.2,"-0,50 (-0,78%)",3118000,197.67,0,0.0,0,0.0,63.7,64.1,63.1
FPT,28/09/2026,63.7,63.7,"-1,00 (-1,55%)",5148700,327.08,1020000,63.2,1020000,63.2,64.7,64.8,63.0
FPT,25/09/2026,64.7,64.7,"-0,60 (-0,92%)",3543900,230.47,1678900,117.0,1678900,117.0,65.5,65.9,64.6
FPT,24/09/2026,65.3,65.3,"-0,80 (-1,21%)",4350900,284.36,1431463,101.2,1431463,101.2,66.0,66.2,65.1
FPT,23/09/2026,66.1,66.1,"-0,50 (-0,75%)",3557500,236.22,1297000,91.72,1297000,91.72,66.6,67.0,66.1
FPT,22/09/2026,66.6,66.6,"+0,20 (+0,30%)",4905000,326.51,1528000,108.49,1528000,108.49,66.6,67.0,66.2
FPT,21/09/2026,66.4,66.4,"+1,20 (+1,84%)",8401600,554.46,1224395,85.34,1224395,85.34,66.5,66.8,65.0
FPT,18/09/2026,71.7,65.18,"-2,60 (-3,50%)",15500700,1129.62,2903000,230.66,2903000,230.66,74.5,74.8,71.7
FPT,17/09/2026,74.3,67.55,"+0,50 (+0,68%)",6626700,488.64,1224395,96.6,1224395,96.6,73.3,74.3,72.6
FPT,16/09/2026,73.8,67.09,"+1,10 (+1,51%)",7748100,562.72,21000,1.53,21000,1.53,72.8,73.8,71.5
FPT,15/09/2026,72.7,66.09,"+0,30 (+0,41%)",3977500,289.88,942900,68.16,942900,68.16,72.7,73.4,72.5
FPT,14/09/2026,72.4,65.82,"-0,30 (-0,41%)",4860300,352.47,1718000,131.04,1718000,131.04,72.8,73.6,72.0
FPT,11/09/2026,72.7,66.09,"-1,80 (-2,42%)",5655200,414.37,1289000,102.73,1289000,102.73,74.4,74.4,72.7
FPT,10/09/2026,74.5,67.73,"+2,10 (+2,90%)",11936600,882.2,202710,15.69,202710,15.69,72.3,74.8,72.2
FPT,09/09/2026,72.4,65.82,"+0,20 (+0,28%)",3680300,267.33,2413000,174.51,2413000,174.51,72.3,73.0,72.1
FRT,06/10/2026,145.0,145.0,"-2,00 (-1,36%)",547000,79.97,0,0.0,0,0.0,147.1,149.9,143.5
FRT,05/10/2026,147.0,147.0,"+4,10 (+2,87%)",618800,89.74,203153,29.65,203153,29.65,142.9,147.6,142.9
FRT,02/10/2026,142.9,142.9,"-3,70 (-2,52%)",552100,79.22,122000,17.32,122000,17.32,145.6,146.0,141.0
FRT,01/10/2026,146.6,146.6,"-0,40 (-0,27%)",849900,125.35,1046153,156.54,1046153,156.54,147.0,149.8,145.0
FRT,30/09/2026,147.0,147.0,"+5,00 (+3,52%)",1274300,184.8,402958,58.84,402958,58.84,142.0,148.2,140.3
FRT,29/09/2026,142.0,142.0,"+2,00 (+1,43%)",759800,106.93,0,0.0,0,0.0,139.0,143.0,138.0
FRT,28/09/2026,140.0,140.0,"-1,90 (-1,34%)",458000,63.91,0,0.0,0,0.0,141.6,141.6,137.0
FRT,25/09/2026,141.9,141.9,"-0,10 (-0,07%)",755900,106.59,434437,63.52,434437,63.52,141.9,143.0,138.7
FRT,24/09/2026,142.0,142.0,"+1,90 (+1,36%)",837500,118.17,0,0.0,0,0.0,142.0,143.1,137.3
FRT,23/09/2026,140.1,140.1,"+9,10 (+6,95%)",1647100,224.87,0,0.0,0,0.0,131.2,140.1,131.2
FRT,22/09/2026,131.0,131.0,"+0,90 (+0,69%)",416300,54.65,296966,39.72,296966,39.72,130.3,133.5,129.3
FRT,21/09/2026,130.1,130.1,"-0,80 (-0,61%)",237300,31.0,0,0.0,0,0.0,131.0,132.0,130.0
FRT,18/09/2026,130.9,130.9,"+0,90 (+0,69%)",443800,58.28,128966,17.8,128966,17.8,131.5,133.7,130.1
FRT,17/09/2026,130.0,130.0,"+2,00 (+1,56%)",408100,53.12,1114818,151.84,1114818,151.84,128.1,132.3,128.1
FRT,16/09/2026,128.0,128.0,"-1,00 (-0,78%)",401800,52.17,128966,17.54,128966,17.54,129.5,133.3,128.0
FRT,15/09/2026,129.0,129.0,"-4,00 (-3,01%)",285700,37.5,0,0.0,0,0.0,131.6,136.0,129.0
FRT,14/09/2026,133.0,133.0,"-4,00 (-2,92%)",831700,109.66,0,0.0,0,0.0,137.0,138.5,127.5
FRT,11/09/2026,137.0,137.0,"-3,00 (-2,14%)",274600,37.66,92000,13.06,92000,13.06,139.8,139.8,136.0
FRT,10/09/2026,140.0,140.0,"-0,50 (-0,36%)",455100,64.45,472815,71.0,472815,71.0,140.4,143.0,140.0
FRT,09/09/2026,140.5,140.5,"+1,00 (+0,72%)",230500,32.59,0,0.0,0,0.0,139.5,142.5,137.5
FTS,06/10/2026,18.65,18.65,"+0,15 (+0,81%)",1127800,20.35,0,0.0,0,0.0,18.45,18.75,17.55
FTS,05/10/2026,18.5,18.5,"0 (0,00%)",467800,8.74,220000,4.27,220000,4.27,18.55,18.85,18.45
FTS,02/10/2026,18.5,18.5,"-0,40 (-2,12%)",641700,12.03,0,0.0,0,0.0,18.7,19.0,18.5
FTS,01/10/2026,18.9,18.9,"-0,25 (-1,31%)",665000,12.61,220000,4.29,220000,4.29,18.7,19.25,18.7
FTS,30/09/2026,19.15,19.15,"-0,15 (-0,78%)",439600,8.47,0,0.0,0,0.0,19.4,19.55,19.1
FTS,29/09/2026,19.3,19.3,"0 (0,00%)",559800,10.81,0,0.0,0,0.0,19.1,19.6,19.1
FTS,28/09/2026,19.3,19.3,"-0,80 (-3,98%)",945600,18.38,0,0.0,0,0.0,20.2,20.2,19.2
FTS,25/09/2026,20.1,20.1,"+0,05 (+0,25%)",322100,6.49,0,0.0,0,0.0,20.05,20.3,20.0
FTS,24/09/2026,20.05,20.05,"-0,50 (-2,43%)",580300,11.76,0,0.0,0,0.0,20.55,20.65,20.05
FTS,23/09/2026,20.55,20.55,"-0,15 (-0,72%)",390800,8.07,0,0.0,0,0.0,20.95,20.95,20.55
FTS,22/09/2026,20.7,20.7,"+0,10 (+0,49%)",311900,6.47,0,0.0,0,0.0,20.65,21.0,20.6
FTS,21/09/2026,20.6,20.6,"-0,40 (-1,90%)",568000,11.77,0,0.0,0,0.0,21.2,21.2,20.55
FTS,18/09/2026,21.0,21.0,"+0,40 (+1,94%)",655300,13.74,0,0.0,0,0.0,20.8,21.15,20.8
FTS,17/09/2026,20.6,20.6,"+0,45 (+2,23%)",951900,19.78,0,0.0,0,0.0,20.1,21.15,20.0
FTS,16/09/2026,20.15,20.15,"-0,25 (-1,23%)",410000,8.28,0,0.0,0,0.0,20.35,20.4,20.0
FTS,15/09/2026,20.4,20.4,"+0,30 (+1,49%)",578200,11.76,0,0.0,0,0.0,20.35,20.55,20.2
FTS,14/09/2026,20.1,20.1,"-0,45 (-2,19%)",713200,14.49,0,0.0,0,0.0,20.55,20.85,20.0
FTS,11/09/2026,20.55,20.55,"-0,85 (-3,97%)",1407000,29.14,0,0.0,0,0.0,21.2,21.3,20.4
FTS,10/09/2026,21.4,21.4,"0 (0,00%)",511500,10.95,0,0.0,0,0.0,21.3,21.7,21.15
FTS,09/09/2026,21.4,21.4,"-0,35 (-1,61%)",479100,10.35,0,0.0,0,0.0,21.75,21.8,21.4
GAS,06/10/2026,79.3,79.3,"+0,30 (+0,38%)",684400,53.92,0,0.0,0,0.0,79.7,79.7,77.5
GAS,05/10/2026,79.0,79.0,"+0,20 (+0,25%)",728300,57.66,190000,15.58,190000,15.58,78.8,81.0,78.4
GAS,02/10/2026,78.8,78.8,"-3,20 (-3,90%)",1643400,131.71,0,0.0,0,0.0,82.3,83.0,78.8
GAS,01/10/2026,82.0,82.0,"0 (0,00%)",650400,53.52,190000,15.58,190000,15.58,82.0,83.8,81.5
GAS,30/09/2026,82.0,82.0,"-2,90 (-3,42%)",1176800,97.78,0,0.0,0,0.0,84.9,84.9,82.0
GAS,29/09/2026,84.9,84.9,"+1,40 (+1,68%)",1601600,135.62,0,0.0,0,0.0,84.0,85.7,83.5
GAS,28/09/2026,83.5,83.5,"+3,00 (+3,73%)",1158100,94.49,0,0.0,0,0.0,81.8,83.5,80.3
GAS,25/09/2026,80.5,80.5,"-1,50 (-1,83%)",1042700,84.91,193000,16.6,193000,16.6,82.4,82.8,80.5
GAS,24/09/2026,82.0,82.0,"-2,80 (-3,30%)",2013200,167.32,0,0.0,0,0.0,84.6,85.7,81.3
GAS,23/09/2026,84.8,84.8,"-1,20 (-1,40%)",1174600,100.22,193000,16.6,193000,16.6,86.5,86.5,84.8
GAS,22/09/2026,86.0,86.0,"-0,10 (-0,12%)",812900,69.81,0,0.0,0,0.0,86.2,87.4,85.0
GAS,21/09/2026,88.6,86.1,"+0,60 (+0,68%)",1452700,128.92,0,0.0,0,0.0,87.5,89.7,87.4
GAS,18/09/2026,88.0,85.52,"-0,60 (-0,68%)",1412000,123.97,0,0.0,0,0.0,88.5,88.7,87.2
GAS,17/09/2026,88.6,86.1,"-0,80 (-0,89%)",2621500,232.89,0,0.0,0,0.0,89.3,90.7,87.5
GAS,16/09/2026,89.4,86.88,"-2,00 (-2,19%)",2653700,241.48,0,0.0,0,0.0,91.6,93.0,89.4
GAS,15/09/2026,91.4,88.82,"+5,70 (+6,65%)",3733200,333.16,0,0.0,0,0.0,86.5,91.5,85.3
GAS,14/09/2026,85.7,83.28,"+2,80 (+3,38%)",1634100,139.92,0,0.0,0,0.0,85.1,86.8,84.0
GAS,11/09/2026,82.9,80.56,"-1,70 (-2,01%)",1451400,122.88,0,0.0,0,0.0,85.8,86.7,82.9
GAS,10/09/2026,84.6,82.21,"-1,10 (-1,28%)",1143100,98.01,0,0.0,0,0.0,86.4,87.5,84.5
GAS,09/09/2026,85.7,83.28,"+1,30 (+1,54%)",2290400,198.06,20000,1.57,20000,1.57,85.3,87.6,85.2
GDT,06/10/2026,15.7,15.7,"0 (0,00%)",41400,0.65,0,0.0,0,0.0,15.7,15.7,15.7
GDT,05/10/2026,15.7,15.7,"0 (0,00%)",1700,0.03,0,0.0,0,0.0,15.7,15.8,15.7
GDT,02/10/2026,15.7,15.7,"-0,20 (-1,26%)",600,0.01,0,0.0,0,0.0,15.7,15.7,15.7
GDT,01/10/2026,15.9,15.9,"+0,10 (+0,63%)",5900,0.09,0,0.0,0,0.0,15.7,15.9,15.7
GDT,30/09/2026,15.8,15.8,"0 (0,00%)",6300,0.1,0,0.0,0,0.0,15.85,15.9,15.8
GDT,29/09/2026,15.8,15.8,"0 (0,00%)",14700,0.23,170000,2.5,170000,2.5,15.75,15.85,15.75
GDT,28/09/2026,15.8,15.8,"-0,05 (-0,32%)",2300,0.04,0,0.0,0,0.0,15.85,15.85,15.75
GDT,25/09/2026,15.85,15.85,"+0,10 (+0,63%)",7100,0.11,180000,2.65,180000,2.65,15.8,15.85,15.75
GDT,24/09/2026,15.75,15.75,"-0,05 (-0,32%)",4100,0.06,0,0.0,0,0.0,15.75,15.8,15.75
GDT,23/09/2026,15.8,15.8,"0 (0,00%)",26500,0.42,0,0.0,0,0.0,15.75,15.8,15.7
GDT,22/09/2026,15.8,15.8,"0 (0,00%)",10700,0.17,83127,1.22,83127,1.22,15.8,15.8,15.75
GDT,21/09/2026,15.8,15.8,"+0,05 (+0,32%)",7100,0.11,0,0.0,0,0.0,15.8,15.8,15.75
GDT,18/09/2026,15.75,15.75,"+0,25 (+1,61%)",5800,0.09,0,0.0,0,0.0,15.5,15.9,15.5
GDT,17/09/2026,15.5,15.5,"-0,25 (-1,59%)",17700,0.28,164213,2.41,164213,2.41,15.85,15.85,15.4
GDT,16/09/2026,15.75,15.75,"0 (0,00%)",44600,0.7,0,0.0,0,0.0,15.75,15.8,15.75
GDT,15/09/2026,15.75,15.75,"-0,05 (-0,32%)",10500,0.17,0,0.0,0,0.0,15.8,15.85,15.75
GDT,14/09/2026,15.8,15.8,"0 (0,00%)",8100,0.13,0,0.0,0,0.0,15.8,15.95,15.75
GDT,11/09/2026,15.8,15.8,"-0,10 (-0,63%)",13600,0.22,0,0.0,0,0.0,15.85,16.0,15.8
GDT,10/09/2026,15.9,15.9,"0 (0,00%)",4300,0.07,0,0.0,0,0.0,16.0,16.0,15.9
GDT,09/09/2026,15.9,15.9,"+0,05 (+0,32%)",26000,0.41,0,0.0,0,0.0,15.85,15.9,15.75
GEE,06/10/2026,70.3,70.3,"-1,00 (-1,40%)",945700,66.76,0,0.0,0,0.0,71.6,72.0,68.7
GEE,05/10/2026,71.3,71.3,"+2,80 (+4,09%)",1569600,112.33,0,0.0,0,0.0,69.0,73.0,68.6
GEE,02/10/2026,68.5,68.5,"-3,00 (-4,20%)",1365200,94.08,0,0.0,0,0.0,72.0,72.0,68.2
GEE,01/10/2026,71.5,71.5,"-4,20 (-5,55%)",1344800,97.13,0,0.0,0,0.0,75.2,75.2,70.5
GEE,30/09/2026,75.7,75.7,"+3,70 (+5,14%)",3058600,230.23,0,0.0,0,0.0,72.0,76.6,71.5
GEE,29/09/2026,72.0,72.0,"-0,80 (-1,10%)",1343800,95.85,0,0.0,0,0.0,73.0,73.0,70.3
GEE,28/09/2026,72.8,72.8,"-1,10 (-1,49%)",1563100,112.81,0,0.0,0,0.0,75.5,75.5,70.3
GEE,25/09/2026,73.9,73.9,"+3,00 (+4,23%)",2012600,146.41,922500,61.25,922500,61.25,72.3,74.0,71.6
GEE,24/09/2026,70.9,70.9,"0 (0,00%)",2096400,148.46,1039000,78.02,1039000,78.02,70.9,72.3,68.0
GEE,23/09/2026,70.9,70.9,"+4,40 (+6,62%)",3454600,242.58,0,0.0,0,0.0,68.3,71.1,67.8
GEE,22/09/2026,66.5,66.5,"+4,30 (+6,91%)",2706700,177.7,0,0.0,0,0.0,62.8,66.5,62.2
GEE,21/09/2026,62.2,62.2,"-1,70 (-2,66%)",791300,49.54,922500,58.95,922500,58.95,65.0,65.0,61.8
GEE,18/09/2026,63.9,63.9,"-1,10 (-1,69%)",1192200,78.05,0,0.0,0,0.0,65.4,67.1,63.9
GEE,17/09/2026,65.0,65.0,"+2,60 (+4,17%)",1564900,100.44,0,0.0,0,0.0,62.8,65.5,62.1
GEE,16/09/2026,62.9,62.4,"+1,20 (+1,94%)",1660700,105.2,0,0.0,0,0.0,62.0,64.4,62.0
GEE,15/09/2026,61.7,61.21,"+4,00 (+6,93%)",2255500,137.01,0,0.0,0,0.0,57.0,61.7,57.0
GEE,14/09/2026,57.7,57.24,"-4,30 (-6,94%)",2793500,164.14,0,0.0,0,0.0,61.5,61.9,57.7
GEE,11/09/2026,62.0,61.51,"-1,90 (-2,97%)",948200,59.61,0,0.0,0,0.0,63.8,64.2,62.0
GEE,10/09/2026,63.9,63.4,"+1,00 (+1,59%)",971300,62.14,0,0.0,0,0.0,63.0,64.8,63.0
GEE,09/09/2026,62.9,62.4,"+2,30 (+3,80%)",1135600,70.66,0,0.0,0,0.0,60.5,63.4,60.4
GEG,06/10/2026,11.75,11.75,"-0,05 (-0,42%)",152700,1.79,0,0.0,0,0.0,11.75,11.8,11.65
GEG,05/10/2026,11.8,11.8,"0 (0,00%)",102400,1.21,0,0.0,0,0.0,12.0,12.0,11.7
GEG,02/10/2026,11.8,11.8,"-0,10 (-0,84%)",131300,1.55,0,0.0,0,0.0,11.85,11.9,11.8
GEG,01/10/2026,11.9,11.9,"0 (0,00%)",99800,1.19,0,0.0,0,0.0,12.0,12.0,11.85
GEG,30/09/2026,11.9,11.9,"-0,05 (-0,42%)",152700,1.82,0,0.0,0,0.0,12.1,12.1,11.9
GEG,29/09/2026,11.95,11.95,"0 (0,00%)",69200,0.82,0,0.0,0,0.0,11.95,11.95,11.85
GEG,28/09/2026,11.95,11.95,"-0,15 (-1,24%)",197700,2.37,8000000,100.8,8000000,100.8,12.05,12.1,11.9
GEG,25/09/2026,12.1,12.1,"0 (0,00%)",265400,3.21,0,0.0,0,0.0,12.1,12.15,12.05
GEG,24/09/2026,12.1,12.1,"-0,10 (-0,82%)",127600,1.55,0,0.0,0,0.0,12.2,12.2,12.05
GEG,23/09/2026,12.2,12.2,"-0,15 (-1,21%)",201500,2.47,0,0.0,0,0.0,12.35,12.35,12.2
GEG,22/09/2026,12.35,12.35,"0 (0,00%)",106400,1.31,0,0.0,0,0.0,12.35,12.35,12.25
GEG,21/09/2026,12.35,12.35,"0 (0,00%)",133700,1.65,0,0.0,0,0.0,12.3,12.4,12.25
GEG,18/09/2026,12.35,12.35,"+0,05 (+0,41%)",355600,4.37,0,0.0,0,0.0,12.3,12.35,12.3
GEG,17/09/2026,12.3,12.3,"0 (0,00%)",42800,0.53,0,0.0,0,0.0,12.3,12.35,12.25
GEG,16/09/2026,12.3,12.3,"-0,05 (-0,40%)",112200,1.38,0,0.0,0,0.0,12.4,12.4,12.3
GEG,15/09/2026,12.35,12.35,"-0,05 (-0,40%)",93300,1.15,0,0.0,0,0.0,12.3,12.4,12.3
GEG,14/09/2026,12.4,12.4,"0 (0,00%)",62700,0.77,3000000,38.7,3000000,38.7,12.3,12.4,12.2
GEG,11/09/2026,12.4,12.4,"-0,10 (-0,80%)",142400,1.76,0,0.0,0,0.0,12.5,12.5,12.3
GEG,10/09/2026,12.5,12.5,"-0,20 (-1,57%)",134000,1.68,12000000,151.2,12000000,151.2,12.5,12.65,12.5
GEG,09/09/2026,12.7,12.7,"0 (0,00%)",123700,1.56,0,0.0,0,0.0,12.7,12.7,12.55
GEX,06/10/2026,22.95,22.95,"-0,25 (-1,08%)",7078900,161.29,112000,2.78,112000,2.78,23.3,23.35,22.4
GEX,05/10/2026,23.2,23.2,"+0,30 (+1,31%)",4877700,113.62,0,0.0,0,0.0,23.05,23.5,23.0
GEX,02/10/2026,22.9,22.9,"-0,85 (-3,58%)",9715000,224.39,12050000,273.75,12050000,273.75,23.7,23.7,22.8
GEX,01/10/2026,23.75,23.75,"-0,35 (-1,45%)",7787300,184.66,749900,18.24,749900,18.24,24.2,24.2,23.3
GEX,30/09/2026,24.1,24.1,"+0,20 (+0,84%)",8264000,200.89,2050000,49.0,2050000,49.0,24.0,24.65,23.95
GEX,29/09/2026,23.9,23.9,"0 (0,00%)",4051600,96.61,213000,5.22,213000,5.22,23.9,24.15,23.55
GEX,28/09/2026,23.9,23.9,"-0,10 (-0,42%)",5891900,139.68,2876000,69.02,2876000,69.02,24.05,24.15,23.4
GEX,25/09/2026,24.0,24.0,"-0,10 (-0,41%)",4300200,104.01,2035500,50.91,2035500,50.91,24.2,24.55,24.0
GEX,24/09/2026,24.1,24.1,"-0,25 (-1,03%)",5103700,123.76,6250000,156.69,6250000,156.69,24.4,24.5,24.0
GEX,23/09/2026,24.35,24.35,"-0,05 (-0,20%)",5251000,129.02,4120000,106.14,4120000,106.14,24.55,24.95,24.3
GEX,22/09/2026,24.4,24.4,"+0,75 (+3,17%)",5578300,135.29,6753027,159.71,6753027,159.71,23.9,24.55,23.8
GEX,21/09/2026,23.65,23.65,"-0,75 (-3,07%)",7011100,168.93,1270500,31.0,1270500,31.0,25.0,25.0,23.65
GEX,18/09/2026,24.4,24.4,"+0,90 (+3,83%)",18394700,450.45,0,0.0,0,0.0,23.85,25.05,23.8
GEX,17/09/2026,23.5,23.5,"+0,55 (+2,40%)",9787600,231.38,14131500,324.97,14131500,324.97,22.95,24.1,22.9
GEX,16/09/2026,22.95,22.95,"-0,05 (-0,22%)",6704300,154.55,6000000,138.0,6000000,138.0,23.45,23.6,22.85
GEX,15/09/2026,23.0,23.0,"+0,70 (+3,14%)",11464600,265.41,21425800,491.65,21425800,491.65,22.75,23.8,22.65
GEX,14/09/2026,22.3,22.3,"-1,65 (-6,89%)",24534400,556.51,1280000,30.49,1280000,30.49,23.8,24.1,22.3
GEX,11/09/2026,23.95,23.95,"-1,10 (-4,39%)",8173800,198.91,892060,23.91,892060,23.91,24.9,24.9,23.95
GEX,10/09/2026,25.05,25.05,"+0,45 (+1,83%)",3968100,98.71,550000,13.53,550000,13.53,24.6,25.1,24.5
GEX,09/09/2026,24.6,24.6,"+0,05 (+0,20%)",4677300,115.58,580445,14.25,580445,14.25,24.6,25.1,24.5
GIL,06/10/2026,7.87,7.87,"-0,26 (-3,20%)",156700,1.25,0,0.0,0,0.0,8.13,8.15,7.85
GIL,05/10/2026,8.13,8.13,"+0,17 (+2,14%)",182400,1.48,0,0.0,0,0.0,8.1,8.14,7.96
GIL,02/10/2026,7.96,7.96,"+0,02 (+0,25%)",125400,1.0,0,0.0,0,0.0,7.94,8.01,7.94
GIL,01/10/2026,7.94,7.94,"+0,02 (+0,25%)",47500,0.38,0,0.0,0,0.0,7.92,8.1,7.91
GIL,30/09/2026,7.92,7.92,"+0,05 (+0,64%)",33800,0.27,0,0.0,0,0.0,7.83,8.05,7.83
GIL,29/09/2026,7.87,7.87,"+0,04 (+0,51%)",91600,0.72,0,0.0,0,0.0,7.81,7.99,7.81
GIL,28/09/2026,7.83,7.83,"-0,29 (-3,57%)",176400,1.41,0,0.0,0,0.0,8.12,8.12,7.8
GIL,25/09/2026,8.12,8.12,"-0,04 (-0,49%)",130200,1.07,0,0.0,0,0.0,8.2,8.38,8.1
GIL,24/09/2026,8.16,8.16,"-0,03 (-0,37%)",122000,0.99,0,0.0,0,0.0,8.17,8.2,8.1
GIL,23/09/2026,8.19,8.19,"+0,09 (+1,11%)",59300,0.48,0,0.0,0,0.0,8.34,8.34,8.1
GIL,22/09/2026,8.1,8.1,"-0,01 (-0,12%)",221000,1.79,0,0.0,0,0.0,8.0,8.3,8.0
GIL,21/09/2026,8.11,8.11,"-0,26 (-3,11%)",245500,2.01,0,0.0,0,0.0,8.28,8.35,8.03
GIL,18/09/2026,8.37,8.37,"-0,08 (-0,95%)",129200,1.1,0,0.0,0,0.0,8.5,8.65,8.31
GIL,17/09/2026,8.45,8.45,"+0,55 (+6,96%)",477500,3.96,0,0.0,0,0.0,7.91,8.45,7.8
GIL,16/09/2026,7.9,7.9,"+0,29 (+3,81%)",201800,1.57,0,0.0,0,0.0,7.61,7.92,7.6
GIL,15/09/2026,7.61,7.61,"+0,06 (+0,79%)",125000,0.95,0,0.0,0,0.0,7.6,7.7,7.56
GIL,14/09/2026,7.55,7.55,"-0,05 (-0,66%)",226800,1.71,0,0.0,0,0.0,7.55,7.6,7.48
GIL,11/09/2026,7.6,7.6,"-0,10 (-1,30%)",144000,1.1,0,0.0,0,0.0,7.7,7.79,7.6
GIL,10/09/2026,7.7,7.7,"+0,15 (+1,99%)",140100,1.07,0,0.0,0,0.0,7.55,7.72,7.55
GIL,09/09/2026,7.55,7.55,"-0,10 (-1,31%)",288000,2.15,0,0.0,0,0.0,7.4,7.66,7.4
GMD,06/10/2026,78.0,78.0,"+0,20 (+0,26%)",1585300,123.3,320000,24.9,320000,24.9,78.0,78.4,77.2
GMD,05/10/2026,77.8,77.8,"+0,20 (+0,26%)",1169000,91.24,2450000,196.45,2450000,196.45,78.0,78.5,77.8
GMD,02/10/2026,77.6,77.6,"-0,90 (-1,15%)",1073400,83.7,280540,21.6,280540,21.6,78.7,78.7,77.6
GMD,01/10/2026,78.5,78.5,"+0,40 (+0,51%)",1298700,101.84,166000,12.96,166000,12.96,78.1,79.0,77.7
GMD,30/09/2026,78.1,78.1,"+0,90 (+1,17%)",1035100,80.98,1025540,81.35,1025540,81.35,77.9,79.0,77.6
GMD,29/09/2026,77.2,77.2,"-0,10 (-0,13%)",495700,38.36,3000000,216.0,3000000,216.0,77.5,78.2,76.8
GMD,28/09/2026,77.3,77.3,"-0,10 (-0,13%)",576500,44.89,200000,16.2,200000,16.2,77.8,79.0,77.1
GMD,25/09/2026,77.4,77.4,"+1,10 (+1,44%)",770900,59.33,0,0.0,0,0.0,77.1,77.7,76.2
GMD,24/09/2026,76.3,76.3,"-1,50 (-1,93%)",803100,62.01,2200000,175.4,2200000,175.4,77.8,78.4,76.3
GMD,23/09/2026,77.8,77.8,"+0,40 (+0,52%)",865500,67.38,0,0.0,0,0.0,77.6,79.2,77.1
GMD,22/09/2026,77.4,77.4,"+0,40 (+0,52%)",489000,37.78,200000,15.4,200000,15.4,76.8,77.6,76.6
GMD,21/09/2026,77.0,77.0,"-0,30 (-0,39%)",644500,49.77,228000,18.24,228000,18.24,77.3,77.8,76.5
GMD,18/09/2026,77.3,77.3,"+0,70 (+0,91%)",778100,60.11,0,0.0,0,0.0,76.8,77.6,76.7
GMD,17/09/2026,76.6,76.6,"0 (0,00%)",620500,47.53,0,0.0,0,0.0,76.3,77.0,76.1
GMD,16/09/2026,76.6,76.6,"+0,10 (+0,13%)",867100,66.26,0,0.0,0,0.0,76.5,76.7,75.8
GMD,15/09/2026,76.5,76.5,"+1,90 (+2,55%)",835700,63.55,0,0.0,0,0.0,75.0,76.5,74.9
GMD,14/09/2026,74.6,74.6,"0 (0,00%)",518100,38.43,0,0.0,0,0.0,74.6,75.5,73.5
GMD,11/09/2026,74.6,74.6,"-0,60 (-0,80%)",1080800,80.94,0,0.0,0,0.0,75.2,76.0,74.2
GMD,10/09/2026,75.2,75.2,"-0,40 (-0,53%)",289500,21.83,30000,2.27,30000,2.27,75.7,76.0,75.1
GMD,09/09/2026,75.6,75.6,"+0,60 (+0,80%)",492700,37.39,0,0.0,0,0.0,75.0,76.5,75.0
GMH,06/10/2026,6.69,6.69,"-0,02 (-0,30%)",2000,0.01,0,0.0,0,0.0,6.7,6.7,6.53
GMH,05/10/2026,6.71,6.71,"+0,01 (+0,15%)",3200,0.02,0,0.0,0,0.0,6.7,6.71,6.7
GMH,02/10/2026,6.7,6.7,"-0,09 (-1,33%)",100,0.0,0,0.0,0,0.0,6.7,6.7,6.7
GMH,01/10/2026,6.79,6.79,"+0,21 (+3,19%)",900,0.01,0,0.0,0,0.0,6.58,6.79,6.5
GMH,30/09/2026,6.58,6.58,"0 (0,00%)",800,0.01,0,0.0,0,0.0,6.7,6.78,6.58
GMH,29/09/2026,6.58,6.58,"-0,12 (-1,79%)",500,0.0,0,0.0,0,0.0,6.7,6.79,6.36
GMH,28/09/2026,6.7,6.7,"-0,10 (-1,47%)",1300,0.01,0,0.0,0,0.0,6.36,6.7,6.36
GMH,25/09/2026,6.8,6.8,"0 (0,00%)",0,0.0,0,0.0,0,0.0,6.8,6.8,6.8
GMH,24/09/2026,6.8,6.8,"+0,05 (+0,74%)",300,0.0,0,0.0,0,0.0,6.8,6.8,6.75
GMH,23/09/2026,6.75,6.75,"0 (0,00%)",200,0.0,0,0.0,0,0.0,6.75,6.75,6.75
GMH,22/09/2026,6.75,6.75,"-0,05 (-0,74%)",300,0.0,0,0.0,0,0.0,6.7,6.8,6.7
GMH,21/09/2026,6.8,6.8,"0 (0,00%)",300,0.0,0,0.0,0,0.0,6.75,6.8,6.7
GMH,18/09/2026,6.8,6.8,"+0,10 (+1,49%)",600,0.0,0,0.0,0,0.0,6.86,6.86,6.7
GMH,17/09/2026,6.7,6.7,"-0,10 (-1,47%)",1200,0.01,0,0.0,0,0.0,6.8,6.8,6.7
GMH,16/09/2026,6.8,6.8,"0 (0,00%)",100,0.0,0,0.0,0,0.0,6.8,6.8,6.8
GMH,15/09/2026,6.8,6.8,"-0,06 (-0,87%)",200,0.0,0,0.0,0,0.0,6.8,6.8,6.8
GMH,14/09/2026,6.86,6.86,"0 (0,00%)",0,0.0,0,0.0,0,0.0,6.86,6.86,6.86
GMH,11/09/2026,6.86,6.86,"-0,06 (-0,87%)",400,0.0,0,0.0,0,0.0,6.7,6.86,6.49
GMH,10/09/2026,6.92,6.92,"0 (0,00%)",0,0.0,0,0.0,0,0.0,6.92,6.92,6.92
GMH,09/09/2026,6.92,6.92,"+0,02 (+0,29%)",100,0.0,0,0.0,0,0.0,6.92,6.92,6.92
GSP,06/10/2026,10.6,10.6,"+0,31 (+3,01%)",357400,3.75,0,0.0,0,0.0,10.45,10.6,10.3
GSP,05/10/2026,10.3,10.3,"+0,30 (+3,00%)",302400,3.1,0,0.0,0,0.0,9.93,10.5,9.93
GSP,02/10/2026,10.0,10.0,"+0,03 (+0,30%)",58600,0.59,0,0.0,0,0.0,10.05,10.1,9.97
GSP,01/10/2026,9.99,9.99,"+0,03 (+0,30%)",57900,0.58,0,0.0,0,0.0,10.0,10.0,9.94
GSP,30/09/2026,9.96,9.96,"-0,04 (-0,40%)",88800,0.88,0,0.0,0,0.0,9.9,10.0,9.9
GSP,29/09/2026,10.0,10.0,"+0,23 (+2,35%)",93000,0.92,0,0.0,0,0.0,9.7,10.0,9.7
GSP,28/09/2026,9.77,9.77,"0 (0,00%)",35500,0.34,0,0.0,0,0.0,9.78,9.83,9.5
GSP,25/09/2026,9.77,9.77,"-0,02 (-0,20%)",8700,0.08,0,0.0,0,0.0,9.8,9.83,9.71
GSP,24/09/2026,9.8,9.8,"-0,02 (-0,20%)",22500,0.22,0,0.0,0,0.0,9.89,9.9,9.7
GSP,23/09/2026,9.83,9.83,"+0,01 (+0,10%)",14800,0.15,0,0.0,0,0.0,9.9,9.9,9.79
GSP,22/09/2026,9.82,9.82,"+0,04 (+0,41%)",59700,0.59,0,0.0,0,0.0,9.73,9.9,9.73
GSP,21/09/2026,9.8,9.8,"-0,02 (-0,20%)",13500,0.13,0,0.0,0,0.0,9.79,9.83,9.72
GSP,18/09/2026,9.83,9.83,"-0,04 (-0,41%)",45500,0.45,0,0.0,0,0.0,9.87,9.87,9.75
GSP,17/09/2026,9.87,9.87,"0 (0,00%)",12000,0.12,0,0.0,0,0.0,9.8,9.9,9.8
GSP,16/09/2026,9.87,9.87,"+0,01 (+0,10%)",38600,0.38,0,0.0,0,0.0,9.84,10.0,9.84
GSP,15/09/2026,9.86,9.86,"+0,18 (+1,86%)",43200,0.42,0,0.0,0,0.0,9.68,9.87,9.68
GSP,14/09/2026,9.68,9.68,"-0,19 (-1,93%)",6300,0.06,0,0.0,0,0.0,9.87,9.87,9.68
GSP,11/09/2026,9.87,9.87,"0 (0,00%)",27700,0.27,0,0.0,0,0.0,9.87,9.95,9.87
GSP,10/09/2026,9.87,9.87,"+0,08 (+0,82%)",48800,0.48,0,0.0,0,0.0,9.8,9.9,9.8
GSP,09/09/2026,9.8,9.8,"-0,04 (-0,41%)",22700,0.22,0,0.0,0,0.0,9.85,9.88,9.8
GTA,06/10/2026,7.32,7.32,"0 (0,00%)",400,0.0,0,0.0,0,0.0,7.32,7.32,7.32
GTA,05/10/2026,7.32,7.32,"-0,53 (-6,75%)",600,0.0,0,0.0,0,0.0,7.32,7.32,7.31
GTA,02/10/2026,7.85,7.85,"0 (0,00%)",100,0.0,0,0.0,0,0.0,7.85,7.85,7.85
GTA,01/10/2026,7.85,7.85,"0 (0,00%)",700,0.01,0,0.0,0,0.0,7.85,7.85,7.85
GTA,30/09/2026,7.85,7.85,"0 (0,00%)",0,0.0,0,0.0,0,0.0,7.85,7.85,7.85
GTA,29/09/2026,7.85,7.85,"0 (0,00%)",0,0.0,0,0.0,0,0.0,7.85,7.85,7.85
GTA,28/09/2026,7.85,7.85,"0 (0,00%)",0,0.0,0,0.0,0,0.0,7.85,7.85,7.85
GTA,25/09/2026,7.85,7.85,"0 (0,00%)",0,0.0,0,0.0,0,0.0,7.85,7.85,7.85
GTA,24/09/2026,7.85,7.85,"-0,59 (-6,99%)",1300,0.01,0,0.0,0,0.0,8.0,8.0,7.85
GTA,23/09/2026,8.44,8.44,"+0,54 (+6,84%)",400,0.0,0,0.0,0,0.0,7.55,8.44,7.4
GTA,22/09/2026,7.9,7.9,"+0,50 (+6,76%)",8800,0.06,0,0.0,0,0.0,7.4,7.9,7.3
GTA,21/09/2026,7.4,7.4,"-0,51 (-6,45%)",400,0.0,0,0.0,0,0.0,7.4,7.4,7.4
GTA,18/09/2026,7.91,7.91,"-0,59 (-6,94%)",16900,0.13,0,0.0,0,0.0,7.91,7.91,7.91
GTA,17/09/2026,8.5,8.5,"-0,14 (-1,62%)",200,0.0,0,0.0,0,0.0,8.1,8.5,8.1
GTA,16/09/2026,8.64,8.64,"0 (0,00%)",0,0.0,0,0.0,0,0.0,8.64,8.64,8.64
GTA,15/09/2026,8.64,8.64,"0 (0,00%)",0,0.0,0,0.0,0,0.0,8.64,8.64,8.64
GTA,14/09/2026,8.64,8.64,"0 (0,00%)",0,0.0,0,0.0,0,0.0,8.64,8.64,8.64
GTA,11/09/2026,8.99,8.64,"0 (0,00%)",0,0.0,0,0.0,0,0.0,8.99,8.99,8.99
GTA,10/09/2026,8.99,8.64,"0 (0,00%)",0,0.0,0,0.0,0,0.0,8.99,8.99,8.99
GTA,09/09/2026,8.99,8.64,"+0,49 (+5,76%)",400,0.0,0,0.0,0,0.0,8.97,8.99,8.97
GVR,06/10/2026,32.8,32.8,"+0,10 (+0,31%)",2693600,87.62,0,0.0,0,0.0,32.95,33.15,32.0
GVR,05/10/2026,32.7,32.7,"-0,05 (-0,15%)",2056800,67.43,0,0.0,0,0.0,32.8,33.2,32.4
GVR,02/10/2026,32.75,32.75,"0 (0,00%)",2886700,95.56,0,0.0,0,0.0,32.8,33.7,32.5
GVR,01/10/2026,32.75,32.75,"-0,55 (-1,65%)",3142500,103.88,0,0.0,0,0.0,33.35,33.7,32.55
GVR,30/09/2026,33.3,33.3,"0 (0,00%)",5121300,174.67,0,0.0,0,0.0,33.75,34.9,33.3
GVR,29/09/2026,33.3,33.3,"+1,10 (+3,42%)",3710200,122.68,0,0.0,0,0.0,32.4,33.45,32.4
GVR,28/09/2026,32.2,32.2,"-0,70 (-2,13%)",2908300,93.77,0,0.0,0,0.0,32.9,32.95,31.85
GVR,25/09/2026,32.9,32.9,"+0,10 (+0,30%)",2875600,96.15,0,0.0,0,0.0,33.1,34.0,32.9
GVR,24/09/2026,32.8,32.8,"+0,65 (+2,02%)",5429700,179.83,0,0.0,0,0.0,32.3,33.8,32.1
GVR,23/09/2026,32.15,32.15,"-0,05 (-0,16%)",1622700,52.51,0,0.0,0,0.0,32.35,32.7,32.05
GVR,22/09/2026,32.2,32.2,"0 (0,00%)",1631900,52.78,0,0.0,0,0.0,32.6,32.7,32.15
GVR,21/09/2026,32.2,32.2,"+0,30 (+0,94%)",2167700,69.55,0,0.0,0,0.0,32.4,32.4,31.8
GVR,18/09/2026,31.9,31.9,"-0,30 (-0,93%)",1788700,57.28,25000,0.81,25000,0.81,32.25,32.45,31.85
GVR,17/09/2026,32.2,32.2,"+0,10 (+0,31%)",2137700,69.07,0,0.0,0,0.0,32.05,33.0,31.9
GVR,16/09/2026,32.1,32.1,"+1,15 (+3,72%)",4363200,139.72,0,0.0,0,0.0,31.15,32.7,30.9
GVR,15/09/2026,30.95,30.95,"+1,00 (+3,34%)",1806000,55.44,0,0.0,0,0.0,30.5,31.15,30.2
GVR,14/09/2026,29.95,29.95,"-0,05 (-0,17%)",1798000,54.45,0,0.0,0,0.0,30.4,30.75,29.75
GVR,11/09/2026,30.0,30.0,"-1,70 (-5,36%)",3827500,118.32,0,0.0,0,0.0,31.6,32.1,30.0
GVR,10/09/2026,31.7,31.7,"-0,15 (-0,47%)",969100,30.74,0,0.0,0,0.0,32.0,32.05,31.45
GVR,09/09/2026,31.85,31.85,"+0,05 (+0,16%)",1427500,45.64,0,0.0,0,0.0,31.9,32.25,31.7
HAG,06/10/2026,14.55,14.55,"0 (0,00%)",3833600,55.0,0,0.0,0,0.0,14.55,14.6,14.15
HAG,05/10/2026,14.55,14.55,"-0,25 (-1,69%)",2310100,33.82,0,0.0,0,0.0,14.8,14.85,14.55
HAG,02/10/2026,14.8,14.8,"+0,05 (+0,34%)",2724900,40.1,0,0.0,0,0.0,14.75,14.85,14.55
HAG,01/10/2026,14.75,14.75,"+0,65 (+4,61%)",8658200,126.65,0,0.0,0,0.0,14.05,14.9,14.0
HAG,30/09/2026,14.1,14.1,"+0,10 (+0,71%)",1658800,23.28,222000,3.1,222000,3.1,13.95,14.1,13.9
HAG,29/09/2026,14.0,14.0,"0 (0,00%)",1162000,16.21,1200000,16.8,1200000,16.8,14.0,14.0,13.85
HAG,28/09/2026,14.0,14.0,"+0,05 (+0,36%)",2003000,27.82,6722700,97.48,6722700,97.48,13.95,14.0,13.75
HAG,25/09/2026,13.95,13.95,"-0,05 (-0,36%)",794300,11.07,268000,3.73,268000,3.73,13.9,14.0,13.9
HAG,24/09/2026,14.0,14.0,"0 (0,00%)",1405400,19.57,679000,9.44,679000,9.44,14.0,14.0,13.85
HAG,23/09/2026,14.0,14.0,"0 (0,00%)",1761900,24.51,2210000,30.72,2210000,30.72,13.95,14.0,13.8
HAG,22/09/2026,14.0,14.0,"+0,10 (+0,72%)",762900,10.6,275000,3.56,275000,3.56,13.9,14.0,13.8
HAG,21/09/2026,13.9,13.9,"-0,15 (-1,07%)",1562900,21.72,2122000,29.81,2122000,29.81,14.0,14.05,13.8
HAG,18/09/2026,14.05,14.05,"+0,05 (+0,36%)",1802300,25.22,60000,0.84,60000,0.84,13.95,14.05,13.9
HAG,17/09/2026,14.0,14.0,"0 (0,00%)",1332200,18.59,140000,1.96,140000,1.96,13.95,14.0,13.85
HAG,16/09/2026,14.0,14.0,"0 (0,00%)",805500,11.22,0,0.0,0,0.0,14.0,14.0,13.8
HAG,15/09/2026,14.0,14.0,"+0,25 (+1,82%)",1718600,23.75,0,0.0,0,0.0,13.7,14.0,13.55
HAG,14/09/2026,13.75,13.75,"+0,15 (+1,10%)",2661700,36.12,400000,5.82,400000,5.82,13.6,13.75,13.25
HAG,11/09/2026,13.6,13.6,"-0,35 (-2,51%)",2369400,32.43,0,0.0,0,0.0,13.85,13.9,13.6
HAG,10/09/2026,13.95,13.95,"0 (0,00%)",2311400,31.99,0,0.0,0,0.0,13.85,13.95,13.65
HAG,09/09/2026,13.95,13.95,"0 (0,00%)",1321800,18.37,0,0.0,0,0.0,13.85,13.95,13.8
HAH,06/10/2026,50.5,50.5,"-1,00 (-1,94%)",812300,41.36,0,0.0,0,0.0,51.5,51.8,50.4
HAH,05/10/2026,51.5,51.5,"+0,33 (+0,64%)",786600,40.48,324000,16.52,324000,16.52,51.0,52.2,50.7
HAH,02/10/2026,51.2,51.2,"-0,30 (-0,58%)",643800,33.04,0,0.0,0,0.0,51.8,51.9,51.0
HAH,01/10/2026,51.5,51.5,"-0,67 (-1,28%)",942600,48.46,324000,16.52,324000,16.52,51.9,52.1,50.9
HAH,30/09/2026,52.2,52.2,"-0,70 (-1,32%)",1950200,101.91,0,0.0,0,0.0,52.9,53.0,51.7
HAH,29/09/2026,52.9,52.9,"+0,62 (+1,19%)",1805600,95.27,2000000,97.4,2000000,97.4,52.3,53.2,52.2
HAH,28/09/2026,52.3,52.3,"+0,60 (+1,16%)",2009300,104.14,0,0.0,0,0.0,52.0,52.3,51.3
HAH,25/09/2026,51.7,51.7,"+2,35 (+4,76%)",2459700,124.71,320000,14.92,320000,14.92,49.35,51.7,49.05
HAH,24/09/2026,49.35,49.35,"+0,43 (+0,88%)",1343100,66.05,1700000,79.9,1700000,79.9,49.1,49.5,48.8
HAH,23/09/2026,48.95,48.95,"+0,68 (+1,41%)",1282700,62.96,15320000,721.66,15320000,721.66,48.3,49.65,48.3
HAH,22/09/2026,48.3,48.3,"+1,42 (+3,03%)",1147100,54.96,0,0.0,0,0.0,46.9,48.5,46.85
HAH,21/09/2026,46.9,46.9,"-1,05 (-2,19%)",452900,21.3,200000,10.24,200000,10.24,47.5,48.0,46.6
HAH,18/09/2026,47.95,47.95,"+0,08 (+0,17%)",483700,23.24,0,0.0,0,0.0,47.5,48.3,47.5
HAH,17/09/2026,47.9,47.9,"+0,48 (+1,01%)",1120200,53.59,200000,8.86,200000,8.86,47.5,48.2,47.25
HAH,16/09/2026,47.45,47.45,"+0,95 (+2,04%)",1015100,47.98,0,0.0,0,0.0,46.65,47.7,46.55
HAH,15/09/2026,46.5,46.5,"+1,55 (+3,45%)",723300,33.38,200000,9.58,200000,9.58,44.15,46.7,44.15
HAH,14/09/2026,44.95,44.95,"-1,05 (-2,28%)",1049800,46.68,2096700,102.74,2096700,102.74,46.3,46.35,42.9
HAH,11/09/2026,46.0,46.0,"-1,08 (-2,29%)",490900,22.75,200000,9.6,200000,9.6,47.0,47.0,46.0
HAH,10/09/2026,47.1,47.1,"+0,50 (+1,07%)",328400,15.41,0,0.0,0,0.0,46.3,47.5,46.3
HAH,09/09/2026,46.6,46.6,"+0,55 (+1,19%)",433100,20.21,257700,12.16,257700,12.16,46.15,46.8,46.1
HAP,06/10/2026,7.2,7.2,"+0,05 (+0,70%)",700,0.0,0,0.0,0,0.0,7.15,7.2,7.0
HAP,05/10/2026,7.15,7.15,"+0,07 (+0,99%)",6000,0.04,0,0.0,0,0.0,7.05,7.15,7.05
HAP,02/10/2026,7.08,7.08,"-0,01 (-0,14%)",1300,0.01,0,0.0,0,0.0,7.08,7.08,7.08
HAP,01/10/2026,7.09,7.09,"+0,07 (+1,00%)",800,0.01,0,0.0,0,0.0,7.0,7.09,7.0
HAP,30/09/2026,7.02,7.02,"-0,04 (-0,57%)",2600,0.02,0,0.0,0,0.0,7.06,7.06,7.02
HAP,29/09/2026,7.06,7.06,"-0,17 (-2,35%)",9200,0.06,0,0.0,0,0.0,7.02,7.06,6.95
HAP,28/09/2026,7.23,7.23,"-0,05 (-0,69%)",200,0.0,0,0.0,0,0.0,7.23,7.23,7.23
HAP,25/09/2026,7.28,7.28,"-0,02 (-0,27%)",100,0.0,0,0.0,0,0.0,7.28,7.28,7.28
HAP,24/09/2026,7.3,7.3,"-0,07 (-0,95%)",3400,0.02,0,0.0,0,0.0,7.45,7.45,7.03
HAP,23/09/2026,7.37,7.37,"+0,32 (+4,54%)",404600,2.84,300000,1.97,300000,1.97,7.0,7.4,6.93
HAP,22/09/2026,7.05,7.05,"-0,23 (-3,16%)",212400,1.49,0,0.0,0,0.0,7.01,7.05,6.95
HAP,21/09/2026,7.28,7.28,"+0,28 (+4,00%)",172500,1.2,0,0.0,0,0.0,7.0,7.28,6.95
HAP,18/09/2026,7.0,7.0,"-0,20 (-2,78%)",67500,0.48,0,0.0,0,0.0,7.05,7.06,7.0
HAP,17/09/2026,7.2,7.2,"-0,10 (-1,37%)",81300,0.58,0,0.0,0,0.0,7.1,7.2,7.05
HAP,16/09/2026,7.3,7.3,"-0,05 (-0,68%)",96000,0.69,0,0.0,0,0.0,7.2,7.3,7.1
HAP,15/09/2026,7.35,7.35,"-0,03 (-0,41%)",126700,0.91,0,0.0,0,0.0,7.21,7.35,7.05
HAP,14/09/2026,7.38,7.38,"-0,02 (-0,27%)",86000,0.61,0,0.0,0,0.0,7.07,7.38,7.0
HAP,11/09/2026,7.4,7.4,"-0,05 (-0,67%)",400,0.0,0,0.0,0,0.0,7.1,7.4,7.1
HAP,10/09/2026,7.45,7.45,"+0,02 (+0,27%)",16700,0.12,0,0.0,0,0.0,7.4,7.45,7.4
HAP,09/09/2026,7.43,7.43,"+0,02 (+0,27%)",100,0.0,0,0.0,0,0.0,7.43,7.43,7.43
HAR,06/10/2026,2.35,2.35,"+0,03 (+1,29%)",55200,0.13,0,0.0,0,0.0,2.36,2.37,2.27
HAR,05/10/2026,2.32,2.32,"+0,03 (+1,31%)",83100,0.19,0,0.0,0,0.0,2.3,2.35,2.3
HAR,02/10/2026,2.29,2.29,"+0,01 (+0,44%)",26400,0.06,0,0.0,0,0.0,2.28,2.31,2.25
HAR,01/10/2026,2.28,2.28,"+0,02 (+0,88%)",29100,0.07,0,0.0,0,0.0,2.27,2.36,2.27
HAR,30/09/2026,2.26,2.26,"+0,01 (+0,44%)",51100,0.12,0,0.0,0,0.0,2.29,2.3,2.23
HAR,29/09/2026,2.25,2.25,"-0,12 (-5,06%)",212800,0.48,0,0.0,0,0.0,2.36,2.36,2.24
HAR,28/09/2026,2.37,2.37,"-0,05 (-2,07%)",75800,0.18,1538600,3.69,1538600,3.69,2.42,2.42,2.35
HAR,25/09/2026,2.42,2.42,"0 (0,00%)",119300,0.29,0,0.0,0,0.0,2.42,2.45,2.35
HAR,24/09/2026,2.42,2.42,"0 (0,00%)",35100,0.08,0,0.0,0,0.0,2.44,2.44,2.4
HAR,23/09/2026,2.42,2.42,"-0,03 (-1,22%)",27500,0.07,0,0.0,0,0.0,2.42,2.45,2.41
HAR,22/09/2026,2.45,2.45,"+0,02 (+0,82%)",61500,0.15,0,0.0,0,0.0,2.46,2.47,2.43
HAR,21/09/2026,2.43,2.43,"0 (0,00%)",34200,0.08,0,0.0,0,0.0,2.44,2.44,2.43
HAR,18/09/2026,2.43,2.43,"+0,01 (+0,41%)",62900,0.15,0,0.0,0,0.0,2.44,2.49,2.4
HAR,17/09/2026,2.42,2.42,"-0,01 (-0,41%)",50200,0.12,0,0.0,0,0.0,2.45,2.45,2.4
HAR,16/09/2026,2.43,2.43,"-0,06 (-2,41%)",33400,0.08,0,0.0,0,0.0,2.48,2.48,2.41
HAR,15/09/2026,2.49,2.49,"0 (0,00%)",30900,0.08,0,0.0,0,0.0,2.49,2.49,2.4
HAR,14/09/2026,2.49,2.49,"-0,02 (-0,80%)",99000,0.24,0,0.0,0,0.0,2.52,2.55,2.35
HAR,11/09/2026,2.51,2.51,"-0,03 (-1,18%)",30200,0.08,0,0.0,0,0.0,2.52,2.52,2.49
HAR,10/09/2026,2.54,2.54,"+0,02 (+0,79%)",27400,0.07,0,0.0,0,0.0,2.55,2.55,2.5
HAR,09/09/2026,2.52,2.52,"-0,03 (-1,18%)",30800,0.08,0,0.0,0,0.0,2.51,2.56,2.5
HAS,06/10/2026,9.79,9.79,"+0,01 (+0,10%)",0,0.0,0,0.0,0,0.0,9.79,9.79,9.79
HAS,05/10/2026,9.79,9.79,"+0,01 (+0,10%)",0,0.0,0,0.0,0,0.0,9.79,9.79,9.79
HAS,02/10/2026,9.79,9.79,"+0,34 (+3,60%)",600,0.01,0,0.0,0,0.0,9.79,9.79,9.79
HAS,01/10/2026,9.45,9.45,"0 (0,00%)",0,0.0,0,0.0,0,0.0,9.45,9.45,9.45
HAS,30/09/2026,9.45,9.45,"0 (0,00%)",0,0.0,0,0.0,0,0.0,9.45,9.45,9.45
HAS,29/09/2026,9.45,9.45,"+0,60 (+6,78%)",5500,0.05,0,0.0,0,0.0,8.27,9.45,8.27
HAS,28/09/2026,8.85,8.85,"-0,64 (-6,74%)",11700,0.11,0,0.0,0,0.0,9.99,9.99,8.85
HAS,25/09/2026,9.5,9.5,"+0,38 (+4,17%)",100,0.0,0,0.0,0,0.0,9.5,9.5,9.5
HAS,24/09/2026,9.12,9.12,"-0,67 (-6,85%)",100,0.0,0,0.0,0,0.0,9.12,9.12,9.12
HAS,23/09/2026,9.8,9.8,"+0,40 (+4,26%)",200,0.0,0,0.0,0,0.0,8.75,9.8,8.75
HAS,22/09/2026,9.4,9.4,"+0,59 (+6,70%)",3000,0.02,0,0.0,0,0.0,8.2,9.4,8.2
HAS,21/09/2026,8.81,8.81,"-0,63 (-6,67%)",2800,0.02,0,0.0,0,0.0,8.78,8.81,8.78
HAS,18/09/2026,9.44,9.44,"-0,70 (-6,90%)",800,0.01,0,0.0,0,0.0,9.45,9.45,9.44
HAS,17/09/2026,10.15,10.15,"+0,29 (+2,94%)",600,0.01,0,0.0,0,0.0,9.5,10.15,9.5
HAS,16/09/2026,9.87,9.87,"-0,71 (-6,71%)",300,0.0,0,0.0,0,0.0,9.87,9.87,9.87
HAS,15/09/2026,10.6,10.6,"+0,40 (+3,92%)",1900,0.02,0,0.0,0,0.0,9.5,10.65,9.49
HAS,14/09/2026,10.2,10.2,"-0,75 (-6,85%)",600,0.01,0,0.0,0,0.0,10.2,11.4,10.2
HAS,11/09/2026,10.95,10.95,"-0,35 (-3,10%)",900,0.01,0,0.0,0,0.0,11.25,11.25,10.95
HAS,10/09/2026,11.3,11.3,"0 (0,00%)",0,0.0,0,0.0,0,0.0,11.3,11.3,11.3
HAS,09/09/2026,11.3,11.3,"+0,62 (+5,81%)",300,0.0,0,0.0,0,0.0,11.3,11.3,11.3
HAX,06/10/2026,8.53,8.53,"-0,08 (-0,93%)",155900,1.33,0,0.0,0,0.0,8.51,8.63,8.5
HAX,05/10/2026,8.61,8.61,"+0,16 (+1,89%)",152400,1.3,0,0.0,0,0.0,8.45,8.63,8.4
HAX,02/10/2026,8.45,8.45,"+0,02 (+0,24%)",58500,0.49,0,0.0,0,0.0,8.43,8.48,8.3
HAX,01/10/2026,8.43,8.43,"-0,06 (-0,71%)",21600,0.18,0,0.0,0,0.0,8.55,8.55,8.41
HAX,30/09/2026,8.49,8.49,"+0,08 (+0,95%)",34100,0.29,0,0.0,0,0.0,8.41,8.56,8.41
HAX,29/09/2026,8.41,8.41,"-0,09 (-1,06%)",66200,0.56,0,0.0,0,0.0,8.4,8.64,8.35
HAX,28/09/2026,8.5,8.5,"-0,20 (-2,30%)",67000,0.57,0,0.0,0,0.0,8.7,8.73,8.5
HAX,25/09/2026,8.7,8.7,"+0,07 (+0,81%)",81300,0.7,0,0.0,0,0.0,8.6,8.7,8.49
HAX,24/09/2026,8.63,8.63,"-0,03 (-0,35%)",87900,0.75,0,0.0,0,0.0,8.68,8.68,8.45
HAX,23/09/2026,8.66,8.66,"-0,03 (-0,35%)",44700,0.39,0,0.0,0,0.0,8.69,8.7,8.62
HAX,22/09/2026,8.69,8.69,"-0,01 (-0,11%)",157400,1.37,0,0.0,0,0.0,8.7,8.71,8.63
HAX,21/09/2026,8.7,8.7,"0 (0,00%)",73500,0.64,0,0.0,0,0.0,8.77,8.77,8.62
HAX,18/09/2026,8.7,8.7,"+0,24 (+2,84%)",166900,1.43,0,0.0,0,0.0,8.45,8.71,8.05
HAX,17/09/2026,8.46,8.46,"+0,22 (+2,67%)",91800,0.77,0,0.0,0,0.0,8.25,8.47,8.22
HAX,16/09/2026,8.24,8.24,"+0,01 (+0,12%)",28200,0.23,0,0.0,0,0.0,8.23,8.28,8.22
HAX,15/09/2026,8.23,8.23,"-0,03 (-0,36%)",160800,1.32,0,0.0,0,0.0,8.18,8.28,8.05
HAX,14/09/2026,8.26,8.26,"-0,18 (-2,13%)",78200,0.65,0,0.0,0,0.0,8.49,8.5,8.26
HAX,11/09/2026,8.44,8.44,"-0,06 (-0,71%)",27600,0.23,0,0.0,0,0.0,8.5,8.51,8.43
HAX,10/09/2026,8.5,8.5,"+0,01 (+0,12%)",38900,0.33,0,0.0,0,0.0,8.49,8.54,8.46
HAX,09/09/2026,8.49,8.49,"-0,18 (-2,08%)",196100,1.68,0,0.0,0,0.0,8.61,8.75,8.46
HCD,06/10/2026,6.16,6.16,"+0,01 (+0,16%)",15500,0.1,0,0.0,0,0.0,6.3,6.3,6.08
HCD,05/10/2026,6.15,6.15,"0 (0,00%)",7100,0.04,0,0.0,0,0.0,6.1,6.15,6.1
HCD,02/10/2026,6.15,6.15,"+0,06 (+0,99%)",12100,0.07,0,0.0,0,0.0,6.05,6.15,6.0
HCD,01/10/2026,6.09,6.09,"-0,01 (-0,16%)",32500,0.2,0,0.0,0,0.0,6.07,6.09,6.0
HCD,30/09/2026,6.1,6.1,"-0,02 (-0,33%)",19700,0.12,0,0.0,0,0.0,6.12,6.12,6.0
HCD,29/09/2026,6.12,6.12,"-0,03 (-0,49%)",12200,0.07,0,0.0,0,0.0,6.15,6.15,6.05
HCD,28/09/2026,6.15,6.15,"-0,04 (-0,65%)",26500,0.16,0,0.0,0,0.0,6.19,6.19,6.0
HCD,25/09/2026,6.19,6.19,"-0,05 (-0,80%)",23800,0.15,0,0.0,0,0.0,6.24,6.24,6.18
HCD,24/09/2026,6.24,6.24,"-0,06 (-0,95%)",11000,0.07,0,0.0,0,0.0,6.3,6.3,6.2
HCD,23/09/2026,6.3,6.3,"-0,03 (-0,47%)",11100,0.07,0,0.0,0,0.0,6.3,6.3,6.26
HCD,22/09/2026,6.33,6.33,"-0,02 (-0,31%)",50600,0.32,0,0.0,0,0.0,6.34,6.38,6.29
HCD,21/09/2026,6.35,6.35,"+0,05 (+0,79%)",69000,0.44,0,0.0,0,0.0,6.3,6.4,6.22
HCD,18/09/2026,6.3,6.3,"0 (0,00%)",28000,0.17,0,0.0,0,0.0,6.35,6.35,6.21
HCD,17/09/2026,6.3,6.3,"-0,05 (-0,79%)",21900,0.14,0,0.0,0,0.0,6.35,6.35,6.23
HCD,16/09/2026,6.35,6.35,"-0,03 (-0,47%)",16300,0.1,0,0.0,0,0.0,6.35,6.35,6.26
HCD,15/09/2026,6.38,6.38,"+0,03 (+0,47%)",19200,0.12,0,0.0,0,0.0,6.34,6.5,6.3
HCD,14/09/2026,6.35,6.35,"+0,10 (+1,60%)",30900,0.19,0,0.0,0,0.0,6.24,6.35,6.15
HCD,11/09/2026,6.25,6.25,"+0,02 (+0,32%)",32200,0.2,0,0.0,0,0.0,6.27,6.27,6.1
HCD,10/09/2026,6.23,6.23,"-0,01 (-0,16%)",12100,0.08,0,0.0,0,0.0,6.24,6.24,6.16
HCD,09/09/2026,6.24,6.24,"+0,14 (+2,30%)",24400,0.15,0,0.0,0,0.0,6.3,6.3,6.1
HCM,06/10/2026,23.5,23.5,"+0,10 (+0,43%)",3945500,91.04,0,0.0,0,0.0,23.65,23.65,22.6
HCM,05/10/2026,23.4,23.4,"-0,10 (-0,43%)",1224400,28.82,14081600,350.28,14081600,350.28,23.45,23.75,23.4
HCM,02/10/2026,23.5,23.5,"-0,05 (-0,21%)",3307000,77.33,0,0.0,0,0.0,23.5,23.75,22.9
HCM,01/10/2026,23.55,23.55,"-0,25 (-1,05%)",2365600,56.13,14306600,357.47,14306600,357.47,23.9,24.1,23.5
HCM,30/09/2026,23.8,23.8,"-0,65 (-2,66%)",1415900,34.27,9470000,235.58,9470000,235.58,24.45,24.65,23.8
HCM,29/09/2026,24.45,24.45,"+0,55 (+2,30%)",3720900,89.16,200000,4.45,200000,4.45,23.8,24.5,23.55
HCM,28/09/2026,23.9,23.9,"-1,00 (-4,02%)",4862400,117.26,9450000,236.25,9450000,236.25,24.9,25.0,23.65
HCM,25/09/2026,24.9,24.9,"-0,20 (-0,80%)",1961200,49.0,0,0.0,0,0.0,25.05,25.2,24.8
HCM,24/09/2026,25.1,25.1,"-0,40 (-1,57%)",1945600,49.04,0,0.0,0,0.0,25.5,25.55,25.0
HCM,23/09/2026,25.5,25.5,"+0,50 (+2,00%)",3410600,86.54,0,0.0,0,0.0,25.2,25.5,25.0
HCM,22/09/2026,25.0,25.0,"0 (0,00%)",1461300,36.67,0,0.0,0,0.0,25.05,25.3,24.95
HCM,21/09/2026,25.0,25.0,"-0,50 (-1,96%)",2444800,61.45,0,0.0,0,0.0,25.8,25.8,24.95
HCM,18/09/2026,25.5,25.5,"+0,20 (+0,79%)",4465900,114.04,0,0.0,0,0.0,25.7,25.85,25.3
HCM,17/09/2026,25.3,25.3,"+0,40 (+1,61%)",3614500,91.69,100000,2.49,100000,2.49,24.7,25.9,24.2
HCM,16/09/2026,24.9,24.9,"-0,25 (-0,99%)",3072800,76.48,0,0.0,0,0.0,25.25,25.25,24.7
HCM,15/09/2026,25.15,25.15,"+0,40 (+1,62%)",2214900,55.55,100000,2.48,100000,2.48,24.8,25.3,24.75
HCM,14/09/2026,24.75,24.75,"-0,75 (-2,94%)",4303400,107.56,60000,1.64,60000,1.64,25.2,25.5,24.65
HCM,11/09/2026,25.5,25.5,"-0,80 (-3,04%)",5841200,149.78,60000,1.65,60000,1.65,26.1,26.2,25.0
HCM,10/09/2026,26.3,26.3,"-0,05 (-0,19%)",2621700,68.85,0,0.0,0,0.0,26.2,26.45,26.05
HCM,09/09/2026,26.35,26.35,"-0,15 (-0,57%)",2455500,64.74,340000,8.71,340000,8.71,26.6,26.7,26.2
HDB,06/10/2026,28.05,28.05,"0 (0,00%)",13844700,384.06,56263600,1532.24,56263600,1532.24,28.05,28.1,27.35
HDB,05/10/2026,28.05,28.05,"-0,40 (-1,41%)",8008300,225.5,2000000,56.74,2000000,56.74,28.4,28.45,28.0
HDB,02/10/2026,28.45,28.45,"+0,45 (+1,61%)",15620900,439.06,18676000,501.17,18676000,501.17,28.1,28.45,27.65
HDB,01/10/2026,28.0,28.0,"+0,50 (+1,82%)",12687500,355.04,1730000,47.58,1730000,47.58,28.1,28.2,27.75
HDB,30/09/2026,27.5,27.5,"+0,10 (+0,36%)",8447100,232.6,2692000,73.62,2692000,73.62,27.5,27.75,27.4
HDB,29/09/2026,27.4,27.4,"-0,10 (-0,36%)",8092500,221.58,0,0.0,0,0.0,27.5,27.6,27.1
HDB,28/09/2026,27.5,27.5,"-0,30 (-1,08%)",10258000,282.39,1140500,31.64,1140500,31.64,27.9,27.9,27.25
HDB,25/09/2026,27.8,27.8,"+0,15 (+0,54%)",10048600,277.8,3580000,97.38,3580000,97.38,27.5,28.0,27.35
HDB,24/09/2026,27.65,27.65,"-0,35 (-1,25%)",9212400,254.97,8364300,234.07,8364300,234.07,28.0,28.0,27.45
HDB,23/09/2026,28.0,28.0,"+0,45 (+1,63%)",20648300,580.12,7182738,195.24,7182738,195.24,27.65,28.65,27.5
HDB,22/09/2026,27.55,27.55,"-0,05 (-0,18%)",7768500,213.2,250000,6.9,250000,6.9,27.45,27.6,27.3
HDB,21/09/2026,27.6,27.6,"+0,10 (+0,36%)",11479500,314.65,2940000,80.85,2940000,80.85,27.65,27.7,27.1
HDB,18/09/2026,27.5,27.5,"-0,10 (-0,36%)",25719400,714.31,18423969,498.1,18423969,498.1,27.75,28.05,27.5
HDB,17/09/2026,27.6,27.6,"+0,50 (+1,85%)",14772600,403.74,15190000,409.43,15190000,409.43,27.0,27.6,26.9
HDB,16/09/2026,27.1,27.1,"0 (0,00%)",9625600,259.39,18998000,513.1,18998000,513.1,27.0,27.1,26.8
HDB,15/09/2026,27.1,27.1,"+0,30 (+1,12%)",7863900,211.93,7580000,203.14,7580000,203.14,26.8,27.1,26.75
HDB,14/09/2026,26.8,26.8,"0 (0,00%)",9753600,260.73,8600000,228.68,8600000,228.68,26.7,27.0,26.5
HDB,11/09/2026,26.8,26.8,"-0,65 (-2,37%)",9354300,251.32,4000000,109.8,4000000,109.8,27.1,27.2,26.6
HDB,10/09/2026,27.45,27.45,"-0,05 (-0,18%)",8914400,242.72,6808000,185.47,6808000,185.47,27.3,27.5,27.0
HDB,09/09/2026,27.5,27.5,"+0,15 (+0,55%)",11462000,314.53,12350000,337.77,12350000,337.77,27.4,27.6,27.25
HDC,06/10/2026,10.1,10.1,"0 (0,00%)",2890000,28.62,326000,3.19,326000,3.19,10.05,10.2,9.6
HDC,05/10/2026,10.1,10.1,"-0,24 (-2,32%)",1090800,11.14,600000,6.32,600000,6.32,10.25,10.35,10.1
HDC,02/10/2026,10.35,10.35,"-0,23 (-2,17%)",1333500,13.77,1200000,12.0,1200000,12.0,10.55,10.55,10.25
HDC,01/10/2026,10.6,10.6,"-0,03 (-0,28%)",1326700,13.8,1000000,10.27,1000000,10.27,10.55,10.6,10.2
HDC,30/09/2026,10.65,10.65,"+0,12 (+1,14%)",1162700,12.26,330000,3.27,330000,3.27,10.5,10.75,10.3
HDC,29/09/2026,10.55,10.55,"-0,03 (-0,28%)",1059800,11.34,400000,4.32,400000,4.32,10.45,11.0,10.45
HDC,28/09/2026,10.6,10.6,"-0,55 (-4,93%)",1635800,17.49,0,0.0,0,0.0,11.25,11.25,10.45
HDC,25/09/2026,11.15,11.15,"-0,35 (-3,04%)",723700,8.2,0,0.0,0,0.0,11.4,11.5,11.15
HDC,24/09/2026,11.5,11.5,"-0,25 (-2,13%)",926900,10.69,0,0.0,0,0.0,11.8,11.85,11.4
HDC,23/09/2026,11.75,11.75,"-0,05 (-0,42%)",774100,9.15,400000,4.6,400000,4.6,11.8,12.0,11.65
HDC,22/09/2026,11.8,11.8,"+0,35 (+3,06%)",1598000,18.7,0,0.0,0,0.0,11.4,11.9,11.4
HDC,21/09/2026,11.45,11.45,"0 (0,00%)",425500,4.86,400000,4.6,400000,4.6,11.5,11.55,11.3
HDC,18/09/2026,11.45,11.45,"0 (0,00%)",512400,5.88,0,0.0,0,0.0,11.4,11.65,11.35
HDC,17/09/2026,11.45,11.45,"+0,15 (+1,33%)",859600,9.83,0,0.0,0,0.0,11.25,11.65,11.15
HDC,16/09/2026,11.3,11.3,"0 (0,00%)",762500,8.54,0,0.0,0,0.0,11.3,11.3,11.15
HDC,15/09/2026,11.3,11.3,"+0,05 (+0,44%)",755300,8.48,40000,0.45,40000,0.45,11.1,11.35,11.1
HDC,14/09/2026,11.25,11.25,"-0,10 (-0,88%)",1239400,13.81,0,0.0,0,0.0,11.35,11.35,11.0
HDC,11/09/2026,11.35,11.35,"-0,10 (-0,87%)",1897600,21.28,0,0.0,0,0.0,11.4,11.45,11.0
HDC,10/09/2026,11.45,11.45,"-0,15 (-1,29%)",654700,7.52,0,0.0,0,0.0,11.5,11.6,11.35
HDC,09/09/2026,11.6,11.6,"-0,15 (-1,28%)",566200,6.62,0,0.0,0,0.0,11.85,11.85,11.6
HDG,06/10/2026,14.65,14.65,"0 (0,00%)",920700,13.4,0,0.0,0,0.0,14.65,14.8,14.3
HDG,05/10/2026,14.65,14.65,"-0,40 (-2,66%)",1143400,16.98,100000,1.4,100000,1.4,15.0,15.15,14.65
HDG,02/10/2026,15.05,15.05,"-0,20 (-1,31%)",700800,10.61,0,0.0,0,0.0,15.25,15.4,15.05
HDG,01/10/2026,15.25,15.25,"-0,10 (-0,65%)",551400,8.43,0,0.0,0,0.0,15.35,15.5,15.15
HDG,30/09/2026,15.35,15.35,"-0,05 (-0,32%)",490900,7.58,0,0.0,0,0.0,15.4,15.6,15.35
HDG,29/09/2026,15.4,15.4,"+0,05 (+0,33%)",706300,10.93,0,0.0,0,0.0,15.25,15.7,15.25
HDG,28/09/2026,15.35,15.35,"-0,50 (-3,15%)",1334700,20.61,0,0.0,0,0.0,15.85,15.9,15.25
HDG,25/09/2026,15.85,15.85,"-0,20 (-1,25%)",1107200,17.69,0,0.0,0,0.0,16.05,16.15,15.85
HDG,24/09/2026,16.05,16.05,"-0,15 (-0,93%)",931500,15.05,0,0.0,0,0.0,16.3,16.3,16.05
HDG,23/09/2026,16.2,16.2,"+0,15 (+0,93%)",709700,11.57,0,0.0,0,0.0,16.1,16.45,16.1
HDG,22/09/2026,16.05,16.05,"+0,05 (+0,31%)",430500,6.93,0,0.0,0,0.0,16.0,16.25,16.0
HDG,21/09/2026,16.0,16.0,"-0,10 (-0,62%)",467500,7.53,0,0.0,0,0.0,16.2,16.4,16.0
HDG,18/09/2026,16.1,16.1,"+0,05 (+0,31%)",624400,10.18,0,0.0,0,0.0,16.25,16.5,16.1
HDG,17/09/2026,16.05,16.05,"0 (0,00%)",568300,9.2,0,0.0,0,0.0,16.05,16.35,16.0
HDG,16/09/2026,16.05,16.05,"+0,20 (+1,26%)",675400,10.88,0,0.0,0,0.0,15.85,16.3,15.85
HDG,15/09/2026,15.85,15.85,"+0,25 (+1,60%)",629500,9.9,0,0.0,0,0.0,15.6,15.85,15.6
HDG,14/09/2026,15.6,15.6,"-0,35 (-2,19%)",1183700,18.63,0,0.0,0,0.0,15.95,16.0,15.5
HDG,11/09/2026,15.95,15.95,"-0,20 (-1,24%)",1089200,17.4,0,0.0,0,0.0,16.15,16.15,15.9
HDG,10/09/2026,16.15,16.15,"-0,05 (-0,31%)",834800,13.51,0,0.0,0,0.0,16.25,16.35,16.1
HDG,09/09/2026,16.2,16.2,"-0,45 (-2,70%)",1467300,24.07,0,0.0,0,0.0,16.65,16.75,16.1
HHP,06/10/2026,17.75,17.75,"-0,20 (-1,11%)",896900,15.99,728000,12.85,728000,12.85,17.95,18.1,17.65
HHP,05/10/2026,17.95,17.95,"+0,05 (+0,28%)",697900,12.53,0,0.0,0,0.0,17.9,18.1,17.9
HHP,02/10/2026,17.9,17.9,"+0,40 (+2,29%)",1181400,20.84,300000,4.89,300000,4.89,17.5,18.1,17.45
HHP,01/10/2026,17.5,17.5,"-0,15 (-0,85%)",283600,4.96,0,0.0,0,0.0,17.65,17.7,17.4
HHP,30/09/2026,17.65,17.65,"-0,10 (-0,56%)",485400,8.59,0,0.0,0,0.0,17.75,17.8,17.5
HHP,29/09/2026,17.75,17.75,"-0,05 (-0,28%)",856900,15.28,800000,13.6,800000,13.6,17.8,18.1,17.7
HHP,28/09/2026,17.8,17.8,"+0,10 (+0,56%)",1125900,19.92,244000,4.32,244000,4.32,17.7,17.85,17.5
HHP,25/09/2026,17.7,17.7,"+0,40 (+2,31%)",1970600,34.24,0,0.0,0,0.0,17.3,17.8,17.0
HHP,24/09/2026,17.3,17.3,"+0,10 (+0,58%)",636400,10.94,0,0.0,0,0.0,17.2,17.3,17.0
HHP,23/09/2026,17.2,17.2,"-0,05 (-0,29%)",1850000,31.91,0,0.0,0,0.0,17.25,17.5,16.95
HHP,22/09/2026,17.25,17.25,"-0,15 (-0,86%)",1071800,18.58,0,0.0,0,0.0,17.5,17.6,16.85
HHP,21/09/2026,17.4,17.4,"+0,20 (+1,16%)",1693100,29.23,0,0.0,0,0.0,17.2,17.4,17.0
HHP,18/09/2026,17.2,17.2,"+0,20 (+1,18%)",2188300,37.37,0,0.0,0,0.0,17.0,17.25,17.0
HHP,17/09/2026,17.0,17.0,"0 (0,00%)",1075800,18.23,0,0.0,0,0.0,17.0,17.1,16.8
HHP,16/09/2026,17.0,17.0,"-0,05 (-0,29%)",525800,8.89,0,0.0,0,0.0,17.05,17.1,16.75
HHP,15/09/2026,17.05,17.05,"+0,05 (+0,29%)",565800,9.6,0,0.0,0,0.0,17.0,17.05,16.85
HHP,14/09/2026,17.0,17.0,"-0,10 (-0,58%)",640400,10.9,0,0.0,0,0.0,17.1,17.2,16.85
HHP,11/09/2026,17.1,17.1,"0 (0,00%)",693700,11.79,0,0.0,0,0.0,17.1,17.2,16.85
HHP,10/09/2026,17.1,17.1,"-0,10 (-0,58%)",919400,15.79,0,0.0,0,0.0,17.2,17.35,17.0
HHP,09/09/2026,17.2,17.2,"+0,20 (+1,18%)",828900,14.2,550000,8.91,550000,8.91,16.95,17.3,16.95
HHS,06/10/2026,8.95,8.95,"-0,05 (-0,56%)",1277300,11.26,0,0.0,0,0.0,8.84,9.0,8.6
HHS,05/10/2026,9.0,9.0,"-0,10 (-1,10%)",828300,7.41,0,0.0,0,0.0,9.0,9.13,8.89
HHS,02/10/2026,9.1,9.1,"-0,08 (-0,87%)",1495800,13.49,0,0.0,0,0.0,9.07,9.19,8.93
HHS,01/10/2026,9.18,9.18,"-0,12 (-1,29%)",840400,7.7,0,0.0,0,0.0,9.29,9.29,9.06
HHS,30/09/2026,9.3,9.3,"-0,01 (-0,11%)",886200,8.22,0,0.0,0,0.0,9.25,9.39,9.21
HHS,29/09/2026,9.31,9.31,"0 (0,00%)",766700,7.08,0,0.0,0,0.0,9.21,9.35,9.14
HHS,28/09/2026,9.31,9.31,"-0,28 (-2,92%)",1359400,12.64,0,0.0,0,0.0,9.59,9.59,9.2
HHS,25/09/2026,9.6,9.6,"-0,04 (-0,42%)",1100700,10.5,0,0.0,0,0.0,9.6,9.64,9.48
HHS,24/09/2026,9.64,9.64,"-0,09 (-0,92%)",1199400,11.46,0,0.0,0,0.0,9.75,9.75,9.46
HHS,23/09/2026,9.75,9.75,"-0,11 (-1,12%)",480200,4.7,0,0.0,0,0.0,9.82,9.93,9.74
HHS,22/09/2026,9.86,9.86,"-0,01 (-0,10%)",524400,5.16,0,0.0,0,0.0,9.87,9.95,9.76
HHS,21/09/2026,9.87,9.87,"-0,18 (-1,79%)",724200,7.14,0,0.0,0,0.0,10.1,10.1,9.79
HHS,18/09/2026,10.05,10.05,"+0,09 (+0,90%)",645000,6.44,0,0.0,0,0.0,10.1,10.1,9.93
HHS,17/09/2026,9.96,9.96,"+0,09 (+0,91%)",1225000,12.31,0,0.0,0,0.0,9.72,10.3,9.72
HHS,16/09/2026,9.88,9.88,"-0,05 (-0,50%)",673900,6.62,0,0.0,0,0.0,9.9,9.92,9.71
HHS,15/09/2026,9.95,9.95,"+0,16 (+1,64%)",663300,6.54,0,0.0,0,0.0,9.7,9.95,9.7
HHS,14/09/2026,9.8,9.8,"-0,20 (-2,00%)",1314200,12.79,0,0.0,0,0.0,9.88,9.97,9.55
HHS,11/09/2026,10.0,10.0,"-0,58 (-5,48%)",1714100,17.39,0,0.0,0,0.0,10.45,10.55,10.0
HHS,10/09/2026,10.6,10.6,"-0,03 (-0,28%)",537000,5.65,0,0.0,0,0.0,10.4,10.6,10.4
HHS,09/09/2026,10.65,10.65,"-0,03 (-0,28%)",589900,6.27,0,0.0,0,0.0,10.65,10.75,10.5
HHV,06/10/2026,8.98,8.98,"+0,14 (+1,58%)",2858300,25.64,0,0.0,0,0.0,8.85,9.1,8.84
HHV,05/10/2026,8.84,8.84,"+0,01 (+0,11%)",1782800,15.84,0,0.0,0,0.0,8.8,8.98,8.8
HHV,02/10/2026,8.83,8.83,"-0,12 (-1,34%)",2379300,21.19,0,0.0,0,0.0,8.95,8.97,8.83
HHV,01/10/2026,8.95,8.95,"-0,11 (-1,21%)",2048400,18.43,0,0.0,0,0.0,9.1,9.1,8.95
HHV,30/09/2026,9.06,9.06,"-0,01 (-0,11%)",1028700,9.35,0,0.0,0,0.0,9.03,9.16,9.03
HHV,29/09/2026,9.07,9.07,"+0,08 (+0,89%)",2153000,19.56,0,0.0,0,0.0,8.96,9.16,8.96
HHV,28/09/2026,8.99,8.99,"-0,12 (-1,32%)",3287000,29.55,0,0.0,0,0.0,9.12,9.18,8.88
HHV,25/09/2026,9.11,9.11,"-0,04 (-0,44%)",1370000,12.54,0,0.0,0,0.0,9.15,9.2,9.11
HHV,24/09/2026,9.15,9.15,"-0,15 (-1,61%)",2526900,23.28,0,0.0,0,0.0,9.29,9.3,9.14
HHV,23/09/2026,9.3,9.3,"-0,03 (-0,32%)",1884200,17.58,0,0.0,0,0.0,9.34,9.38,9.29
HHV,22/09/2026,9.33,9.33,"-0,01 (-0,11%)",1148800,10.74,0,0.0,0,0.0,9.38,9.4,9.31
HHV,21/09/2026,9.34,9.34,"-0,06 (-0,64%)",1285800,12.08,0,0.0,0,0.0,9.44,9.52,9.32
HHV,18/09/2026,9.41,9.41,"+0,01 (+0,11%)",2191400,20.65,0,0.0,0,0.0,9.51,9.53,9.39
HHV,17/09/2026,9.4,9.4,"+0,05 (+0,53%)",2057600,19.4,404250,3.56,404250,3.56,9.25,9.5,9.25
HHV,16/09/2026,9.35,9.35,"0 (0,00%)",1554100,14.57,0,0.0,0,0.0,9.31,9.49,9.3
HHV,15/09/2026,9.35,9.35,"+0,05 (+0,54%)",1591000,14.83,0,0.0,0,0.0,9.21,9.39,9.21
HHV,14/09/2026,9.3,9.3,"-0,24 (-2,52%)",3473600,32.66,0,0.0,0,0.0,9.54,9.6,9.26
HHV,11/09/2026,9.54,9.54,"-0,28 (-2,85%)",3953800,38.18,0,0.0,0,0.0,9.8,9.83,9.54
HHV,10/09/2026,9.82,9.82,"-0,05 (-0,51%)",1497600,14.74,0,0.0,0,0.0,9.88,9.89,9.81
HHV,09/09/2026,9.88,9.88,"-0,03 (-0,30%)",2045000,20.25,0,0.0,0,0.0,9.92,9.95,9.88
HID,06/10/2026,4.14,4.14,"-0,08 (-1,90%)",405300,1.65,0,0.0,0,0.0,4.31,4.31,3.96
HID,05/10/2026,4.22,4.22,"+0,02 (+0,48%)",427600,1.82,0,0.0,0,0.0,4.2,4.42,4.02
HID,02/10/2026,4.2,4.2,"+0,18 (+4,48%)",415200,1.74,0,0.0,0,0.0,4.12,4.28,4.12
HID,01/10/2026,4.02,4.02,"-0,19 (-4,51%)",780200,3.15,0,0.0,0,0.0,4.16,4.21,3.95
HID,30/09/2026,4.21,4.21,"-0,31 (-6,86%)",1020300,4.42,0,0.0,0,0.0,4.43,4.66,4.21
HID,29/09/2026,4.52,4.52,"-0,33 (-6,80%)",690200,3.17,0,0.0,0,0.0,4.96,4.96,4.52
HID,28/09/2026,4.85,4.85,"-0,29 (-5,64%)",906100,4.38,0,0.0,0,0.0,5.0,5.12,4.79
HID,25/09/2026,5.14,5.14,"+0,18 (+3,63%)",834000,4.32,0,0.0,0,0.0,5.1,5.3,4.96
HID,24/09/2026,4.96,4.96,"0 (0,00%)",1017800,5.05,0,0.0,0,0.0,4.81,5.3,4.64
HID,23/09/2026,4.96,4.96,"-0,37 (-6,94%)",2109800,10.59,0,0.0,0,0.0,5.1,5.3,4.96
HID,22/09/2026,5.33,5.33,"-0,40 (-6,98%)",1587500,8.78,0,0.0,0,0.0,5.92,6.0,5.33
HID,21/09/2026,5.73,5.73,"+0,08 (+1,42%)",1824400,10.47,0,0.0,0,0.0,5.57,6.0,5.54
HID,18/09/2026,5.65,5.65,"-0,01 (-0,18%)",1536600,9.06,0,0.0,0,0.0,5.74,6.04,5.65
HID,17/09/2026,5.66,5.66,"+0,37 (+6,99%)",1672900,9.42,0,0.0,0,0.0,5.3,5.66,5.29
HID,16/09/2026,5.29,5.29,"+0,34 (+6,87%)",2888500,14.85,0,0.0,0,0.0,5.22,5.29,4.8
HID,15/09/2026,4.95,4.95,"+0,32 (+6,91%)",589900,2.9,0,0.0,0,0.0,4.8,4.95,4.7
HID,14/09/2026,4.63,4.63,"+0,30 (+6,93%)",1452400,6.68,0,0.0,0,0.0,4.12,4.63,4.12
HID,11/09/2026,4.33,4.33,"+0,27 (+6,65%)",2089500,9.01,0,0.0,0,0.0,4.25,4.34,4.12
HID,10/09/2026,4.06,4.06,"+0,26 (+6,84%)",503500,1.97,0,0.0,0,0.0,3.79,4.06,3.69
HID,09/09/2026,3.8,3.8,"-0,03 (-0,78%)",1462900,5.62,0,0.0,0,0.0,4.0,4.0,3.66
HII,06/10/2026,8.69,8.69,"-0,09 (-1,03%)",423900,3.67,0,0.0,0,0.0,8.78,8.99,8.46
HII,05/10/2026,8.78,8.78,"-0,07 (-0,79%)",844500,7.42,0,0.0,0,0.0,8.8,9.05,8.65
HII,02/10/2026,8.85,8.85,"-0,65 (-6,84%)",854600,7.72,0,0.0,0,0.0,9.54,9.64,8.85
HII,01/10/2026,9.51,9.51,"+0,06 (+0,64%)",396600,3.75,0,0.0,0,0.0,9.46,9.67,9.31
HII,30/09/2026,9.45,9.45,"-0,34 (-3,47%)",599400,5.77,0,0.0,0,0.0,9.85,9.9,9.22
HII,29/09/2026,9.81,9.81,"-0,01 (-0,10%)",703300,6.76,0,0.0,0,0.0,9.6,9.82,9.45
HII,28/09/2026,9.82,9.82,"-0,71 (-6,74%)",900100,9.0,0,0.0,0,0.0,10.45,10.45,9.82
HII,25/09/2026,10.55,10.55,"-0,08 (-0,75%)",702200,7.39,0,0.0,0,0.0,10.6,10.75,10.4
HII,24/09/2026,10.65,10.65,"-0,40 (-3,62%)",933000,9.95,0,0.0,0,0.0,11.05,11.05,10.55
HII,23/09/2026,11.05,11.05,"-0,15 (-1,34%)",528600,5.92,0,0.0,0,0.0,11.15,11.45,11.0
HII,22/09/2026,11.2,11.2,"-0,10 (-0,88%)",1096900,12.56,0,0.0,0,0.0,11.8,11.8,11.1
HII,21/09/2026,11.3,11.3,"+0,72 (+6,81%)",525200,5.8,0,0.0,0,0.0,10.6,11.3,10.6
HII,18/09/2026,10.6,10.6,"+0,31 (+3,01%)",576900,6.1,0,0.0,0,0.0,10.45,10.75,10.45
HII,17/09/2026,10.3,10.3,"-0,55 (-5,07%)",1044500,11.0,0,0.0,0,0.0,10.8,10.85,10.25
HII,16/09/2026,10.85,10.85,"-0,10 (-0,91%)",691900,7.56,0,0.0,0,0.0,10.85,11.25,10.75
HII,15/09/2026,10.95,10.95,"0 (0,00%)",808900,8.93,0,0.0,0,0.0,11.5,11.5,10.7
HII,14/09/2026,10.95,10.95,"+0,66 (+6,41%)",1558900,16.98,0,0.0,0,0.0,10.25,11.0,10.15
HII,11/09/2026,10.3,10.3,"-0,23 (-2,18%)",960400,10.19,0,0.0,0,0.0,10.65,11.0,10.3
HII,10/09/2026,10.55,10.55,"+0,67 (+6,78%)",838900,8.59,0,0.0,0,0.0,9.9,10.55,9.75
HII,09/09/2026,9.9,9.9,"+0,27 (+2,80%)",1605700,16.33,0,0.0,0,0.0,10.0,10.3,9.88
HMC,06/10/2026,10.8,10.8,"0 (0,00%)",11200,0.12,0,0.0,0,0.0,10.5,10.8,10.5
HMC,05/10/2026,10.8,10.8,"+0,12 (+1,12%)",12100,0.13,0,0.0,0,0.0,10.6,10.8,10.4
HMC,02/10/2026,10.7,10.7,"+0,02 (+0,19%)",0,0.0,0,0.0,0,0.0,10.7,10.7,10.7
HMC,01/10/2026,10.7,10.7,"-0,10 (-0,93%)",2200,0.02,0,0.0,0,0.0,10.8,10.85,10.7
HMC,30/09/2026,10.8,10.8,"+0,12 (+1,12%)",25400,0.27,0,0.0,0,0.0,10.75,10.8,10.5
HMC,29/09/2026,10.7,10.7,"+0,02 (+0,19%)",7000,0.07,0,0.0,0,0.0,10.55,10.7,10.35
HMC,28/09/2026,10.7,10.7,"+0,02 (+0,19%)",0,0.0,0,0.0,0,0.0,10.7,10.7,10.7
HMC,25/09/2026,10.7,10.7,"+0,02 (+0,19%)",0,0.0,0,0.0,0,0.0,10.7,10.7,10.7
HMC,24/09/2026,10.7,10.7,"+0,12 (+1,13%)",18600,0.2,0,0.0,0,0.0,10.6,10.75,10.55
HMC,23/09/2026,10.6,10.6,"+0,02 (+0,19%)",3300,0.04,50000,0.56,50000,0.56,10.6,10.7,10.6
HMC,22/09/2026,10.6,10.6,"-0,08 (-0,75%)",1800,0.02,0,0.0,0,0.0,10.75,10.75,10.6
HMC,21/09/2026,10.7,10.7,"+0,07 (+0,66%)",26300,0.28,0,0.0,0,0.0,10.8,10.8,10.5
HMC,18/09/2026,10.65,10.65,"+0,07 (+0,66%)",7600,0.08,0,0.0,0,0.0,10.6,10.65,10.5
HMC,17/09/2026,10.6,10.6,"+0,12 (+1,14%)",900,0.01,0,0.0,0,0.0,10.55,10.6,10.55
HMC,16/09/2026,10.5,10.5,"-0,25 (-2,33%)",600,0.01,0,0.0,0,0.0,10.5,10.5,10.5
HMC,15/09/2026,10.75,10.75,"+0,07 (+0,66%)",300,0.0,0,0.0,0,0.0,10.75,10.75,10.75
HMC,14/09/2026,10.7,10.7,"+0,02 (+0,19%)",0,0.0,0,0.0,0,0.0,10.7,10.7,10.7
HMC,11/09/2026,10.7,10.7,"-0,15 (-1,38%)",3100,0.03,0,0.0,0,0.0,10.65,10.9,10.65
HMC,10/09/2026,10.85,10.85,"+0,05 (+0,46%)",8600,0.09,0,0.0,0,0.0,10.8,10.85,10.8
HMC,09/09/2026,10.8,10.8,"+0,17 (+1,60%)",7400,0.08,0,0.0,0,0.0,10.8,10.85,10.6
HNA,06/10/2026,21.5,21.5,"-0,40 (-1,83%)",1900,0.04,0,0.0,0,0.0,21.85,21.85,21.0
HNA,05/10/2026,21.9,21.9,"+0,90 (+4,29%)",800,0.02,0,0.0,0,0.0,22.0,22.0,21.0
HNA,02/10/2026,21.0,21.0,"0 (0,00%)",700,0.01,0,0.0,0,0.0,21.0,21.0,21.0
HNA,01/10/2026,21.0,21.0,"-0,40 (-1,87%)",3400,0.07,0,0.0,0,0.0,21.4,21.4,21.0
HNA,30/09/2026,21.4,21.4,"-0,05 (-0,23%)",7500,0.16,0,0.0,0,0.0,21.45,21.45,21.0
HNA,29/09/2026,21.45,21.45,"+0,15 (+0,70%)",700,0.01,0,0.0,0,0.0,21.05,21.5,21.05
HNA,28/09/2026,21.3,21.3,"-0,20 (-0,93%)",6500,0.14,0,0.0,0,0.0,21.3,21.4,21.2
HNA,25/09/2026,21.5,21.5,"-0,40 (-1,83%)",700,0.02,0,0.0,0,0.0,21.5,21.5,21.5
HNA,24/09/2026,21.9,21.9,"0 (0,00%)",0,0.0,0,0.0,0,0.0,21.9,21.9,21.9
HNA,23/09/2026,21.9,21.9,"+0,10 (+0,46%)",1200,0.03,0,0.0,0,0.0,21.8,21.95,21.8
HNA,22/09/2026,21.8,21.8,"-0,15 (-0,68%)",2000,0.04,0,0.0,0,0.0,21.9,21.9,21.8
HNA,21/09/2026,21.95,21.95,"0 (0,00%)",0,0.0,0,0.0,0,0.0,21.95,21.95,21.95
HNA,18/09/2026,21.95,21.95,"-0,05 (-0,23%)",600,0.01,0,0.0,0,0.0,21.95,21.95,21.95
HNA,17/09/2026,22.0,22.0,"0 (0,00%)",0,0.0,0,0.0,0,0.0,22.0,22.0,22.0
HNA,16/09/2026,22.0,22.0,"0 (0,00%)",0,0.0,0,0.0,0,0.0,22.0,22.0,22.0
HNA,15/09/2026,22.0,22.0,"+0,90 (+4,27%)",400,0.01,0,0.0,0,0.0,21.15,22.0,21.15
HNA,14/09/2026,21.1,21.1,"0 (0,00%)",3000,0.06,0,0.0,0,0.0,21.1,21.1,21.1
HNA,11/09/2026,21.1,21.1,"-0,30 (-1,40%)",5100,0.11,0,0.0,0,0.0,21.4,22.25,21.1
HNA,10/09/2026,21.4,21.4,"0 (0,00%)",200,0.0,0,0.0,0,0.0,21.4,21.4,21.4
HNA,09/09/2026,21.4,21.4,"+0,10 (+0,47%)",100,0.0,0,0.0,0,0.0,21.4,21.4,21.4
HPG,06/10/2026,20.5,20.5,"0 (0,00%)",17171100,348.53,0,0.0,0,0.0,20.5,20.5,20.15
HPG,05/10/2026,20.5,20.5,"+0,45 (+2,24%)",31964600,658.54,818000,16.45,818000,16.45,20.4,20.8,20.35
HPG,02/10/2026,20.05,20.05,"0 (0,00%)",35378700,703.92,2200000,45.6,2200000,45.6,20.1,20.15,19.6
HPG,01/10/2026,20.05,20.05,"-0,10 (-0,50%)",11097100,223.47,850000,17.54,850000,17.54,20.15,20.25,20.05
HPG,30/09/2026,20.15,20.15,"-0,15 (-0,74%)",13350300,271.15,11950000,254.27,11950000,254.27,20.3,20.5,20.15
HPG,29/09/2026,20.3,20.3,"+0,10 (+0,50%)",18773900,379.94,744000,15.01,744000,15.01,20.2,20.4,20.15
HPG,28/09/2026,20.2,20.2,"-0,45 (-2,18%)",24184800,492.56,9350000,200.56,9350000,200.56,20.75,20.8,20.15
HPG,25/09/2026,20.65,20.65,"-0,15 (-0,72%)",14623900,303.39,13387500,288.5,13387500,288.5,20.8,20.95,20.65
HPG,24/09/2026,20.8,20.8,"-0,25 (-1,19%)",15528500,324.26,0,0.0,0,0.0,21.05,21.1,20.8
HPG,23/09/2026,21.05,21.05,"-0,10 (-0,47%)",10766000,227.49,13128000,283.07,13128000,283.07,21.15,21.2,21.05
HPG,22/09/2026,21.15,21.15,"+0,05 (+0,24%)",8104500,171.45,1420000,31.24,1420000,31.24,21.15,21.25,21.1
HPG,21/09/2026,21.1,21.1,"-0,45 (-2,09%)",15824000,335.76,3977000,90.48,3977000,90.48,21.55,21.6,21.1
HPG,18/09/2026,21.55,21.55,"+0,35 (+1,65%)",31124900,669.01,100000,2.25,100000,2.25,21.45,21.55,21.3
HPG,17/09/2026,21.2,21.2,"+0,25 (+1,19%)",17574100,373.18,3692000,81.59,3692000,81.59,20.8,21.4,20.75
HPG,16/09/2026,20.95,20.95,"-0,25 (-1,18%)",12277500,258.43,0,0.0,0,0.0,21.2,21.25,20.95
HPG,15/09/2026,21.2,21.2,"+0,30 (+1,44%)",11937200,251.83,1420000,31.24,1420000,31.24,21.0,21.2,21.0
HPG,14/09/2026,20.9,20.9,"-0,40 (-1,88%)",24046000,506.83,880000,19.36,880000,19.36,21.3,21.4,20.85
HPG,11/09/2026,21.3,21.3,"-0,55 (-2,52%)",22031700,474.26,1420000,33.16,1420000,33.16,21.75,21.8,21.3
HPG,10/09/2026,21.85,21.85,"-0,20 (-0,91%)",13391400,293.81,0,0.0,0,0.0,22.0,22.05,21.8
HPG,09/09/2026,22.05,22.05,"+0,20 (+0,92%)",22432800,494.43,1760000,38.28,1760000,38.28,21.9,22.2,21.85
HPX,06/10/2026,3.98,3.98,"-0,03 (-0,75%)",1920100,7.65,0,0.0,0,0.0,3.98,4.02,3.93
HPX,05/10/2026,4.01,4.01,"0 (0,00%)",1450700,5.81,0,0.0,0,0.0,3.99,4.03,3.96
HPX,02/10/2026,4.01,4.01,"+0,01 (+0,25%)",1722000,6.89,978300,3.91,978300,3.91,3.99,4.03,3.96
HPX,01/10/2026,4.0,4.0,"0 (0,00%)",668300,2.65,4282000,17.11,4282000,17.11,3.96,4.01,3.92
HPX,30/09/2026,4.0,4.0,"+0,01 (+0,25%)",763900,3.04,1400000,5.6,1400000,5.6,3.98,4.0,3.95
HPX,29/09/2026,3.99,3.99,"-0,04 (-0,99%)",552200,2.21,0,0.0,0,0.0,4.03,4.04,3.96
HPX,28/09/2026,4.03,4.03,"-0,04 (-0,98%)",491700,1.98,0,0.0,0,0.0,4.05,4.08,3.98
HPX,25/09/2026,4.07,4.07,"-0,02 (-0,49%)",1430700,5.81,0,0.0,0,0.0,4.06,4.1,4.02
HPX,24/09/2026,4.09,4.09,"-0,05 (-1,21%)",1285400,5.26,0,0.0,0,0.0,4.1,4.15,4.06
HPX,23/09/2026,4.14,4.14,"+0,03 (+0,73%)",1759200,7.25,0,0.0,0,0.0,4.06,4.15,4.06
HPX,22/09/2026,4.11,4.11,"-0,06 (-1,44%)",658100,2.72,0,0.0,0,0.0,4.14,4.18,4.1
HPX,21/09/2026,4.17,4.17,"-0,04 (-0,95%)",436800,1.82,0,0.0,0,0.0,4.19,4.21,4.1
HPX,18/09/2026,4.21,4.21,"+0,01 (+0,24%)",488800,2.03,0,0.0,0,0.0,4.19,4.21,4.11
HPX,17/09/2026,4.2,4.2,"+0,26 (+6,60%)",1695000,6.89,0,0.0,0,0.0,3.92,4.21,3.92
HPX,16/09/2026,3.94,3.94,"-0,07 (-1,75%)",320200,1.27,84000,0.34,84000,0.34,3.99,4.0,3.94
HPX,15/09/2026,4.01,4.01,"+0,02 (+0,50%)",606300,2.42,0,0.0,0,0.0,3.99,4.01,3.96
HPX,14/09/2026,3.99,3.99,"0 (0,00%)",493600,1.95,0,0.0,0,0.0,3.97,4.0,3.93
HPX,11/09/2026,3.99,3.99,"-0,07 (-1,72%)",549700,2.21,0,0.0,0,0.0,4.09,4.09,3.99
HPX,10/09/2026,4.06,4.06,"-0,01 (-0,25%)",157500,0.64,0,0.0,0,0.0,4.05,4.1,4.03
HPX,09/09/2026,4.07,4.07,"0 (0,00%)",184600,0.75,6590300,26.82,6590300,26.82,4.08,4.08,4.05
HQC,06/10/2026,1.92,1.92,"-0,01 (-0,52%)",2738800,5.21,0,0.0,0,0.0,1.95,1.95,1.86
HQC,05/10/2026,1.93,1.93,"+0,07 (+3,76%)",3832500,7.31,97900,0.17,97900,0.17,1.86,1.99,1.86
HQC,02/10/2026,1.86,1.86,"0 (0,00%)",1928800,3.58,0,0.0,0,0.0,1.87,1.87,1.85
HQC,01/10/2026,1.86,1.86,"+0,01 (+0,54%)",1362500,2.54,0,0.0,0,0.0,1.85,1.87,1.85
HQC,30/09/2026,1.85,1.85,"0 (0,00%)",1822100,3.38,0,0.0,0,0.0,1.85,1.87,1.84
HQC,29/09/2026,1.85,1.85,"-0,01 (-0,54%)",1997400,3.72,0,0.0,0,0.0,1.86,1.89,1.85
HQC,28/09/2026,1.86,1.86,"-0,05 (-2,62%)",2221400,4.15,0,0.0,0,0.0,1.9,1.91,1.85
HQC,25/09/2026,1.91,1.91,"0 (0,00%)",1073900,2.04,0,0.0,0,0.0,1.91,1.92,1.89
HQC,24/09/2026,1.91,1.91,"0 (0,00%)",1173100,2.23,0,0.0,0,0.0,1.91,1.91,1.89
HQC,23/09/2026,1.91,1.91,"0 (0,00%)",1692100,3.23,0,0.0,0,0.0,1.91,1.92,1.9
HQC,22/09/2026,1.91,1.91,"0 (0,00%)",1518300,2.91,0,0.0,0,0.0,1.91,1.93,1.9
HQC,21/09/2026,1.91,1.91,"-0,01 (-0,52%)",2610800,5.01,0,0.0,0,0.0,1.93,1.94,1.9
HQC,18/09/2026,1.92,1.92,"+0,01 (+0,52%)",1481900,2.85,0,0.0,0,0.0,1.91,1.94,1.91
HQC,17/09/2026,1.91,1.91,"+0,01 (+0,53%)",3143100,5.87,0,0.0,0,0.0,1.81,1.94,1.81
HQC,16/09/2026,1.9,1.9,"-0,04 (-2,06%)",1991200,3.81,0,0.0,0,0.0,1.94,1.94,1.9
HQC,15/09/2026,1.94,1.94,"+0,03 (+1,57%)",2087600,4.03,0,0.0,0,0.0,1.92,1.95,1.91
HQC,14/09/2026,1.91,1.91,"-0,04 (-2,05%)",3031800,5.86,0,0.0,0,0.0,1.95,1.96,1.91
HQC,11/09/2026,1.95,1.95,"-0,06 (-2,99%)",4329300,8.5,0,0.0,0,0.0,1.98,2.0,1.94
HQC,10/09/2026,2.01,2.01,"0 (0,00%)",2280100,4.56,0,0.0,0,0.0,2.0,2.02,1.98
HQC,09/09/2026,2.01,2.01,"-0,05 (-2,43%)",6281900,12.62,0,0.0,0,0.0,2.05,2.05,1.99
HRC,06/10/2026,29.8,29.8,"-0,05 (-0,17%)",300,0.01,0,0.0,0,0.0,29.8,29.8,29.8
HRC,05/10/2026,29.85,29.85,"-2,05 (-6,43%)",1500,0.04,0,0.0,0,0.0,29.8,30.8,29.8
HRC,02/10/2026,31.9,31.9,"0 (0,00%)",100,0.0,0,0.0,0,0.0,31.9,31.9,31.9
HRC,01/10/2026,31.9,31.9,"+1,30 (+4,25%)",1100,0.03,0,0.0,0,0.0,30.6,31.9,29.1
HRC,30/09/2026,30.6,30.6,"-1,85 (-5,70%)",1600,0.05,0,0.0,0,0.0,32.45,32.45,30.5
HRC,29/09/2026,32.45,32.45,"-0,20 (-0,61%)",200,0.01,0,0.0,0,0.0,30.6,32.45,30.6
HRC,28/09/2026,32.65,32.65,"+1,60 (+5,15%)",1200,0.04,0,0.0,0,0.0,28.95,32.65,28.9
HRC,25/09/2026,31.05,31.05,"0 (0,00%)",500,0.02,0,0.0,0,0.0,31.05,31.05,31.05
HRC,24/09/2026,31.05,31.05,"0 (0,00%)",700,0.02,0,0.0,0,0.0,31.05,32.25,31.0
HRC,23/09/2026,31.05,31.05,"+0,05 (+0,16%)",300,0.01,0,0.0,0,0.0,31.0,32.95,31.0
HRC,22/09/2026,31.0,31.0,"+0,45 (+1,47%)",500,0.02,0,0.0,0,0.0,32.6,32.6,31.0
HRC,21/09/2026,30.55,30.55,"-1,50 (-4,68%)",800,0.02,0,0.0,0,0.0,30.3,31.6,30.3
HRC,18/09/2026,32.05,32.05,"0 (0,00%)",200,0.01,0,0.0,0,0.0,32.05,32.05,32.05
HRC,17/09/2026,32.05,32.05,"-1,25 (-3,75%)",1000,0.03,0,0.0,0,0.0,32.1,32.1,32.0
HRC,16/09/2026,33.3,33.3,"-0,50 (-1,48%)",2900,0.09,0,0.0,0,0.0,33.7,33.7,31.45
HRC,15/09/2026,33.8,33.8,"+1,30 (+4,00%)",600,0.02,0,0.0,0,0.0,34.45,34.45,30.5
HRC,14/09/2026,32.5,32.5,"+1,35 (+4,33%)",2600,0.08,0,0.0,0,0.0,29.25,32.5,29.25
HRC,11/09/2026,31.15,31.15,"0 (0,00%)",100,0.0,0,0.0,0,0.0,31.15,31.15,31.15
HRC,10/09/2026,31.15,31.15,"0 (0,00%)",200,0.01,0,0.0,0,0.0,31.15,31.15,31.15
HRC,09/09/2026,31.15,31.15,"-0,95 (-2,96%)",200,0.01,0,0.0,0,0.0,31.05,31.15,31.05
HSG,06/10/2026,9.99,9.99,"-0,01 (-0,10%)",1898300,18.9,0,0.0,0,0.0,10.0,10.1,9.83
HSG,05/10/2026,10.0,10.0,"+0,03 (+0,30%)",2833900,28.82,0,0.0,0,0.0,10.0,10.35,10.0
HSG,02/10/2026,9.98,9.98,"-0,02 (-0,20%)",2516100,25.06,90000,0.84,90000,0.84,10.0,10.0,9.78
HSG,01/10/2026,10.0,10.0,"0 (0,00%)",1716700,17.19,0,0.0,0,0.0,10.0,10.1,9.98
HSG,30/09/2026,10.0,10.0,"-0,10 (-0,99%)",1123200,11.27,90000,0.97,90000,0.97,10.0,10.1,9.99
HSG,29/09/2026,10.1,10.1,"+0,19 (+1,92%)",2113000,21.12,0,0.0,0,0.0,9.91,10.15,9.9
HSG,28/09/2026,9.91,9.91,"-0,09 (-0,90%)",2633100,26.2,0,0.0,0,0.0,10.0,10.05,9.9
HSG,25/09/2026,10.0,10.0,"0 (0,00%)",1712800,17.16,0,0.0,0,0.0,10.05,10.1,9.99
HSG,24/09/2026,10.0,10.0,"-0,10 (-0,99%)",2811000,28.17,0,0.0,0,0.0,10.1,10.1,9.99
HSG,23/09/2026,10.1,10.1,"0 (0,00%)",1254600,12.63,0,0.0,0,0.0,10.15,10.15,10.0
HSG,22/09/2026,10.1,10.1,"0 (0,00%)",1355500,13.7,0,0.0,0,0.0,10.1,10.15,10.05
HSG,21/09/2026,10.1,10.1,"-0,04 (-0,39%)",1469100,14.93,0,0.0,0,0.0,10.25,10.25,10.1
HSG,18/09/2026,10.15,10.15,"+0,05 (+0,50%)",1785800,18.18,0,0.0,0,0.0,10.15,10.3,10.1
HSG,17/09/2026,10.1,10.1,"+0,05 (+0,50%)",2100400,21.29,0,0.0,0,0.0,10.0,10.3,10.0
HSG,16/09/2026,10.05,10.05,"-0,09 (-0,89%)",1435500,14.48,0,0.0,0,0.0,10.15,10.15,10.05
HSG,15/09/2026,10.15,10.15,"+0,05 (+0,50%)",3480800,35.25,0,0.0,0,0.0,10.1,10.25,10.0
HSG,14/09/2026,10.1,10.1,"-0,10 (-0,98%)",2729800,27.62,0,0.0,0,0.0,10.25,10.3,10.0
HSG,11/09/2026,10.2,10.2,"-0,29 (-2,77%)",2755300,28.45,0,0.0,0,0.0,10.5,10.5,10.2
HSG,10/09/2026,10.5,10.5,"-0,08 (-0,76%)",2037000,21.47,0,0.0,0,0.0,10.55,10.6,10.5
HSG,09/09/2026,10.6,10.6,"+0,02 (+0,19%)",1503000,15.93,0,0.0,0,0.0,10.55,10.65,10.55
HSL,06/10/2026,8.65,8.65,"-0,65 (-6,99%)",2387200,20.72,0,0.0,0,0.0,9.0,9.3,8.65
HSL,05/10/2026,9.3,9.3,"-0,67 (-6,72%)",2758500,26.02,100000,1.0,100000,1.0,10.0,10.0,9.3
HSL,02/10/2026,9.99,9.99,"+0,55 (+5,83%)",2807100,27.43,0,0.0,0,0.0,9.44,10.1,9.3
HSL,01/10/2026,9.44,9.44,"+0,61 (+6,91%)",3662200,33.99,0,0.0,0,0.0,8.83,9.44,8.6
HSL,30/09/2026,8.83,8.83,"-0,17 (-1,89%)",136700,1.21,0,0.0,0,0.0,8.81,9.0,8.81
HSL,29/09/2026,9.0,9.0,"-0,03 (-0,33%)",60700,0.54,0,0.0,0,0.0,8.9,9.04,8.82
HSL,28/09/2026,9.03,9.03,"-0,05 (-0,55%)",50500,0.45,0,0.0,0,0.0,8.9,9.07,8.8
HSL,25/09/2026,9.08,9.08,"-0,01 (-0,11%)",82200,0.74,0,0.0,0,0.0,9.09,9.15,8.95
HSL,24/09/2026,9.09,9.09,"+0,18 (+2,02%)",307900,2.74,0,0.0,0,0.0,8.91,9.09,8.61
HSL,23/09/2026,8.91,8.91,"-0,19 (-2,09%)",116600,1.05,0,0.0,0,0.0,9.0,9.17,8.88
HSL,22/09/2026,9.1,9.1,"+0,30 (+3,41%)",79400,0.72,0,0.0,0,0.0,9.39,9.39,8.88
HSL,21/09/2026,8.8,8.8,"-0,30 (-3,30%)",168000,1.51,0,0.0,0,0.0,9.1,9.4,8.8
HSL,18/09/2026,9.1,9.1,"+0,21 (+2,36%)",127700,1.15,839606,7.49,839606,7.49,9.15,9.15,8.89
HSL,17/09/2026,8.89,8.89,"+0,09 (+1,02%)",111300,0.98,0,0.0,0,0.0,8.97,8.97,8.56
HSL,16/09/2026,8.8,8.8,"-0,07 (-0,79%)",229100,1.98,0,0.0,0,0.0,8.9,8.95,8.49
HSL,15/09/2026,8.87,8.87,"-0,32 (-3,48%)",160900,1.45,340000,2.91,340000,2.91,9.19,9.19,8.87
HSL,14/09/2026,9.19,9.19,"-0,21 (-2,23%)",899300,7.96,0,0.0,0,0.0,9.4,9.4,8.75
HSL,11/09/2026,9.4,9.4,"-0,70 (-6,93%)",615000,6.03,0,0.0,0,0.0,10.1,10.4,9.4
HSL,10/09/2026,10.1,10.1,"+0,17 (+1,71%)",116300,1.16,0,0.0,0,0.0,9.95,10.15,9.95
HSL,09/09/2026,9.95,9.95,"-0,29 (-2,83%)",305600,3.09,0,0.0,0,0.0,10.35,10.35,9.95
HT1,06/10/2026,12.3,12.3,"+0,20 (+1,65%)",794800,9.81,0,0.0,0,0.0,12.15,12.6,12.15
HT1,05/10/2026,12.1,12.1,"+0,05 (+0,41%)",344400,4.23,0,0.0,0,0.0,12.0,12.6,12.0
HT1,02/10/2026,12.05,12.05,"+0,15 (+1,26%)",242200,2.92,0,0.0,0,0.0,11.95,12.25,11.85
HT1,01/10/2026,11.9,11.9,"+0,05 (+0,42%)",144300,1.71,0,0.0,0,0.0,11.85,11.9,11.8
HT1,30/09/2026,11.85,11.85,"0 (0,00%)",125100,1.48,0,0.0,0,0.0,11.85,11.95,11.8
HT1,29/09/2026,11.85,11.85,"0 (0,00%)",87800,1.04,0,0.0,0,0.0,11.8,11.95,11.75
HT1,28/09/2026,11.85,11.85,"-0,05 (-0,42%)",191800,2.3,0,0.0,0,0.0,11.95,12.15,11.75
HT1,25/09/2026,11.9,11.9,"+0,10 (+0,85%)",165100,1.96,0,0.0,0,0.0,11.95,11.95,11.8
HT1,24/09/2026,11.8,11.8,"-0,75 (-5,98%)",1240800,14.86,0,0.0,0,0.0,12.55,12.55,11.8
HT1,23/09/2026,12.55,12.55,"+0,15 (+1,21%)",296600,3.71,0,0.0,0,0.0,12.55,12.65,12.25
HT1,22/09/2026,12.4,12.4,"+0,60 (+5,08%)",546400,6.63,0,0.0,0,0.0,11.85,12.45,11.8
HT1,21/09/2026,11.8,11.8,"0 (0,00%)",140200,1.65,0,0.0,0,0.0,11.65,11.9,11.65
HT1,18/09/2026,11.8,11.8,"0 (0,00%)",118900,1.41,0,0.0,0,0.0,11.95,11.95,11.8
HT1,17/09/2026,11.8,11.8,"0 (0,00%)",106600,1.27,198000,2.49,198000,2.49,11.9,11.95,11.8
HT1,16/09/2026,11.8,11.8,"+0,10 (+0,85%)",237300,2.82,0,0.0,0,0.0,11.9,12.1,11.75
HT1,15/09/2026,12.0,11.68,"0 (0,00%)",201000,2.42,0,0.0,0,0.0,12.0,12.15,11.95
HT1,14/09/2026,12.0,11.68,"-0,10 (-0,83%)",264800,3.19,0,0.0,0,0.0,12.1,12.2,11.95
HT1,11/09/2026,12.1,11.78,"+0,05 (+0,41%)",382400,4.62,0,0.0,0,0.0,12.1,12.2,12.0
HT1,10/09/2026,12.05,11.73,"-0,05 (-0,41%)",403100,4.84,0,0.0,0,0.0,12.1,12.2,11.9
HT1,09/09/2026,12.1,11.78,"-0,10 (-0,82%)",88900,1.08,0,0.0,0,0.0,12.15,12.35,12.1
HTG,06/10/2026,33.2,33.2,"0 (0,00%)",10100,0.33,0,0.0,0,0.0,33.2,33.2,32.55
HTG,05/10/2026,33.2,33.2,"0 (0,00%)",3400,0.11,0,0.0,0,0.0,33.3,33.3,33.2
HTG,02/10/2026,33.2,33.2,"0 (0,00%)",600,0.02,0,0.0,0,0.0,33.2,33.2,33.2
HTG,01/10/2026,33.2,33.2,"0 (0,00%)",1600,0.05,0,0.0,0,0.0,33.3,33.3,32.85
HTG,30/09/2026,33.2,33.2,"+0,10 (+0,30%)",5000,0.17,0,0.0,0,0.0,33.1,33.2,33.05
HTG,29/09/2026,33.1,33.1,"+0,50 (+1,53%)",5200,0.17,0,0.0,0,0.0,32.7,33.2,32.65
HTG,28/09/2026,32.6,32.6,"-0,80 (-2,40%)",2600,0.09,0,0.0,0,0.0,33.4,33.4,32.6
HTG,25/09/2026,33.4,33.4,"+0,10 (+0,30%)",3900,0.13,0,0.0,0,0.0,33.45,33.45,33.3
HTG,24/09/2026,33.3,33.3,"-0,10 (-0,30%)",4300,0.14,0,0.0,0,0.0,33.4,33.5,33.3
HTG,23/09/2026,33.4,33.4,"-0,20 (-0,60%)",2200,0.07,0,0.0,0,0.0,33.5,33.8,33.4
HTG,22/09/2026,33.6,33.6,"0 (0,00%)",3500,0.12,0,0.0,0,0.0,33.5,33.6,33.5
HTG,21/09/2026,33.6,33.6,"-0,15 (-0,44%)",700,0.02,0,0.0,0,0.0,33.65,33.65,33.6
HTG,18/09/2026,33.75,33.75,"-0,25 (-0,74%)",6600,0.22,0,0.0,0,0.0,34.0,34.0,33.7
HTG,17/09/2026,34.0,34.0,"0 (0,00%)",5200,0.17,0,0.0,0,0.0,34.0,34.0,33.55
HTG,16/09/2026,34.0,34.0,"+0,50 (+1,49%)",8200,0.28,0,0.0,0,0.0,33.3,34.0,33.25
HTG,15/09/2026,33.5,33.5,"+0,20 (+0,60%)",4600,0.16,0,0.0,0,0.0,33.7,33.9,33.5
HTG,14/09/2026,33.3,33.3,"-0,20 (-0,60%)",5200,0.17,0,0.0,0,0.0,33.55,33.55,33.3
HTG,11/09/2026,33.5,33.5,"+0,10 (+0,30%)",5000,0.17,0,0.0,0,0.0,33.5,33.5,33.5
HTG,10/09/2026,33.4,33.4,"-0,60 (-1,76%)",500,0.02,0,0.0,0,0.0,33.7,33.7,33.4
HTG,09/09/2026,34.0,34.0,"-0,50 (-1,45%)",100,0.0,0,0.0,0,0.0,34.0,34.0,34.0
HTI,06/10/2026,18.1,18.1,"-0,05 (-0,28%)",11500,0.21,0,0.0,0,0.0,18.2,18.2,18.05
HTI,05/10/2026,18.15,18.15,"0 (0,00%)",11400,0.21,0,0.0,0,0.0,18.4,18.4,18.15
HTI,02/10/2026,18.15,18.15,"0 (0,00%)",2300,0.04,0,0.0,0,0.0,18.1,18.2,18.1
HTI,01/10/2026,18.15,18.15,"0 (0,00%)",12900,0.23,0,0.0,0,0.0,18.15,18.2,18.1
HTI,30/09/2026,18.15,18.15,"0 (0,00%)",6000,0.11,0,0.0,0,0.0,18.15,18.2,18.15
HTI,29/09/2026,18.15,18.15,"-0,05 (-0,27%)",5200,0.09,0,0.0,0,0.0,18.15,18.2,18.15
HTI,28/09/2026,18.2,18.2,"+0,10 (+0,55%)",3700,0.07,0,0.0,0,0.0,18.1,18.2,18.1
HTI,25/09/2026,18.1,18.1,"-0,10 (-0,55%)",61300,1.11,0,0.0,0,0.0,18.2,18.3,18.0
HTI,24/09/2026,18.2,18.2,"-0,40 (-2,15%)",36400,0.67,0,0.0,0,0.0,18.55,18.55,18.15
HTI,23/09/2026,18.6,18.6,"-0,05 (-0,27%)",5800,0.11,0,0.0,0,0.0,18.75,18.8,18.6
HTI,22/09/2026,18.65,18.65,"+0,25 (+1,36%)",500,0.01,0,0.0,0,0.0,18.7,18.7,18.45
HTI,21/09/2026,18.4,18.4,"0 (0,00%)",2100,0.04,0,0.0,0,0.0,18.5,18.5,18.4
HTI,18/09/2026,18.4,18.4,"-0,20 (-1,08%)",26200,0.48,0,0.0,0,0.0,18.55,18.6,18.4
HTI,17/09/2026,18.6,18.6,"0 (0,00%)",14000,0.26,0,0.0,0,0.0,18.5,18.6,18.45
HTI,16/09/2026,18.6,18.6,"+0,05 (+0,27%)",6300,0.12,0,0.0,0,0.0,18.85,18.85,18.55
HTI,15/09/2026,18.55,18.55,"+0,15 (+0,82%)",13600,0.25,0,0.0,0,0.0,18.5,18.55,18.45
HTI,14/09/2026,18.4,18.4,"-0,25 (-1,34%)",27600,0.51,0,0.0,0,0.0,18.5,18.65,18.4
HTI,11/09/2026,18.65,18.65,"+0,05 (+0,27%)",7700,0.14,0,0.0,0,0.0,18.5,18.65,18.35
HTI,10/09/2026,18.6,18.6,"0 (0,00%)",8800,0.16,0,0.0,0,0.0,18.6,18.6,18.5
HTI,09/09/2026,18.6,18.6,"0 (0,00%)",26200,0.49,0,0.0,0,0.0,18.6,18.6,18.5
HTL,06/10/2026,19.85,19.85,"+0,15 (+0,76%)",1300,0.03,0,0.0,0,0.0,20.0,20.0,19.85
HTL,05/10/2026,19.7,19.7,"0 (0,00%)",0,0.0,0,0.0,0,0.0,19.7,19.7,19.7
HTL,02/10/2026,19.7,19.7,"-0,10 (-0,51%)",2900,0.06,0,0.0,0,0.0,19.6,19.9,19.6
HTL,01/10/2026,19.8,19.8,"0 (0,00%)",1200,0.02,0,0.0,0,0.0,19.8,19.8,19.3
HTL,30/09/2026,19.8,19.8,"0 (0,00%)",0,0.0,0,0.0,0,0.0,19.8,19.8,19.8
HTL,29/09/2026,19.8,19.8,"-0,10 (-0,50%)",900,0.02,0,0.0,0,0.0,20.0,20.0,19.8
HTL,28/09/2026,19.9,19.9,"-0,10 (-0,50%)",400,0.01,0,0.0,0,0.0,19.9,19.9,19.9
HTL,25/09/2026,20.0,20.0,"+0,70 (+3,63%)",100,0.0,0,0.0,0,0.0,20.0,20.0,20.0
HTL,24/09/2026,19.3,19.3,"-1,40 (-6,76%)",5800,0.11,0,0.0,0,0.0,20.0,20.5,19.3
HTL,23/09/2026,22.7,20.7,"-0,80 (-3,40%)",4300,0.1,0,0.0,0,0.0,22.1,23.5,22.1
HTL,22/09/2026,23.5,21.43,"+1,45 (+6,58%)",8100,0.18,0,0.0,0,0.0,22.0,23.5,22.0
HTL,21/09/2026,22.05,20.11,"+0,05 (+0,23%)",10800,0.24,0,0.0,0,0.0,22.15,22.15,22.0
HTL,18/09/2026,22.0,20.06,"0 (0,00%)",3900,0.09,0,0.0,0,0.0,22.2,22.2,22.0
HTL,17/09/2026,22.0,20.06,"-0,20 (-0,90%)",1600,0.04,0,0.0,0,0.0,21.95,22.0,21.9
HTL,16/09/2026,22.2,20.24,"-0,10 (-0,45%)",1200,0.03,0,0.0,0,0.0,22.3,22.3,22.2
HTL,15/09/2026,22.3,20.34,"0 (0,00%)",2200,0.05,0,0.0,0,0.0,22.65,22.65,22.0
HTL,14/09/2026,22.3,20.34,"+0,90 (+4,21%)",2200,0.05,0,0.0,0,0.0,21.95,22.8,21.4
HTL,11/09/2026,21.4,19.51,"0 (0,00%)",500,0.01,0,0.0,0,0.0,20.8,21.4,20.55
HTL,10/09/2026,21.4,19.51,"0 (0,00%)",500,0.01,0,0.0,0,0.0,21.4,21.4,21.4
HTL,09/09/2026,21.4,19.51,"0 (0,00%)",0,0.0,0,0.0,0,0.0,21.4,21.4,21.4
HTN,06/10/2026,7.49,7.49,"-0,01 (-0,13%)",395700,2.95,0,0.0,0,0.0,7.5,7.55,7.35
HTN,05/10/2026,7.5,7.5,"+0,17 (+2,32%)",499600,3.72,0,0.0,0,0.0,7.33,7.53,7.3
HTN,02/10/2026,7.33,7.33,"-0,18 (-2,40%)",223600,1.66,0,0.0,0,0.0,7.51,7.52,7.22
HTN,01/10/2026,7.51,7.51,"+0,13 (+1,76%)",439800,3.3,0,0.0,0,0.0,7.44,7.56,7.38
HTN,30/09/2026,7.38,7.38,"+0,12 (+1,65%)",332400,2.44,0,0.0,0,0.0,7.0,7.39,7.0
HTN,29/09/2026,7.26,7.26,"-0,04 (-0,55%)",267400,1.94,0,0.0,0,0.0,7.2,7.31,7.16
HTN,28/09/2026,7.3,7.3,"+0,26 (+3,69%)",320900,2.32,0,0.0,0,0.0,7.43,7.43,7.1
HTN,25/09/2026,7.04,7.04,"+0,46 (+6,99%)",683000,4.74,0,0.0,0,0.0,6.57,7.04,6.48
HTN,24/09/2026,6.58,6.58,"-0,12 (-1,79%)",160600,1.06,0,0.0,0,0.0,6.6,6.69,6.47
HTN,23/09/2026,6.7,6.7,"-0,05 (-0,74%)",66700,0.45,500000,3.61,500000,3.61,6.7,6.85,6.62
HTN,22/09/2026,6.75,6.75,"-0,10 (-1,46%)",189100,1.29,0,0.0,0,0.0,6.9,6.95,6.7
HTN,21/09/2026,6.85,6.85,"+0,04 (+0,59%)",146300,1.0,0,0.0,0,0.0,6.9,6.94,6.8
HTN,18/09/2026,6.81,6.81,"+0,09 (+1,34%)",181800,1.23,0,0.0,0,0.0,6.72,6.81,6.72
HTN,17/09/2026,6.72,6.72,"+0,12 (+1,82%)",644700,4.31,0,0.0,0,0.0,6.65,6.72,6.51
HTN,16/09/2026,6.6,6.6,"-0,02 (-0,30%)",233600,1.54,0,0.0,0,0.0,6.7,6.7,6.6
HTN,15/09/2026,6.62,6.62,"-0,02 (-0,30%)",188800,1.25,0,0.0,0,0.0,6.75,6.75,6.6
HTN,14/09/2026,6.64,6.64,"-0,01 (-0,15%)",413100,2.73,0,0.0,0,0.0,6.65,6.65,6.5
HTN,11/09/2026,6.65,6.65,"0 (0,00%)",712500,4.72,0,0.0,0,0.0,6.65,6.65,6.6
HTN,10/09/2026,6.65,6.65,"+0,18 (+2,78%)",377900,2.49,0,0.0,0,0.0,6.87,6.87,6.44
HTN,09/09/2026,9.7,6.47,"-0,04 (-0,41%)",1078200,10.58,0,0.0,0,0.0,9.71,9.92,9.7
HTV,06/10/2026,11.85,11.85,"-0,15 (-1,25%)",4700,0.05,0,0.0,0,0.0,11.5,11.85,11.2
HTV,05/10/2026,12.0,12.0,"0 (0,00%)",0,0.0,0,0.0,0,0.0,12.0,12.0,12.0
HTV,02/10/2026,12.0,12.0,"+0,60 (+5,26%)",3300,0.04,0,0.0,0,0.0,11.4,12.0,11.0
HTV,01/10/2026,11.4,11.4,"-0,25 (-2,15%)",3600,0.04,0,0.0,0,0.0,11.45,11.45,11.0
HTV,30/09/2026,11.65,11.65,"-0,05 (-0,43%)",1400,0.02,0,0.0,0,0.0,11.8,11.8,11.1
HTV,29/09/2026,11.7,11.7,"-0,20 (-1,68%)",4500,0.05,0,0.0,0,0.0,11.2,11.85,11.1
HTV,28/09/2026,11.9,11.9,"-0,65 (-5,18%)",500,0.01,0,0.0,0,0.0,12.5,12.5,11.9
HTV,25/09/2026,12.55,12.55,"0 (0,00%)",0,0.0,0,0.0,0,0.0,12.55,12.55,12.55
HTV,24/09/2026,12.55,12.55,"0 (0,00%)",0,0.0,0,0.0,0,0.0,12.55,12.55,12.55
HTV,23/09/2026,12.55,12.55,"0 (0,00%)",0,0.0,0,0.0,0,0.0,12.55,12.55,12.55
HTV,22/09/2026,12.55,12.55,"0 (0,00%)",0,0.0,0,0.0,0,0.0,12.55,12.55,12.55
HTV,21/09/2026,12.55,12.55,"0 (0,00%)",0,0.0,0,0.0,0,0.0,12.55,12.55,12.55
HTV,18/09/2026,12.55,12.55,"0 (0,00%)",0,0.0,0,0.0,0,0.0,12.55,12.55,12.55
HTV,17/09/2026,12.55,12.55,"0 (0,00%)",0,0.0,0,0.0,0,0.0,12.55,12.55,12.55
HTV,16/09/2026,12.55,12.55,"0 (0,00%)",0,0.0,0,0.0,0,0.0,12.55,12.55,12.55
HTV,15/09/2026,12.55,12.55,"0 (0,00%)",0,0.0,0,0.0,0,0.0,12.55,12.55,12.55
HTV,14/09/2026,12.55,12.55,"0 (0,00%)",0,0.0,0,0.0,0,0.0,12.55,12.55,12.55
HTV,11/09/2026,12.55,12.55,"-0,15 (-1,18%)",500,0.01,0,0.0,0,0.0,12.55,12.55,12.55
HTV,10/09/2026,12.7,12.7,"+0,70 (+5,83%)",3200,0.04,0,0.0,0,0.0,11.55,12.7,11.5
HTV,09/09/2026,12.0,12.0,"+0,55 (+4,80%)",1100,0.01,0,0.0,0,0.0,11.45,12.0,11.45
HU1,06/10/2026,4.2,4.2,"0 (0,00%)",0,0.0,0,0.0,0,0.0,4.2,4.2,4.2
HU1,05/10/2026,4.2,4.2,"-0,30 (-6,67%)",2000,0.01,0,0.0,0,0.0,4.22,4.81,4.2
HU1,02/10/2026,4.5,4.5,"0 (0,00%)",0,0.0,0,0.0,0,0.0,4.5,4.5,4.5
HU1,01/10/2026,4.5,4.5,"+0,29 (+6,89%)",100,0.0,0,0.0,0,0.0,4.5,4.5,4.5
HU1,30/09/2026,4.21,4.21,"-0,29 (-6,44%)",800,0.0,0,0.0,0,0.0,4.21,4.21,4.21
HU1,29/09/2026,4.5,4.5,"+0,22 (+5,14%)",200,0.0,0,0.0,0,0.0,4.5,4.5,4.5
HU1,28/09/2026,4.28,4.28,"-0,28 (-6,14%)",600,0.0,0,0.0,0,0.0,4.27,4.28,4.27
HU1,25/09/2026,4.56,4.56,"-0,30 (-6,17%)",200,0.0,0,0.0,0,0.0,5.2,5.2,4.56
HU1,24/09/2026,4.86,4.86,"0 (0,00%)",0,0.0,0,0.0,0,0.0,4.86,4.86,4.86
HU1,23/09/2026,4.86,4.86,"0 (0,00%)",0,0.0,0,0.0,0,0.0,4.86,4.86,4.86
HU1,22/09/2026,4.86,4.86,"-0,34 (-6,54%)",1500,0.01,0,0.0,0,0.0,4.86,4.9,4.84
HU1,21/09/2026,5.2,5.2,"-0,39 (-6,98%)",200,0.0,0,0.0,0,0.0,5.2,5.2,5.2
HU1,18/09/2026,5.59,5.59,"+0,34 (+6,48%)",300,0.0,0,0.0,0,0.0,5.25,5.59,4.91
HU1,17/09/2026,5.25,5.25,"-0,38 (-6,75%)",200,0.0,0,0.0,0,0.0,5.24,5.25,5.24
HU1,16/09/2026,5.63,5.63,"-0,42 (-6,94%)",1500,0.01,0,0.0,0,0.0,5.63,5.63,5.63
HU1,15/09/2026,6.05,6.05,"0 (0,00%)",0,0.0,0,0.0,0,0.0,6.05,6.05,6.05
HU1,14/09/2026,6.05,6.05,"+0,35 (+6,14%)",100,0.0,0,0.0,0,0.0,6.05,6.05,6.05
HU1,11/09/2026,5.7,5.7,"+0,35 (+6,54%)",100,0.0,0,0.0,0,0.0,5.7,5.7,5.7
HU1,10/09/2026,5.35,5.35,"+0,35 (+7,00%)",1600,0.01,0,0.0,0,0.0,5.0,5.35,5.0
HU1,09/09/2026,5.0,5.0,"0 (0,00%)",0,0.0,0,0.0,0,0.0,5.0,5.0,5.0
HUB,06/10/2026,10.6,10.6,"-0,20 (-1,85%)",13200,0.14,0,0.0,0,0.0,10.6,10.6,10.55
HUB,05/10/2026,10.8,10.8,"+0,17 (+1,60%)",21300,0.23,30000,0.32,30000,0.32,10.6,10.8,10.5
HUB,02/10/2026,10.65,10.65,"-0,20 (-1,84%)",31200,0.33,0,0.0,0,0.0,10.8,10.8,10.65
HUB,01/10/2026,10.85,10.85,"-0,10 (-0,91%)",14100,0.15,0,0.0,0,0.0,11.0,11.0,10.85
HUB,30/09/2026,10.95,10.95,"-0,20 (-1,79%)",12700,0.14,0,0.0,0,0.0,11.0,11.0,10.95
HUB,29/09/2026,11.15,11.15,"+0,10 (+0,90%)",5500,0.06,0,0.0,0,0.0,11.05,11.15,10.95
HUB,28/09/2026,11.05,11.05,"0 (0,00%)",6000,0.07,0,0.0,0,0.0,11.15,11.25,11.05
HUB,25/09/2026,11.05,11.05,"-0,05 (-0,45%)",7900,0.09,0,0.0,0,0.0,11.1,11.1,11.05
HUB,24/09/2026,11.1,11.1,"0 (0,00%)",3300,0.04,0,0.0,0,0.0,11.2,11.2,11.0
HUB,23/09/2026,11.1,11.1,"0 (0,00%)",8300,0.09,0,0.0,0,0.0,11.0,11.15,11.0
HUB,22/09/2026,11.1,11.1,"0 (0,00%)",12400,0.14,0,0.0,0,0.0,11.1,11.1,10.95
HUB,21/09/2026,11.1,11.1,"-0,10 (-0,89%)",3600,0.04,0,0.0,0,0.0,11.2,11.2,11.1
HUB,18/09/2026,11.2,11.2,"+0,10 (+0,90%)",4400,0.05,0,0.0,0,0.0,11.1,11.2,11.1
HUB,17/09/2026,11.1,11.1,"-0,10 (-0,89%)",9400,0.1,0,0.0,0,0.0,11.3,11.3,11.1
HUB,16/09/2026,11.2,11.2,"0 (0,00%)",300,0.0,0,0.0,0,0.0,11.2,11.2,11.2
HUB,15/09/2026,11.2,11.2,"0 (0,00%)",10600,0.12,0,0.0,0,0.0,11.15,11.2,11.1
HUB,14/09/2026,11.2,11.2,"-0,15 (-1,32%)",11400,0.13,0,0.0,0,0.0,11.35,11.35,11.2
HUB,11/09/2026,11.35,11.35,"-0,20 (-1,73%)",9500,0.11,0,0.0,0,0.0,11.35,11.5,11.3
HUB,10/09/2026,11.55,11.55,"0 (0,00%)",4700,0.05,0,0.0,0,0.0,11.5,11.55,11.35
HUB,09/09/2026,11.55,11.55,"+0,05 (+0,43%)",17400,0.2,0,0.0,0,0.0,11.55,11.65,11.35
HVH,06/10/2026,10.4,10.4,"+0,01 (+0,10%)",220900,2.29,0,0.0,0,0.0,10.4,10.5,10.3
HVH,05/10/2026,10.4,10.4,"+0,06 (+0,58%)",342700,3.54,0,0.0,0,0.0,10.25,10.45,10.2
HVH,02/10/2026,10.35,10.35,"+0,06 (+0,58%)",241300,2.48,0,0.0,0,0.0,10.3,10.35,10.15
HVH,01/10/2026,10.3,10.3,"+0,06 (+0,59%)",232300,2.38,0,0.0,0,0.0,10.25,10.3,10.2
HVH,30/09/2026,10.25,10.25,"+0,01 (+0,10%)",308000,3.16,0,0.0,0,0.0,10.25,10.35,10.2
HVH,29/09/2026,10.25,10.25,"-0,19 (-1,82%)",139200,1.43,0,0.0,0,0.0,10.45,10.5,10.2
HVH,28/09/2026,10.45,10.45,"-0,23 (-2,15%)",130000,1.37,0,0.0,0,0.0,10.7,10.75,10.4
HVH,25/09/2026,10.7,10.7,"+0,12 (+1,13%)",136200,1.44,0,0.0,0,0.0,10.55,10.7,10.5
HVH,24/09/2026,10.6,10.6,"-0,15 (-1,40%)",108000,1.14,0,0.0,0,0.0,10.7,10.7,10.5
HVH,23/09/2026,10.75,10.75,"+0,12 (+1,13%)",213300,2.27,0,0.0,0,0.0,10.7,10.8,10.55
HVH,22/09/2026,10.65,10.65,"+0,12 (+1,14%)",150500,1.59,0,0.0,0,0.0,10.5,10.65,10.5
HVH,21/09/2026,10.55,10.55,"-0,08 (-0,75%)",141400,1.49,0,0.0,0,0.0,10.65,10.65,10.45
HVH,18/09/2026,10.65,10.65,"+0,21 (+2,01%)",201000,2.14,0,0.0,0,0.0,10.45,10.8,10.45
HVH,17/09/2026,10.45,10.45,"-0,13 (-1,23%)",253000,2.67,0,0.0,0,0.0,10.45,10.7,10.4
HVH,16/09/2026,10.6,10.6,"-0,20 (-1,85%)",143700,1.53,0,0.0,0,0.0,10.75,10.75,10.55
HVH,15/09/2026,10.8,10.8,"0 (0,00%)",293400,3.11,0,0.0,0,0.0,10.75,10.8,10.45
HVH,14/09/2026,10.8,10.8,"-0,15 (-1,37%)",254500,2.74,0,0.0,0,0.0,10.85,11.05,10.55
HVH,11/09/2026,10.95,10.95,"-0,10 (-0,90%)",137500,1.5,0,0.0,0,0.0,11.0,11.0,10.8
HVH,10/09/2026,11.05,11.05,"-0,10 (-0,90%)",250800,2.76,0,0.0,0,0.0,11.15,11.15,10.9
HVH,09/09/2026,11.15,11.15,"+0,05 (+0,45%)",342900,3.82,0,0.0,0,0.0,11.1,11.25,11.0
HVN,06/10/2026,20.15,20.15,"-0,20 (-0,98%)",605200,12.18,0,0.0,0,0.0,20.4,20.5,20.0
HVN,05/10/2026,20.35,20.35,"-0,20 (-0,97%)",352900,7.2,0,0.0,0,0.0,20.55,20.6,20.35
HVN,02/10/2026,20.55,20.55,"-0,20 (-0,96%)",560700,11.5,0,0.0,0,0.0,20.85,20.85,20.3
HVN,01/10/2026,20.75,20.75,"+0,20 (+0,97%)",511300,10.62,0,0.0,0,0.0,20.55,20.9,20.55
HVN,30/09/2026,20.55,20.55,"-0,55 (-2,61%)",405100,8.43,0,0.0,0,0.0,21.05,21.1,20.5
HVN,29/09/2026,21.1,21.1,"+0,60 (+2,93%)",905700,19.1,0,0.0,0,0.0,21.0,21.4,20.6
HVN,28/09/2026,20.5,20.5,"+0,20 (+0,99%)",941900,19.25,0,0.0,0,0.0,20.3,20.65,20.3
HVN,25/09/2026,20.3,20.3,"-0,10 (-0,49%)",307000,6.25,0,0.0,0,0.0,20.3,20.55,20.25
HVN,24/09/2026,20.4,20.4,"-0,45 (-2,16%)",575400,11.78,0,0.0,0,0.0,20.5,20.8,20.35
HVN,23/09/2026,20.85,20.85,"-0,05 (-0,24%)",326000,6.82,0,0.0,0,0.0,21.1,21.1,20.8
HVN,22/09/2026,20.9,20.9,"-0,10 (-0,48%)",469400,9.81,0,0.0,0,0.0,21.15,21.15,20.65
HVN,21/09/2026,21.0,21.0,"+0,10 (+0,48%)",515600,10.85,0,0.0,0,0.0,21.2,21.3,20.9
HVN,18/09/2026,20.9,20.9,"+0,70 (+3,47%)",775000,16.07,0,0.0,0,0.0,20.3,21.25,20.3
HVN,17/09/2026,20.2,20.2,"+0,20 (+1,00%)",1368800,27.84,0,0.0,0,0.0,20.5,20.75,20.15
HVN,16/09/2026,20.0,20.0,"-0,55 (-2,68%)",1430800,28.77,0,0.0,0,0.0,20.65,20.65,20.0
HVN,15/09/2026,20.55,20.55,"-0,05 (-0,24%)",1266600,26.0,0,0.0,0,0.0,20.85,20.85,20.3
HVN,14/09/2026,20.6,20.6,"-0,60 (-2,83%)",1047800,21.77,0,0.0,0,0.0,21.45,21.45,20.55
HVN,11/09/2026,21.2,21.2,"-0,25 (-1,17%)",886300,18.88,0,0.0,0,0.0,21.4,21.7,21.2
HVN,10/09/2026,21.45,21.45,"-0,45 (-2,05%)",1369100,29.55,0,0.0,0,0.0,21.9,22.15,21.4
HVN,09/09/2026,21.9,21.9,"-0,65 (-2,88%)",1370400,30.21,0,0.0,0,0.0,22.2,22.45,21.85
ICT,06/10/2026,17.2,17.2,"0 (0,00%)",5000,0.09,0,0.0,0,0.0,17.2,17.2,17.2
ICT,05/10/2026,17.2,17.2,"0 (0,00%)",10700,0.18,0,0.0,0,0.0,17.2,17.2,17.2
ICT,02/10/2026,17.2,17.2,"0 (0,00%)",0,0.0,0,0.0,0,0.0,17.2,17.2,17.2
ICT,01/10/2026,17.2,17.2,"0 (0,00%)",1700,0.03,0,0.0,0,0.0,17.2,17.2,17.2
ICT,30/09/2026,17.2,17.2,"0 (0,00%)",5200,0.09,0,0.0,0,0.0,17.2,17.2,17.2
ICT,29/09/2026,17.2,17.2,"0 (0,00%)",9200,0.16,0,0.0,0,0.0,17.2,17.2,17.2
ICT,28/09/2026,17.2,17.2,"0 (0,00%)",13000,0.22,0,0.0,0,0.0,17.2,17.2,17.2
ICT,25/09/2026,17.2,17.2,"+0,20 (+1,18%)",800,0.01,0,0.0,0,0.0,17.2,17.2,17.2
ICT,24/09/2026,17.0,17.0,"-0,20 (-1,16%)",100,0.0,0,0.0,0,0.0,17.0,17.0,17.0
ICT,23/09/2026,17.2,17.2,"0 (0,00%)",700,0.01,0,0.0,0,0.0,17.2,17.2,17.2
ICT,22/09/2026,17.2,17.2,"+0,20 (+1,18%)",10700,0.18,0,0.0,0,0.0,17.05,17.2,17.05
ICT,21/09/2026,17.0,17.0,"0 (0,00%)",2300,0.04,0,0.0,0,0.0,17.0,17.0,17.0
ICT,18/09/2026,17.0,17.0,"0 (0,00%)",1500,0.03,0,0.0,0,0.0,17.0,17.0,17.0
ICT,17/09/2026,17.0,17.0,"0 (0,00%)",2000,0.03,0,0.0,0,0.0,17.0,17.0,17.0
ICT,16/09/2026,17.0,17.0,"0 (0,00%)",0,0.0,0,0.0,0,0.0,17.0,17.0,17.0
ICT,15/09/2026,17.0,17.0,"0 (0,00%)",3700,0.06,0,0.0,0,0.0,17.0,17.0,17.0
ICT,14/09/2026,17.0,17.0,"0 (0,00%)",7900,0.13,0,0.0,0,0.0,17.0,17.0,17.0
ICT,11/09/2026,17.0,17.0,"0 (0,00%)",1900,0.03,0,0.0,0,0.0,17.0,17.05,17.0
ICT,10/09/2026,17.0,17.0,"0 (0,00%)",61500,1.05,0,0.0,0,0.0,17.0,17.0,17.0
ICT,09/09/2026,17.0,17.0,"0 (0,00%)",500,0.01,0,0.0,0,0.0,17.0,17.0,17.0
IDI,06/10/2026,4.55,4.55,"0 (0,00%)",337200,1.51,0,0.0,0,0.0,4.61,4.69,4.39
IDI,05/10/2026,4.55,4.55,"-0,05 (-1,09%)",226000,1.03,0,0.0,0,0.0,4.6,4.68,4.51
IDI,02/10/2026,4.6,4.6,"+0,10 (+2,22%)",287500,1.33,0,0.0,0,0.0,4.46,4.7,4.46
IDI,01/10/2026,4.5,4.5,"-0,02 (-0,44%)",84500,0.38,0,0.0,0,0.0,4.52,4.52,4.47
IDI,30/09/2026,4.52,4.52,"0 (0,00%)",83600,0.38,0,0.0,0,0.0,4.52,4.57,4.51
IDI,29/09/2026,4.52,4.52,"0 (0,00%)",81100,0.37,0,0.0,0,0.0,4.52,4.58,4.51
IDI,28/09/2026,4.52,4.52,"-0,10 (-2,16%)",163500,0.74,0,0.0,0,0.0,4.66,4.66,4.46
IDI,25/09/2026,4.62,4.62,"-0,07 (-1,49%)",140500,0.65,0,0.0,0,0.0,4.67,4.7,4.6
IDI,24/09/2026,4.69,4.69,"-0,03 (-0,64%)",197700,0.92,0,0.0,0,0.0,4.72,4.72,4.65
IDI,23/09/2026,4.72,4.72,"-0,03 (-0,63%)",96300,0.46,0,0.0,0,0.0,4.75,4.81,4.72
IDI,22/09/2026,4.75,4.75,"-0,01 (-0,21%)",48200,0.23,0,0.0,0,0.0,4.82,4.82,4.75
IDI,21/09/2026,4.76,4.76,"+0,01 (+0,21%)",96000,0.46,0,0.0,0,0.0,4.75,4.83,4.71
IDI,18/09/2026,4.75,4.75,"+0,01 (+0,21%)",109300,0.52,0,0.0,0,0.0,4.74,4.79,4.73
IDI,17/09/2026,4.74,4.74,"0 (0,00%)",77000,0.37,0,0.0,0,0.0,4.7,4.78,4.7
IDI,16/09/2026,4.74,4.74,"+0,02 (+0,42%)",130700,0.62,0,0.0,0,0.0,4.69,4.81,4.69
IDI,15/09/2026,4.72,4.72,"+0,02 (+0,43%)",47900,0.23,0,0.0,0,0.0,4.7,4.8,4.67
IDI,14/09/2026,4.7,4.7,"-0,06 (-1,26%)",94600,0.45,0,0.0,0,0.0,4.7,4.8,4.65
IDI,11/09/2026,4.76,4.76,"-0,08 (-1,65%)",97100,0.46,0,0.0,0,0.0,4.8,4.83,4.76
IDI,10/09/2026,4.84,4.84,"-0,01 (-0,21%)",102900,0.5,0,0.0,0,0.0,4.85,4.85,4.79
IDI,09/09/2026,4.85,4.85,"+0,02 (+0,41%)",90400,0.44,0,0.0,0,0.0,4.79,4.88,4.79
IJC,06/10/2026,6.44,6.44,"+0,03 (+0,47%)",2362000,14.92,0,0.0,0,0.0,6.31,6.46,6.18
IJC,05/10/2026,6.41,6.41,"-0,15 (-2,29%)",779000,5.07,0,0.0,0,0.0,6.57,6.6,6.41
IJC,02/10/2026,6.56,6.56,"-0,10 (-1,50%)",806700,5.32,0,0.0,0,0.0,6.66,6.66,6.56
IJC,01/10/2026,6.66,6.66,"-0,05 (-0,75%)",495900,3.32,0,0.0,0,0.0,6.71,6.76,6.65
IJC,30/09/2026,6.71,6.71,"+0,02 (+0,30%)",724200,4.89,0,0.0,0,0.0,6.69,6.79,6.69
IJC,29/09/2026,6.69,6.69,"+0,12 (+1,83%)",1196700,7.95,290000,1.78,290000,1.78,6.5,6.72,6.5
IJC,28/09/2026,6.57,6.57,"-0,15 (-2,23%)",1437300,9.56,0,0.0,0,0.0,6.77,6.77,6.56
IJC,25/09/2026,6.72,6.72,"-0,09 (-1,32%)",735400,4.98,0,0.0,0,0.0,6.78,6.83,6.72
IJC,24/09/2026,6.81,6.81,"-0,04 (-0,58%)",702500,4.8,45000,0.29,45000,0.29,6.81,6.9,6.79
IJC,23/09/2026,6.85,6.85,"+0,01 (+0,15%)",706800,4.86,912000,6.24,912000,6.24,6.86,6.93,6.84
IJC,22/09/2026,6.84,6.84,"-0,01 (-0,15%)",598200,4.09,190000,1.39,190000,1.39,6.85,6.88,6.8
IJC,21/09/2026,6.85,6.85,"-0,07 (-1,01%)",788600,5.43,0,0.0,0,0.0,6.9,6.97,6.8
IJC,18/09/2026,6.92,6.92,"+0,01 (+0,14%)",928800,6.44,0,0.0,0,0.0,6.93,6.98,6.86
IJC,17/09/2026,6.91,6.91,"+0,03 (+0,44%)",1569400,10.87,50000,0.32,50000,0.32,6.83,6.98,6.83
IJC,16/09/2026,6.88,6.88,"-0,02 (-0,29%)",717900,4.95,0,0.0,0,0.0,6.9,6.95,6.85
IJC,15/09/2026,6.9,6.9,"+0,09 (+1,32%)",649200,4.48,512000,3.53,512000,3.53,6.85,6.94,6.82
IJC,14/09/2026,6.81,6.81,"+0,04 (+0,59%)",2160400,14.75,350000,2.24,350000,2.24,6.8,6.89,6.77
IJC,11/09/2026,6.77,6.77,"-0,30 (-4,24%)",2287200,15.76,0,0.0,0,0.0,7.08,7.09,6.77
IJC,10/09/2026,7.07,7.07,"-0,06 (-0,84%)",926800,6.55,0,0.0,0,0.0,7.1,7.13,7.05
IJC,09/09/2026,7.13,7.13,"+0,04 (+0,56%)",600800,4.26,50000,0.33,50000,0.33,7.14,7.14,7.07
ILB,06/10/2026,18.75,18.75,"-0,25 (-1,32%)",14600,0.28,0,0.0,0,0.0,19.1,19.1,18.75
ILB,05/10/2026,19.0,19.0,"+0,10 (+0,53%)",6100,0.11,0,0.0,0,0.0,18.8,19.0,18.3
ILB,02/10/2026,18.9,18.9,"0 (0,00%)",3500,0.07,0,0.0,0,0.0,18.9,18.95,18.9
ILB,01/10/2026,18.9,18.9,"0 (0,00%)",4000,0.08,0,0.0,0,0.0,18.9,18.9,18.9
ILB,30/09/2026,18.9,18.9,"0 (0,00%)",75200,1.42,0,0.0,0,0.0,18.9,19.0,18.9
ILB,29/09/2026,18.9,18.9,"-0,05 (-0,26%)",4300,0.08,0,0.0,0,0.0,18.95,18.95,18.8
ILB,28/09/2026,18.95,18.95,"-0,05 (-0,26%)",4800,0.09,0,0.0,0,0.0,19.0,19.05,18.95
ILB,25/09/2026,19.0,19.0,"+0,20 (+1,06%)",14800,0.28,0,0.0,0,0.0,18.85,19.0,18.8
ILB,24/09/2026,18.8,18.8,"+0,05 (+0,27%)",2800,0.05,0,0.0,0,0.0,18.85,19.0,18.8
ILB,23/09/2026,18.75,18.75,"-0,25 (-1,32%)",12400,0.23,0,0.0,0,0.0,19.0,19.0,18.75
ILB,22/09/2026,19.0,19.0,"+0,15 (+0,80%)",24400,0.46,0,0.0,0,0.0,18.9,19.0,18.9
ILB,21/09/2026,18.85,18.85,"-0,10 (-0,53%)",6600,0.12,0,0.0,0,0.0,19.0,19.0,18.8
ILB,18/09/2026,18.95,18.95,"+0,05 (+0,26%)",21100,0.4,0,0.0,0,0.0,18.9,19.1,18.9
ILB,17/09/2026,18.9,18.9,"-0,10 (-0,53%)",5600,0.11,0,0.0,0,0.0,18.9,19.0,18.9
ILB,16/09/2026,19.0,19.0,"0 (0,00%)",5300,0.1,0,0.0,0,0.0,19.0,19.0,19.0
ILB,15/09/2026,19.0,19.0,"+0,10 (+0,53%)",9200,0.17,0,0.0,0,0.0,19.0,19.1,18.8
ILB,14/09/2026,18.9,18.9,"0 (0,00%)",2600,0.05,0,0.0,0,0.0,18.9,18.95,18.85
ILB,11/09/2026,18.9,18.9,"-0,10 (-0,53%)",14700,0.28,0,0.0,0,0.0,19.0,19.0,18.9
ILB,10/09/2026,19.0,19.0,"+0,10 (+0,53%)",3500,0.07,0,0.0,0,0.0,18.9,19.0,18.9
ILB,09/09/2026,18.9,18.9,"0 (0,00%)",6000,0.11,0,0.0,0,0.0,18.85,18.9,18.85
IMP,06/10/2026,36.5,36.5,"-0,30 (-0,82%)",2200,0.08,0,0.0,0,0.0,36.6,36.6,36.2
IMP,05/10/2026,36.8,36.8,"+0,20 (+0,55%)",3700,0.14,0,0.0,0,0.0,36.8,36.8,36.6
IMP,02/10/2026,36.6,36.6,"+0,10 (+0,27%)",1600,0.06,0,0.0,0,0.0,36.5,36.8,36.5
IMP,01/10/2026,36.5,36.5,"+0,30 (+0,83%)",900,0.03,0,0.0,0,0.0,36.2,36.8,36.1
IMP,30/09/2026,36.2,36.2,"-0,60 (-1,63%)",3600,0.13,0,0.0,0,0.0,36.75,36.8,36.2
IMP,29/09/2026,36.8,36.8,"0 (0,00%)",900,0.03,0,0.0,0,0.0,36.8,36.8,36.75
IMP,28/09/2026,36.8,36.8,"-0,10 (-0,27%)",21500,0.78,0,0.0,0,0.0,36.9,36.9,34.55
IMP,25/09/2026,36.9,36.9,"0 (0,00%)",1600,0.06,0,0.0,0,0.0,36.9,36.9,36.7
IMP,24/09/2026,36.9,36.9,"-0,10 (-0,27%)",2900,0.11,0,0.0,0,0.0,36.9,37.0,36.85
IMP,23/09/2026,37.0,37.0,"-0,60 (-1,60%)",6200,0.23,0,0.0,0,0.0,37.6,37.6,37.0
IMP,22/09/2026,37.6,37.6,"-0,10 (-0,27%)",1200,0.04,0,0.0,0,0.0,37.7,37.7,37.3
IMP,21/09/2026,37.7,37.7,"-0,35 (-0,92%)",3500,0.13,0,0.0,0,0.0,37.6,39.1,37.6
IMP,18/09/2026,38.05,38.05,"+1,15 (+3,12%)",17600,0.69,0,0.0,0,0.0,37.0,39.4,37.0
IMP,17/09/2026,36.9,36.9,"+0,30 (+0,82%)",7900,0.29,0,0.0,0,0.0,37.2,37.2,36.6
IMP,16/09/2026,36.6,36.6,"-1,30 (-3,43%)",4900,0.18,0,0.0,0,0.0,36.6,37.25,36.6
IMP,15/09/2026,37.9,37.9,"+1,70 (+4,70%)",600,0.02,0,0.0,0,0.0,38.2,38.2,36.25
IMP,14/09/2026,36.2,36.2,"+0,10 (+0,28%)",5200,0.19,0,0.0,0,0.0,36.5,36.55,36.1
IMP,11/09/2026,36.1,36.1,"-2,00 (-5,25%)",16800,0.62,0,0.0,0,0.0,37.8,37.8,36.1
IMP,10/09/2026,38.1,38.1,"-0,70 (-1,80%)",3000,0.12,0,0.0,0,0.0,38.2,38.8,38.1
IMP,09/09/2026,38.8,38.8,"+0,65 (+1,70%)",4300,0.16,0,0.0,0,0.0,39.4,39.4,37.9
ITC,06/10/2026,8.7,8.7,"-0,18 (-2,03%)",51400,0.45,0,0.0,0,0.0,8.85,8.85,8.61
ITC,05/10/2026,8.88,8.88,"-0,02 (-0,22%)",17300,0.15,0,0.0,0,0.0,8.97,9.0,8.81
ITC,02/10/2026,8.9,8.9,"+0,11 (+1,25%)",37400,0.33,0,0.0,0,0.0,8.75,8.9,8.7
ITC,01/10/2026,8.79,8.79,"0 (0,00%)",5300,0.05,0,0.0,0,0.0,9.33,9.33,8.73
ITC,30/09/2026,8.79,8.79,"0 (0,00%)",47200,0.41,0,0.0,0,0.0,8.75,8.89,8.72
ITC,29/09/2026,8.79,8.79,"0 (0,00%)",33000,0.29,0,0.0,0,0.0,8.8,8.8,8.73
ITC,28/09/2026,8.79,8.79,"-0,05 (-0,57%)",32800,0.29,0,0.0,0,0.0,8.84,8.84,8.72
ITC,25/09/2026,8.84,8.84,"+0,04 (+0,45%)",31400,0.28,0,0.0,0,0.0,8.7,8.89,8.7
ITC,24/09/2026,8.8,8.8,"-0,05 (-0,56%)",31100,0.27,0,0.0,0,0.0,8.83,8.99,8.8
ITC,23/09/2026,8.85,8.85,"-0,09 (-1,01%)",17100,0.15,0,0.0,0,0.0,8.94,8.94,8.85
ITC,22/09/2026,8.94,8.94,"+0,12 (+1,36%)",11600,0.1,0,0.0,0,0.0,8.82,8.99,8.82
ITC,21/09/2026,8.82,8.82,"-0,15 (-1,67%)",11600,0.1,0,0.0,0,0.0,8.99,8.99,8.82
ITC,18/09/2026,8.97,8.97,"+0,14 (+1,59%)",13700,0.12,0,0.0,0,0.0,8.98,8.98,8.8
ITC,17/09/2026,8.83,8.83,"+0,13 (+1,49%)",30700,0.27,0,0.0,0,0.0,8.61,8.85,8.6
ITC,16/09/2026,8.7,8.7,"-0,05 (-0,57%)",53600,0.46,0,0.0,0,0.0,8.7,8.75,8.6
ITC,15/09/2026,8.75,8.75,"+0,10 (+1,16%)",24600,0.21,0,0.0,0,0.0,8.9,8.9,8.58
ITC,14/09/2026,8.65,8.65,"-0,22 (-2,48%)",46400,0.41,0,0.0,0,0.0,8.87,8.87,8.65
ITC,11/09/2026,8.87,8.87,"-0,18 (-1,99%)",54100,0.48,0,0.0,0,0.0,9.05,9.05,8.86
ITC,10/09/2026,9.05,9.05,"-0,05 (-0,55%)",53300,0.48,0,0.0,0,0.0,9.1,9.1,8.9
ITC,09/09/2026,9.1,9.1,"-0,10 (-1,09%)",63100,0.57,108800,1.0,108800,1.0,9.12,9.16,8.8
ITD,06/10/2026,10.5,10.5,"+0,16 (+1,55%)",200,0.0,0,0.0,0,0.0,10.5,10.5,10.5
ITD,05/10/2026,10.35,10.35,"-0,40 (-3,72%)",5200,0.05,0,0.0,0,0.0,10.5,10.5,10.35
ITD,02/10/2026,10.75,10.75,"0 (0,00%)",400,0.0,0,0.0,0,0.0,10.75,10.75,10.75
ITD,01/10/2026,10.75,10.75,"-0,15 (-1,38%)",1000,0.01,0,0.0,0,0.0,10.85,10.85,10.75
ITD,30/09/2026,10.9,10.9,"0 (0,00%)",26200,0.29,0,0.0,0,0.0,10.85,10.95,10.85
ITD,29/09/2026,10.9,10.9,"-0,05 (-0,46%)",1000,0.01,0,0.0,0,0.0,10.8,10.9,10.35
ITD,28/09/2026,10.95,10.95,"0 (0,00%)",4500,0.05,0,0.0,0,0.0,10.85,10.95,10.8
ITD,25/09/2026,10.95,10.95,"+0,15 (+1,39%)",4400,0.05,0,0.0,0,0.0,10.35,10.95,10.3
ITD,24/09/2026,10.8,10.8,"-0,20 (-1,82%)",800,0.01,0,0.0,0,0.0,10.5,10.8,10.5
ITD,23/09/2026,11.0,11.0,"-0,10 (-0,90%)",16300,0.18,0,0.0,0,0.0,11.0,11.0,10.5
ITD,22/09/2026,11.1,11.1,"-0,20 (-1,77%)",8000,0.09,0,0.0,0,0.0,11.0,11.1,10.6
ITD,21/09/2026,11.3,11.3,"0 (0,00%)",5800,0.07,0,0.0,0,0.0,11.3,11.3,11.0
ITD,18/09/2026,11.3,11.3,"0 (0,00%)",1300,0.01,0,0.0,0,0.0,11.3,11.3,11.2
ITD,17/09/2026,11.3,11.3,"-0,10 (-0,88%)",1600,0.02,0,0.0,0,0.0,11.3,11.3,11.3
ITD,16/09/2026,11.4,11.4,"+0,25 (+2,24%)",3100,0.03,0,0.0,0,0.0,11.4,11.4,11.0
ITD,15/09/2026,11.15,11.15,"-0,40 (-3,46%)",1300,0.01,0,0.0,0,0.0,11.5,11.5,11.15
ITD,14/09/2026,11.55,11.55,"+0,25 (+2,21%)",100,0.0,0,0.0,0,0.0,11.55,11.55,11.55
ITD,11/09/2026,11.3,11.3,"-0,50 (-4,24%)",700,0.01,0,0.0,0,0.0,11.3,11.3,11.3
ITD,10/09/2026,11.8,11.8,"+0,05 (+0,43%)",600,0.01,0,0.0,0,0.0,11.8,11.8,11.8
ITD,09/09/2026,11.75,11.75,"-0,05 (-0,42%)",14400,0.16,0,0.0,0,0.0,11.55,11.75,11.35
JVC,06/10/2026,2.61,2.61,"0 (0,00%)",117400,0.3,0,0.0,0,0.0,2.64,2.64,2.55
JVC,05/10/2026,2.61,2.61,"+0,03 (+1,16%)",66800,0.17,0,0.0,0,0.0,2.6,2.65,2.6
JVC,02/10/2026,2.58,2.58,"+0,08 (+3,20%)",178000,0.45,0,0.0,0,0.0,2.5,2.62,2.46
JVC,01/10/2026,2.5,2.5,"+0,02 (+0,81%)",124800,0.31,270000,0.62,270000,0.62,2.4,2.52,2.4
JVC,30/09/2026,2.48,2.48,"-0,16 (-6,06%)",239200,0.6,0,0.0,0,0.0,2.64,2.64,2.48
JVC,29/09/2026,2.64,2.64,"-0,01 (-0,38%)",160200,0.42,0,0.0,0,0.0,2.68,2.68,2.6
JVC,28/09/2026,2.65,2.65,"-0,02 (-0,75%)",105200,0.28,0,0.0,0,0.0,2.7,2.7,2.63
JVC,25/09/2026,2.67,2.67,"-0,05 (-1,84%)",125400,0.34,0,0.0,0,0.0,2.66,2.72,2.66
JVC,24/09/2026,2.72,2.72,"-0,01 (-0,37%)",222900,0.61,0,0.0,0,0.0,2.77,2.77,2.7
JVC,23/09/2026,2.73,2.73,"-0,04 (-1,44%)",92700,0.25,0,0.0,0,0.0,2.73,2.78,2.7
JVC,22/09/2026,2.77,2.77,"-0,02 (-0,72%)",94600,0.26,0,0.0,0,0.0,2.76,2.8,2.72
JVC,21/09/2026,2.79,2.79,"+0,01 (+0,36%)",113400,0.32,0,0.0,0,0.0,2.78,2.81,2.76
JVC,18/09/2026,2.78,2.78,"-0,01 (-0,36%)",260100,0.73,0,0.0,0,0.0,2.82,2.82,2.78
JVC,17/09/2026,2.79,2.79,"-0,02 (-0,71%)",168500,0.47,0,0.0,0,0.0,2.78,2.83,2.78
JVC,16/09/2026,2.81,2.81,"-0,01 (-0,35%)",122800,0.34,0,0.0,0,0.0,2.8,2.83,2.75
JVC,15/09/2026,2.82,2.82,"-0,03 (-1,05%)",146900,0.41,0,0.0,0,0.0,2.8,2.88,2.78
JVC,14/09/2026,2.85,2.85,"-0,05 (-1,72%)",55600,0.16,0,0.0,0,0.0,2.86,2.9,2.85
JVC,11/09/2026,2.9,2.9,"0 (0,00%)",128800,0.37,0,0.0,0,0.0,3.0,3.0,2.85
JVC,10/09/2026,2.9,2.9,"-0,01 (-0,34%)",144900,0.42,0,0.0,0,0.0,2.91,2.91,2.85
JVC,09/09/2026,2.91,2.91,"0 (0,00%)",86400,0.25,0,0.0,0,0.0,2.92,2.93,2.89
KBC,06/10/2026,25.0,25.0,"+0,05 (+0,20%)",1756900,43.18,793000,19.47,793000,19.47,24.85,25.05,24.15
KBC,05/10/2026,24.95,24.95,"-0,25 (-0,99%)",1383100,34.54,0,0.0,0,0.0,25.2,25.45,24.85
KBC,02/10/2026,25.2,25.2,"-0,20 (-0,79%)",1929800,48.4,0,0.0,0,0.0,25.25,25.3,25.0
KBC,01/10/2026,25.4,25.4,"0 (0,00%)",1603600,40.36,0,0.0,0,0.0,25.1,25.4,25.05
KBC,30/09/2026,25.4,25.4,"-0,10 (-0,39%)",1209100,30.67,0,0.0,0,0.0,25.4,25.65,25.15
KBC,29/09/2026,25.5,25.5,"-0,30 (-1,16%)",860200,21.89,0,0.0,0,0.0,25.4,25.6,25.25
KBC,28/09/2026,25.8,25.8,"-0,15 (-0,58%)",1424600,36.29,0,0.0,0,0.0,25.9,25.9,25.15
KBC,25/09/2026,25.95,25.95,"-0,05 (-0,19%)",748300,19.39,0,0.0,0,0.0,25.95,26.0,25.8
KBC,24/09/2026,26.0,26.0,"0 (0,00%)",728600,18.87,870000,23.92,870000,23.92,25.95,26.0,25.75
KBC,23/09/2026,26.0,26.0,"0 (0,00%)",977100,25.45,0,0.0,0,0.0,25.85,26.25,25.85
KBC,22/09/2026,26.0,26.0,"0 (0,00%)",851000,22.09,0,0.0,0,0.0,25.7,26.1,25.7
KBC,21/09/2026,26.0,26.0,"0 (0,00%)",1340400,34.81,0,0.0,0,0.0,26.05,26.3,25.8
KBC,18/09/2026,26.0,26.0,"0 (0,00%)",1725200,44.84,0,0.0,0,0.0,25.95,26.1,25.8
KBC,17/09/2026,26.0,26.0,"0 (0,00%)",1497500,38.94,0,0.0,0,0.0,25.65,26.35,25.65
KBC,16/09/2026,26.0,26.0,"-0,10 (-0,38%)",1859800,48.28,649000,16.97,649000,16.97,25.95,26.3,25.65
KBC,15/09/2026,26.1,26.1,"-0,40 (-1,51%)",1960600,51.37,0,0.0,0,0.0,26.1,26.5,26.0
KBC,14/09/2026,26.5,26.5,"0 (0,00%)",1036800,27.23,1380000,39.12,1380000,39.12,26.25,26.6,25.95
KBC,11/09/2026,26.5,26.5,"-0,50 (-1,85%)",960900,25.58,0,0.0,0,0.0,26.6,26.85,26.5
KBC,10/09/2026,27.0,27.0,"+0,05 (+0,19%)",876900,23.5,0,0.0,0,0.0,26.7,27.0,26.6
KBC,09/09/2026,26.95,26.95,"-0,05 (-0,19%)",663900,17.87,6380000,177.1,6380000,177.1,27.0,27.05,26.85
KDC,06/10/2026,50.7,50.7,"-0,07 (-0,14%)",113300,5.73,0,0.0,0,0.0,50.5,50.7,50.2
KDC,05/10/2026,50.8,50.8,"+0,02 (+0,04%)",102800,5.22,220000,11.18,220000,11.18,50.4,50.9,50.3
KDC,02/10/2026,50.8,50.8,"+0,02 (+0,04%)",102500,5.19,0,0.0,0,0.0,50.3,50.8,50.3
KDC,01/10/2026,50.8,50.8,"-0,08 (-0,16%)",107200,5.44,0,0.0,0,0.0,50.5,50.9,50.4
KDC,30/09/2026,50.9,50.9,"+0,02 (+0,04%)",102100,5.18,0,0.0,0,0.0,50.5,50.9,50.5
KDC,29/09/2026,50.9,50.9,"+0,02 (+0,04%)",112800,5.73,0,0.0,0,0.0,51.0,51.0,50.2
KDC,28/09/2026,50.9,50.9,"+0,02 (+0,04%)",77800,3.95,0,0.0,0,0.0,50.9,51.0,50.4
KDC,25/09/2026,50.9,50.9,"-0,08 (-0,16%)",72300,3.67,1915000,97.66,1915000,97.66,50.9,51.0,50.5
KDC,24/09/2026,51.0,51.0,"+0,02 (+0,04%)",89100,4.53,390000,19.89,390000,19.89,50.8,51.0,50.5
KDC,23/09/2026,51.0,51.0,"+0,02 (+0,04%)",137200,6.98,3320000,169.32,3320000,169.32,51.0,51.2,50.3
KDC,22/09/2026,51.0,51.0,"-0,08 (-0,16%)",147000,7.48,0,0.0,0,0.0,50.6,51.2,50.4
KDC,21/09/2026,51.1,51.1,"+0,02 (+0,04%)",158100,8.03,0,0.0,0,0.0,50.6,51.3,50.2
KDC,18/09/2026,51.1,51.1,"-0,07 (-0,14%)",87100,4.45,0,0.0,0,0.0,51.1,51.4,50.7
KDC,17/09/2026,51.2,51.2,"+0,03 (+0,06%)",89700,4.58,0,0.0,0,0.0,50.7,51.4,50.7
KDC,16/09/2026,51.2,51.2,"-0,07 (-0,14%)",83700,4.27,0,0.0,0,0.0,51.5,51.5,50.6
KDC,15/09/2026,51.3,51.3,"+0,02 (+0,04%)",65500,3.35,0,0.0,0,0.0,51.5,51.5,50.7
KDC,14/09/2026,51.3,51.3,"+0,02 (+0,04%)",95300,4.88,0,0.0,0,0.0,51.0,51.5,50.7
KDC,11/09/2026,51.3,51.3,"-0,20 (-0,39%)",121400,6.21,0,0.0,0,0.0,51.1,51.3,50.9
KDC,10/09/2026,51.5,51.5,"0 (0,00%)",41300,2.12,212000,11.02,212000,11.02,51.0,51.8,51.0
KDC,09/09/2026,51.5,51.5,"-0,20 (-0,39%)",78200,4.01,430000,22.23,430000,22.23,51.5,51.8,51.0
KDH,06/10/2026,14.85,14.85,"-0,15 (-1,00%)",5352600,79.07,9240000,134.45,9240000,134.45,15.0,15.0,14.6
KDH,05/10/2026,15.0,15.0,"-0,10 (-0,66%)",3179100,47.74,1500000,22.5,1500000,22.5,15.1,15.2,14.9
KDH,02/10/2026,15.1,15.1,"-0,05 (-0,33%)",3169700,47.77,0,0.0,0,0.0,15.2,15.2,14.95
KDH,01/10/2026,15.15,15.15,"-0,20 (-1,30%)",3261000,49.48,0,0.0,0,0.0,15.25,15.35,15.0
KDH,30/09/2026,15.35,15.35,"0 (0,00%)",2663600,40.97,1800000,27.14,1800000,27.14,15.45,15.55,15.25
KDH,29/09/2026,15.35,15.35,"+0,05 (+0,33%)",4536700,69.48,1570000,23.92,1570000,23.92,15.25,15.6,15.1
KDH,28/09/2026,15.3,15.3,"-0,40 (-2,55%)",6054300,91.83,1800000,27.36,1800000,27.36,15.7,15.7,14.95
KDH,25/09/2026,15.7,15.7,"0 (0,00%)",2920000,45.59,70000,1.12,70000,1.12,15.7,15.8,15.5
KDH,24/09/2026,15.7,15.7,"-0,15 (-0,95%)",3391400,53.16,0,0.0,0,0.0,15.75,15.85,15.6
KDH,23/09/2026,15.85,15.85,"-0,15 (-0,94%)",3306100,52.49,70000,1.12,70000,1.12,16.05,16.05,15.7
KDH,22/09/2026,16.0,16.0,"+0,15 (+0,95%)",2910400,46.48,0,0.0,0,0.0,15.95,16.1,15.8
KDH,21/09/2026,15.85,15.85,"+0,05 (+0,32%)",4268300,68.08,70000,1.12,70000,1.12,15.9,16.25,15.75
KDH,18/09/2026,15.8,15.8,"+0,20 (+1,28%)",5132600,81.38,3000000,46.8,3000000,46.8,15.95,16.1,15.75
KDH,17/09/2026,15.6,15.6,"+0,30 (+1,96%)",6790800,106.88,0,0.0,0,0.0,15.2,16.25,15.2
KDH,16/09/2026,15.3,15.3,"-0,30 (-1,92%)",4287600,65.97,0,0.0,0,0.0,15.6,15.7,15.25
KDH,15/09/2026,15.6,15.6,"-0,10 (-0,64%)",3994300,62.62,235000,3.86,235000,3.86,15.55,15.85,15.5
KDH,14/09/2026,15.7,15.7,"-0,60 (-3,68%)",5455500,86.4,1550000,25.25,1550000,25.25,16.3,16.3,15.45
KDH,11/09/2026,16.3,16.3,"-0,70 (-4,12%)",6525600,107.48,0,0.0,0,0.0,16.9,16.95,16.2
KDH,10/09/2026,17.0,17.0,"0 (0,00%)",2432900,41.1,200000,3.4,200000,3.4,16.9,17.05,16.75
KDH,09/09/2026,17.0,17.0,"-0,20 (-1,16%)",5114800,87.14,0,0.0,0,0.0,17.2,17.3,16.85
KHG,06/10/2026,4.54,4.54,"-0,01 (-0,22%)",2098700,9.42,0,0.0,0,0.0,4.56,4.56,4.45
KHG,05/10/2026,4.55,4.55,"-0,04 (-0,87%)",1509000,6.84,0,0.0,0,0.0,4.55,4.59,4.49
KHG,02/10/2026,4.59,4.59,"-0,03 (-0,65%)",1876500,8.57,0,0.0,0,0.0,4.63,4.63,4.53
KHG,01/10/2026,4.62,4.62,"-0,05 (-1,07%)",2237700,10.32,0,0.0,0,0.0,4.63,4.65,4.59
KHG,30/09/2026,4.67,4.67,"-0,04 (-0,85%)",2120100,9.87,0,0.0,0,0.0,4.65,4.68,4.63
KHG,29/09/2026,4.71,4.71,"-0,02 (-0,42%)",1979300,9.21,0,0.0,0,0.0,4.68,4.71,4.6
KHG,28/09/2026,4.73,4.73,"+0,01 (+0,21%)",2643100,12.27,0,0.0,0,0.0,4.68,4.73,4.54
KHG,25/09/2026,4.72,4.72,"+0,17 (+3,74%)",4328900,19.85,0,0.0,0,0.0,4.55,4.72,4.51
KHG,24/09/2026,4.55,4.55,"-0,02 (-0,44%)",1151700,5.21,0,0.0,0,0.0,4.56,4.56,4.49
KHG,23/09/2026,4.57,4.57,"0 (0,00%)",1525800,6.95,0,0.0,0,0.0,4.57,4.59,4.5
KHG,22/09/2026,4.57,4.57,"+0,12 (+2,70%)",1570300,7.05,0,0.0,0,0.0,4.5,4.57,4.45
KHG,21/09/2026,4.45,4.45,"-0,10 (-2,20%)",726600,3.27,0,0.0,0,0.0,4.55,4.57,4.45
KHG,18/09/2026,4.55,4.55,"-0,05 (-1,09%)",918100,4.2,0,0.0,0,0.0,4.6,4.61,4.55
KHG,17/09/2026,4.6,4.6,"-0,01 (-0,22%)",1084000,4.98,0,0.0,0,0.0,4.61,4.64,4.57
KHG,16/09/2026,4.61,4.61,"+0,01 (+0,22%)",1149500,5.25,0,0.0,0,0.0,4.58,4.61,4.54
KHG,15/09/2026,4.6,4.6,"-0,02 (-0,43%)",1351600,6.17,0,0.0,0,0.0,4.58,4.6,4.5
KHG,14/09/2026,4.62,4.62,"-0,06 (-1,28%)",1330800,6.17,0,0.0,0,0.0,4.68,4.68,4.6
KHG,11/09/2026,4.68,4.68,"-0,07 (-1,47%)",1530600,7.19,0,0.0,0,0.0,4.76,4.76,4.67
KHG,10/09/2026,4.75,4.75,"-0,07 (-1,45%)",1238400,5.9,0,0.0,0,0.0,4.82,4.82,4.74
KHG,09/09/2026,4.82,4.82,"-0,04 (-0,82%)",1246000,6.01,0,0.0,0,0.0,4.86,4.86,4.8
KHP,06/10/2026,9.4,9.4,"0 (0,00%)",3000,0.03,0,0.0,0,0.0,9.5,9.5,9.4
KHP,05/10/2026,9.4,9.4,"-0,09 (-0,95%)",12000,0.11,0,0.0,0,0.0,9.49,9.49,9.4
KHP,02/10/2026,9.5,9.5,"+0,05 (+0,53%)",1700,0.02,0,0.0,0,0.0,9.4,9.5,9.4
KHP,01/10/2026,9.45,9.45,"0 (0,00%)",8400,0.08,0,0.0,0,0.0,9.42,9.45,9.33
KHP,30/09/2026,9.46,9.46,"-0,12 (-1,25%)",1000,0.01,0,0.0,0,0.0,9.46,9.46,9.46
KHP,29/09/2026,9.59,9.59,"+0,24 (+2,57%)",6100,0.06,0,0.0,0,0.0,9.36,9.59,9.35
KHP,28/09/2026,9.35,9.35,"-0,14 (-1,47%)",2100,0.02,0,0.0,0,0.0,9.3,9.35,9.3
KHP,25/09/2026,9.5,9.5,"+0,09 (+0,96%)",2700,0.03,0,0.0,0,0.0,9.32,9.5,9.32
KHP,24/09/2026,9.42,9.42,"-0,07 (-0,74%)",1800,0.02,0,0.0,0,0.0,9.6,9.61,9.42
KHP,23/09/2026,9.5,9.5,"+0,14 (+1,50%)",4100,0.04,0,0.0,0,0.0,9.31,9.6,9.26
KHP,22/09/2026,9.36,9.36,"+0,01 (+0,11%)",400,0.0,0,0.0,0,0.0,9.35,9.49,9.35
KHP,21/09/2026,9.35,9.35,"-0,14 (-1,48%)",11100,0.1,0,0.0,0,0.0,9.31,9.36,9.31
KHP,18/09/2026,9.49,9.49,"0 (0,00%)",7600,0.07,0,0.0,0,0.0,9.5,9.5,9.4
KHP,17/09/2026,9.49,9.49,"+0,13 (+1,39%)",400,0.0,0,0.0,0,0.0,9.5,9.5,9.49
KHP,16/09/2026,9.37,9.37,"-0,04 (-0,43%)",600,0.01,0,0.0,0,0.0,9.37,9.37,9.37
KHP,15/09/2026,9.42,9.42,"+0,02 (+0,21%)",25400,0.24,0,0.0,0,0.0,9.31,9.6,9.25
KHP,14/09/2026,9.4,9.4,"-0,19 (-1,98%)",3600,0.03,0,0.0,0,0.0,9.45,9.45,9.4
KHP,11/09/2026,9.6,9.6,"+0,01 (+0,10%)",44400,0.43,0,0.0,0,0.0,9.61,9.61,9.2
KHP,10/09/2026,9.61,9.61,"+0,01 (+0,10%)",52600,0.51,0,0.0,0,0.0,9.61,9.65,9.6
KHP,09/09/2026,9.62,9.62,"-0,16 (-1,64%)",14500,0.14,0,0.0,0,0.0,9.71,9.71,9.62
KLB,06/10/2026,11.2,11.2,"-0,25 (-2,18%)",402400,4.53,0,0.0,0,0.0,11.45,11.55,11.0
KLB,05/10/2026,11.45,11.45,"-0,20 (-1,72%)",236700,2.75,0,0.0,0,0.0,11.65,11.8,11.45
KLB,02/10/2026,11.65,11.65,"-0,10 (-0,85%)",269600,3.17,0,0.0,0,0.0,12.0,12.0,11.6
KLB,01/10/2026,11.75,11.75,"+0,05 (+0,43%)",130400,1.54,0,0.0,0,0.0,11.7,11.9,11.7
KLB,30/09/2026,11.7,11.7,"-0,25 (-2,09%)",253800,3.01,0,0.0,0,0.0,11.95,12.05,11.7
KLB,29/09/2026,11.95,11.95,"-0,10 (-0,83%)",289500,3.48,0,0.0,0,0.0,12.05,12.2,11.85
KLB,28/09/2026,12.05,12.05,"-0,35 (-2,82%)",400300,4.87,0,0.0,0,0.0,12.45,12.5,12.05
KLB,25/09/2026,12.4,12.4,"-0,15 (-1,20%)",421200,5.26,0,0.0,0,0.0,12.6,12.65,12.4
KLB,24/09/2026,12.55,12.55,"-0,20 (-1,57%)",367000,4.63,0,0.0,0,0.0,12.9,12.9,12.45
KLB,23/09/2026,12.75,12.75,"+0,20 (+1,59%)",756500,9.71,0,0.0,0,0.0,12.55,13.05,12.4
KLB,22/09/2026,12.55,12.55,"0 (0,00%)",733100,9.38,0,0.0,0,0.0,12.55,13.2,12.45
KLB,21/09/2026,12.55,12.55,"-0,25 (-1,95%)",286800,3.63,0,0.0,0,0.0,12.8,12.9,12.5
KLB,18/09/2026,12.8,12.8,"+0,70 (+5,79%)",1423100,17.95,138300,1.56,138300,1.56,12.05,12.9,12.05
KLB,17/09/2026,12.1,12.1,"0 (0,00%)",184800,2.23,0,0.0,0,0.0,12.1,12.1,11.9
KLB,16/09/2026,12.1,12.1,"+0,05 (+0,41%)",94100,1.13,0,0.0,0,0.0,12.0,12.1,11.9
KLB,15/09/2026,12.05,12.05,"+0,20 (+1,69%)",174900,2.1,0,0.0,0,0.0,11.85,12.15,11.85
KLB,14/09/2026,11.85,11.85,"-0,20 (-1,66%)",127000,1.52,0,0.0,0,0.0,12.0,12.05,11.8
KLB,11/09/2026,12.05,12.05,"-0,30 (-2,43%)",149900,1.82,0,0.0,0,0.0,12.1,12.35,12.0
KLB,10/09/2026,12.35,12.35,"+0,20 (+1,65%)",336400,4.08,0,0.0,0,0.0,12.15,12.4,11.9
KLB,09/09/2026,12.15,12.15,"+0,15 (+1,25%)",222900,2.67,0,0.0,0,0.0,11.85,12.2,11.85
KMR,06/10/2026,2.2,2.2,"-0,01 (-0,45%)",900,0.0,0,0.0,0,0.0,2.22,2.22,2.16
KMR,05/10/2026,2.21,2.21,"+0,02 (+0,91%)",7300,0.02,0,0.0,0,0.0,2.19,2.21,2.14
KMR,02/10/2026,2.19,2.19,"-0,03 (-1,35%)",5400,0.01,0,0.0,0,0.0,2.23,2.23,2.16
KMR,01/10/2026,2.22,2.22,"-0,03 (-1,33%)",200,0.0,0,0.0,0,0.0,2.22,2.22,2.22
KMR,30/09/2026,2.25,2.25,"0 (0,00%)",4300,0.01,0,0.0,0,0.0,2.2,2.25,2.14
KMR,29/09/2026,2.25,2.25,"-0,01 (-0,44%)",1200,0.0,0,0.0,0,0.0,2.2,2.25,2.15
KMR,28/09/2026,2.26,2.26,"+0,07 (+3,20%)",4300,0.01,0,0.0,0,0.0,2.15,2.26,2.15
KMR,25/09/2026,2.19,2.19,"-0,07 (-3,10%)",14000,0.03,0,0.0,0,0.0,2.13,2.24,2.11
KMR,24/09/2026,2.26,2.26,"0 (0,00%)",163200,0.35,0,0.0,0,0.0,2.24,2.26,2.11
KMR,23/09/2026,2.26,2.26,"+0,01 (+0,44%)",16900,0.04,0,0.0,0,0.0,2.24,2.26,2.24
KMR,22/09/2026,2.25,2.25,"+0,01 (+0,45%)",300,0.0,0,0.0,0,0.0,2.24,2.25,2.24
KMR,21/09/2026,2.24,2.24,"0 (0,00%)",5200,0.01,0,0.0,0,0.0,2.26,2.26,2.2
KMR,18/09/2026,2.24,2.24,"-0,03 (-1,32%)",7100,0.02,0,0.0,0,0.0,2.26,2.26,2.22
KMR,17/09/2026,2.27,2.27,"+0,01 (+0,44%)",7000,0.02,0,0.0,0,0.0,2.26,2.27,2.24
KMR,16/09/2026,2.26,2.26,"-0,01 (-0,44%)",4100,0.01,0,0.0,0,0.0,2.28,2.28,2.24
KMR,15/09/2026,2.27,2.27,"-0,01 (-0,44%)",4300,0.01,0,0.0,0,0.0,2.28,2.28,2.24
KMR,14/09/2026,2.28,2.28,"+0,02 (+0,88%)",6000,0.01,0,0.0,0,0.0,2.29,2.29,2.25
KMR,11/09/2026,2.26,2.26,"-0,03 (-1,31%)",11800,0.03,0,0.0,0,0.0,2.29,2.29,2.26
KMR,10/09/2026,2.29,2.29,"+0,01 (+0,44%)",1200,0.0,0,0.0,0,0.0,2.29,2.29,2.28
KMR,09/09/2026,2.28,2.28,"-0,01 (-0,44%)",9700,0.02,0,0.0,0,0.0,2.3,2.3,2.26
KOS,06/10/2026,12.75,12.75,"-0,95 (-6,93%)",5000,0.06,65000,0.83,65000,0.83,12.75,12.75,12.75
KOS,05/10/2026,13.7,13.7,"-1,00 (-6,80%)",41500,0.57,50000,0.68,50000,0.68,13.7,13.7,13.7
KOS,02/10/2026,14.7,14.7,"-1,10 (-6,96%)",5000,0.07,0,0.0,0,0.0,14.7,14.7,14.7
KOS,01/10/2026,15.8,15.8,"-1,15 (-6,78%)",2500,0.04,0,0.0,0,0.0,15.8,15.8,15.8
KOS,30/09/2026,16.95,16.95,"-1,25 (-6,87%)",13300,0.23,50000,0.85,50000,0.85,16.95,16.95,16.95
KOS,29/09/2026,18.2,18.2,"-1,35 (-6,91%)",1400,0.03,435000,9.09,435000,9.09,18.2,18.2,18.2
KOS,28/09/2026,19.55,19.55,"-1,45 (-6,90%)",4500,0.09,600000,11.73,600000,11.73,19.55,19.55,19.55
KOS,25/09/2026,21.0,21.0,"-1,55 (-6,87%)",3300,0.07,0,0.0,0,0.0,21.0,21.0,21.0
KOS,24/09/2026,22.55,22.55,"-1,65 (-6,82%)",9000,0.2,160700,3.62,160700,3.62,22.55,22.55,22.55
KOS,23/09/2026,24.2,24.2,"-1,80 (-6,92%)",1500,0.04,1346800,32.59,1346800,32.59,24.2,24.2,24.2
KOS,22/09/2026,26.0,26.0,"-1,95 (-6,98%)",10400,0.27,120000,3.12,120000,3.12,26.0,26.0,26.0
KOS,21/09/2026,27.95,27.95,"-2,10 (-6,99%)",334300,9.97,136000,3.94,136000,3.94,30.0,30.1,27.95
KOS,18/09/2026,30.05,30.05,"-1,30 (-4,15%)",690400,22.1,46000,1.34,46000,1.34,31.0,32.9,29.3
KOS,17/09/2026,31.35,31.35,"-1,60 (-4,86%)",258400,8.15,387100,12.0,387100,12.0,32.95,32.95,31.0
KOS,16/09/2026,32.95,32.95,"0 (0,00%)",48500,1.58,1832000,58.72,1832000,58.72,32.85,32.95,32.0
KOS,15/09/2026,32.95,32.95,"-0,35 (-1,05%)",229200,7.21,600000,18.6,600000,18.6,32.0,33.85,31.0
KOS,14/09/2026,33.3,33.3,"+0,05 (+0,15%)",246700,8.21,1097000,35.95,1097000,35.95,33.7,33.7,32.8
KOS,11/09/2026,33.25,33.25,"-0,30 (-0,89%)",69500,2.32,60000,1.88,60000,1.88,33.4,33.5,32.8
KOS,10/09/2026,33.55,33.55,"-0,10 (-0,30%)",45800,1.53,2166433,71.92,2166433,71.92,33.6,33.6,32.6
KOS,09/09/2026,33.65,33.65,"-0,30 (-0,88%)",137500,4.65,0,0.0,0,0.0,34.0,34.0,33.45
KSB,06/10/2026,12.7,12.7,"+0,05 (+0,40%)",519100,6.5,0,0.0,0,0.0,12.65,12.75,12.25
KSB,05/10/2026,12.65,12.65,"0 (0,00%)",285600,3.64,0,0.0,0,0.0,12.65,12.95,12.65
KSB,02/10/2026,12.65,12.65,"-0,20 (-1,56%)",376900,4.8,0,0.0,0,0.0,13.05,13.05,12.65
KSB,01/10/2026,12.85,12.85,"+0,05 (+0,39%)",259500,3.31,0,0.0,0,0.0,12.85,12.85,12.6
KSB,30/09/2026,12.8,12.8,"-0,15 (-1,16%)",318500,4.08,0,0.0,0,0.0,12.85,12.95,12.7
KSB,29/09/2026,12.95,12.95,"+0,10 (+0,78%)",305800,3.94,0,0.0,0,0.0,12.85,12.95,12.75
KSB,28/09/2026,12.85,12.85,"0 (0,00%)",489200,6.24,0,0.0,0,0.0,12.85,12.9,12.6
KSB,25/09/2026,12.85,12.85,"-0,10 (-0,77%)",229200,2.94,0,0.0,0,0.0,12.85,12.95,12.75
KSB,24/09/2026,12.95,12.95,"0 (0,00%)",771600,9.88,0,0.0,0,0.0,12.95,12.95,12.55
KSB,23/09/2026,12.95,12.95,"0 (0,00%)",369600,4.79,0,0.0,0,0.0,12.95,13.1,12.85
KSB,22/09/2026,12.95,12.95,"-0,05 (-0,38%)",224100,2.9,0,0.0,0,0.0,13.0,13.05,12.85
KSB,21/09/2026,13.0,13.0,"-0,20 (-1,52%)",296900,3.86,0,0.0,0,0.0,13.15,13.2,12.9
KSB,18/09/2026,13.2,13.2,"+0,15 (+1,15%)",555300,7.26,0,0.0,0,0.0,13.05,13.2,12.9
KSB,17/09/2026,13.05,13.05,"+0,20 (+1,56%)",388400,5.04,0,0.0,0,0.0,13.0,13.05,12.8
KSB,16/09/2026,12.85,12.85,"-0,30 (-2,28%)",260000,3.37,0,0.0,0,0.0,13.0,13.1,12.85
KSB,15/09/2026,13.15,13.15,"+0,20 (+1,54%)",378800,4.92,0,0.0,0,0.0,12.75,13.15,12.75
KSB,14/09/2026,12.95,12.95,"-0,10 (-0,77%)",510700,6.56,0,0.0,0,0.0,13.0,13.0,12.65
KSB,11/09/2026,13.05,13.05,"-0,20 (-1,51%)",680900,8.87,0,0.0,0,0.0,13.1,13.15,12.9
KSB,10/09/2026,13.25,13.25,"+0,10 (+0,76%)",360800,4.75,0,0.0,0,0.0,13.1,13.25,13.0
KSB,09/09/2026,13.15,13.15,"-0,20 (-1,50%)",443600,5.85,0,0.0,0,0.0,13.25,13.3,13.15
L10,06/10/2026,24.0,24.0,"0 (0,00%)",0,0.0,0,0.0,0,0.0,24.0,24.0,24.0
L10,05/10/2026,24.0,24.0,"0 (0,00%)",0,0.0,0,0.0,0,0.0,24.0,24.0,24.0
L10,02/10/2026,24.0,24.0,"0 (0,00%)",0,0.0,0,0.0,0,0.0,24.0,24.0,24.0
L10,01/10/2026,24.0,24.0,"0 (0,00%)",0,0.0,0,0.0,0,0.0,24.0,24.0,24.0
L10,30/09/2026,24.0,24.0,"0 (0,00%)",500,0.01,0,0.0,0,0.0,24.0,24.0,24.0
L10,29/09/2026,24.0,24.0,"0 (0,00%)",0,0.0,0,0.0,0,0.0,24.0,24.0,24.0
L10,28/09/2026,24.0,24.0,"0 (0,00%)",0,0.0,0,0.0,0,0.0,24.0,24.0,24.0
L10,25/09/2026,24.0,24.0,"+1,25 (+5,49%)",2400,0.06,0,0.0,0,0.0,23.85,24.0,23.85
L10,24/09/2026,22.75,22.75,"0 (0,00%)",0,0.0,0,0.0,0,0.0,22.75,22.75,22.75
L10,23/09/2026,22.75,22.75,"0 (0,00%)",0,0.0,0,0.0,0,0.0,22.75,22.75,22.75
L10,22/09/2026,22.75,22.75,"0 (0,00%)",0,0.0,0,0.0,0,0.0,22.75,22.75,22.75
L10,21/09/2026,22.75,22.75,"-0,85 (-3,60%)",900,0.02,0,0.0,0,0.0,22.75,22.75,22.75
L10,18/09/2026,23.6,23.6,"-0,30 (-1,26%)",800,0.02,0,0.0,0,0.0,23.8,23.8,23.6
L10,17/09/2026,23.9,23.9,"0 (0,00%)",0,0.0,0,0.0,0,0.0,23.9,23.9,23.9
L10,16/09/2026,23.9,23.9,"0 (0,00%)",0,0.0,0,0.0,0,0.0,23.9,23.9,23.9
L10,15/09/2026,23.9,23.9,"+0,90 (+3,91%)",200,0.0,0,0.0,0,0.0,23.0,23.9,23.0
L10,14/09/2026,23.0,23.0,"0 (0,00%)",1100,0.03,0,0.0,0,0.0,24.6,24.6,23.0
L10,11/09/2026,23.0,23.0,"0 (0,00%)",200,0.0,0,0.0,0,0.0,23.0,23.0,23.0
L10,10/09/2026,23.0,23.0,"0 (0,00%)",0,0.0,0,0.0,0,0.0,23.0,23.0,23.0
L10,09/09/2026,23.0,23.0,"+1,50 (+6,98%)",1500,0.03,0,0.0,0,0.0,23.0,23.0,23.0
LAF,06/10/2026,17.8,17.8,"0 (0,00%)",0,0.0,0,0.0,0,0.0,17.8,17.8,17.8
LAF,05/10/2026,17.8,17.8,"0 (0,00%)",100,0.0,0,0.0,0,0.0,17.8,17.8,17.8
LAF,02/10/2026,17.8,17.8,"-1,25 (-6,56%)",2000,0.04,0,0.0,0,0.0,17.9,17.95,17.8
LAF,01/10/2026,19.05,19.05,"0 (0,00%)",0,0.0,0,0.0,0,0.0,19.05,19.05,19.05
LAF,30/09/2026,19.05,19.05,"0 (0,00%)",0,0.0,0,0.0,0,0.0,19.05,19.05,19.05
LAF,29/09/2026,19.05,19.05,"-0,05 (-0,26%)",200,0.0,0,0.0,0,0.0,19.05,19.05,19.05
LAF,28/09/2026,19.1,19.1,"-1,40 (-6,83%)",100,0.0,0,0.0,0,0.0,19.1,19.1,19.1
LAF,25/09/2026,20.5,20.5,"+1,10 (+5,67%)",300,0.01,0,0.0,0,0.0,19.4,20.5,19.4
LAF,24/09/2026,19.4,19.4,"+0,90 (+4,86%)",200,0.0,0,0.0,0,0.0,17.6,19.4,17.6
LAF,23/09/2026,18.5,18.5,"0 (0,00%)",900,0.02,0,0.0,0,0.0,18.5,18.5,18.5
LAF,22/09/2026,18.5,18.5,"-1,35 (-6,80%)",3000,0.06,0,0.0,0,0.0,18.5,18.55,18.5
LAF,21/09/2026,19.85,19.85,"0 (0,00%)",8700,0.16,0,0.0,0,0.0,18.5,19.85,18.5
LAF,18/09/2026,19.85,19.85,"+0,85 (+4,47%)",100,0.0,0,0.0,0,0.0,19.85,19.85,19.85
LAF,17/09/2026,19.0,19.0,"+1,10 (+6,15%)",100,0.0,0,0.0,0,0.0,19.0,19.0,19.0
LAF,16/09/2026,17.9,17.9,"-1,10 (-5,79%)",2200,0.04,0,0.0,0,0.0,17.9,17.9,17.9
LAF,15/09/2026,19.0,19.0,"0 (0,00%)",0,0.0,0,0.0,0,0.0,19.0,19.0,19.0
LAF,14/09/2026,19.0,19.0,"0 (0,00%)",0,0.0,0,0.0,0,0.0,19.0,19.0,19.0
LAF,11/09/2026,19.0,19.0,"-0,60 (-3,06%)",3000,0.06,0,0.0,0,0.0,19.0,19.1,19.0
LAF,10/09/2026,19.6,19.6,"0 (0,00%)",700,0.01,0,0.0,0,0.0,19.6,19.6,19.6
LAF,09/09/2026,19.6,19.6,"0 (0,00%)",2000,0.04,0,0.0,0,0.0,19.6,19.6,19.6
LBM,06/10/2026,28.9,28.9,"-0,05 (-0,17%)",10200,0.29,0,0.0,0,0.0,28.4,28.95,28.3
LBM,05/10/2026,28.95,28.95,"-0,25 (-0,86%)",1700,0.05,0,0.0,0,0.0,29.2,29.2,28.5
LBM,02/10/2026,29.2,29.2,"0 (0,00%)",5400,0.16,0,0.0,0,0.0,29.1,29.2,28.25
LBM,01/10/2026,29.2,29.2,"-0,20 (-0,68%)",2100,0.06,0,0.0,0,0.0,29.35,29.35,28.6
LBM,30/09/2026,29.4,29.4,"+0,45 (+1,55%)",20700,0.61,0,0.0,0,0.0,28.2,29.4,28.2
LBM,29/09/2026,28.95,28.95,"-0,05 (-0,17%)",6100,0.18,0,0.0,0,0.0,29.0,29.0,28.2
LBM,28/09/2026,29.0,29.0,"+0,90 (+3,20%)",41700,1.18,0,0.0,0,0.0,28.1,29.35,28.1
LBM,25/09/2026,28.1,28.1,"-0,80 (-2,77%)",19600,0.55,0,0.0,0,0.0,28.4,29.0,28.1
LBM,24/09/2026,28.9,28.9,"+0,20 (+0,70%)",3000,0.09,0,0.0,0,0.0,28.7,30.0,28.7
LBM,23/09/2026,28.7,28.7,"-0,10 (-0,35%)",2200,0.06,0,0.0,0,0.0,28.25,28.7,28.25
LBM,22/09/2026,28.8,28.8,"+0,80 (+2,86%)",14200,0.4,0,0.0,0,0.0,27.95,29.0,27.95
LBM,21/09/2026,28.0,28.0,"0 (0,00%)",2000,0.06,0,0.0,0,0.0,28.0,28.0,27.8
LBM,18/09/2026,28.0,28.0,"+0,10 (+0,36%)",6400,0.18,0,0.0,0,0.0,27.9,28.0,27.8
LBM,17/09/2026,27.9,27.9,"+0,20 (+0,72%)",4400,0.12,0,0.0,0,0.0,27.7,28.0,27.55
LBM,16/09/2026,27.7,27.7,"-0,20 (-0,72%)",18700,0.52,0,0.0,0,0.0,27.2,28.0,27.2
LBM,15/09/2026,27.9,27.9,"-0,05 (-0,18%)",6700,0.19,0,0.0,0,0.0,27.95,28.1,27.75
LBM,14/09/2026,27.95,27.95,"+0,15 (+0,54%)",14900,0.41,0,0.0,0,0.0,27.8,28.0,27.5
LBM,11/09/2026,27.8,27.8,"-0,40 (-1,42%)",9300,0.26,0,0.0,0,0.0,28.2,28.2,27.8
LBM,10/09/2026,28.2,28.2,"+0,05 (+0,18%)",3100,0.09,0,0.0,0,0.0,28.15,28.2,28.0
LBM,09/09/2026,28.15,28.15,"+0,30 (+1,08%)",40500,1.13,0,0.0,0,0.0,27.8,28.15,27.6
LCG,06/10/2026,6.4,6.4,"+0,06 (+0,95%)",633300,4.04,0,0.0,0,0.0,6.38,6.48,6.28
LCG,05/10/2026,6.34,6.34,"+0,03 (+0,48%)",1081200,6.87,0,0.0,0,0.0,6.26,6.43,6.26
LCG,02/10/2026,6.31,6.31,"-0,14 (-2,17%)",421600,2.69,0,0.0,0,0.0,6.45,6.45,6.31
LCG,01/10/2026,6.45,6.45,"-0,06 (-0,92%)",564400,3.63,0,0.0,0,0.0,6.35,6.49,6.35
LCG,30/09/2026,6.51,6.51,"0 (0,00%)",857400,5.6,0,0.0,0,0.0,6.51,6.57,6.51
LCG,29/09/2026,6.51,6.51,"+0,03 (+0,46%)",526000,3.43,0,0.0,0,0.0,6.5,6.58,6.48
LCG,28/09/2026,6.48,6.48,"-0,15 (-2,26%)",1128700,7.39,0,0.0,0,0.0,6.61,6.7,6.48
LCG,25/09/2026,6.63,6.63,"0 (0,00%)",678700,4.51,0,0.0,0,0.0,6.65,6.7,6.61
LCG,24/09/2026,6.63,6.63,"-0,11 (-1,63%)",644400,4.3,0,0.0,0,0.0,6.73,6.78,6.63
LCG,23/09/2026,6.74,6.74,"-0,03 (-0,44%)",550900,3.72,0,0.0,0,0.0,6.76,6.79,6.73
LCG,22/09/2026,6.77,6.77,"-0,03 (-0,44%)",258300,1.75,0,0.0,0,0.0,6.8,6.8,6.75
LCG,21/09/2026,6.8,6.8,"+0,02 (+0,29%)",527100,3.56,0,0.0,0,0.0,6.83,6.85,6.71
LCG,18/09/2026,6.78,6.78,"-0,02 (-0,29%)",506100,3.44,0,0.0,0,0.0,6.83,6.84,6.77
LCG,17/09/2026,6.8,6.8,"+0,09 (+1,34%)",669800,4.53,0,0.0,0,0.0,6.7,6.84,6.7
LCG,16/09/2026,6.71,6.71,"-0,01 (-0,15%)",599300,4.04,0,0.0,0,0.0,6.78,6.79,6.71
LCG,15/09/2026,6.72,6.72,"+0,04 (+0,60%)",570100,3.83,0,0.0,0,0.0,6.68,6.78,6.68
LCG,14/09/2026,6.68,6.68,"-0,17 (-2,48%)",758300,5.17,0,0.0,0,0.0,6.85,6.92,6.68
LCG,11/09/2026,6.85,6.85,"-0,19 (-2,70%)",1432300,9.95,0,0.0,0,0.0,7.04,7.04,6.85
LCG,10/09/2026,7.04,7.04,"-0,02 (-0,28%)",487000,3.43,0,0.0,0,0.0,7.05,7.09,7.01
LCG,09/09/2026,7.06,7.06,"0 (0,00%)",1255200,8.89,0,0.0,0,0.0,7.06,7.13,7.03
LDG,06/10/2026,2.42,2.42,"-0,02 (-0,82%)",603500,1.47,0,0.0,0,0.0,2.45,2.47,2.38
LDG,05/10/2026,2.44,2.44,"-0,01 (-0,41%)",580200,1.42,0,0.0,0,0.0,2.47,2.47,2.43
LDG,02/10/2026,2.45,2.45,"-0,02 (-0,81%)",610900,1.51,0,0.0,0,0.0,2.46,2.51,2.44
LDG,01/10/2026,2.47,2.47,"+0,02 (+0,82%)",809500,2.01,0,0.0,0,0.0,2.46,2.54,2.45
LDG,30/09/2026,2.45,2.45,"+0,01 (+0,41%)",762600,1.87,0,0.0,0,0.0,2.44,2.49,2.43
LDG,29/09/2026,2.44,2.44,"-0,02 (-0,81%)",288000,0.71,0,0.0,0,0.0,2.5,2.51,2.43
LDG,28/09/2026,2.46,2.46,"-0,06 (-2,38%)",715100,1.76,0,0.0,0,0.0,2.52,2.53,2.4
LDG,25/09/2026,2.52,2.52,"+0,02 (+0,80%)",631600,1.6,0,0.0,0,0.0,2.5,2.65,2.5
LDG,24/09/2026,2.5,2.5,"-0,06 (-2,34%)",582300,1.45,0,0.0,0,0.0,2.56,2.56,2.47
LDG,23/09/2026,2.56,2.56,"-0,11 (-4,12%)",977700,2.52,0,0.0,0,0.0,2.67,2.67,2.51
LDG,22/09/2026,2.67,2.67,"-0,07 (-2,55%)",2183000,6.14,0,0.0,0,0.0,2.92,2.92,2.67
LDG,21/09/2026,2.74,2.74,"+0,17 (+6,61%)",1173300,3.21,0,0.0,0,0.0,2.74,2.74,2.69
LDG,18/09/2026,2.57,2.57,"+0,16 (+6,64%)",1231000,3.06,0,0.0,0,0.0,2.42,2.57,2.39
LDG,17/09/2026,2.41,2.41,"-0,01 (-0,41%)",694800,1.69,0,0.0,0,0.0,2.44,2.48,2.41
LDG,16/09/2026,2.42,2.42,"-0,06 (-2,42%)",379500,0.93,0,0.0,0,0.0,2.48,2.5,2.42
LDG,15/09/2026,2.48,2.48,"0 (0,00%)",505500,1.25,0,0.0,0,0.0,2.56,2.56,2.45
LDG,14/09/2026,2.48,2.48,"-0,04 (-1,59%)",819800,2.05,0,0.0,0,0.0,2.52,2.59,2.41
LDG,11/09/2026,2.52,2.52,"-0,09 (-3,45%)",508100,1.3,0,0.0,0,0.0,2.6,2.6,2.52
LDG,10/09/2026,2.61,2.61,"-0,02 (-0,76%)",450900,1.18,0,0.0,0,0.0,2.63,2.64,2.59
LDG,09/09/2026,2.63,2.63,"-0,02 (-0,75%)",364200,0.96,0,0.0,0,0.0,2.65,2.68,2.62
LGC,06/10/2026,64.8,64.8,"0 (0,00%)",0,0.0,0,0.0,0,0.0,64.8,64.8,64.8
LGC,05/10/2026,64.8,64.8,"0 (0,00%)",0,0.0,0,0.0,0,0.0,64.8,64.8,64.8
LGC,02/10/2026,64.8,64.8,"0 (0,00%)",0,0.0,0,0.0,0,0.0,64.8,64.8,64.8
LGC,01/10/2026,64.8,64.8,"0 (0,00%)",0,0.0,0,0.0,0,0.0,64.8,64.8,64.8
LGC,30/09/2026,64.8,64.8,"0 (0,00%)",0,0.0,0,0.0,0,0.0,64.8,64.8,64.8
LGC,29/09/2026,64.8,64.8,"0 (0,00%)",0,0.0,0,0.0,0,0.0,64.8,64.8,64.8
LGC,28/09/2026,64.8,64.8,"0 (0,00%)",0,0.0,0,0.0,0,0.0,64.8,64.8,64.8
LGC,25/09/2026,64.8,64.8,"0 (0,00%)",0,0.0,0,0.0,0,0.0,64.8,64.8,64.8
LGC,24/09/2026,64.8,64.8,"0 (0,00%)",0,0.0,0,0.0,0,0.0,64.8,64.8,64.8
LGC,23/09/2026,64.8,64.8,"0 (0,00%)",0,0.0,0,0.0,0,0.0,64.8,64.8,64.8
LGC,22/09/2026,64.8,64.8,"0 (0,00%)",0,0.0,0,0.0,0,0.0,64.8,64.8,64.8
LGC,21/09/2026,64.8,64.8,"0 (0,00%)",0,0.0,0,0.0,0,0.0,64.8,64.8,64.8
LGC,18/09/2026,64.8,64.8,"0 (0,00%)",0,0.0,0,0.0,0,0.0,64.8,64.8,64.8
LGC,17/09/2026,64.8,64.8,"0 (0,00%)",0,0.0,0,0.0,0,0.0,64.8,64.8,64.8
LGC,16/09/2026,64.8,64.8,"0 (0,00%)",0,0.0,0,0.0,0,0.0,64.8,64.8,64.8
LGC,15/09/2026,64.8,64.8,"0 (0,00%)",0,0.0,0,0.0,0,0.0,64.8,64.8,64.8
LGC,14/09/2026,64.8,64.8,"0 (0,00%)",0,0.0,0,0.0,0,0.0,64.8,64.8,64.8
LGC,11/09/2026,64.8,64.8,"0 (0,00%)",0,0.0,0,0.0,0,0.0,64.8,64.8,64.8
LGC,10/09/2026,64.8,64.8,"0 (0,00%)",0,0.0,0,0.0,0,0.0,64.8,64.8,64.8
LGC,09/09/2026,64.8,64.8,"0 (0,00%)",0,0.0,0,0.0,0,0.0,64.8,64.8,64.8
LGL,06/10/2026,4.18,4.18,"+0,02 (+0,48%)",16000,0.07,0,0.0,0,0.0,4.3,4.3,4.06
LGL,05/10/2026,4.16,4.16,"+0,11 (+2,72%)",16300,0.07,0,0.0,0,0.0,4.19,4.19,3.91
LGL,02/10/2026,4.05,4.05,"+0,03 (+0,75%)",7900,0.03,0,0.0,0,0.0,4.1,4.25,4.05
LGL,01/10/2026,4.02,4.02,"-0,23 (-5,41%)",25600,0.1,0,0.0,0,0.0,4.47,4.47,4.01
LGL,30/09/2026,4.25,4.25,"-0,25 (-5,56%)",7700,0.03,0,0.0,0,0.0,4.59,4.59,4.19
LGL,29/09/2026,4.5,4.5,"+0,04 (+0,90%)",7800,0.03,0,0.0,0,0.0,4.62,4.62,4.3
LGL,28/09/2026,4.46,4.46,"-0,14 (-3,04%)",113500,0.49,0,0.0,0,0.0,4.69,4.69,4.28
LGL,25/09/2026,4.6,4.6,"+0,22 (+5,02%)",45500,0.2,0,0.0,0,0.0,4.38,4.62,4.36
LGL,24/09/2026,4.38,4.38,"-0,31 (-6,61%)",51200,0.23,0,0.0,0,0.0,4.58,4.71,4.38
LGL,23/09/2026,4.69,4.69,"+0,01 (+0,21%)",2800,0.01,0,0.0,0,0.0,4.74,4.74,4.6
LGL,22/09/2026,4.68,4.68,"+0,06 (+1,30%)",4000,0.02,0,0.0,0,0.0,4.75,4.75,4.56
LGL,21/09/2026,4.62,4.62,"-0,11 (-2,33%)",23300,0.11,0,0.0,0,0.0,4.87,4.87,4.6
LGL,18/09/2026,4.73,4.73,"-0,02 (-0,42%)",26700,0.12,0,0.0,0,0.0,4.75,4.75,4.6
LGL,17/09/2026,4.75,4.75,"0 (0,00%)",3600,0.02,0,0.0,0,0.0,4.75,4.77,4.62
LGL,16/09/2026,4.75,4.75,"0 (0,00%)",3900,0.02,0,0.0,0,0.0,4.64,4.86,4.59
LGL,15/09/2026,4.75,4.75,"0 (0,00%)",3800,0.02,0,0.0,0,0.0,4.75,4.75,4.75
LGL,14/09/2026,4.75,4.75,"+0,15 (+3,26%)",500,0.0,0,0.0,0,0.0,4.78,4.78,4.53
LGL,11/09/2026,4.6,4.6,"-0,12 (-2,54%)",3000,0.01,0,0.0,0,0.0,4.81,4.81,4.6
LGL,10/09/2026,4.72,4.72,"+0,03 (+0,64%)",2300,0.01,0,0.0,0,0.0,4.68,4.72,4.6
LGL,09/09/2026,4.69,4.69,"+0,19 (+4,22%)",13300,0.06,0,0.0,0,0.0,4.64,4.69,4.55
LHG,06/10/2026,26.45,26.45,"+0,05 (+0,19%)",48100,1.27,0,0.0,0,0.0,26.6,26.6,26.0
LHG,05/10/2026,26.4,26.4,"0 (0,00%)",51100,1.35,20000,0.52,20000,0.52,26.25,26.6,26.25
LHG,02/10/2026,26.4,26.4,"-0,05 (-0,19%)",24200,0.64,0,0.0,0,0.0,26.25,26.55,26.25
LHG,01/10/2026,26.45,26.45,"-0,20 (-0,75%)",24900,0.66,0,0.0,0,0.0,26.65,26.75,26.3
LHG,30/09/2026,26.65,26.65,"+0,05 (+0,19%)",28100,0.74,0,0.0,0,0.0,26.55,26.75,26.0
LHG,29/09/2026,26.6,26.6,"0 (0,00%)",38300,1.02,0,0.0,0,0.0,26.6,27.0,26.4
LHG,28/09/2026,26.6,26.6,"-0,65 (-2,39%)",25300,0.68,0,0.0,0,0.0,26.95,27.25,26.6
LHG,25/09/2026,27.25,27.25,"+0,05 (+0,18%)",42600,1.16,0,0.0,0,0.0,27.2,27.35,27.0
LHG,24/09/2026,27.2,27.2,"0 (0,00%)",60600,1.65,0,0.0,0,0.0,27.2,27.4,27.0
LHG,23/09/2026,27.2,27.2,"+0,55 (+2,06%)",79000,2.13,0,0.0,0,0.0,26.8,27.2,26.6
LHG,22/09/2026,26.65,26.65,"-0,15 (-0,56%)",30300,0.81,0,0.0,0,0.0,27.0,27.0,26.65
LHG,21/09/2026,26.8,26.8,"0 (0,00%)",24500,0.66,0,0.0,0,0.0,26.95,26.95,26.5
LHG,18/09/2026,26.8,26.8,"0 (0,00%)",43900,1.18,0,0.0,0,0.0,26.8,27.05,26.6
LHG,17/09/2026,26.8,26.8,"+0,05 (+0,19%)",24500,0.65,0,0.0,0,0.0,27.0,27.0,26.1
LHG,16/09/2026,26.75,26.75,"+0,10 (+0,38%)",68800,1.84,0,0.0,0,0.0,26.9,26.9,26.6
LHG,15/09/2026,26.65,26.65,"+0,05 (+0,19%)",26200,0.69,28000,0.74,28000,0.74,26.6,26.8,26.15
LHG,14/09/2026,26.6,26.6,"-0,15 (-0,56%)",26900,0.72,0,0.0,0,0.0,26.9,26.9,26.6
LHG,11/09/2026,26.75,26.75,"-0,15 (-0,56%)",73900,1.99,0,0.0,0,0.0,27.0,27.0,26.75
LHG,10/09/2026,26.9,26.9,"+0,30 (+1,13%)",64600,1.73,0,0.0,0,0.0,26.6,26.9,26.45
LHG,09/09/2026,26.6,26.6,"+0,10 (+0,38%)",72200,1.92,0,0.0,0,0.0,26.5,26.7,26.45
LIX,06/10/2026,24.7,24.7,"0 (0,00%)",9500,0.23,0,0.0,0,0.0,24.7,24.7,24.3
LIX,05/10/2026,24.7,24.7,"-0,05 (-0,20%)",6900,0.17,0,0.0,0,0.0,24.7,24.75,24.3
LIX,02/10/2026,24.75,24.75,"-0,05 (-0,20%)",27300,0.67,0,0.0,0,0.0,24.5,24.75,24.3
LIX,01/10/2026,24.8,24.8,"0 (0,00%)",300,0.01,0,0.0,0,0.0,24.85,24.85,24.5
LIX,30/09/2026,24.8,24.8,"-0,10 (-0,40%)",5200,0.13,0,0.0,0,0.0,24.8,24.8,24.25
LIX,29/09/2026,24.9,24.9,"0 (0,00%)",2300,0.06,0,0.0,0,0.0,24.9,24.9,24.55
LIX,28/09/2026,24.9,24.9,"+0,05 (+0,20%)",8900,0.22,0,0.0,0,0.0,24.85,24.9,24.55
LIX,25/09/2026,24.85,24.85,"+0,30 (+1,22%)",5800,0.14,0,0.0,0,0.0,24.45,24.85,24.45
LIX,24/09/2026,24.55,24.55,"-0,25 (-1,01%)",2600,0.06,0,0.0,0,0.0,24.8,24.8,24.45
LIX,23/09/2026,24.8,24.8,"-0,05 (-0,20%)",8000,0.2,0,0.0,0,0.0,24.5,24.85,24.5
LIX,22/09/2026,24.85,24.85,"+0,05 (+0,20%)",13700,0.34,0,0.0,0,0.0,25.0,25.0,24.05
LIX,21/09/2026,24.8,24.8,"+0,20 (+0,81%)",2700,0.07,0,0.0,0,0.0,24.8,24.85,24.8
LIX,18/09/2026,24.6,24.6,"0 (0,00%)",13400,0.33,0,0.0,0,0.0,25.25,25.25,24.6
LIX,17/09/2026,24.6,24.6,"0 (0,00%)",1500,0.04,0,0.0,0,0.0,25.05,25.05,24.6
LIX,16/09/2026,24.6,24.6,"0 (0,00%)",10800,0.27,0,0.0,0,0.0,24.8,24.8,24.6
LIX,15/09/2026,24.6,24.6,"+0,20 (+0,82%)",6700,0.16,0,0.0,0,0.0,24.2,24.8,24.2
LIX,14/09/2026,24.4,24.4,"-0,10 (-0,41%)",26200,0.64,0,0.0,0,0.0,24.5,25.0,24.4
LIX,11/09/2026,24.5,24.5,"-0,40 (-1,61%)",24800,0.61,0,0.0,0,0.0,24.75,24.75,24.5
LIX,10/09/2026,24.9,24.9,"+0,05 (+0,20%)",42600,1.05,0,0.0,0,0.0,24.7,24.95,24.7
LIX,09/09/2026,24.85,24.85,"-0,15 (-0,60%)",8800,0.22,0,0.0,0,0.0,25.0,25.0,24.85
LM8,06/10/2026,13.8,13.8,"0 (0,00%)",0,0.0,0,0.0,0,0.0,13.8,13.8,13.8
LM8,05/10/2026,13.8,13.8,"0 (0,00%)",0,0.0,0,0.0,0,0.0,13.8,13.8,13.8
LM8,02/10/2026,13.8,13.8,"0 (0,00%)",0,0.0,0,0.0,0,0.0,13.8,13.8,13.8
LM8,01/10/2026,13.8,13.8,"0 (0,00%)",0,0.0,0,0.0,0,0.0,13.8,13.8,13.8
LM8,30/09/2026,13.8,13.8,"0 (0,00%)",0,0.0,0,0.0,0,0.0,13.8,13.8,13.8
LM8,29/09/2026,13.8,13.8,"0 (0,00%)",0,0.0,0,0.0,0,0.0,13.8,13.8,13.8
LM8,28/09/2026,13.8,13.8,"0 (0,00%)",0,0.0,0,0.0,0,0.0,13.8,13.8,13.8
LM8,25/09/2026,13.8,13.8,"0 (0,00%)",0,0.0,0,0.0,0,0.0,13.8,13.8,13.8
LM8,24/09/2026,13.8,13.8,"0 (0,00%)",0,0.0,0,0.0,0,0.0,13.8,13.8,13.8
LM8,23/09/2026,13.8,13.8,"0 (0,00%)",0,0.0,0,0.0,0,0.0,13.8,13.8,13.8
LM8,22/09/2026,13.8,13.8,"-1,00 (-6,76%)",100,0.0,0,0.0,0,0.0,13.8,13.8,13.8
LM8,21/09/2026,14.8,14.8,"0 (0,00%)",0,0.0,0,0.0,0,0.0,14.8,14.8,14.8
LM8,18/09/2026,14.8,14.8,"0 (0,00%)",0,0.0,0,0.0,0,0.0,14.8,14.8,14.8
LM8,17/09/2026,14.8,14.8,"0 (0,00%)",0,0.0,0,0.0,0,0.0,14.8,14.8,14.8
LM8,16/09/2026,14.8,14.8,"0 (0,00%)",0,0.0,0,0.0,0,0.0,14.8,14.8,14.8
LM8,15/09/2026,14.8,14.8,"0 (0,00%)",0,0.0,0,0.0,0,0.0,14.8,14.8,14.8
LM8,14/09/2026,14.8,14.8,"0 (0,00%)",0,0.0,0,0.0,0,0.0,14.8,14.8,14.8
LM8,11/09/2026,14.8,14.8,"0 (0,00%)",0,0.0,0,0.0,0,0.0,14.8,14.8,14.8
LM8,10/09/2026,14.8,14.8,"0 (0,00%)",0,0.0,0,0.0,0,0.0,14.8,14.8,14.8
LM8,09/09/2026,14.8,14.8,"-1,10 (-6,92%)",1000,0.01,0,0.0,0,0.0,14.8,14.8,14.8
LPB,06/10/2026,43.9,43.9,"+0,90 (+2,09%)",3108500,136.03,0,0.0,0,0.0,43.85,44.85,42.8
LPB,05/10/2026,43.0,43.0,"+2,80 (+6,97%)",2424000,101.81,6500000,279.5,6500000,279.5,40.5,43.0,40.3
LPB,02/10/2026,40.2,40.2,"-1,80 (-4,29%)",2800300,114.87,0,0.0,0,0.0,42.0,42.5,40.2
LPB,01/10/2026,42.0,42.0,"-2,00 (-4,55%)",1983200,84.86,0,0.0,0,0.0,44.1,44.1,42.0
LPB,30/09/2026,44.0,44.0,"+0,50 (+1,15%)",1142800,50.38,10700000,497.34,10700000,497.34,44.1,44.5,43.6
LPB,29/09/2026,43.5,43.5,"-2,00 (-4,40%)",3615200,159.56,0,0.0,0,0.0,45.55,45.7,43.0
LPB,28/09/2026,45.5,45.5,"-0,95 (-2,05%)",1334200,61.19,0,0.0,0,0.0,46.7,46.7,45.5
LPB,25/09/2026,46.45,46.45,"+0,05 (+0,11%)",787300,36.62,40000,1.76,40000,1.76,46.4,46.9,46.25
LPB,24/09/2026,46.4,46.4,"-0,90 (-1,90%)",1133500,52.89,0,0.0,0,0.0,47.1,47.25,46.4
LPB,23/09/2026,47.3,47.3,"+1,00 (+2,16%)",1884100,88.52,0,0.0,0,0.0,46.3,47.3,46.05
LPB,22/09/2026,46.3,46.3,"+0,20 (+0,43%)",1651200,76.22,0,0.0,0,0.0,46.2,46.6,45.9
LPB,21/09/2026,46.1,46.1,"-1,87 (-3,90%)",2490000,116.55,0,0.0,0,0.0,48.1,48.1,46.1
LPB,18/09/2026,48.0,48.0,"+0,50 (+1,05%)",2092200,100.52,0,0.0,0,0.0,47.5,48.4,47.45
LPB,17/09/2026,47.5,47.5,"+0,95 (+2,04%)",2877200,135.26,0,0.0,0,0.0,46.2,47.5,46.2
LPB,16/09/2026,46.55,46.55,"-0,95 (-2,00%)",2598300,121.4,1560000,78.0,1560000,78.0,47.75,47.75,46.1
LPB,15/09/2026,47.5,47.5,"+1,50 (+3,26%)",1992500,94.0,50000,2.15,50000,2.15,46.15,47.9,46.15
LPB,14/09/2026,46.0,46.0,"-0,70 (-1,50%)",2221000,103.36,0,0.0,0,0.0,46.75,47.25,45.7
LPB,11/09/2026,46.7,46.7,"-1,45 (-3,01%)",2241800,105.61,0,0.0,0,0.0,48.0,48.0,46.5
LPB,10/09/2026,48.15,48.15,"0 (0,00%)",2421000,115.86,3260000,163.0,3260000,163.0,48.15,48.55,47.3
LPB,09/09/2026,48.15,48.15,"-0,85 (-1,73%)",2145700,104.1,0,0.0,0,0.0,49.15,49.2,48.05
LSS,06/10/2026,8.0,8.0,"+0,14 (+1,78%)",135300,1.09,0,0.0,0,0.0,7.95,8.19,7.95
LSS,05/10/2026,7.86,7.86,"+0,06 (+0,77%)",35500,0.28,0,0.0,0,0.0,7.8,7.95,7.8
LSS,02/10/2026,7.8,7.8,"-0,01 (-0,13%)",33900,0.26,0,0.0,0,0.0,7.66,7.86,7.66
LSS,01/10/2026,7.81,7.81,"+0,01 (+0,13%)",26700,0.21,0,0.0,0,0.0,7.89,7.89,7.71
LSS,30/09/2026,7.8,7.8,"-0,07 (-0,89%)",34800,0.27,0,0.0,0,0.0,7.87,7.87,7.71
LSS,29/09/2026,7.87,7.87,"-0,01 (-0,13%)",84100,0.65,0,0.0,0,0.0,7.68,7.87,7.65
LSS,28/09/2026,7.88,7.88,"-0,12 (-1,50%)",79600,0.61,0,0.0,0,0.0,7.71,7.88,7.65
LSS,25/09/2026,8.0,8.0,"+0,24 (+3,09%)",51900,0.4,0,0.0,0,0.0,7.76,8.0,7.68
LSS,24/09/2026,7.76,7.76,"-0,01 (-0,13%)",27300,0.21,0,0.0,0,0.0,7.77,7.77,7.69
LSS,23/09/2026,7.77,7.77,"0 (0,00%)",15000,0.12,0,0.0,0,0.0,7.77,7.77,7.74
LSS,22/09/2026,7.77,7.77,"+0,04 (+0,52%)",47700,0.37,0,0.0,0,0.0,7.76,7.78,7.61
LSS,21/09/2026,7.73,7.73,"+0,04 (+0,52%)",63800,0.49,0,0.0,0,0.0,7.79,7.79,7.57
LSS,18/09/2026,7.69,7.69,"-0,03 (-0,39%)",109000,0.83,0,0.0,0,0.0,7.67,7.7,7.55
LSS,17/09/2026,7.72,7.72,"-0,08 (-1,03%)",56300,0.43,0,0.0,0,0.0,7.8,7.8,7.63
LSS,16/09/2026,7.8,7.8,"-0,10 (-1,27%)",17800,0.14,0,0.0,0,0.0,7.9,7.9,7.73
LSS,15/09/2026,7.9,7.9,"0 (0,00%)",11800,0.09,0,0.0,0,0.0,7.65,7.9,7.65
LSS,14/09/2026,7.9,7.9,"-0,07 (-0,88%)",113300,0.88,0,0.0,0,0.0,7.82,7.94,7.55
LSS,11/09/2026,7.97,7.97,"-0,02 (-0,25%)",22200,0.17,0,0.0,0,0.0,7.99,7.99,7.78
LSS,10/09/2026,7.99,7.99,"0 (0,00%)",18900,0.15,0,0.0,0,0.0,7.99,7.99,7.94
LSS,09/09/2026,7.99,7.99,"0 (0,00%)",42100,0.34,0,0.0,0,0.0,7.95,8.0,7.94
MBB,06/10/2026,19.2,19.2,"+0,05 (+0,26%)",17320700,330.0,50000,0.96,50000,0.96,19.15,19.2,18.85
MBB,05/10/2026,19.15,19.15,"+0,05 (+0,26%)",9210200,177.07,20000,0.36,20000,0.36,19.1,19.3,19.1
MBB,02/10/2026,19.1,19.1,"-0,45 (-2,30%)",11976700,231.75,100000,2.09,100000,2.09,19.55,19.65,19.1
MBB,01/10/2026,19.55,19.55,"-0,10 (-0,51%)",7572900,149.1,26000,0.55,26000,0.55,19.7,19.8,19.55
MBB,30/09/2026,19.65,19.65,"+0,05 (+0,26%)",6955000,136.52,627500,12.55,627500,12.55,19.65,19.8,19.55
MBB,29/09/2026,19.6,19.6,"-0,20 (-1,01%)",9381700,184.43,79000,1.54,79000,1.54,19.75,19.8,19.5
MBB,28/09/2026,19.8,19.8,"-0,10 (-0,50%)",9922600,195.67,1227500,24.49,1227500,24.49,19.9,20.0,19.6
MBB,25/09/2026,19.9,19.9,"+0,05 (+0,25%)",7854300,156.76,55000,1.1,55000,1.1,19.9,20.1,19.85
MBB,24/09/2026,19.85,19.85,"-0,15 (-0,75%)",8475200,168.81,0,0.0,0,0.0,20.0,20.1,19.85
MBB,23/09/2026,20.0,20.0,"-0,10 (-0,50%)",8858000,177.84,79000,1.61,79000,1.61,20.1,20.2,20.0
MBB,22/09/2026,20.1,20.1,"-0,10 (-0,50%)",9661200,193.89,435000,8.94,435000,8.94,20.15,20.2,19.95
MBB,21/09/2026,20.2,20.2,"+0,30 (+1,51%)",13897400,278.91,55000,1.1,55000,1.1,20.15,20.2,19.9
MBB,18/09/2026,19.9,19.9,"-0,65 (-3,16%)",16843700,340.47,435000,8.94,435000,8.94,20.55,20.6,19.9
MBB,17/09/2026,20.55,20.55,"+0,25 (+1,23%)",16498200,336.92,0,0.0,0,0.0,20.15,20.55,20.1
MBB,16/09/2026,20.3,20.3,"+0,30 (+1,50%)",9098600,183.33,0,0.0,0,0.0,20.05,20.3,20.0
MBB,15/09/2026,20.0,20.0,"+0,30 (+1,52%)",15925500,317.44,0,0.0,0,0.0,19.75,20.15,19.75
MBB,14/09/2026,19.7,19.7,"-0,05 (-0,25%)",16345400,323.02,0,0.0,0,0.0,19.75,19.95,19.6
MBB,11/09/2026,19.75,19.75,"-0,35 (-1,74%)",18351700,364.35,0,0.0,0,0.0,20.0,20.05,19.75
MBB,10/09/2026,20.1,20.1,"-0,10 (-0,50%)",6900700,139.06,0,0.0,0,0.0,20.2,20.25,20.05
MBB,09/09/2026,20.2,20.2,"+0,05 (+0,25%)",12163000,244.38,0,0.0,0,0.0,20.15,20.25,19.95
MCH,06/10/2026,141.0,141.0,"+1,00 (+0,71%)",512800,71.87,0,0.0,0,0.0,140.0,141.0,138.5
MCH,05/10/2026,140.0,140.0,"+0,80 (+0,57%)",259800,36.28,0,0.0,0,0.0,139.2,140.4,138.5
MCH,02/10/2026,139.2,139.2,"+0,30 (+0,22%)",228900,31.75,0,0.0,0,0.0,138.8,139.2,137.9
MCH,01/10/2026,138.9,138.9,"-0,10 (-0,07%)",108300,15.0,0,0.0,0,0.0,137.7,139.1,137.7
MCH,30/09/2026,139.0,139.0,"+1,00 (+0,72%)",204300,28.58,0,0.0,0,0.0,143.0,143.0,137.6
MCH,29/09/2026,138.0,138.0,"0 (0,00%)",304900,41.79,0,0.0,0,0.0,138.1,139.0,136.1
MCH,28/09/2026,138.0,138.0,"-3,00 (-2,13%)",267400,37.1,0,0.0,0,0.0,140.0,141.0,138.0
MCH,25/09/2026,141.0,141.0,"-0,70 (-0,49%)",160900,22.65,0,0.0,0,0.0,141.4,142.2,139.7
MCH,24/09/2026,141.7,141.7,"0 (0,00%)",226800,31.89,0,0.0,0,0.0,141.7,141.7,139.5
MCH,23/09/2026,141.7,141.7,"-1,70 (-1,19%)",167100,23.78,0,0.0,0,0.0,143.5,143.5,141.5
MCH,22/09/2026,143.4,143.4,"+0,40 (+0,28%)",740100,105.93,0,0.0,0,0.0,142.8,143.5,141.0
MCH,21/09/2026,143.0,143.0,"0 (0,00%)",1171500,166.12,0,0.0,0,0.0,143.0,143.0,138.0
MCH,18/09/2026,143.0,143.0,"-2,60 (-1,79%)",2650000,379.59,0,0.0,0,0.0,145.9,145.9,143.0
MCH,17/09/2026,145.6,145.6,"+0,60 (+0,41%)",1533600,222.13,105000,16.01,105000,16.01,144.5,145.6,143.1
MCH,16/09/2026,145.0,145.0,"+2,00 (+1,40%)",1289200,185.9,0,0.0,0,0.0,143.4,145.0,142.8
MCH,15/09/2026,143.0,143.0,"+1,10 (+0,78%)",652500,93.05,0,0.0,0,0.0,142.0,143.1,141.6
MCH,14/09/2026,141.9,141.9,"+0,10 (+0,07%)",306900,43.61,0,0.0,0,0.0,141.9,142.9,141.2
MCH,11/09/2026,141.8,141.8,"-0,20 (-0,14%)",237400,33.56,0,0.0,0,0.0,142.4,142.4,140.8
MCH,10/09/2026,142.0,142.0,"0 (0,00%)",205000,29.05,0,0.0,0,0.0,141.1,142.5,141.0
MCH,09/09/2026,142.0,142.0,"-0,60 (-0,42%)",245300,34.94,0,0.0,0,0.0,143.3,143.3,141.1
MCM,06/10/2026,26.35,26.35,"-0,05 (-0,19%)",23900,0.63,0,0.0,0,0.0,26.5,26.5,26.35
MCM,05/10/2026,26.4,26.4,"-0,05 (-0,19%)",16400,0.43,0,0.0,0,0.0,26.45,26.5,26.4
MCM,02/10/2026,26.45,26.45,"0 (0,00%)",14100,0.37,0,0.0,0,0.0,26.3,26.6,26.3
MCM,01/10/2026,26.45,26.45,"-0,05 (-0,19%)",18600,0.49,0,0.0,0,0.0,26.45,26.55,26.4
MCM,30/09/2026,26.5,26.5,"+0,10 (+0,38%)",13900,0.37,0,0.0,0,0.0,26.4,26.5,26.35
MCM,29/09/2026,26.4,26.4,"+0,10 (+0,38%)",7300,0.19,0,0.0,0,0.0,26.3,26.45,26.3
MCM,28/09/2026,26.3,26.3,"0 (0,00%)",17900,0.47,0,0.0,0,0.0,26.3,26.5,26.25
MCM,25/09/2026,26.3,26.3,"-0,20 (-0,75%)",14500,0.38,0,0.0,0,0.0,26.5,26.5,26.3
MCM,24/09/2026,26.5,26.5,"+0,15 (+0,57%)",26900,0.71,0,0.0,0,0.0,26.35,26.5,26.3
MCM,23/09/2026,26.35,26.35,"-0,10 (-0,38%)",29400,0.78,0,0.0,0,0.0,26.35,26.55,26.35
MCM,22/09/2026,26.45,26.45,"+0,20 (+0,76%)",23100,0.61,0,0.0,0,0.0,26.45,26.6,26.35
MCM,21/09/2026,26.25,26.25,"-0,20 (-0,76%)",15200,0.4,0,0.0,0,0.0,26.45,26.45,26.25
MCM,18/09/2026,26.45,26.45,"-0,05 (-0,19%)",8600,0.23,0,0.0,0,0.0,26.45,26.45,26.45
MCM,17/09/2026,26.5,26.5,"+0,05 (+0,19%)",14700,0.39,0,0.0,0,0.0,26.1,26.5,26.1
MCM,16/09/2026,26.45,26.45,"0 (0,00%)",8300,0.22,0,0.0,0,0.0,26.5,26.5,26.45
MCM,15/09/2026,26.45,26.45,"+0,35 (+1,34%)",16500,0.43,0,0.0,0,0.0,26.0,26.55,26.0
MCM,14/09/2026,26.1,26.1,"-0,35 (-1,32%)",41000,1.08,0,0.0,0,0.0,26.3,26.55,25.95
MCM,11/09/2026,26.45,26.45,"+0,05 (+0,19%)",22900,0.6,0,0.0,0,0.0,26.4,26.5,26.25
MCM,10/09/2026,26.4,26.4,"-0,30 (-1,12%)",7900,0.21,0,0.0,0,0.0,26.25,26.8,26.25
MCM,09/09/2026,26.7,26.7,"0 (0,00%)",13600,0.36,0,0.0,0,0.0,26.8,26.8,26.6
MCP,06/10/2026,27.6,27.6,"-0,45 (-1,60%)",30300,0.84,0,0.0,0,0.0,28.0,28.0,27.55
MCP,05/10/2026,28.05,28.05,"+0,05 (+0,18%)",24900,0.7,0,0.0,0,0.0,27.9,28.05,27.9
MCP,02/10/2026,28.0,28.0,"-0,05 (-0,18%)",7300,0.2,0,0.0,0,0.0,28.05,28.05,28.0
MCP,01/10/2026,28.05,28.05,"-0,10 (-0,36%)",17700,0.5,0,0.0,0,0.0,28.15,28.15,28.0
MCP,30/09/2026,28.15,28.15,"0 (0,00%)",32000,0.9,0,0.0,0,0.0,28.15,28.15,28.1
MCP,29/09/2026,28.15,28.15,"-0,10 (-0,35%)",35400,1.0,0,0.0,0,0.0,28.1,28.3,28.1
MCP,28/09/2026,28.25,28.25,"-0,05 (-0,18%)",40200,1.13,0,0.0,0,0.0,28.1,28.3,28.1
MCP,25/09/2026,28.3,28.3,"+0,15 (+0,53%)",60700,1.71,0,0.0,0,0.0,28.1,28.4,28.05
MCP,24/09/2026,28.15,28.15,"0 (0,00%)",45800,1.29,0,0.0,0,0.0,28.15,28.2,28.0
MCP,23/09/2026,28.15,28.15,"+0,15 (+0,54%)",42700,1.2,0,0.0,0,0.0,27.9,28.2,27.9
MCP,22/09/2026,28.0,28.0,"+0,05 (+0,18%)",33800,0.94,0,0.0,0,0.0,27.7,28.0,27.7
MCP,21/09/2026,27.95,27.95,"-0,05 (-0,18%)",32200,0.9,0,0.0,0,0.0,28.0,28.0,27.9
MCP,18/09/2026,28.0,28.0,"0 (0,00%)",34800,0.98,0,0.0,0,0.0,28.0,28.2,28.0
MCP,17/09/2026,28.0,28.0,"+0,10 (+0,36%)",45600,1.28,0,0.0,0,0.0,27.85,28.1,27.8
MCP,16/09/2026,27.9,27.9,"+0,05 (+0,18%)",36800,1.03,0,0.0,0,0.0,27.85,27.9,27.8
MCP,15/09/2026,27.85,27.85,"+0,05 (+0,18%)",45300,1.26,0,0.0,0,0.0,27.8,27.9,27.7
MCP,14/09/2026,27.8,27.8,"+0,20 (+0,72%)",28600,0.79,0,0.0,0,0.0,27.6,27.8,27.6
MCP,11/09/2026,27.6,27.6,"-0,55 (-1,95%)",14300,0.39,0,0.0,0,0.0,27.8,27.8,27.5
MCP,10/09/2026,28.15,28.15,"-0,05 (-0,18%)",40000,1.12,0,0.0,0,0.0,28.2,28.2,28.05
MCP,09/09/2026,28.2,28.2,"+0,10 (+0,36%)",27800,0.78,0,0.0,0,0.0,28.1,28.3,28.1
MDG,06/10/2026,38.6,38.6,"+0,25 (+0,65%)",10700,0.41,0,0.0,0,0.0,38.35,39.0,38.0
MDG,05/10/2026,38.35,38.35,"+0,85 (+2,27%)",13200,0.48,0,0.0,0,0.0,37.0,38.35,36.0
MDG,02/10/2026,37.5,37.5,"+0,60 (+1,63%)",4100,0.16,0,0.0,0,0.0,37.95,39.45,37.5
MDG,01/10/2026,36.9,36.9,"-0,05 (-0,14%)",2000,0.07,0,0.0,0,0.0,36.05,36.9,36.05
MDG,30/09/2026,36.95,36.95,"0 (0,00%)",3000,0.11,0,0.0,0,0.0,36.0,36.95,36.0
MDG,29/09/2026,36.95,36.95,"-0,45 (-1,20%)",1700,0.06,0,0.0,0,0.0,36.0,36.95,36.0
MDG,28/09/2026,37.4,37.4,"+0,90 (+2,47%)",1800,0.07,0,0.0,0,0.0,37.0,38.0,36.0
MDG,25/09/2026,36.5,36.5,"-1,65 (-4,33%)",1000,0.04,0,0.0,0,0.0,36.5,36.5,36.5
MDG,24/09/2026,38.15,38.15,"0 (0,00%)",0,0.0,0,0.0,0,0.0,38.15,38.15,38.15
MDG,23/09/2026,38.15,38.15,"-2,85 (-6,95%)",100,0.0,0,0.0,0,0.0,38.15,38.15,38.15
MDG,22/09/2026,41.0,41.0,"+2,65 (+6,91%)",1400,0.05,0,0.0,0,0.0,35.8,41.0,35.8
MDG,21/09/2026,38.35,38.35,"-0,50 (-1,29%)",23200,0.84,0,0.0,0,0.0,36.3,38.35,36.15
MDG,18/09/2026,38.85,38.85,"+1,00 (+2,64%)",200,0.01,0,0.0,0,0.0,37.85,38.85,37.85
MDG,17/09/2026,37.85,37.85,"+1,35 (+3,70%)",3900,0.14,0,0.0,0,0.0,36.0,37.85,36.0
MDG,16/09/2026,36.5,36.5,"0 (0,00%)",300,0.01,0,0.0,0,0.0,36.5,36.5,36.5
MDG,15/09/2026,36.5,36.5,"-0,50 (-1,35%)",17500,0.63,0,0.0,0,0.0,36.1,36.5,36.0
MDG,14/09/2026,37.0,37.0,"+0,30 (+0,82%)",7100,0.26,0,0.0,0,0.0,37.0,37.0,37.0
MDG,11/09/2026,36.7,36.7,"-0,30 (-0,81%)",2800,0.1,0,0.0,0,0.0,37.0,37.0,35.6
MDG,10/09/2026,37.0,37.0,"+1,00 (+2,78%)",1100,0.04,0,0.0,0,0.0,36.0,37.0,36.0
MDG,09/09/2026,36.0,36.0,"-2,25 (-5,88%)",14100,0.52,0,0.0,0,0.0,36.95,36.95,36.0
MHC,06/10/2026,6.98,6.98,"+0,03 (+0,43%)",1100,0.01,0,0.0,0,0.0,6.9,6.98,6.85
MHC,05/10/2026,6.95,6.95,"0 (0,00%)",1900,0.01,0,0.0,0,0.0,7.39,7.39,6.95
MHC,02/10/2026,6.95,6.95,"-0,04 (-0,57%)",1500,0.01,0,0.0,0,0.0,6.61,6.99,6.61
MHC,01/10/2026,6.99,6.99,"-0,01 (-0,14%)",16700,0.11,8127449,53.09,8127449,53.09,6.8,6.99,6.51
MHC,30/09/2026,7.0,7.0,"0 (0,00%)",900,0.01,0,0.0,0,0.0,7.0,7.0,7.0
MHC,29/09/2026,7.0,7.0,"0 (0,00%)",500,0.0,0,0.0,0,0.0,7.0,7.0,7.0
MHC,28/09/2026,7.0,7.0,"0 (0,00%)",1300,0.01,0,0.0,0,0.0,6.86,7.0,6.86
MHC,25/09/2026,7.0,7.0,"0 (0,00%)",1800,0.01,0,0.0,0,0.0,6.95,7.0,6.81
MHC,24/09/2026,7.0,7.0,"-0,10 (-1,41%)",20400,0.14,0,0.0,0,0.0,7.0,7.0,6.9
MHC,23/09/2026,7.1,7.1,"0 (0,00%)",900,0.01,0,0.0,0,0.0,7.2,7.2,7.1
MHC,22/09/2026,7.1,7.1,"-0,19 (-2,61%)",11300,0.08,0,0.0,0,0.0,7.2,7.2,7.01
MHC,21/09/2026,7.29,7.29,"0 (0,00%)",0,0.0,0,0.0,0,0.0,7.29,7.29,7.29
MHC,18/09/2026,7.29,7.29,"0 (0,00%)",21300,0.15,0,0.0,0,0.0,7.01,7.29,6.91
MHC,17/09/2026,7.29,7.29,"+0,19 (+2,68%)",4700,0.03,0,0.0,0,0.0,6.87,7.29,6.87
MHC,16/09/2026,7.1,7.1,"-0,19 (-2,61%)",3900,0.03,0,0.0,0,0.0,6.93,7.29,6.93
MHC,15/09/2026,7.29,7.29,"-0,01 (-0,14%)",6200,0.04,0,0.0,0,0.0,6.83,7.29,6.83
MHC,14/09/2026,7.3,7.3,"-0,11 (-1,48%)",3900,0.03,0,0.0,0,0.0,7.01,7.49,7.01
MHC,11/09/2026,7.41,7.41,"-0,29 (-3,77%)",1900,0.01,0,0.0,0,0.0,7.7,7.7,7.24
MHC,10/09/2026,7.7,7.7,"-0,14 (-1,79%)",10700,0.08,0,0.0,0,0.0,7.31,7.7,7.31
MHC,09/09/2026,7.84,7.84,"+0,13 (+1,69%)",33000,0.26,0,0.0,0,0.0,7.41,8.0,7.41
MIG,06/10/2026,15.7,15.7,"-0,30 (-1,88%)",61500,0.97,0,0.0,0,0.0,15.85,16.05,15.7
MIG,05/10/2026,16.0,16.0,"-0,15 (-0,93%)",37800,0.6,0,0.0,0,0.0,16.1,16.1,15.85
MIG,02/10/2026,16.15,16.15,"-0,05 (-0,31%)",78700,1.27,0,0.0,0,0.0,16.15,16.2,15.85
MIG,01/10/2026,16.2,16.2,"-0,05 (-0,31%)",57000,0.91,0,0.0,0,0.0,16.05,16.2,15.95
MIG,30/09/2026,16.25,16.25,"+0,10 (+0,62%)",222700,3.6,0,0.0,0,0.0,16.05,16.4,15.85
MIG,29/09/2026,16.15,16.15,"-0,05 (-0,31%)",93900,1.51,0,0.0,0,0.0,16.2,16.3,16.0
MIG,28/09/2026,16.2,16.2,"+0,50 (+3,18%)",303800,4.91,0,0.0,0,0.0,15.7,16.7,15.7
MIG,25/09/2026,15.7,15.7,"+0,15 (+0,96%)",40400,0.63,0,0.0,0,0.0,15.6,15.75,15.5
MIG,24/09/2026,15.55,15.55,"-0,25 (-1,58%)",31000,0.48,0,0.0,0,0.0,15.6,15.8,15.55
MIG,23/09/2026,15.8,15.8,"-0,05 (-0,32%)",44600,0.7,0,0.0,0,0.0,15.8,15.85,15.65
MIG,22/09/2026,15.85,15.85,"-0,05 (-0,31%)",35900,0.57,0,0.0,0,0.0,15.8,15.95,15.8
MIG,21/09/2026,15.9,15.9,"+0,20 (+1,27%)",61700,0.99,0,0.0,0,0.0,15.75,16.2,15.75
MIG,18/09/2026,15.7,15.7,"0 (0,00%)",88900,1.39,0,0.0,0,0.0,15.7,15.75,15.4
MIG,17/09/2026,15.7,15.7,"+0,15 (+0,96%)",76700,1.2,0,0.0,0,0.0,15.6,15.8,15.5
MIG,16/09/2026,15.55,15.55,"-0,45 (-2,81%)",107200,1.68,0,0.0,0,0.0,15.6,15.95,15.55
MIG,15/09/2026,16.0,16.0,"+1,00 (+6,67%)",82900,1.28,0,0.0,0,0.0,15.1,16.0,15.1
MIG,14/09/2026,15.0,15.0,"-0,55 (-3,54%)",141900,2.17,0,0.0,0,0.0,15.55,15.65,15.0
MIG,11/09/2026,15.55,15.55,"-0,20 (-1,27%)",291600,4.53,0,0.0,0,0.0,15.75,15.95,15.0
MIG,10/09/2026,15.75,15.75,"-0,20 (-1,25%)",19200,0.3,0,0.0,0,0.0,15.8,15.9,15.75
MIG,09/09/2026,15.95,15.95,"+0,15 (+0,95%)",113500,1.79,0,0.0,0,0.0,15.65,15.95,15.65
MSB,06/10/2026,14.4,14.4,"+0,50 (+3,60%)",15636600,220.99,2582000,36.29,2582000,36.29,14.05,14.4,13.9
MSB,05/10/2026,13.9,13.9,"-0,15 (-1,07%)",7284400,101.98,14316000,199.92,14316000,199.92,14.05,14.2,13.85
MSB,02/10/2026,14.05,14.05,"-0,15 (-1,06%)",5690700,80.29,5619000,79.79,5619000,79.79,14.2,14.3,14.0
MSB,01/10/2026,14.2,14.2,"0 (0,00%)",9757800,139.97,5931000,87.02,5931000,87.02,14.3,14.5,14.15
MSB,30/09/2026,14.2,14.2,"+0,15 (+1,07%)",8998400,127.31,6174000,83.56,6174000,83.56,14.05,14.35,13.95
MSB,29/09/2026,14.05,14.05,"-0,10 (-0,71%)",9162900,129.37,3414000,48.31,3414000,48.31,14.15,14.25,14.0
MSB,28/09/2026,14.15,14.15,"+0,10 (+0,71%)",9748100,138.39,6770000,91.32,6770000,91.32,14.05,14.3,14.05
MSB,25/09/2026,14.05,14.05,"-0,20 (-1,40%)",13499400,193.68,9300000,136.35,9300000,136.35,14.35,14.5,14.05
MSB,24/09/2026,14.25,14.25,"+0,10 (+0,71%)",17566400,249.88,295300,3.93,295300,3.93,14.15,14.4,14.0
MSB,23/09/2026,14.15,14.15,"+0,65 (+4,81%)",28997100,406.34,0,0.0,0,0.0,13.55,14.35,13.4
MSB,22/09/2026,13.5,13.5,"+0,45 (+3,45%)",19351700,258.9,4810800,59.72,4810800,59.72,13.05,13.5,13.05
MSB,21/09/2026,13.05,13.05,"+0,15 (+1,16%)",3677200,48.24,800000,10.32,800000,10.32,13.2,13.2,13.0
MSB,18/09/2026,12.9,12.9,"0 (0,00%)",9608800,125.49,1000000,13.4,1000000,13.4,13.0,13.25,12.9
MSB,17/09/2026,12.9,12.9,"+0,05 (+0,39%)",2672500,34.53,0,0.0,0,0.0,12.8,13.0,12.8
MSB,16/09/2026,12.85,12.85,"+0,05 (+0,39%)",1031500,13.2,6172000,79.0,6172000,79.0,12.85,12.85,12.75
MSB,15/09/2026,12.8,12.8,"0 (0,00%)",2244600,28.73,3945000,50.62,3945000,50.62,12.8,12.9,12.65
MSB,14/09/2026,12.8,12.8,"-0,15 (-1,16%)",2413100,30.87,0,0.0,0,0.0,12.8,12.95,12.7
MSB,11/09/2026,12.95,12.95,"0 (0,00%)",3471500,44.8,0,0.0,0,0.0,12.85,13.05,12.75
MSB,10/09/2026,12.95,12.95,"+0,05 (+0,39%)",1922400,24.67,1000000,13.8,1000000,13.8,12.85,13.0,12.7
MSB,09/09/2026,12.9,12.9,"-0,20 (-1,53%)",2260700,29.38,4193000,54.93,4193000,54.93,13.1,13.15,12.9
MSH,06/10/2026,30.3,30.3,"-0,05 (-0,16%)",73200,2.22,0,0.0,0,0.0,30.35,30.5,30.2
MSH,05/10/2026,30.35,30.35,"+0,10 (+0,33%)",63400,1.92,0,0.0,0,0.0,30.55,30.55,30.25
MSH,02/10/2026,30.25,30.25,"+0,35 (+1,17%)",137700,4.17,0,0.0,0,0.0,29.9,30.5,29.9
MSH,01/10/2026,29.9,29.9,"+0,10 (+0,34%)",52700,1.57,0,0.0,0,0.0,29.85,29.9,29.8
MSH,30/09/2026,29.8,29.8,"+0,05 (+0,17%)",84700,2.52,0,0.0,0,0.0,29.75,29.8,29.7
MSH,29/09/2026,29.75,29.75,"+0,10 (+0,34%)",33000,0.98,0,0.0,0,0.0,29.65,29.9,29.65
MSH,28/09/2026,29.65,29.65,"-0,15 (-0,50%)",112800,3.35,0,0.0,0,0.0,29.95,29.95,29.55
MSH,25/09/2026,29.8,29.8,"-0,15 (-0,50%)",38600,1.15,0,0.0,0,0.0,30.0,30.0,29.8
MSH,24/09/2026,29.95,29.95,"-0,10 (-0,33%)",61400,1.84,0,0.0,0,0.0,30.0,30.0,29.9
MSH,23/09/2026,30.05,30.05,"+0,05 (+0,17%)",60100,1.81,0,0.0,0,0.0,30.5,30.5,30.0
MSH,22/09/2026,30.0,30.0,"0 (0,00%)",26200,0.79,0,0.0,0,0.0,30.0,30.1,29.9
MSH,21/09/2026,30.0,30.0,"-0,15 (-0,50%)",62000,1.86,0,0.0,0,0.0,30.1,30.1,29.9
MSH,18/09/2026,30.15,30.15,"+0,20 (+0,67%)",94000,2.84,0,0.0,0,0.0,30.15,30.5,30.0
MSH,17/09/2026,29.95,29.95,"+0,15 (+0,50%)",122000,3.66,0,0.0,0,0.0,30.0,30.1,29.85
MSH,16/09/2026,29.8,29.8,"-0,30 (-1,00%)",71100,2.13,0,0.0,0,0.0,30.0,30.05,29.8
MSH,15/09/2026,30.1,30.1,"+0,30 (+1,01%)",50800,1.52,0,0.0,0,0.0,29.9,30.1,29.8
MSH,14/09/2026,29.8,29.8,"-0,20 (-0,67%)",203100,6.1,0,0.0,0,0.0,30.0,30.2,29.7
MSH,11/09/2026,30.0,30.0,"-0,55 (-1,80%)",145800,4.4,0,0.0,0,0.0,30.5,30.5,30.0
MSH,10/09/2026,30.55,30.55,"+0,05 (+0,16%)",55300,1.69,0,0.0,0,0.0,30.6,30.65,30.4
MSH,09/09/2026,30.5,30.5,"0 (0,00%)",29800,0.91,0,0.0,0,0.0,30.4,30.5,30.35
MSN,06/10/2026,72.0,72.0,"+0,70 (+0,98%)",5706800,407.95,0,0.0,0,0.0,71.3,72.0,70.7
MSN,05/10/2026,71.3,71.3,"+0,60 (+0,85%)",4518500,321.69,240000,16.55,240000,16.55,70.7,72.2,70.1
MSN,02/10/2026,70.7,70.7,"-0,20 (-0,28%)",8880100,639.32,970000,67.34,970000,67.34,71.4,73.0,70.7
MSN,01/10/2026,70.9,70.9,"+1,90 (+2,75%)",6008100,422.99,270000,18.67,270000,18.67,69.4,71.2,69.1
MSN,30/09/2026,69.0,69.0,"-0,40 (-0,58%)",4122100,287.43,1121667,77.91,1121667,77.91,69.9,70.3,69.0
MSN,29/09/2026,69.4,69.4,"+0,40 (+0,58%)",1927500,133.03,230000,16.1,230000,16.1,68.6,69.5,68.5
MSN,28/09/2026,69.0,69.0,"-1,10 (-1,57%)",4503400,310.03,0,0.0,0,0.0,70.2,70.3,68.1
MSN,25/09/2026,70.1,70.1,"-0,70 (-0,99%)",4305400,303.85,0,0.0,0,0.0,71.0,71.4,70.0
MSN,24/09/2026,70.8,70.8,"+1,00 (+1,43%)",9374300,665.88,200000,14.12,200000,14.12,69.7,71.7,69.7
MSN,23/09/2026,69.8,69.8,"-0,50 (-0,71%)",3346000,234.5,5664700,398.13,5664700,398.13,70.5,70.9,69.6
MSN,22/09/2026,70.3,70.3,"+2,60 (+3,84%)",8932200,626.55,230000,15.67,230000,15.67,67.7,71.4,67.7
MSN,21/09/2026,67.7,67.7,"-0,70 (-1,02%)",3631900,247.07,180000,12.31,180000,12.31,69.2,69.3,67.1
MSN,18/09/2026,68.4,68.4,"+0,70 (+1,03%)",7484800,514.48,145000,9.82,145000,9.82,68.2,69.5,68.2
MSN,17/09/2026,67.7,67.7,"+0,30 (+0,45%)",3300000,223.98,0,0.0,0,0.0,67.1,68.2,66.9
MSN,16/09/2026,67.4,67.4,"0 (0,00%)",2600100,174.57,0,0.0,0,0.0,67.4,67.6,66.7
MSN,15/09/2026,67.4,67.4,"+0,80 (+1,20%)",2104100,140.92,0,0.0,0,0.0,66.6,67.4,66.4
MSN,14/09/2026,66.6,66.6,"+0,10 (+0,15%)",4250500,281.52,0,0.0,0,0.0,66.7,67.0,65.3
MSN,11/09/2026,66.5,66.5,"-2,20 (-3,20%)",4606000,310.5,0,0.0,0,0.0,68.6,68.7,66.5
MSN,10/09/2026,68.7,68.7,"+0,30 (+0,44%)",3106400,213.51,0,0.0,0,0.0,68.0,69.0,68.0
MSN,09/09/2026,68.4,68.4,"0 (0,00%)",2252400,154.68,44900,3.0,44900,3.0,68.4,69.3,68.2
MWG,06/10/2026,76.0,76.0,"+1,60 (+2,15%)",6579800,494.12,1721900,132.26,1721900,132.26,74.6,76.8,73.8
MWG,05/10/2026,74.4,74.4,"+1,20 (+1,64%)",4104500,304.92,177800,12.9,177800,12.9,73.7,74.7,73.7
MWG,02/10/2026,73.2,73.2,"+0,60 (+0,83%)",2571800,187.31,1440600,110.79,1440600,110.79,72.8,73.4,72.1
MWG,01/10/2026,72.6,72.6,"+0,20 (+0,28%)",2697600,196.86,2375000,182.62,2375000,182.62,72.2,73.7,72.0
MWG,30/09/2026,72.4,72.4,"+0,50 (+0,70%)",2966000,214.41,195000,14.7,195000,14.7,72.5,72.9,71.7
MWG,29/09/2026,71.9,71.9,"-0,10 (-0,14%)",1716800,123.37,944600,71.73,944600,71.73,72.0,72.2,71.5
MWG,28/09/2026,72.0,72.0,"-1,40 (-1,91%)",2215000,160.12,54100,4.25,54100,4.25,73.4,73.4,71.7
MWG,25/09/2026,73.4,73.4,"+0,50 (+0,69%)",1778600,130.08,901300,68.77,901300,68.77,72.7,73.8,72.5
MWG,24/09/2026,72.9,72.9,"-0,30 (-0,41%)",1664600,120.93,392700,30.75,392700,30.75,73.0,73.2,72.2
MWG,23/09/2026,73.2,73.2,"+0,40 (+0,55%)",3252700,238.7,1116800,84.59,1116800,84.59,72.7,73.9,72.4
MWG,22/09/2026,72.8,72.8,"+1,10 (+1,53%)",2726900,198.31,489500,37.54,489500,37.54,71.4,73.5,71.4
MWG,21/09/2026,71.7,71.7,"-0,80 (-1,10%)",2254400,161.42,2276300,174.3,2276300,174.3,72.5,72.5,71.0
MWG,18/09/2026,72.5,72.5,"-0,60 (-0,82%)",1909000,139.08,93300,7.3,93300,7.3,73.1,73.5,72.4
MWG,17/09/2026,73.1,73.1,"+1,60 (+2,24%)",4079900,296.76,1453800,111.22,1453800,111.22,71.0,73.5,70.8
MWG,16/09/2026,71.5,71.5,"+0,30 (+0,42%)",2017700,143.19,580500,44.18,580500,44.18,71.0,71.6,70.3
MWG,15/09/2026,71.2,71.2,"+1,40 (+2,01%)",1893100,133.32,273700,20.42,273700,20.42,69.8,71.2,69.8
MWG,14/09/2026,69.8,69.8,"-1,50 (-2,10%)",3246500,227.86,115000,8.76,115000,8.76,71.3,71.5,68.6
MWG,11/09/2026,71.3,71.3,"-1,60 (-2,19%)",2587600,185.67,2122900,165.59,2122900,165.59,72.5,72.5,71.3
MWG,10/09/2026,72.9,72.9,"+1,30 (+1,82%)",2496200,180.85,810000,62.05,810000,62.05,71.6,73.3,71.2
MWG,09/09/2026,71.6,71.6,"-0,70 (-0,97%)",1420300,102.14,185700,14.35,185700,14.35,72.3,72.6,71.4
NAB,06/10/2026,12.9,12.9,"+0,40 (+3,20%)",3844400,49.24,2120000,25.44,2120000,25.44,12.45,13.1,12.35
NAB,05/10/2026,12.5,12.5,"0 (0,00%)",2188800,27.24,0,0.0,0,0.0,12.5,12.65,12.3
NAB,02/10/2026,12.5,12.5,"+0,15 (+1,21%)",2640900,32.99,0,0.0,0,0.0,12.35,12.65,12.3
NAB,01/10/2026,12.35,12.35,"+0,05 (+0,41%)",1487700,18.34,0,0.0,0,0.0,12.25,12.45,12.25
NAB,30/09/2026,12.3,12.3,"0 (0,00%)",1324400,16.28,0,0.0,0,0.0,12.2,12.4,12.2
NAB,29/09/2026,12.3,12.3,"-0,05 (-0,40%)",1499700,18.44,0,0.0,0,0.0,12.3,12.4,12.2
NAB,28/09/2026,12.35,12.35,"-0,05 (-0,40%)",1748300,21.65,7000000,92.75,7000000,92.75,12.4,12.55,12.25
NAB,25/09/2026,12.4,12.4,"+0,40 (+3,33%)",2504900,30.71,0,0.0,0,0.0,12.0,12.5,12.0
NAB,24/09/2026,12.0,12.0,"-0,15 (-1,23%)",1297600,15.54,0,0.0,0,0.0,12.15,12.15,11.85
NAB,23/09/2026,12.15,12.15,"-0,05 (-0,41%)",1255100,15.3,0,0.0,0,0.0,12.1,12.3,12.1
NAB,22/09/2026,12.2,12.2,"+0,25 (+2,09%)",1488800,17.73,0,0.0,0,0.0,11.9,12.2,11.7
NAB,21/09/2026,11.95,11.95,"-0,05 (-0,42%)",1301700,15.53,0,0.0,0,0.0,12.1,12.15,11.7
NAB,18/09/2026,12.0,12.0,"-0,20 (-1,64%)",1519200,18.58,0,0.0,0,0.0,12.35,12.35,12.0
NAB,17/09/2026,12.2,12.2,"+0,50 (+4,27%)",2740700,33.22,0,0.0,0,0.0,11.8,12.35,11.8
NAB,16/09/2026,11.7,11.7,"+0,45 (+4,00%)",3150400,36.28,0,0.0,0,0.0,11.35,11.8,11.3
NAB,15/09/2026,11.25,11.25,"+0,10 (+0,90%)",1425200,16.03,0,0.0,0,0.0,11.2,11.3,11.2
NAB,14/09/2026,11.15,11.15,"-0,05 (-0,45%)",1276000,14.18,1150000,12.19,1150000,12.19,11.2,11.2,11.0
NAB,11/09/2026,11.2,11.2,"-0,05 (-0,44%)",1470100,16.53,0,0.0,0,0.0,11.25,11.35,11.1
NAB,10/09/2026,11.25,11.25,"0 (0,00%)",1323400,14.86,5080000,57.15,5080000,57.15,11.3,11.3,11.15
NAB,09/09/2026,11.25,11.25,"-0,05 (-0,44%)",1231800,13.9,0,0.0,0,0.0,11.3,11.4,11.25
NAF,06/10/2026,48.0,48.0,"+0,03 (+0,06%)",353600,16.94,0,0.0,0,0.0,47.9,48.0,47.8
NAF,05/10/2026,48.0,48.0,"+0,03 (+0,06%)",306500,14.69,0,0.0,0,0.0,48.0,48.0,47.85
NAF,02/10/2026,48.0,48.0,"+0,05 (+0,10%)",319400,15.29,0,0.0,0,0.0,47.95,48.0,47.85
NAF,01/10/2026,47.95,47.95,"-0,02 (-0,04%)",228500,10.94,0,0.0,0,0.0,48.0,48.0,47.85
NAF,30/09/2026,48.0,48.0,"+0,03 (+0,06%)",240800,11.54,0,0.0,0,0.0,47.95,48.1,47.8
NAF,29/09/2026,48.0,48.0,"+0,03 (+0,06%)",250900,12.02,0,0.0,0,0.0,48.0,48.05,47.85
NAF,28/09/2026,48.0,48.0,"+0,03 (+0,06%)",276400,13.23,0,0.0,0,0.0,47.95,48.05,47.8
NAF,25/09/2026,48.0,48.0,"+0,05 (+0,10%)",247800,11.88,0,0.0,0,0.0,47.95,48.05,47.85
NAF,24/09/2026,47.95,47.95,"-0,02 (-0,04%)",331000,15.85,0,0.0,0,0.0,47.95,48.05,47.85
NAF,23/09/2026,48.0,48.0,"+0,03 (+0,06%)",221200,10.59,0,0.0,0,0.0,47.95,48.05,47.85
NAF,22/09/2026,48.0,48.0,"+0,05 (+0,10%)",209600,10.04,0,0.0,0,0.0,47.95,48.05,47.85
NAF,21/09/2026,47.95,47.95,"-0,02 (-0,04%)",221600,10.6,0,0.0,0,0.0,47.95,48.05,47.7
NAF,18/09/2026,48.0,48.0,"+0,03 (+0,06%)",233000,11.16,0,0.0,0,0.0,47.95,48.05,47.85
NAF,17/09/2026,48.0,48.0,"+0,03 (+0,06%)",235900,11.29,0,0.0,0,0.0,47.95,48.05,47.75
NAF,16/09/2026,48.0,48.0,"+0,03 (+0,06%)",464100,22.22,0,0.0,0,0.0,48.0,48.05,47.8
NAF,15/09/2026,48.0,48.0,"+0,03 (+0,06%)",342700,16.4,0,0.0,0,0.0,48.0,48.05,47.8
NAF,14/09/2026,48.0,48.0,"+0,03 (+0,06%)",208400,9.98,0,0.0,0,0.0,48.0,48.05,47.75
NAF,11/09/2026,48.0,48.0,"+0,03 (+0,06%)",249200,11.94,300000,14.46,300000,14.46,48.0,48.2,47.8
NAF,10/09/2026,48.0,48.0,"-0,27 (-0,56%)",389300,18.68,0,0.0,0,0.0,48.3,48.3,47.85
NAF,09/09/2026,48.3,48.3,"-0,08 (-0,17%)",347100,16.73,0,0.0,0,0.0,48.3,48.5,47.9
NAV,06/10/2026,13.8,13.8,"0 (0,00%)",0,0.0,0,0.0,0,0.0,13.8,13.8,13.8
NAV,05/10/2026,13.8,13.8,"0 (0,00%)",0,0.0,0,0.0,0,0.0,13.8,13.8,13.8
NAV,02/10/2026,13.8,13.8,"0 (0,00%)",500,0.01,0,0.0,0,0.0,13.8,13.8,13.8
NAV,01/10/2026,13.8,13.8,"+0,80 (+6,15%)",100,0.0,0,0.0,0,0.0,13.8,13.8,13.8
NAV,30/09/2026,13.0,13.0,"0 (0,00%)",0,0.0,0,0.0,0,0.0,13.0,13.0,13.0
NAV,29/09/2026,13.0,13.0,"-0,95 (-6,81%)",4000,0.05,0,0.0,0,0.0,13.9,13.9,13.0
NAV,28/09/2026,13.95,13.95,"-1,00 (-6,69%)",2400,0.03,0,0.0,0,0.0,14.0,14.0,13.95
NAV,25/09/2026,14.95,14.95,"+0,45 (+3,10%)",100,0.0,0,0.0,0,0.0,14.95,14.95,14.95
NAV,24/09/2026,14.5,14.5,"+0,50 (+3,57%)",5000,0.07,0,0.0,0,0.0,14.5,14.5,14.5
NAV,23/09/2026,14.0,14.0,"+0,60 (+4,48%)",200,0.0,0,0.0,0,0.0,14.0,14.0,14.0
NAV,22/09/2026,13.4,13.4,"+0,05 (+0,37%)",200,0.0,0,0.0,0,0.0,13.4,13.4,13.4
NAV,21/09/2026,13.35,13.35,"-0,65 (-4,64%)",100,0.0,0,0.0,0,0.0,13.35,13.35,13.35
NAV,18/09/2026,14.0,14.0,"0 (0,00%)",0,0.0,0,0.0,0,0.0,14.0,14.0,14.0
NAV,17/09/2026,14.0,14.0,"-0,75 (-5,08%)",800,0.01,0,0.0,0,0.0,15.75,15.75,13.85
NAV,16/09/2026,14.75,14.75,"+0,95 (+6,88%)",4300,0.06,0,0.0,0,0.0,14.6,14.75,14.6
NAV,15/09/2026,13.8,13.8,"0 (0,00%)",0,0.0,0,0.0,0,0.0,13.8,13.8,13.8
NAV,14/09/2026,13.8,13.8,"0 (0,00%)",0,0.0,0,0.0,0,0.0,13.8,13.8,13.8
NAV,11/09/2026,13.8,13.8,"0 (0,00%)",600,0.01,0,0.0,0,0.0,13.8,13.8,13.8
NAV,10/09/2026,13.8,13.8,"0 (0,00%)",0,0.0,0,0.0,0,0.0,13.8,13.8,13.8
NAV,09/09/2026,13.8,13.8,"0 (0,00%)",0,0.0,0,0.0,0,0.0,13.8,13.8,13.8
NBB,06/10/2026,17.4,17.4,"+0,20 (+1,16%)",16900,0.29,0,0.0,0,0.0,17.0,17.45,16.95
NBB,05/10/2026,17.2,17.2,"+0,20 (+1,18%)",11900,0.2,0,0.0,0,0.0,17.1,17.25,17.1
NBB,02/10/2026,17.0,17.0,"-0,20 (-1,16%)",5400,0.09,0,0.0,0,0.0,17.2,17.25,17.0
NBB,01/10/2026,17.2,17.2,"-0,60 (-3,37%)",44500,0.77,84600,1.6,84600,1.6,17.4,17.55,17.2
NBB,30/09/2026,17.8,17.8,"+0,40 (+2,30%)",72500,1.27,0,0.0,0,0.0,17.0,17.8,17.0
NBB,29/09/2026,17.4,17.4,"+0,20 (+1,16%)",57600,0.99,0,0.0,0,0.0,16.9,17.4,16.9
NBB,28/09/2026,17.2,17.2,"-0,05 (-0,29%)",37600,0.65,0,0.0,0,0.0,17.0,17.2,16.85
NBB,25/09/2026,17.25,17.25,"0 (0,00%)",1200,0.02,0,0.0,0,0.0,17.0,17.25,17.0
NBB,24/09/2026,17.25,17.25,"-0,10 (-0,58%)",15400,0.27,0,0.0,0,0.0,17.15,17.25,17.15
NBB,23/09/2026,17.35,17.35,"0 (0,00%)",11500,0.2,137000,2.53,137000,2.53,17.35,17.35,17.35
NBB,22/09/2026,17.35,17.35,"+0,05 (+0,29%)",24400,0.42,0,0.0,0,0.0,17.05,17.4,17.05
NBB,21/09/2026,17.3,17.3,"+0,20 (+1,17%)",38400,0.66,0,0.0,0,0.0,17.1,17.3,16.9
NBB,18/09/2026,17.1,17.1,"0 (0,00%)",18000,0.31,0,0.0,0,0.0,17.05,17.1,16.9
NBB,17/09/2026,17.1,17.1,"+0,05 (+0,29%)",13400,0.23,0,0.0,0,0.0,17.0,17.1,17.0
NBB,16/09/2026,17.05,17.05,"-0,05 (-0,29%)",20000,0.34,70000,1.27,70000,1.27,17.05,17.1,16.8
NBB,15/09/2026,17.1,17.1,"+0,20 (+1,18%)",65800,1.12,0,0.0,0,0.0,16.65,17.1,16.65
NBB,14/09/2026,16.9,16.9,"+0,35 (+2,11%)",27000,0.45,0,0.0,0,0.0,16.5,16.9,16.4
NBB,11/09/2026,16.55,16.55,"-0,55 (-3,22%)",40600,0.68,0,0.0,0,0.0,16.8,17.1,16.55
NBB,10/09/2026,17.1,17.1,"+0,05 (+0,29%)",33000,0.56,543200,9.27,543200,9.27,16.9,17.1,16.6
NBB,09/09/2026,17.05,17.05,"+0,05 (+0,29%)",11500,0.2,0,0.0,0,0.0,17.0,17.1,16.9
NCT,06/10/2026,83.4,83.4,"+0,30 (+0,36%)",3900,0.32,0,0.0,0,0.0,83.6,83.7,83.1
NCT,05/10/2026,83.1,83.1,"-0,40 (-0,48%)",13900,1.16,0,0.0,0,0.0,83.5,83.6,83.0
NCT,02/10/2026,83.5,83.5,"+0,10 (+0,12%)",5500,0.46,0,0.0,0,0.0,83.4,84.0,83.4
NCT,01/10/2026,83.4,83.4,"+0,30 (+0,36%)",6900,0.58,0,0.0,0,0.0,83.1,83.6,83.1
NCT,30/09/2026,83.1,83.1,"0 (0,00%)",9500,0.79,0,0.0,0,0.0,83.0,83.1,83.0
NCT,29/09/2026,83.1,83.1,"-0,10 (-0,12%)",11100,0.92,0,0.0,0,0.0,83.0,83.2,83.0
NCT,28/09/2026,83.2,83.2,"-0,40 (-0,48%)",14700,1.22,0,0.0,0,0.0,83.5,83.6,83.1
NCT,25/09/2026,83.6,83.6,"-0,20 (-0,24%)",6200,0.52,0,0.0,0,0.0,83.8,83.8,83.4
NCT,24/09/2026,83.8,83.8,"-0,10 (-0,12%)",10300,0.86,0,0.0,0,0.0,84.0,84.1,83.6
NCT,23/09/2026,83.9,83.9,"-0,10 (-0,12%)",6100,0.51,0,0.0,0,0.0,84.0,84.0,83.9
NCT,22/09/2026,84.0,84.0,"-0,20 (-0,24%)",16400,1.38,0,0.0,0,0.0,83.8,84.2,83.8
NCT,21/09/2026,84.2,84.2,"-0,20 (-0,24%)",5500,0.46,0,0.0,0,0.0,84.4,84.4,84.0
NCT,18/09/2026,84.4,84.4,"+0,40 (+0,48%)",6900,0.58,0,0.0,0,0.0,84.0,84.4,83.9
NCT,17/09/2026,84.0,84.0,"0 (0,00%)",9500,0.8,0,0.0,0,0.0,84.0,84.0,83.9
NCT,16/09/2026,84.0,84.0,"-0,10 (-0,12%)",4000,0.34,0,0.0,0,0.0,84.1,84.3,84.0
NCT,15/09/2026,84.1,84.1,"0 (0,00%)",5500,0.46,0,0.0,0,0.0,83.8,84.2,83.8
NCT,14/09/2026,84.1,84.1,"+0,10 (+0,12%)",5900,0.5,0,0.0,0,0.0,84.1,84.3,83.7
NCT,11/09/2026,84.0,84.0,"-1,50 (-1,75%)",9500,0.8,0,0.0,0,0.0,85.5,85.5,84.0
NCT,10/09/2026,85.5,85.5,"0 (0,00%)",6900,0.59,0,0.0,0,0.0,85.9,85.9,85.5
NCT,09/09/2026,85.5,85.5,"0 (0,00%)",22800,1.95,0,0.0,0,0.0,85.2,86.3,85.2
NHA,06/10/2026,8.0,8.0,"+0,22 (+2,83%)",219400,1.69,0,0.0,0,0.0,7.78,8.0,7.48
NHA,05/10/2026,7.78,7.78,"+0,13 (+1,70%)",293700,2.34,0,0.0,0,0.0,7.79,8.16,7.68
NHA,02/10/2026,7.65,7.65,"+0,36 (+4,94%)",378500,2.9,0,0.0,0,0.0,7.65,7.8,7.47
NHA,01/10/2026,7.29,7.29,"+0,47 (+6,89%)",659500,4.75,0,0.0,0,0.0,6.88,7.29,6.88
NHA,30/09/2026,6.82,6.82,"+0,13 (+1,94%)",85600,0.58,0,0.0,0,0.0,6.63,6.88,6.63
NHA,29/09/2026,6.69,6.69,"-0,11 (-1,62%)",93400,0.63,0,0.0,0,0.0,6.8,6.89,6.65
NHA,28/09/2026,6.8,6.8,"-0,34 (-4,76%)",100900,0.69,0,0.0,0,0.0,7.14,7.14,6.8
NHA,25/09/2026,7.14,7.14,"+0,14 (+2,00%)",23300,0.16,0,0.0,0,0.0,7.0,7.17,6.96
NHA,24/09/2026,7.0,7.0,"-0,20 (-2,78%)",80900,0.57,393333,2.64,393333,2.64,7.02,7.2,6.95
NHA,23/09/2026,7.2,7.2,"-0,13 (-1,77%)",45900,0.33,0,0.0,0,0.0,7.35,7.37,7.12
NHA,22/09/2026,7.33,7.33,"+0,11 (+1,52%)",65700,0.49,0,0.0,0,0.0,7.44,7.44,7.33
NHA,21/09/2026,7.22,7.22,"+0,14 (+1,98%)",112000,0.82,0,0.0,0,0.0,7.08,7.48,7.08
NHA,18/09/2026,7.08,7.08,"+0,14 (+2,02%)",70400,0.5,0,0.0,0,0.0,7.05,7.28,7.05
NHA,17/09/2026,6.94,6.94,"+0,24 (+3,58%)",104200,0.72,0,0.0,0,0.0,6.7,6.96,6.7
NHA,16/09/2026,6.7,6.7,"+0,15 (+2,29%)",71200,0.48,0,0.0,0,0.0,6.65,6.9,6.64
NHA,15/09/2026,6.55,6.55,"-0,43 (-6,16%)",146800,0.99,0,0.0,0,0.0,7.0,7.03,6.5
NHA,14/09/2026,6.98,6.98,"-0,23 (-3,19%)",141000,0.98,0,0.0,0,0.0,7.29,7.29,6.71
NHA,11/09/2026,7.21,7.21,"-0,35 (-4,63%)",106600,0.79,0,0.0,0,0.0,7.56,7.58,7.21
NHA,10/09/2026,7.56,7.56,"-0,09 (-1,18%)",44100,0.34,0,0.0,0,0.0,7.65,7.66,7.55
NHA,09/09/2026,7.65,7.65,"-0,07 (-0,91%)",103400,0.79,0,0.0,0,0.0,7.74,7.76,7.2
NHH,06/10/2026,9.64,9.64,"0 (0,00%)",11300,0.11,0,0.0,0,0.0,9.52,9.64,9.46
NHH,05/10/2026,9.66,9.66,"+0,08 (+0,84%)",19300,0.18,0,0.0,0,0.0,9.72,9.72,9.5
NHH,02/10/2026,9.58,9.58,"-0,19 (-1,94%)",5000,0.05,0,0.0,0,0.0,9.56,9.78,9.56
NHH,01/10/2026,9.77,9.77,"-0,01 (-0,10%)",8200,0.08,0,0.0,0,0.0,9.54,9.77,9.52
NHH,30/09/2026,9.79,9.79,"+0,11 (+1,14%)",10200,0.1,0,0.0,0,0.0,9.69,10.0,9.53
NHH,29/09/2026,9.69,9.69,"+0,19 (+2,00%)",23700,0.23,0,0.0,0,0.0,9.47,9.69,9.47
NHH,28/09/2026,9.51,9.51,"-0,36 (-3,65%)",35600,0.34,0,0.0,0,0.0,9.8,9.8,9.45
NHH,25/09/2026,9.87,9.87,"+0,04 (+0,41%)",28200,0.28,0,0.0,0,0.0,9.98,9.98,9.78
NHH,24/09/2026,9.84,9.84,"-0,21 (-2,09%)",24000,0.24,0,0.0,0,0.0,9.9,10.1,9.81
NHH,23/09/2026,10.05,10.05,"-0,14 (-1,37%)",49700,0.5,0,0.0,0,0.0,10.4,10.4,9.91
NHH,22/09/2026,10.2,10.2,"-0,14 (-1,35%)",53800,0.55,0,0.0,0,0.0,10.1,10.55,10.05
NHH,21/09/2026,10.35,10.35,"+0,67 (+6,92%)",296100,3.02,0,0.0,0,0.0,9.9,10.35,9.8
NHH,18/09/2026,9.68,9.68,"+0,05 (+0,52%)",18000,0.17,0,0.0,0,0.0,9.8,9.8,9.68
NHH,17/09/2026,9.63,9.63,"-0,09 (-0,93%)",10300,0.1,0,0.0,0,0.0,9.73,9.8,9.63
NHH,16/09/2026,9.73,9.73,"-0,14 (-1,42%)",11600,0.11,0,0.0,0,0.0,9.94,9.94,9.73
NHH,15/09/2026,9.88,9.88,"+0,06 (+0,61%)",39200,0.39,0,0.0,0,0.0,9.99,9.99,9.75
NHH,14/09/2026,9.82,9.82,"+0,09 (+0,92%)",32100,0.32,0,0.0,0,0.0,9.78,9.9,9.78
NHH,11/09/2026,9.75,9.75,"-0,04 (-0,41%)",7100,0.07,0,0.0,0,0.0,9.8,9.8,9.7
NHH,10/09/2026,9.8,9.8,"+0,07 (+0,72%)",8700,0.08,0,0.0,0,0.0,9.8,9.85,9.66
NHH,09/09/2026,9.75,9.75,"+0,06 (+0,62%)",30500,0.3,0,0.0,0,0.0,9.6,9.8,9.6
NHT,06/10/2026,11.0,11.0,"+0,42 (+3,97%)",700,0.01,0,0.0,0,0.0,10.1,11.0,10.1
NHT,05/10/2026,10.6,10.6,"-0,30 (-2,75%)",100,0.0,0,0.0,0,0.0,10.6,10.6,10.6
NHT,02/10/2026,10.9,10.9,"-0,40 (-3,54%)",7600,0.08,0,0.0,0,0.0,11.3,11.3,10.9
NHT,01/10/2026,11.3,11.3,"-0,40 (-3,42%)",900,0.01,0,0.0,0,0.0,11.7,11.7,11.3
NHT,30/09/2026,11.7,11.7,"+0,10 (+0,86%)",2900,0.03,0,0.0,0,0.0,11.6,11.7,11.6
NHT,29/09/2026,11.6,11.6,"0 (0,00%)",0,0.0,0,0.0,0,0.0,11.6,11.6,11.6
NHT,28/09/2026,11.6,11.6,"+0,40 (+3,57%)",100,0.0,0,0.0,0,0.0,11.6,11.6,11.6
NHT,25/09/2026,11.2,11.2,"0 (0,00%)",400,0.0,0,0.0,0,0.0,11.2,11.2,11.2
NHT,24/09/2026,11.2,11.2,"0 (0,00%)",0,0.0,0,0.0,0,0.0,11.2,11.2,11.2
NHT,23/09/2026,11.2,11.2,"-0,30 (-2,61%)",2400,0.03,0,0.0,0,0.0,11.2,11.2,11.2
NHT,22/09/2026,11.5,11.5,"0 (0,00%)",300,0.0,0,0.0,0,0.0,11.5,11.5,11.5
NHT,21/09/2026,11.5,11.5,"+0,20 (+1,77%)",1800,0.02,0,0.0,0,0.0,11.5,11.5,11.5
NHT,18/09/2026,11.3,11.3,"+0,05 (+0,44%)",1100,0.01,0,0.0,0,0.0,11.2,11.3,11.2
NHT,17/09/2026,11.25,11.25,"+0,05 (+0,45%)",100,0.0,0,0.0,0,0.0,11.25,11.25,11.25
NHT,16/09/2026,11.2,11.2,"-0,10 (-0,88%)",300,0.0,0,0.0,0,0.0,11.2,11.2,11.2
NHT,15/09/2026,11.3,11.3,"+0,05 (+0,44%)",1600,0.02,0,0.0,0,0.0,11.25,11.3,11.25
NHT,14/09/2026,11.25,11.25,"+0,05 (+0,45%)",900,0.01,0,0.0,0,0.0,11.2,11.25,11.2
NHT,11/09/2026,11.2,11.2,"+0,10 (+0,90%)",2600,0.03,0,0.0,0,0.0,11.15,11.3,11.15
NHT,10/09/2026,11.1,11.1,"-0,25 (-2,20%)",1600,0.02,0,0.0,0,0.0,11.6,11.6,11.0
NHT,09/09/2026,11.35,11.35,"+0,05 (+0,44%)",2300,0.03,0,0.0,0,0.0,11.3,11.35,11.3
NKG,06/10/2026,9.43,9.43,"-0,07 (-0,74%)",1042400,9.77,0,0.0,0,0.0,9.52,9.55,9.13
NKG,05/10/2026,9.52,9.52,"+0,32 (+3,48%)",2531800,24.25,0,0.0,0,0.0,9.21,9.8,9.21
NKG,02/10/2026,9.2,9.2,"-0,25 (-2,65%)",1814600,16.86,0,0.0,0,0.0,9.45,9.48,9.12
NKG,01/10/2026,9.45,9.45,"-0,04 (-0,42%)",2038200,19.33,0,0.0,0,0.0,9.49,9.54,9.43
NKG,30/09/2026,9.49,9.49,"0 (0,00%)",1211700,11.52,0,0.0,0,0.0,9.5,9.59,9.46
NKG,29/09/2026,9.5,9.5,"+0,05 (+0,53%)",1500800,14.23,0,0.0,0,0.0,9.3,9.56,9.3
NKG,28/09/2026,9.46,9.46,"-0,23 (-2,37%)",1804300,17.14,0,0.0,0,0.0,9.7,9.7,9.43
NKG,25/09/2026,9.7,9.7,"+0,01 (+0,10%)",1099000,10.66,0,0.0,0,0.0,9.63,9.74,9.63
NKG,24/09/2026,9.7,9.7,"-0,21 (-2,12%)",1995000,19.53,0,0.0,0,0.0,9.92,9.92,9.7
NKG,23/09/2026,9.91,9.91,"0 (0,00%)",1314400,13.04,0,0.0,0,0.0,9.95,9.97,9.9
NKG,22/09/2026,9.91,9.91,"-0,06 (-0,60%)",1414900,14.08,0,0.0,0,0.0,9.9,10.05,9.9
NKG,21/09/2026,9.98,9.98,"+0,11 (+1,11%)",1270200,12.68,0,0.0,0,0.0,9.99,10.1,9.9
NKG,18/09/2026,9.89,9.89,"-0,11 (-1,10%)",2189100,21.86,0,0.0,0,0.0,10.1,10.15,9.89
NKG,17/09/2026,10.0,10.0,"+0,03 (+0,30%)",1479100,14.91,0,0.0,0,0.0,9.96,10.25,9.96
NKG,16/09/2026,9.98,9.98,"-0,12 (-1,19%)",1466100,14.65,0,0.0,0,0.0,9.92,10.2,9.92
NKG,15/09/2026,10.1,10.1,"0 (0,00%)",2210900,22.36,0,0.0,0,0.0,10.0,10.3,10.0
NKG,14/09/2026,10.1,10.1,"-0,10 (-0,98%)",2279800,22.95,0,0.0,0,0.0,10.2,10.3,9.98
NKG,11/09/2026,10.2,10.2,"-0,43 (-4,05%)",2538200,26.23,0,0.0,0,0.0,10.55,10.6,10.1
NKG,10/09/2026,10.65,10.65,"-0,10 (-0,93%)",673400,7.17,0,0.0,0,0.0,10.7,10.7,10.6
NKG,09/09/2026,10.75,10.75,"0 (0,00%)",1178100,12.63,0,0.0,0,0.0,10.7,10.8,10.6
NLG,06/10/2026,21.45,21.45,"-0,25 (-1,15%)",2347700,50.8,420000,8.48,420000,8.48,21.5,22.1,21.4
NLG,05/10/2026,21.7,21.7,"-0,20 (-0,91%)",1580400,34.48,0,0.0,0,0.0,21.95,22.05,21.6
NLG,02/10/2026,21.9,21.9,"+0,05 (+0,23%)",2197400,48.03,27300,0.64,27300,0.64,21.9,22.0,21.75
NLG,01/10/2026,21.85,21.85,"+0,10 (+0,46%)",2687800,58.34,5800000,125.57,5800000,125.57,21.4,21.85,21.3
NLG,30/09/2026,21.75,21.75,"+0,10 (+0,46%)",1509300,32.8,2462240,53.31,2462240,53.31,21.8,21.95,21.5
NLG,29/09/2026,21.65,21.65,"0 (0,00%)",1785700,38.69,0,0.0,0,0.0,21.7,22.05,21.35
NLG,28/09/2026,21.65,21.65,"-0,80 (-3,56%)",2265200,49.21,0,0.0,0,0.0,22.45,22.45,21.35
NLG,25/09/2026,22.45,22.45,"-0,35 (-1,54%)",1371800,30.99,69300,1.68,69300,1.68,22.8,23.05,22.4
NLG,24/09/2026,22.8,22.8,"-0,40 (-1,72%)",1511900,34.77,35000,0.86,35000,0.86,23.15,23.35,22.8
NLG,23/09/2026,23.2,23.2,"-0,60 (-2,52%)",1855100,43.53,69300,1.68,69300,1.68,23.8,23.9,23.2
NLG,22/09/2026,23.8,23.8,"-0,30 (-1,24%)",857400,20.5,0,0.0,0,0.0,23.8,24.15,23.8
NLG,21/09/2026,24.1,24.1,"0 (0,00%)",925900,22.42,69300,1.68,69300,1.68,24.2,24.5,24.0
NLG,18/09/2026,24.1,24.1,"+0,35 (+1,47%)",978300,23.62,0,0.0,0,0.0,23.95,24.3,23.95
NLG,17/09/2026,23.75,23.75,"+0,05 (+0,21%)",1491700,35.72,2100000,49.77,2100000,49.77,23.5,24.25,23.5
NLG,16/09/2026,23.7,23.7,"-0,15 (-0,63%)",807600,19.15,20000,0.48,20000,0.48,23.85,24.0,23.5
NLG,15/09/2026,23.85,23.85,"+0,10 (+0,42%)",1384800,32.99,0,0.0,0,0.0,23.7,24.1,23.7
NLG,14/09/2026,23.75,23.75,"-0,95 (-3,85%)",2910900,70.09,20000,0.49,20000,0.49,24.2,24.5,23.75
NLG,11/09/2026,24.7,24.7,"-0,10 (-0,40%)",3623400,88.91,1500000,37.2,1500000,37.2,24.6,24.9,24.0
NLG,10/09/2026,24.8,24.8,"-0,45 (-1,78%)",1145200,28.48,20000,0.49,20000,0.49,24.85,25.25,24.75
NLG,09/09/2026,25.25,25.25,"+0,25 (+1,00%)",1582300,39.87,100000,2.6,100000,2.6,25.2,25.45,24.8
NNC,06/10/2026,38.5,38.5,"-0,15 (-0,39%)",12400,0.47,0,0.0,0,0.0,38.0,38.5,37.8
NNC,05/10/2026,38.65,38.65,"0 (0,00%)",53200,2.03,0,0.0,0,0.0,37.5,38.65,37.5
NNC,02/10/2026,38.65,38.65,"-0,15 (-0,39%)",20100,0.77,0,0.0,0,0.0,38.6,38.7,38.05
NNC,01/10/2026,38.8,38.8,"0 (0,00%)",23900,0.92,0,0.0,0,0.0,38.8,38.85,38.15
NNC,30/09/2026,38.8,38.8,"+0,95 (+2,51%)",25700,0.97,0,0.0,0,0.0,37.7,39.0,37.5
NNC,29/09/2026,37.85,37.85,"-0,05 (-0,13%)",20800,0.78,0,0.0,0,0.0,37.7,37.9,37.3
NNC,28/09/2026,37.9,37.9,"0 (0,00%)",9300,0.35,0,0.0,0,0.0,37.8,37.9,37.4
NNC,25/09/2026,37.9,37.9,"0 (0,00%)",13000,0.49,0,0.0,0,0.0,37.85,37.9,37.45
NNC,24/09/2026,37.9,37.9,"0 (0,00%)",5600,0.21,0,0.0,0,0.0,37.75,37.9,37.75
NNC,23/09/2026,37.9,37.9,"0 (0,00%)",13200,0.5,0,0.0,0,0.0,37.8,37.9,37.45
NNC,22/09/2026,37.9,37.9,"+0,10 (+0,26%)",31100,1.17,0,0.0,0,0.0,37.5,37.9,37.4
NNC,21/09/2026,37.8,37.8,"+0,30 (+0,80%)",13300,0.5,0,0.0,0,0.0,37.75,37.85,37.3
NNC,18/09/2026,37.5,37.5,"-0,25 (-0,66%)",12300,0.46,0,0.0,0,0.0,37.55,37.85,37.45
NNC,17/09/2026,37.75,37.75,"+0,05 (+0,13%)",31900,1.2,0,0.0,0,0.0,37.95,38.0,37.35
NNC,16/09/2026,37.7,37.7,"-0,05 (-0,13%)",19200,0.72,0,0.0,0,0.0,37.7,37.75,37.3
NNC,15/09/2026,37.75,37.75,"+0,80 (+2,17%)",54600,2.01,0,0.0,0,0.0,36.0,37.8,36.0
NNC,14/09/2026,36.95,36.95,"-1,25 (-3,27%)",46800,1.74,0,0.0,0,0.0,37.5,37.85,36.9
NNC,11/09/2026,38.2,38.2,"-1,50 (-3,78%)",49600,1.91,0,0.0,0,0.0,39.65,39.65,38.0
NNC,10/09/2026,39.7,39.7,"-0,70 (-1,73%)",41900,1.67,0,0.0,0,0.0,40.0,40.25,39.65
NNC,09/09/2026,40.4,40.4,"-0,25 (-0,62%)",36300,1.46,0,0.0,0,0.0,40.3,40.5,39.9
NO1,06/10/2026,3.56,3.56,"-0,06 (-1,66%)",14600,0.05,0,0.0,0,0.0,3.62,3.62,3.55
NO1,05/10/2026,3.62,3.62,"-0,02 (-0,55%)",27500,0.1,0,0.0,0,0.0,3.56,3.64,3.56
NO1,02/10/2026,3.64,3.64,"0 (0,00%)",7100,0.03,0,0.0,0,0.0,3.61,3.65,3.52
NO1,01/10/2026,3.64,3.64,"-0,09 (-2,41%)",5900,0.02,0,0.0,0,0.0,3.66,3.66,3.49
NO1,30/09/2026,3.73,3.73,"-0,02 (-0,53%)",8000,0.03,0,0.0,0,0.0,3.5,3.85,3.5
NO1,29/09/2026,3.75,3.75,"-0,15 (-3,85%)",4800,0.02,0,0.0,0,0.0,3.78,3.88,3.69
NO1,28/09/2026,3.9,3.9,"-0,01 (-0,26%)",5100,0.02,0,0.0,0,0.0,3.9,3.9,3.68
NO1,25/09/2026,3.91,3.91,"+0,12 (+3,17%)",700,0.0,0,0.0,0,0.0,3.61,3.91,3.61
NO1,24/09/2026,3.79,3.79,"-0,21 (-5,25%)",3900,0.01,0,0.0,0,0.0,3.79,3.99,3.76
NO1,23/09/2026,4.0,4.0,"0 (0,00%)",7400,0.03,0,0.0,0,0.0,4.0,4.0,3.99
NO1,22/09/2026,4.0,4.0,"0 (0,00%)",1100,0.0,0,0.0,0,0.0,4.0,4.0,3.91
NO1,21/09/2026,4.0,4.0,"0 (0,00%)",2400,0.01,0,0.0,0,0.0,4.0,4.04,4.0
NO1,18/09/2026,4.0,4.0,"0 (0,00%)",200,0.0,0,0.0,0,0.0,4.1,4.1,4.0
NO1,17/09/2026,4.0,4.0,"+0,01 (+0,25%)",700,0.0,0,0.0,0,0.0,4.0,4.0,4.0
NO1,16/09/2026,3.99,3.99,"+0,01 (+0,25%)",1500,0.01,0,0.0,0,0.0,4.01,4.01,3.72
NO1,15/09/2026,3.98,3.98,"-0,02 (-0,50%)",3000,0.01,0,0.0,0,0.0,3.9,3.99,3.89
NO1,14/09/2026,4.0,4.0,"-0,03 (-0,74%)",29900,0.12,0,0.0,0,0.0,4.02,4.02,3.91
NO1,11/09/2026,4.03,4.03,"-0,09 (-2,18%)",16500,0.07,0,0.0,0,0.0,4.12,4.12,4.03
NO1,10/09/2026,4.12,4.12,"+0,01 (+0,24%)",12400,0.05,0,0.0,0,0.0,4.11,4.25,4.1
NO1,09/09/2026,4.11,4.11,"-0,29 (-6,59%)",147100,0.61,0,0.0,0,0.0,4.31,4.31,4.1
NSC,06/10/2026,60.0,60.0,"-1,80 (-2,91%)",3100,0.19,0,0.0,0,0.0,61.6,61.6,60.0
NSC,05/10/2026,61.8,61.8,"-1,50 (-2,37%)",1500,0.09,0,0.0,0,0.0,59.6,61.8,59.6
NSC,02/10/2026,63.3,63.3,"+2,20 (+3,60%)",100,0.01,0,0.0,0,0.0,63.3,63.3,63.3
NSC,01/10/2026,61.1,61.1,"0 (0,00%)",0,0.0,0,0.0,0,0.0,61.1,61.1,61.1
NSC,30/09/2026,61.1,61.1,"-0,90 (-1,45%)",1100,0.07,0,0.0,0,0.0,65.0,65.0,61.1
NSC,29/09/2026,62.0,62.0,"-2,50 (-3,88%)",8100,0.5,0,0.0,0,0.0,60.3,62.0,60.3
NSC,28/09/2026,64.5,64.5,"+1,50 (+2,38%)",100,0.01,0,0.0,0,0.0,64.5,64.5,64.5
NSC,25/09/2026,63.0,63.0,"0 (0,00%)",900,0.06,0,0.0,0,0.0,63.0,63.0,62.9
NSC,24/09/2026,63.0,63.0,"-2,50 (-3,82%)",300,0.02,0,0.0,0,0.0,62.5,63.0,62.5
NSC,23/09/2026,65.5,65.5,"0 (0,00%)",0,0.0,0,0.0,0,0.0,65.5,65.5,65.5
NSC,22/09/2026,65.5,65.5,"+2,00 (+3,15%)",200,0.01,0,0.0,0,0.0,65.4,65.5,65.4
NSC,21/09/2026,63.5,63.5,"0 (0,00%)",0,0.0,0,0.0,0,0.0,63.5,63.5,63.5
NSC,18/09/2026,63.5,63.5,"-1,00 (-1,55%)",1400,0.09,0,0.0,0,0.0,63.6,64.0,63.5
NSC,17/09/2026,64.5,64.5,"0 (0,00%)",100,0.01,0,0.0,0,0.0,64.5,64.5,64.5
NSC,16/09/2026,64.5,64.5,"0 (0,00%)",600,0.04,0,0.0,0,0.0,64.1,64.5,64.1
NSC,15/09/2026,64.5,64.5,"0 (0,00%)",0,0.0,0,0.0,0,0.0,64.5,64.5,64.5
NSC,14/09/2026,64.5,64.5,"0 (0,00%)",0,0.0,0,0.0,0,0.0,64.5,64.5,64.5
NSC,11/09/2026,64.5,64.5,"-0,50 (-0,77%)",500,0.03,0,0.0,0,0.0,64.5,64.5,64.5
NSC,10/09/2026,65.0,65.0,"-0,50 (-0,76%)",300,0.02,0,0.0,0,0.0,65.0,65.0,65.0
NSC,09/09/2026,65.5,65.5,"+0,50 (+0,77%)",1100,0.07,0,0.0,0,0.0,65.0,65.5,65.0
NT2,06/10/2026,21.9,21.9,"-0,10 (-0,45%)",829700,18.04,430000,9.46,430000,9.46,22.0,22.1,21.45
NT2,05/10/2026,22.0,22.0,"-0,30 (-1,35%)",715400,15.87,0,0.0,0,0.0,22.4,22.4,22.0
NT2,02/10/2026,22.3,22.3,"+0,35 (+1,59%)",1402500,31.18,280000,6.27,280000,6.27,21.9,22.55,21.9
NT2,01/10/2026,21.95,21.95,"-0,15 (-0,68%)",812200,17.82,0,0.0,0,0.0,22.1,22.2,21.8
NT2,30/09/2026,22.1,22.1,"+1,00 (+4,74%)",2174800,47.66,280000,6.3,280000,6.3,21.25,22.15,21.25
NT2,29/09/2026,21.1,21.1,"+0,30 (+1,44%)",355600,7.45,0,0.0,0,0.0,20.8,21.15,20.6
NT2,28/09/2026,20.8,20.8,"-0,05 (-0,24%)",288100,5.97,0,0.0,0,0.0,21.0,21.0,20.6
NT2,25/09/2026,20.85,20.85,"-0,05 (-0,24%)",158200,3.31,0,0.0,0,0.0,20.9,21.0,20.8
NT2,24/09/2026,20.9,20.9,"-0,30 (-1,42%)",584800,12.3,0,0.0,0,0.0,21.0,21.2,20.9
NT2,23/09/2026,21.2,21.2,"+0,45 (+2,17%)",787300,16.63,0,0.0,0,0.0,20.85,21.25,20.75
NT2,22/09/2026,20.75,20.75,"+0,15 (+0,73%)",215700,4.45,0,0.0,0,0.0,20.6,20.75,20.55
NT2,21/09/2026,20.6,20.6,"-0,20 (-0,96%)",279900,5.78,0,0.0,0,0.0,20.9,20.9,20.5
NT2,18/09/2026,20.8,20.8,"+0,25 (+1,22%)",517700,10.73,0,0.0,0,0.0,20.55,20.9,20.5
NT2,17/09/2026,20.55,20.55,"+0,05 (+0,24%)",203700,4.2,0,0.0,0,0.0,20.45,20.75,20.45
NT2,16/09/2026,20.5,20.5,"0 (0,00%)",180100,3.69,0,0.0,0,0.0,20.5,20.6,20.45
NT2,15/09/2026,20.5,20.5,"+0,25 (+1,23%)",428100,8.7,87500,1.65,87500,1.65,20.25,20.5,20.2
NT2,14/09/2026,20.25,20.25,"-0,25 (-1,22%)",318300,6.49,0,0.0,0,0.0,20.4,20.55,20.2
NT2,11/09/2026,20.5,20.5,"-0,30 (-1,44%)",611500,12.7,0,0.0,0,0.0,20.95,20.95,20.45
NT2,10/09/2026,20.8,20.8,"+0,15 (+0,73%)",614500,12.84,0,0.0,0,0.0,20.75,21.0,20.75
NT2,09/09/2026,20.65,20.65,"+0,20 (+0,98%)",530000,10.91,0,0.0,0,0.0,20.4,20.7,20.4
NTC,06/10/2026,132.4,132.4,"-0,80 (-0,60%)",3700,0.49,0,0.0,0,0.0,133.0,133.0,130.9
NTC,05/10/2026,133.2,133.2,"-0,20 (-0,15%)",2300,0.31,0,0.0,0,0.0,133.7,133.8,133.2
NTC,02/10/2026,133.4,133.4,"+0,10 (+0,08%)",2700,0.36,0,0.0,0,0.0,133.8,133.8,132.2
NTC,01/10/2026,133.3,133.3,"+0,30 (+0,23%)",10800,1.44,0,0.0,0,0.0,133.8,133.8,132.5
NTC,30/09/2026,133.0,133.0,"+1,70 (+1,29%)",5300,0.7,0,0.0,0,0.0,132.3,133.0,132.0
NTC,29/09/2026,131.3,131.3,"+1,00 (+0,77%)",7800,1.02,0,0.0,0,0.0,131.5,131.5,130.4
NTC,28/09/2026,130.3,130.3,"-0,10 (-0,08%)",21500,2.8,0,0.0,0,0.0,130.9,130.9,129.9
NTC,25/09/2026,130.4,130.4,"+0,60 (+0,46%)",3100,0.4,0,0.0,0,0.0,130.8,131.0,130.0
NTC,24/09/2026,129.8,129.8,"0 (0,00%)",17000,2.22,0,0.0,0,0.0,129.8,130.8,129.0
NTC,23/09/2026,129.8,129.8,"0 (0,00%)",900,0.12,0,0.0,0,0.0,129.8,130.0,129.7
NTC,22/09/2026,129.8,129.8,"+0,30 (+0,23%)",1600,0.21,0,0.0,0,0.0,129.8,129.9,129.8
NTC,21/09/2026,129.5,129.5,"+0,50 (+0,39%)",11500,1.49,0,0.0,0,0.0,129.0,129.8,129.0
NTC,18/09/2026,129.0,129.0,"0 (0,00%)",8600,1.11,0,0.0,0,0.0,129.3,129.5,128.9
NTC,17/09/2026,129.0,129.0,"0 (0,00%)",4400,0.57,0,0.0,0,0.0,129.5,129.6,129.0
NTC,16/09/2026,129.0,129.0,"-0,10 (-0,08%)",22400,2.89,0,0.0,0,0.0,130.3,130.3,129.0
NTC,15/09/2026,129.1,129.1,"-0,10 (-0,08%)",11800,1.52,0,0.0,0,0.0,129.3,129.6,129.0
NTC,14/09/2026,129.2,129.2,"+0,10 (+0,08%)",11500,1.48,0,0.0,0,0.0,129.0,129.8,128.9
NTC,11/09/2026,129.1,129.1,"-0,20 (-0,15%)",3000,0.39,0,0.0,0,0.0,130.5,130.5,129.1
NTC,10/09/2026,129.3,129.3,"+0,80 (+0,62%)",19800,2.55,0,0.0,0,0.0,128.6,129.3,128.5
NTC,09/09/2026,128.5,128.5,"+0,10 (+0,08%)",14100,1.81,0,0.0,0,0.0,128.0,128.9,128.0
NTL,06/10/2026,11.55,11.55,"+0,15 (+1,32%)",550900,6.23,0,0.0,0,0.0,11.25,11.55,11.0
NTL,05/10/2026,11.4,11.4,"0 (0,00%)",190400,2.19,0,0.0,0,0.0,11.4,11.6,11.4
NTL,02/10/2026,11.4,11.4,"0 (0,00%)",372700,4.23,0,0.0,0,0.0,11.4,11.45,11.25
NTL,01/10/2026,11.4,11.4,"0 (0,00%)",234100,2.64,0,0.0,0,0.0,11.2,11.5,11.2
NTL,30/09/2026,11.4,11.4,"+0,05 (+0,44%)",160300,1.84,0,0.0,0,0.0,11.75,11.75,11.4
NTL,29/09/2026,11.35,11.35,"-0,35 (-2,99%)",290600,3.33,0,0.0,0,0.0,11.65,11.65,11.35
NTL,28/09/2026,11.7,11.7,"-0,50 (-4,10%)",2260900,25.95,0,0.0,0,0.0,12.15,12.2,11.35
NTL,25/09/2026,12.2,12.2,"-0,05 (-0,41%)",365900,4.48,0,0.0,0,0.0,12.25,12.4,12.2
NTL,24/09/2026,12.25,12.25,"-0,20 (-1,61%)",708200,8.71,0,0.0,0,0.0,12.55,12.55,12.2
NTL,23/09/2026,12.45,12.45,"-0,35 (-2,73%)",425000,5.34,0,0.0,0,0.0,12.8,12.8,12.45
NTL,22/09/2026,12.8,12.8,"0 (0,00%)",1542300,20.03,0,0.0,0,0.0,12.95,13.15,12.75
NTL,21/09/2026,12.8,12.8,"+0,20 (+1,59%)",929200,11.84,0,0.0,0,0.0,12.55,13.0,12.55
NTL,18/09/2026,12.6,12.6,"+0,05 (+0,40%)",221600,2.79,0,0.0,0,0.0,12.8,12.8,12.5
NTL,17/09/2026,12.55,12.55,"+0,05 (+0,40%)",405400,5.09,0,0.0,0,0.0,12.45,12.85,12.25
NTL,16/09/2026,12.5,12.5,"-0,10 (-0,79%)",188900,2.36,0,0.0,0,0.0,12.6,12.65,12.4
NTL,15/09/2026,12.6,12.6,"+0,10 (+0,80%)",262400,3.29,0,0.0,0,0.0,12.7,12.8,12.4
NTL,14/09/2026,12.5,12.5,"-0,25 (-1,96%)",221400,2.8,0,0.0,0,0.0,12.55,12.95,12.4
NTL,11/09/2026,12.75,12.75,"+0,60 (+4,94%)",2674000,34.34,0,0.0,0,0.0,12.05,13.0,12.05
NTL,10/09/2026,12.15,12.15,"-0,20 (-1,62%)",254200,3.11,0,0.0,0,0.0,12.3,12.35,12.15
NTL,09/09/2026,12.35,12.35,"-0,15 (-1,20%)",220900,2.75,0,0.0,0,0.0,12.6,12.6,12.35
NVL,06/10/2026,10.4,10.4,"-0,13 (-1,23%)",28766600,295.36,10979300,111.47,10979300,111.47,10.5,10.55,10.1
NVL,05/10/2026,10.55,10.55,"+0,12 (+1,15%)",27067200,281.47,2479975,27.28,2479975,27.28,10.3,10.55,10.15
NVL,02/10/2026,10.45,10.45,"+0,06 (+0,58%)",40823300,418.64,10477500,101.45,10477500,101.45,10.4,10.5,9.91
NVL,01/10/2026,10.4,10.4,"+0,21 (+2,06%)",15659200,160.28,0,0.0,0,0.0,10.25,10.45,10.1
NVL,30/09/2026,10.2,10.2,"-0,04 (-0,39%)",97059000,962.1,0,0.0,0,0.0,9.6,10.6,9.6
NVL,29/09/2026,10.3,10.22,"-0,75 (-6,79%)",21866100,225.22,20624950,212.44,20624950,212.44,10.3,10.3,10.3
NVL,28/09/2026,11.05,10.97,"-0,80 (-6,75%)",11788400,132.39,0,0.0,0,0.0,11.7,11.8,11.05
NVL,25/09/2026,11.85,11.76,"-0,35 (-2,87%)",14512400,173.06,2089692,26.96,2089692,26.96,12.2,12.2,11.8
NVL,24/09/2026,12.2,12.11,"-0,10 (-0,81%)",15463300,186.43,11819200,141.58,11819200,141.58,12.2,12.3,11.95
NVL,23/09/2026,12.3,12.21,"-0,25 (-1,99%)",7928200,98.14,21010192,254.21,21010192,254.21,12.45,12.7,12.25
NVL,22/09/2026,12.55,12.46,"-0,10 (-0,79%)",7776500,97.33,7239700,87.13,7239700,87.13,12.75,12.75,12.4
NVL,21/09/2026,12.65,12.56,"-0,15 (-1,17%)",18367400,237.88,0,0.0,0,0.0,12.95,13.2,12.65
NVL,18/09/2026,12.8,12.71,"+0,30 (+2,40%)",29133500,370.51,1000000,12.0,1000000,12.0,12.6,12.8,12.5
NVL,17/09/2026,12.5,12.41,"+0,25 (+2,04%)",14249000,176.73,8300000,99.6,8300000,99.6,12.15,12.5,12.0
NVL,16/09/2026,12.25,12.16,"+0,25 (+2,08%)",13999200,167.92,12250000,147.0,12250000,147.0,12.0,12.25,11.7
NVL,15/09/2026,12.0,11.91,"+0,05 (+0,42%)",9343200,111.39,7765000,93.18,7765000,93.18,11.9,12.05,11.8
NVL,14/09/2026,11.95,11.86,"-0,25 (-2,05%)",22465000,267.22,2930000,34.53,2930000,34.53,12.1,12.25,11.65
NVL,11/09/2026,12.2,12.11,"-0,65 (-5,06%)",21690900,270.2,1500000,18.05,1500000,18.05,12.75,12.95,12.2
NVL,10/09/2026,12.85,12.76,"-0,15 (-1,15%)",3741600,48.26,0,0.0,0,0.0,12.9,13.0,12.85
NVL,09/09/2026,13.0,12.91,"+0,10 (+0,78%)",9517800,122.07,1300000,16.25,1300000,16.25,12.9,13.0,12.7
NVT,06/10/2026,6.75,6.75,"0 (0,00%)",0,0.0,0,0.0,0,0.0,6.75,6.75,6.75
NVT,05/10/2026,6.75,6.75,"0 (0,00%)",0,0.0,0,0.0,0,0.0,6.75,6.75,6.75
NVT,02/10/2026,6.75,6.75,"0 (0,00%)",0,0.0,0,0.0,0,0.0,6.75,6.75,6.75
NVT,01/10/2026,6.75,6.75,"0 (0,00%)",0,0.0,0,0.0,0,0.0,6.75,6.75,6.75
NVT,30/09/2026,6.75,6.75,"0 (0,00%)",0,0.0,0,0.0,0,0.0,6.75,6.75,6.75
NVT,29/09/2026,6.75,6.75,"-0,02 (-0,30%)",100,0.0,0,0.0,0,0.0,6.75,6.75,6.75
NVT,28/09/2026,6.77,6.77,"-0,23 (-3,29%)",10500,0.07,0,0.0,0,0.0,6.77,6.77,6.77
NVT,25/09/2026,7.0,7.0,"0 (0,00%)",0,0.0,0,0.0,0,0.0,7.0,7.0,7.0
NVT,24/09/2026,7.0,7.0,"-0,32 (-4,37%)",200,0.0,0,0.0,0,0.0,7.0,7.0,7.0
NVT,23/09/2026,7.32,7.32,"+0,41 (+5,93%)",800,0.01,0,0.0,0,0.0,6.91,7.32,6.45
NVT,22/09/2026,6.91,6.91,"-0,19 (-2,68%)",4200,0.03,0,0.0,0,0.0,6.91,6.92,6.91
NVT,21/09/2026,7.1,7.1,"0 (0,00%)",0,0.0,0,0.0,0,0.0,7.1,7.1,7.1
NVT,18/09/2026,7.1,7.1,"0 (0,00%)",0,0.0,0,0.0,0,0.0,7.1,7.1,7.1
NVT,17/09/2026,7.1,7.1,"0 (0,00%)",0,0.0,0,0.0,0,0.0,7.1,7.1,7.1
NVT,16/09/2026,7.1,7.1,"0 (0,00%)",900,0.01,0,0.0,0,0.0,7.1,7.1,7.1
NVT,15/09/2026,7.1,7.1,"-0,20 (-2,74%)",100,0.0,0,0.0,0,0.0,7.1,7.1,7.1
NVT,14/09/2026,7.3,7.3,"0 (0,00%)",0,0.0,0,0.0,0,0.0,7.3,7.3,7.3
NVT,11/09/2026,7.3,7.3,"-0,30 (-3,95%)",500,0.0,0,0.0,0,0.0,7.11,7.3,7.11
NVT,10/09/2026,7.6,7.6,"-0,38 (-4,76%)",100,0.0,0,0.0,0,0.0,7.6,7.6,7.6
NVT,09/09/2026,7.98,7.98,"0 (0,00%)",0,0.0,0,0.0,0,0.0,7.98,7.98,7.98
OCB,06/10/2026,9.99,9.99,"-0,01 (-0,10%)",1727600,17.23,0,0.0,0,0.0,10.0,10.05,9.92
OCB,05/10/2026,10.0,10.0,"-0,10 (-0,99%)",1465700,14.78,0,0.0,0,0.0,10.15,10.15,9.97
OCB,02/10/2026,10.1,10.1,"-0,10 (-0,98%)",862200,8.72,0,0.0,0,0.0,10.15,10.2,10.1
OCB,01/10/2026,10.2,10.2,"+0,10 (+0,99%)",989700,10.03,2341000,25.28,2341000,25.28,10.1,10.2,10.1
OCB,30/09/2026,10.1,10.1,"+0,05 (+0,50%)",394200,3.99,0,0.0,0,0.0,10.1,10.15,10.1
OCB,29/09/2026,10.05,10.05,"-0,05 (-0,50%)",1428400,14.39,0,0.0,0,0.0,10.2,10.2,9.96
OCB,28/09/2026,10.1,10.1,"-0,10 (-0,98%)",1233200,12.47,3085749,32.4,3085749,32.4,10.2,10.2,10.05
OCB,25/09/2026,10.2,10.2,"-0,09 (-0,87%)",816500,8.39,0,0.0,0,0.0,10.3,10.35,10.2
OCB,24/09/2026,10.3,10.3,"-0,13 (-1,25%)",1100200,11.32,7285749,80.14,7285749,80.14,10.4,10.45,10.2
OCB,23/09/2026,10.45,10.45,"+0,01 (+0,10%)",812200,8.49,0,0.0,0,0.0,10.45,10.5,10.4
OCB,22/09/2026,10.45,10.45,"+0,01 (+0,10%)",1607500,16.76,19571749,205.71,19571749,205.71,10.4,10.5,10.4
OCB,21/09/2026,10.45,10.45,"-0,04 (-0,38%)",1197500,12.53,4237331,47.03,4237331,47.03,10.55,10.6,10.4
OCB,18/09/2026,10.5,10.5,"+0,16 (+1,55%)",1775300,18.58,5427379,59.7,5427379,59.7,10.35,10.6,10.35
OCB,17/09/2026,10.35,10.35,"+0,06 (+0,58%)",1522800,15.8,1252209,13.77,1252209,13.77,10.3,10.45,10.3
OCB,16/09/2026,10.3,10.3,"+0,01 (+0,10%)",1265300,13.06,11225000,115.88,11225000,115.88,10.3,10.4,10.25
OCB,15/09/2026,10.3,10.3,"+0,11 (+1,08%)",913000,9.39,0,0.0,0,0.0,10.25,10.35,10.2
OCB,14/09/2026,10.2,10.2,"0 (0,00%)",1791500,18.27,6160692,64.38,6160692,64.38,10.2,10.3,10.15
OCB,11/09/2026,10.2,10.2,"0 (0,00%)",2278100,23.19,0,0.0,0,0.0,10.2,10.25,10.1
OCB,10/09/2026,10.2,10.2,"+0,05 (+0,49%)",1185300,12.08,0,0.0,0,0.0,10.1,10.25,10.1
OCB,09/09/2026,10.15,10.15,"-0,14 (-1,36%)",4596700,46.75,0,0.0,0,0.0,10.25,10.3,10.05
OGC,06/10/2026,2.05,2.05,"+0,02 (+0,99%)",311900,0.63,0,0.0,0,0.0,2.03,2.05,1.98
OGC,05/10/2026,2.03,2.03,"0 (0,00%)",253300,0.52,0,0.0,0,0.0,2.08,2.09,2.02
OGC,02/10/2026,2.03,2.03,"0 (0,00%)",233400,0.47,0,0.0,0,0.0,2.03,2.03,1.98
OGC,01/10/2026,2.03,2.03,"-0,01 (-0,49%)",95800,0.2,0,0.0,0,0.0,2.08,2.08,2.03
OGC,30/09/2026,2.04,2.04,"-0,01 (-0,49%)",93300,0.19,0,0.0,0,0.0,2.09,2.09,2.04
OGC,29/09/2026,2.05,2.05,"-0,01 (-0,49%)",135300,0.28,0,0.0,0,0.0,2.06,2.11,2.02
OGC,28/09/2026,2.06,2.06,"-0,06 (-2,83%)",108800,0.23,0,0.0,0,0.0,2.14,2.14,2.06
OGC,25/09/2026,2.12,2.12,"+0,04 (+1,92%)",223300,0.47,0,0.0,0,0.0,2.09,2.15,2.06
OGC,24/09/2026,2.08,2.08,"-0,02 (-0,95%)",80900,0.17,0,0.0,0,0.0,2.1,2.1,2.07
OGC,23/09/2026,2.1,2.1,"0 (0,00%)",146900,0.31,0,0.0,0,0.0,2.13,2.13,2.09
OGC,22/09/2026,2.1,2.1,"0 (0,00%)",143300,0.3,0,0.0,0,0.0,2.11,2.11,2.08
OGC,21/09/2026,2.1,2.1,"-0,02 (-0,94%)",231200,0.49,0,0.0,0,0.0,2.12,2.16,2.09
OGC,18/09/2026,2.12,2.12,"+0,02 (+0,95%)",115500,0.24,0,0.0,0,0.0,2.14,2.2,2.09
OGC,17/09/2026,2.1,2.1,"-0,03 (-1,41%)",93900,0.2,0,0.0,0,0.0,2.1,2.14,2.08
OGC,16/09/2026,2.13,2.13,"-0,02 (-0,93%)",96100,0.2,0,0.0,0,0.0,2.16,2.17,2.07
OGC,15/09/2026,2.15,2.15,"+0,03 (+1,42%)",145800,0.31,0,0.0,0,0.0,2.07,2.15,2.07
OGC,14/09/2026,2.12,2.12,"0 (0,00%)",111600,0.23,0,0.0,0,0.0,2.08,2.12,2.07
OGC,11/09/2026,2.12,2.12,"+0,02 (+0,95%)",110500,0.23,0,0.0,0,0.0,2.1,2.14,2.06
OGC,10/09/2026,2.1,2.1,"-0,03 (-1,41%)",208200,0.44,0,0.0,0,0.0,2.16,2.16,2.08
OGC,09/09/2026,2.13,2.13,"-0,03 (-1,39%)",233900,0.5,0,0.0,0,0.0,2.15,2.18,2.13
OPC,06/10/2026,19.95,19.95,"0 (0,00%)",2000,0.04,0,0.0,0,0.0,19.9,19.95,19.5
OPC,05/10/2026,19.95,19.95,"-0,05 (-0,25%)",3100,0.06,0,0.0,0,0.0,18.85,19.95,18.85
OPC,02/10/2026,20.0,20.0,"0 (0,00%)",1800,0.04,0,0.0,0,0.0,19.9,20.0,19.9
OPC,01/10/2026,20.0,20.0,"+0,10 (+0,50%)",16800,0.32,0,0.0,0,0.0,18.8,20.0,18.8
OPC,30/09/2026,19.9,19.9,"-0,10 (-0,50%)",700,0.01,0,0.0,0,0.0,19.9,19.9,19.9
OPC,29/09/2026,20.0,20.0,"0 (0,00%)",300,0.01,0,0.0,0,0.0,20.95,20.95,20.0
OPC,28/09/2026,20.0,20.0,"0 (0,00%)",0,0.0,0,0.0,0,0.0,20.0,20.0,20.0
OPC,25/09/2026,20.0,20.0,"0 (0,00%)",0,0.0,0,0.0,0,0.0,20.0,20.0,20.0
OPC,24/09/2026,20.0,20.0,"0 (0,00%)",12700,0.25,0,0.0,0,0.0,19.85,20.0,19.85
OPC,23/09/2026,20.0,20.0,"0 (0,00%)",6300,0.13,0,0.0,0,0.0,20.0,20.0,20.0
OPC,22/09/2026,20.0,20.0,"0 (0,00%)",600,0.01,0,0.0,0,0.0,20.0,20.0,20.0
OPC,21/09/2026,20.0,20.0,"0 (0,00%)",8500,0.17,2340000,46.8,2340000,46.8,20.0,20.0,20.0
OPC,18/09/2026,20.0,20.0,"0 (0,00%)",7400,0.15,0,0.0,0,0.0,20.0,20.0,20.0
OPC,17/09/2026,20.0,20.0,"0 (0,00%)",4300,0.09,0,0.0,0,0.0,20.0,20.0,20.0
OPC,16/09/2026,20.0,20.0,"0 (0,00%)",1300,0.03,4008400,80.17,4008400,80.17,20.1,20.1,20.0
OPC,15/09/2026,20.0,20.0,"+0,05 (+0,25%)",4300,0.09,3730000,74.6,3730000,74.6,19.95,20.0,19.95
OPC,14/09/2026,19.95,19.95,"-0,05 (-0,25%)",500,0.01,500000,10.0,500000,10.0,20.0,20.0,19.95
OPC,11/09/2026,20.0,20.0,"0 (0,00%)",0,0.0,0,0.0,0,0.0,20.0,20.0,20.0
OPC,10/09/2026,20.0,20.0,"-0,05 (-0,25%)",3000,0.06,0,0.0,0,0.0,20.0,20.0,20.0
OPC,09/09/2026,20.05,20.05,"+0,05 (+0,25%)",4500,0.09,0,0.0,0,0.0,20.0,20.05,19.95
ORS,06/10/2026,13.35,13.35,"+0,05 (+0,38%)",2268900,29.9,0,0.0,0,0.0,13.3,13.35,12.9
ORS,05/10/2026,13.3,13.3,"-0,05 (-0,37%)",1099000,14.6,0,0.0,0,0.0,13.35,13.35,13.15
ORS,02/10/2026,13.35,13.35,"-0,15 (-1,11%)",1466700,19.59,0,0.0,0,0.0,13.4,13.5,13.2
ORS,01/10/2026,13.5,13.5,"+0,35 (+2,66%)",2174000,28.79,0,0.0,0,0.0,13.15,13.5,13.05
ORS,30/09/2026,13.15,13.15,"-0,05 (-0,38%)",1426600,18.84,0,0.0,0,0.0,13.2,13.3,13.1
ORS,29/09/2026,13.2,13.2,"0 (0,00%)",1234000,16.3,0,0.0,0,0.0,13.2,13.25,13.15
ORS,28/09/2026,13.2,13.2,"-0,20 (-1,49%)",1556000,20.41,0,0.0,0,0.0,13.35,13.35,12.95
ORS,25/09/2026,13.4,13.4,"0 (0,00%)",1490200,19.91,0,0.0,0,0.0,13.4,13.45,13.25
ORS,24/09/2026,13.4,13.4,"+0,10 (+0,75%)",1325600,17.68,0,0.0,0,0.0,13.3,13.45,13.2
ORS,23/09/2026,13.3,13.3,"0 (0,00%)",1500100,20.09,0,0.0,0,0.0,13.3,13.55,13.25
ORS,22/09/2026,13.3,13.3,"+0,10 (+0,76%)",3416300,46.06,0,0.0,0,0.0,13.35,13.8,13.2
ORS,21/09/2026,13.2,13.2,"-0,20 (-1,49%)",1549600,20.67,0,0.0,0,0.0,13.5,13.5,13.1
ORS,18/09/2026,13.4,13.4,"0 (0,00%)",1907300,25.8,19180000,268.52,19180000,268.52,13.5,13.65,13.3
ORS,17/09/2026,13.4,13.4,"+0,30 (+2,29%)",5697600,76.51,0,0.0,0,0.0,13.0,13.9,12.95
ORS,16/09/2026,13.1,13.1,"0 (0,00%)",2199500,28.54,19180000,268.52,19180000,268.52,13.1,13.15,12.75
ORS,15/09/2026,13.1,13.1,"+0,10 (+0,77%)",1673200,21.9,0,0.0,0,0.0,13.05,13.15,13.0
ORS,14/09/2026,13.0,13.0,"0 (0,00%)",2390300,31.09,0,0.0,0,0.0,13.05,13.1,12.8
ORS,11/09/2026,13.0,13.0,"-0,45 (-3,35%)",2258300,29.59,0,0.0,0,0.0,13.4,13.4,13.0
ORS,10/09/2026,13.45,13.45,"-0,10 (-0,74%)",1649200,22.18,0,0.0,0,0.0,13.5,13.6,13.3
ORS,09/09/2026,13.55,13.55,"-0,15 (-1,09%)",3317100,45.55,2200000,30.8,2200000,30.8,13.85,13.85,13.55
PAC,06/10/2026,13.8,13.8,"-0,30 (-2,13%)",167200,2.32,0,0.0,0,0.0,14.2,14.25,13.6
PAC,05/10/2026,14.1,14.1,"0 (0,00%)",262200,3.69,0,0.0,0,0.0,14.4,14.4,13.95
PAC,02/10/2026,14.1,14.1,"+0,20 (+1,44%)",364200,5.19,0,0.0,0,0.0,13.95,14.6,13.9
PAC,01/10/2026,13.9,13.9,"+0,10 (+0,72%)",62200,0.86,0,0.0,0,0.0,13.8,13.95,13.75
PAC,30/09/2026,13.8,13.8,"0 (0,00%)",59200,0.82,0,0.0,0,0.0,13.6,14.0,13.6
PAC,29/09/2026,13.8,13.8,"+0,10 (+0,73%)",72600,0.99,0,0.0,0,0.0,13.8,13.8,13.6
PAC,28/09/2026,13.7,13.7,"-0,30 (-2,14%)",59000,0.81,0,0.0,0,0.0,13.9,14.1,13.7
PAC,25/09/2026,14.0,14.0,"-0,10 (-0,71%)",116300,1.62,0,0.0,0,0.0,14.05,14.1,13.8
PAC,24/09/2026,14.1,14.1,"+0,05 (+0,36%)",88300,1.24,0,0.0,0,0.0,14.05,14.25,13.9
PAC,23/09/2026,14.05,14.05,"-0,15 (-1,06%)",69200,0.98,0,0.0,0,0.0,14.3,14.4,14.05
PAC,22/09/2026,14.2,14.2,"-0,10 (-0,70%)",134900,1.91,0,0.0,0,0.0,14.45,14.55,13.8
PAC,21/09/2026,14.3,14.3,"-0,20 (-1,38%)",120300,1.74,0,0.0,0,0.0,14.5,14.6,14.3
PAC,18/09/2026,14.5,14.5,"+0,10 (+0,69%)",103800,1.5,0,0.0,0,0.0,14.35,14.5,14.35
PAC,17/09/2026,14.4,14.4,"+0,20 (+1,41%)",91600,1.31,0,0.0,0,0.0,14.0,14.45,14.0
PAC,16/09/2026,14.2,14.2,"0 (0,00%)",71300,1.01,0,0.0,0,0.0,14.15,14.3,14.1
PAC,15/09/2026,14.2,14.2,"+0,40 (+2,90%)",153000,2.14,0,0.0,0,0.0,13.9,14.2,13.8
PAC,14/09/2026,13.8,13.8,"-0,30 (-2,13%)",118300,1.66,0,0.0,0,0.0,14.05,14.3,13.75
PAC,11/09/2026,14.1,14.1,"-0,35 (-2,42%)",183600,2.59,0,0.0,0,0.0,14.5,14.5,13.8
PAC,10/09/2026,14.45,14.45,"-0,25 (-1,70%)",117500,1.71,0,0.0,0,0.0,14.85,14.85,14.45
PAC,09/09/2026,14.7,14.7,"-0,10 (-0,68%)",75900,1.12,0,0.0,0,0.0,14.95,14.95,14.6
PAN,06/10/2026,18.6,18.6,"-0,15 (-0,80%)",636000,11.71,0,0.0,0,0.0,18.8,18.9,18.1
PAN,05/10/2026,18.75,18.75,"+0,05 (+0,27%)",386100,7.23,0,0.0,0,0.0,18.65,18.85,18.55
PAN,02/10/2026,18.7,18.7,"+0,20 (+1,08%)",959400,18.04,0,0.0,0,0.0,18.5,19.05,18.4
PAN,01/10/2026,18.5,18.5,"0 (0,00%)",412400,7.62,0,0.0,0,0.0,18.5,18.75,18.25
PAN,30/09/2026,18.5,18.5,"+0,50 (+2,78%)",617800,11.39,0,0.0,0,0.0,17.95,18.85,17.95
PAN,29/09/2026,18.0,18.0,"0 (0,00%)",328700,5.89,0,0.0,0,0.0,17.95,18.1,17.8
PAN,28/09/2026,18.0,18.0,"-0,40 (-2,17%)",478500,8.65,0,0.0,0,0.0,18.3,18.35,17.95
PAN,25/09/2026,18.4,18.4,"-0,05 (-0,27%)",158100,2.9,250000,4.88,250000,4.88,18.4,18.5,18.25
PAN,24/09/2026,18.45,18.45,"+0,05 (+0,27%)",431100,7.93,0,0.0,0,0.0,18.4,18.55,18.25
PAN,23/09/2026,18.4,18.4,"-0,10 (-0,54%)",178500,3.3,0,0.0,0,0.0,18.4,18.7,18.4
PAN,22/09/2026,18.5,18.5,"+0,05 (+0,27%)",302300,5.56,0,0.0,0,0.0,18.35,18.6,18.3
PAN,21/09/2026,18.45,18.45,"-0,15 (-0,81%)",443200,8.21,0,0.0,0,0.0,18.65,18.8,18.4
PAN,18/09/2026,18.6,18.6,"-0,15 (-0,80%)",276400,5.17,0,0.0,0,0.0,18.75,18.95,18.6
PAN,17/09/2026,18.75,18.75,"+0,20 (+1,08%)",315900,5.92,0,0.0,0,0.0,18.45,18.9,18.4
PAN,16/09/2026,18.55,18.55,"+0,10 (+0,54%)",436800,8.06,0,0.0,0,0.0,18.45,18.8,18.25
PAN,15/09/2026,18.45,18.45,"+0,15 (+0,82%)",288400,5.29,80000,1.46,80000,1.46,18.3,18.45,18.2
PAN,14/09/2026,18.3,18.3,"+0,10 (+0,55%)",372600,6.74,815000,15.26,815000,15.26,18.05,18.3,17.95
PAN,11/09/2026,18.2,18.2,"-0,30 (-1,62%)",776700,14.17,0,0.0,0,0.0,18.5,18.55,18.05
PAN,10/09/2026,18.5,18.5,"-0,15 (-0,80%)",383500,7.11,815000,15.08,815000,15.08,18.65,18.65,18.45
PAN,09/09/2026,18.65,18.65,"+0,15 (+0,81%)",575900,10.7,0,0.0,0,0.0,18.7,18.8,18.45
PC1,06/10/2026,19.45,19.45,"-0,10 (-0,51%)",617000,11.94,0,0.0,0,0.0,19.8,19.8,19.1
PC1,05/10/2026,19.55,19.55,"+0,30 (+1,56%)",1086700,21.06,0,0.0,0,0.0,19.3,19.7,19.1
PC1,02/10/2026,19.25,19.25,"-0,95 (-4,70%)",2563200,50.29,150000,3.06,150000,3.06,20.0,20.05,19.25
PC1,01/10/2026,20.2,20.2,"-0,55 (-2,65%)",1298200,26.18,0,0.0,0,0.0,20.5,20.5,20.0
PC1,30/09/2026,20.75,20.75,"+0,50 (+2,47%)",2277300,46.68,150000,3.08,150000,3.08,20.2,20.75,20.0
PC1,29/09/2026,20.25,20.25,"0 (0,00%)",1302100,26.13,0,0.0,0,0.0,20.15,20.25,19.95
PC1,28/09/2026,20.25,20.25,"-0,75 (-3,57%)",1458500,29.69,0,0.0,0,0.0,20.9,20.9,20.15
PC1,25/09/2026,21.0,21.0,"-0,05 (-0,24%)",1282700,26.92,0,0.0,0,0.0,20.9,21.2,20.85
PC1,24/09/2026,21.05,21.05,"-0,15 (-0,71%)",1232900,26.07,0,0.0,0,0.0,21.15,21.4,20.95
PC1,23/09/2026,21.2,21.2,"+0,35 (+1,68%)",2553600,54.16,7200000,159.84,7200000,159.84,20.95,21.45,20.85
PC1,22/09/2026,20.85,20.85,"+0,70 (+3,47%)",2518000,51.74,4030000,86.64,4030000,86.64,20.15,20.85,20.1
PC1,21/09/2026,20.15,20.15,"+0,10 (+0,50%)",1817000,36.81,2185000,46.76,2185000,46.76,20.0,20.55,19.8
PC1,18/09/2026,20.05,20.05,"0 (0,00%)",1055400,21.08,0,0.0,0,0.0,19.95,20.1,19.85
PC1,17/09/2026,20.05,20.05,"+0,05 (+0,25%)",832900,16.63,0,0.0,0,0.0,19.6,20.15,19.6
PC1,16/09/2026,20.0,20.0,"-0,05 (-0,25%)",1201900,24.13,0,0.0,0,0.0,20.15,20.3,19.95
PC1,15/09/2026,20.05,20.05,"-0,20 (-0,99%)",858300,17.33,0,0.0,0,0.0,20.0,20.4,20.0
PC1,14/09/2026,20.25,20.25,"-0,15 (-0,74%)",2703000,53.82,0,0.0,0,0.0,20.4,20.4,19.45
PC1,11/09/2026,20.4,20.4,"-0,05 (-0,24%)",1674100,34.17,0,0.0,0,0.0,20.5,20.75,20.2
PC1,10/09/2026,20.45,20.45,"-0,25 (-1,21%)",1055100,21.61,0,0.0,0,0.0,20.6,20.6,20.4
PC1,09/09/2026,20.7,20.7,"+0,25 (+1,22%)",2090900,43.27,0,0.0,0,0.0,20.45,20.9,20.45
PDN,06/10/2026,84.5,84.5,"+0,30 (+0,36%)",1000,0.08,0,0.0,0,0.0,83.0,84.5,83.0
PDN,05/10/2026,84.2,84.2,"+1,50 (+1,81%)",500,0.04,0,0.0,0,0.0,83.0,84.2,83.0
PDN,02/10/2026,82.7,82.7,"-1,00 (-1,19%)",1400,0.12,0,0.0,0,0.0,83.7,83.7,82.7
PDN,01/10/2026,83.7,83.7,"0 (0,00%)",2300,0.19,0,0.0,0,0.0,83.7,84.0,83.7
PDN,30/09/2026,83.7,83.7,"-1,20 (-1,41%)",300,0.03,0,0.0,0,0.0,84.9,84.9,83.7
PDN,29/09/2026,84.9,84.9,"+0,90 (+1,07%)",2400,0.2,0,0.0,0,0.0,84.0,85.0,84.0
PDN,28/09/2026,84.0,84.0,"0 (0,00%)",700,0.06,0,0.0,0,0.0,84.0,84.0,82.9
PDN,25/09/2026,84.0,84.0,"0 (0,00%)",2300,0.19,0,0.0,0,0.0,84.0,84.0,84.0
PDN,24/09/2026,84.0,84.0,"0 (0,00%)",1600,0.13,0,0.0,0,0.0,82.8,84.0,82.8
PDN,23/09/2026,84.0,84.0,"0 (0,00%)",1900,0.16,0,0.0,0,0.0,84.0,84.0,83.9
PDN,22/09/2026,84.0,84.0,"+0,20 (+0,24%)",900,0.07,0,0.0,0,0.0,83.0,84.0,82.6
PDN,21/09/2026,83.8,83.8,"-0,10 (-0,12%)",3000,0.25,0,0.0,0,0.0,83.0,83.8,82.6
PDN,18/09/2026,83.9,83.9,"-0,10 (-0,12%)",2400,0.2,0,0.0,0,0.0,84.0,84.0,83.0
PDN,17/09/2026,84.0,84.0,"-1,40 (-1,64%)",6600,0.55,0,0.0,0,0.0,83.1,84.0,83.0
PDN,16/09/2026,85.4,85.4,"+0,70 (+0,83%)",600,0.05,0,0.0,0,0.0,82.3,85.4,82.3
PDN,15/09/2026,84.7,84.7,"+0,40 (+0,47%)",800,0.07,0,0.0,0,0.0,84.2,84.7,84.0
PDN,14/09/2026,84.3,84.3,"-1,40 (-1,63%)",1300,0.11,0,0.0,0,0.0,85.7,85.7,82.6
PDN,11/09/2026,85.7,85.7,"-1,10 (-1,27%)",1100,0.09,0,0.0,0,0.0,86.8,86.8,85.7
PDN,10/09/2026,86.8,86.8,"+1,00 (+1,17%)",2000,0.17,0,0.0,0,0.0,85.5,86.9,85.3
PDN,09/09/2026,85.8,85.8,"+0,20 (+0,23%)",3800,0.33,0,0.0,0,0.0,85.6,87.0,85.6
PDR,06/10/2026,11.15,11.15,"-0,05 (-0,45%)",4533600,49.95,0,0.0,0,0.0,11.1,11.15,10.75
PDR,05/10/2026,11.2,11.2,"0 (0,00%)",3855700,42.91,0,0.0,0,0.0,11.1,11.2,11.0
PDR,02/10/2026,11.2,11.2,"-0,05 (-0,44%)",3665400,40.67,0,0.0,0,0.0,11.1,11.2,10.95
PDR,01/10/2026,11.25,11.25,"0 (0,00%)",4396700,48.9,0,0.0,0,0.0,11.1,11.25,10.9
PDR,30/09/2026,11.25,11.25,"-0,05 (-0,44%)",3308100,37.0,0,0.0,0,0.0,11.2,11.25,11.05
PDR,29/09/2026,11.3,11.3,"0 (0,00%)",3909600,43.71,0,0.0,0,0.0,11.05,11.3,10.9
PDR,28/09/2026,11.3,11.3,"0 (0,00%)",7483400,81.8,0,0.0,0,0.0,11.3,11.3,10.55
PDR,25/09/2026,11.3,11.3,"-0,20 (-1,74%)",3075600,34.81,0,0.0,0,0.0,11.45,11.45,11.25
PDR,24/09/2026,11.5,11.5,"-0,15 (-1,29%)",4285100,48.85,0,0.0,0,0.0,11.5,11.55,11.3
PDR,23/09/2026,11.65,11.65,"-0,10 (-0,85%)",1736900,20.21,0,0.0,0,0.0,11.8,11.8,11.55
PDR,22/09/2026,11.75,11.75,"+0,25 (+2,17%)",4953500,58.37,0,0.0,0,0.0,11.55,11.95,11.55
PDR,21/09/2026,11.5,11.5,"0 (0,00%)",1813800,20.9,0,0.0,0,0.0,11.55,11.7,11.4
PDR,18/09/2026,11.5,11.5,"-0,05 (-0,43%)",2965000,34.13,0,0.0,0,0.0,11.55,11.6,11.4
PDR,17/09/2026,11.55,11.55,"0 (0,00%)",3702800,42.94,0,0.0,0,0.0,11.3,11.8,11.3
PDR,16/09/2026,11.55,11.55,"-0,05 (-0,43%)",2724900,31.14,0,0.0,0,0.0,11.5,11.55,11.3
PDR,15/09/2026,11.6,11.6,"+0,05 (+0,43%)",2815500,32.38,0,0.0,0,0.0,11.45,11.6,11.4
PDR,14/09/2026,11.55,11.55,"-0,20 (-1,70%)",4703300,54.38,0,0.0,0,0.0,11.65,11.7,11.4
PDR,11/09/2026,11.75,11.75,"-0,25 (-2,08%)",6205700,72.87,0,0.0,0,0.0,11.9,11.95,11.6
PDR,10/09/2026,12.0,12.0,"0 (0,00%)",3341000,39.79,270000,3.25,270000,3.25,12.0,12.0,11.8
PDR,09/09/2026,12.0,12.0,"0 (0,00%)",4129200,49.13,0,0.0,0,0.0,11.95,12.0,11.85
PDV,06/10/2026,8.61,8.61,"+0,06 (+0,70%)",18200,0.16,0,0.0,0,0.0,8.55,8.73,8.55
PDV,05/10/2026,8.55,8.55,"+0,21 (+2,52%)",20600,0.17,0,0.0,0,0.0,8.27,8.55,8.27
PDV,02/10/2026,8.34,8.34,"-0,07 (-0,83%)",61100,0.52,0,0.0,0,0.0,8.62,8.62,8.31
PDV,01/10/2026,9.01,8.41,"+0,19 (+2,15%)",70900,0.63,0,0.0,0,0.0,9.0,9.14,8.81
PDV,30/09/2026,8.82,8.23,"-0,21 (-2,33%)",30000,0.27,0,0.0,0,0.0,9.03,9.11,8.82
PDV,29/09/2026,9.03,8.43,"+0,41 (+4,76%)",60500,0.54,0,0.0,0,0.0,8.65,9.1,8.65
PDV,28/09/2026,8.62,8.05,"+0,09 (+1,06%)",14000,0.12,0,0.0,0,0.0,8.53,9.12,8.53
PDV,25/09/2026,8.53,7.96,"+0,01 (+0,12%)",13400,0.11,0,0.0,0,0.0,8.52,8.53,8.52
PDV,24/09/2026,8.52,7.95,"+0,02 (+0,24%)",16400,0.14,0,0.0,0,0.0,8.5,8.68,8.5
PDV,23/09/2026,8.5,7.93,"-0,23 (-2,63%)",11500,0.1,0,0.0,0,0.0,8.72,8.72,8.45
PDV,22/09/2026,8.73,8.15,"+0,13 (+1,51%)",40100,0.35,0,0.0,0,0.0,8.42,8.74,8.42
PDV,21/09/2026,8.6,8.03,"+0,10 (+1,18%)",54000,0.46,0,0.0,0,0.0,8.48,8.6,8.35
PDV,18/09/2026,8.5,7.93,"+0,07 (+0,83%)",17900,0.15,0,0.0,0,0.0,8.48,8.54,8.35
PDV,17/09/2026,8.43,7.87,"-0,26 (-2,99%)",31100,0.26,0,0.0,0,0.0,8.74,8.74,8.3
PDV,16/09/2026,8.69,8.11,"+0,17 (+2,00%)",18600,0.16,0,0.0,0,0.0,8.52,8.8,8.52
PDV,15/09/2026,8.52,7.95,"+0,18 (+2,16%)",103200,0.87,0,0.0,0,0.0,8.33,8.7,8.32
PDV,14/09/2026,8.34,7.78,"0 (0,00%)",44000,0.36,0,0.0,0,0.0,8.35,8.4,8.1
PDV,11/09/2026,8.34,7.78,"+0,04 (+0,48%)",20800,0.17,0,0.0,0,0.0,8.3,8.34,8.25
PDV,10/09/2026,8.3,7.75,"-0,02 (-0,24%)",10700,0.09,0,0.0,0,0.0,8.33,8.48,8.3
PDV,09/09/2026,8.32,7.77,"-0,02 (-0,24%)",19200,0.16,0,0.0,0,0.0,8.45,8.45,8.3
PET,06/10/2026,51.0,51.0,"-0,50 (-0,97%)",711400,36.36,0,0.0,0,0.0,51.6,52.9,49.3
PET,05/10/2026,51.5,51.5,"+1,73 (+3,48%)",1042400,54.23,0,0.0,0,0.0,50.1,53.2,50.1
PET,02/10/2026,49.8,49.8,"-3,20 (-6,04%)",942200,46.6,0,0.0,0,0.0,49.3,52.2,49.3
PET,01/10/2026,53.0,53.0,"-3,90 (-6,85%)",540500,29.09,0,0.0,0,0.0,56.9,57.4,53.0
PET,30/09/2026,56.9,56.9,"+2,90 (+5,37%)",1046900,58.02,0,0.0,0,0.0,54.0,57.0,52.9
PET,29/09/2026,54.0,54.0,"+3,02 (+5,92%)",1736700,88.32,0,0.0,0,0.0,51.2,54.0,47.45
PET,28/09/2026,51.0,51.0,"+3,03 (+6,32%)",852500,43.27,30000,1.34,30000,1.34,49.9,51.0,49.8
PET,25/09/2026,48.0,48.0,"+3,00 (+6,67%)",1752500,83.52,0,0.0,0,0.0,45.85,48.15,45.3
PET,24/09/2026,45.0,45.0,"+0,60 (+1,35%)",1928000,88.32,0,0.0,0,0.0,45.0,47.0,44.7
PET,23/09/2026,44.4,44.4,"+2,90 (+6,99%)",1950000,86.01,0,0.0,0,0.0,43.85,44.4,42.4
PET,22/09/2026,41.5,41.5,"+2,70 (+6,96%)",1647800,67.29,0,0.0,0,0.0,38.8,41.5,38.7
PET,21/09/2026,38.8,38.8,"-0,10 (-0,26%)",196000,7.51,0,0.0,0,0.0,39.1,39.25,38.0
PET,18/09/2026,38.9,38.9,"+0,25 (+0,65%)",231400,9.01,0,0.0,0,0.0,38.5,39.3,38.5
PET,17/09/2026,38.65,38.65,"+0,25 (+0,65%)",555700,21.45,0,0.0,0,0.0,38.4,38.85,38.15
PET,16/09/2026,38.4,38.4,"+0,50 (+1,32%)",336800,12.89,3099900,116.25,3099900,116.25,37.5,38.5,37.5
PET,15/09/2026,37.9,37.9,"+1,00 (+2,71%)",256000,9.61,3722025,137.71,3722025,137.71,36.9,37.9,36.0
PET,14/09/2026,36.9,36.9,"-1,40 (-3,66%)",656700,24.03,1679375,68.69,1679375,68.69,38.1,38.3,35.65
PET,11/09/2026,38.3,38.3,"-0,25 (-0,65%)",299800,11.57,0,0.0,0,0.0,38.8,39.0,38.3
PET,10/09/2026,38.55,38.55,"+0,60 (+1,58%)",280000,10.77,0,0.0,0,0.0,38.4,38.9,38.0
PET,09/09/2026,37.95,37.95,"+0,30 (+0,80%)",289100,10.95,300000,11.25,300000,11.25,38.1,38.1,37.65
PGC,06/10/2026,15.0,15.0,"-0,45 (-2,91%)",79700,1.21,0,0.0,0,0.0,15.4,15.45,14.85
PGC,05/10/2026,15.45,15.45,"+0,70 (+4,75%)",217000,3.28,0,0.0,0,0.0,14.8,15.75,14.7
PGC,02/10/2026,14.75,14.75,"-0,40 (-2,64%)",123800,1.84,0,0.0,0,0.0,15.15,15.3,14.7
PGC,01/10/2026,15.15,15.15,"+0,95 (+6,69%)",308400,4.61,0,0.0,0,0.0,14.2,15.15,14.2
PGC,30/09/2026,14.2,14.2,"-0,25 (-1,73%)",16600,0.24,0,0.0,0,0.0,14.5,14.7,14.2
PGC,29/09/2026,14.45,14.45,"+0,20 (+1,40%)",74100,1.07,0,0.0,0,0.0,14.3,14.7,14.05
PGC,28/09/2026,14.25,14.25,"+0,15 (+1,06%)",94300,1.33,0,0.0,0,0.0,14.05,14.25,13.9
PGC,25/09/2026,14.1,14.1,"+0,55 (+4,06%)",46700,0.65,0,0.0,0,0.0,13.6,14.1,13.6
PGC,24/09/2026,13.55,13.55,"-0,35 (-2,52%)",86600,1.18,0,0.0,0,0.0,13.8,13.9,13.55
PGC,23/09/2026,13.9,13.9,"-0,10 (-0,71%)",56000,0.78,0,0.0,0,0.0,14.25,14.25,13.8
PGC,22/09/2026,14.0,14.0,"-0,40 (-2,78%)",22400,0.31,0,0.0,0,0.0,14.05,14.2,13.7
PGC,21/09/2026,14.4,14.4,"-0,10 (-0,69%)",46400,0.66,0,0.0,0,0.0,14.25,14.5,14.05
PGC,18/09/2026,14.5,14.5,"+0,75 (+5,45%)",56200,0.78,0,0.0,0,0.0,13.9,14.5,13.5
PGC,17/09/2026,13.75,13.75,"-0,15 (-1,08%)",162700,2.22,0,0.0,0,0.0,13.9,13.9,13.5
PGC,16/09/2026,13.9,13.9,"-0,95 (-6,40%)",91600,1.32,0,0.0,0,0.0,14.65,14.9,13.9
PGC,15/09/2026,14.85,14.85,"+0,10 (+0,68%)",80200,1.19,0,0.0,0,0.0,14.8,14.9,14.5
PGC,14/09/2026,14.75,14.75,"+0,55 (+3,87%)",231700,3.44,0,0.0,0,0.0,14.3,15.15,14.15
PGC,11/09/2026,14.2,14.2,"0 (0,00%)",34000,0.48,0,0.0,0,0.0,14.2,14.3,13.95
PGC,10/09/2026,14.2,14.2,"+0,40 (+2,90%)",117600,1.66,0,0.0,0,0.0,13.95,14.2,13.85
PGC,09/09/2026,13.8,13.8,"-0,15 (-1,08%)",52600,0.73,0,0.0,0,0.0,13.9,13.9,13.8
PGD,06/10/2026,22.3,22.3,"0 (0,00%)",0,0.0,0,0.0,0,0.0,22.3,22.3,22.3
PGD,05/10/2026,22.3,22.3,"+1,10 (+5,19%)",100,0.0,0,0.0,0,0.0,22.3,22.3,22.3
PGD,02/10/2026,21.2,21.2,"+1,35 (+6,80%)",200,0.0,0,0.0,0,0.0,19.85,21.2,19.85
PGD,01/10/2026,19.85,19.85,"-1,30 (-6,15%)",3700,0.08,0,0.0,0,0.0,21.05,22.0,19.85
PGD,30/09/2026,21.15,21.15,"-1,35 (-6,00%)",3900,0.08,0,0.0,0,0.0,21.2,21.25,20.95
PGD,29/09/2026,22.5,22.5,"0 (0,00%)",100,0.0,0,0.0,0,0.0,22.5,22.5,22.5
PGD,28/09/2026,22.5,22.5,"+0,70 (+3,21%)",300,0.01,0,0.0,0,0.0,21.8,22.5,21.8
PGD,25/09/2026,21.8,21.8,"0 (0,00%)",0,0.0,0,0.0,0,0.0,21.8,21.8,21.8
PGD,24/09/2026,21.8,21.8,"+0,10 (+0,46%)",900,0.02,0,0.0,0,0.0,21.8,21.9,21.7
PGD,23/09/2026,22.7,21.7,"0 (0,00%)",0,0.0,0,0.0,0,0.0,22.7,22.7,22.7
PGD,22/09/2026,22.7,21.7,"-0,10 (-0,44%)",3000,0.07,0,0.0,0,0.0,22.7,22.7,22.7
PGD,21/09/2026,22.8,21.79,"+0,10 (+0,44%)",300,0.01,0,0.0,0,0.0,22.8,22.8,22.8
PGD,18/09/2026,22.7,21.7,"0 (0,00%)",0,0.0,0,0.0,0,0.0,22.7,22.7,22.7
PGD,17/09/2026,22.7,21.7,"+0,60 (+2,71%)",2300,0.05,0,0.0,0,0.0,22.1,22.7,22.1
PGD,16/09/2026,22.1,21.13,"+0,10 (+0,45%)",1500,0.03,0,0.0,0,0.0,22.85,22.85,22.1
PGD,15/09/2026,22.0,21.03,"0 (0,00%)",0,0.0,0,0.0,0,0.0,22.0,22.0,22.0
PGD,14/09/2026,22.0,21.03,"+0,45 (+2,09%)",200,0.0,0,0.0,0,0.0,22.0,22.0,22.0
PGD,11/09/2026,21.55,20.6,"0 (0,00%)",0,0.0,0,0.0,0,0.0,21.55,21.55,21.55
PGD,10/09/2026,21.55,20.6,"-0,25 (-1,15%)",500,0.01,0,0.0,0,0.0,22.0,22.0,21.55
PGD,09/09/2026,21.8,20.84,"0 (0,00%)",0,0.0,0,0.0,0,0.0,21.8,21.8,21.8
PGI,06/10/2026,19.85,19.85,"0 (0,00%)",2100,0.04,0,0.0,0,0.0,19.85,19.85,19.8
PGI,05/10/2026,19.85,19.85,"0 (0,00%)",0,0.0,0,0.0,0,0.0,19.85,19.85,19.85
PGI,02/10/2026,19.85,19.85,"0 (0,00%)",0,0.0,0,0.0,0,0.0,19.85,19.85,19.85
PGI,01/10/2026,19.85,19.85,"0 (0,00%)",0,0.0,195825,3.64,195825,3.64,19.85,19.85,19.85
PGI,30/09/2026,19.85,19.85,"0 (0,00%)",0,0.0,0,0.0,0,0.0,19.85,19.85,19.85
PGI,29/09/2026,19.85,19.85,"-1,15 (-5,48%)",3100,0.06,0,0.0,0,0.0,21.0,21.0,19.85
PGI,28/09/2026,21.0,21.0,"-1,00 (-4,55%)",5100,0.11,0,0.0,0,0.0,20.5,21.0,20.5
PGI,25/09/2026,22.0,22.0,"0 (0,00%)",0,0.0,0,0.0,0,0.0,22.0,22.0,22.0
PGI,24/09/2026,22.0,22.0,"0 (0,00%)",1100,0.02,0,0.0,0,0.0,22.0,22.0,22.0
PGI,23/09/2026,22.0,22.0,"0 (0,00%)",1900,0.04,0,0.0,0,0.0,22.0,22.0,22.0
PGI,22/09/2026,22.0,22.0,"0 (0,00%)",0,0.0,0,0.0,0,0.0,22.0,22.0,22.0
PGI,21/09/2026,22.0,22.0,"-0,50 (-2,22%)",2000,0.04,0,0.0,0,0.0,22.0,22.0,22.0
PGI,18/09/2026,22.5,22.5,"+1,15 (+5,39%)",400,0.01,0,0.0,0,0.0,19.9,22.5,19.9
PGI,17/09/2026,21.35,21.35,"-0,80 (-3,61%)",500,0.01,0,0.0,0,0.0,22.0,22.0,21.35
PGI,16/09/2026,22.15,22.15,"0 (0,00%)",100,0.0,0,0.0,0,0.0,22.15,22.15,22.15
PGI,15/09/2026,22.15,22.15,"+0,05 (+0,23%)",200,0.0,0,0.0,0,0.0,22.15,22.15,22.15
PGI,14/09/2026,22.1,22.1,"-0,90 (-3,91%)",200,0.0,0,0.0,0,0.0,22.1,22.1,22.1
PGI,11/09/2026,23.0,23.0,"0 (0,00%)",0,0.0,0,0.0,0,0.0,23.0,23.0,23.0
PGI,10/09/2026,23.0,23.0,"0 (0,00%)",0,0.0,0,0.0,0,0.0,23.0,23.0,23.0
PGI,09/09/2026,23.0,23.0,"0 (0,00%)",100,0.0,0,0.0,0,0.0,23.0,23.0,23.0
PGV,06/10/2026,21.1,21.1,"+0,10 (+0,48%)",1300,0.03,0,0.0,0,0.0,21.35,21.35,20.6
PGV,05/10/2026,21.0,21.0,"-0,50 (-2,33%)",11900,0.25,0,0.0,0,0.0,21.5,21.5,20.8
PGV,02/10/2026,21.5,21.5,"-0,40 (-1,83%)",13900,0.29,0,0.0,0,0.0,21.1,21.85,20.9
PGV,01/10/2026,21.9,21.9,"-0,05 (-0,23%)",6000,0.13,0,0.0,0,0.0,21.5,22.2,21.15
PGV,30/09/2026,21.95,21.95,"-0,25 (-1,13%)",11700,0.25,0,0.0,0,0.0,21.85,22.3,21.35
PGV,29/09/2026,22.2,22.2,"-0,10 (-0,45%)",4900,0.11,0,0.0,0,0.0,22.5,22.5,21.45
PGV,28/09/2026,22.3,22.3,"0 (0,00%)",5700,0.12,0,0.0,0,0.0,21.5,22.45,21.45
PGV,25/09/2026,22.3,22.3,"+0,45 (+2,06%)",11000,0.24,0,0.0,0,0.0,21.85,22.6,21.3
PGV,24/09/2026,21.85,21.85,"-0,10 (-0,46%)",4700,0.1,0,0.0,0,0.0,22.45,22.45,21.4
PGV,23/09/2026,21.95,21.95,"+0,70 (+3,29%)",4300,0.09,0,0.0,0,0.0,21.25,22.7,21.25
PGV,22/09/2026,21.25,21.25,"0 (0,00%)",500,0.01,0,0.0,0,0.0,21.25,21.25,21.25
PGV,21/09/2026,21.25,21.25,"-0,05 (-0,23%)",300,0.01,0,0.0,0,0.0,21.05,21.25,21.05
PGV,18/09/2026,21.3,21.3,"0 (0,00%)",200,0.0,0,0.0,0,0.0,21.7,21.7,21.3
PGV,17/09/2026,21.3,21.3,"0 (0,00%)",6100,0.13,0,0.0,0,0.0,21.35,21.35,20.85
PGV,16/09/2026,21.3,21.3,"-0,60 (-2,74%)",300,0.01,0,0.0,0,0.0,20.75,21.35,20.75
PGV,15/09/2026,21.9,21.9,"+0,60 (+2,82%)",100,0.0,0,0.0,0,0.0,21.9,21.9,21.9
PGV,14/09/2026,21.3,21.3,"-0,10 (-0,47%)",3300,0.07,0,0.0,0,0.0,20.7,21.8,20.6
PGV,11/09/2026,21.4,21.4,"-0,25 (-1,15%)",2500,0.05,0,0.0,0,0.0,21.65,21.65,20.8
PGV,10/09/2026,21.65,21.65,"+0,30 (+1,41%)",2700,0.06,0,0.0,0,0.0,21.3,22.7,21.2
PGV,09/09/2026,21.35,21.35,"0 (0,00%)",7200,0.15,0,0.0,0,0.0,21.4,21.4,21.0
PHC,06/10/2026,3.6,3.6,"0 (0,00%)",12800,0.05,0,0.0,0,0.0,3.67,3.67,3.51
PHC,05/10/2026,3.6,3.6,"0 (0,00%)",8800,0.03,0,0.0,0,0.0,3.6,3.75,3.53
PHC,02/10/2026,3.6,3.6,"-0,09 (-2,44%)",16300,0.06,0,0.0,0,0.0,3.69,3.75,3.6
PHC,01/10/2026,3.69,3.69,"+0,01 (+0,27%)",20500,0.07,0,0.0,0,0.0,3.72,3.8,3.53
PHC,30/09/2026,3.68,3.68,"-0,05 (-1,34%)",9100,0.03,0,0.0,0,0.0,3.74,3.74,3.51
PHC,29/09/2026,3.73,3.73,"+0,02 (+0,54%)",8200,0.03,0,0.0,0,0.0,3.51,3.78,3.51
PHC,28/09/2026,3.71,3.71,"+0,08 (+2,20%)",11600,0.04,0,0.0,0,0.0,3.74,3.74,3.7
PHC,25/09/2026,3.63,3.63,"+0,08 (+2,25%)",5800,0.02,0,0.0,0,0.0,3.69,3.69,3.51
PHC,24/09/2026,3.55,3.55,"-0,11 (-3,01%)",25700,0.09,0,0.0,0,0.0,3.66,3.73,3.55
PHC,23/09/2026,3.66,3.66,"-0,02 (-0,54%)",11300,0.04,0,0.0,0,0.0,3.68,3.74,3.65
PHC,22/09/2026,3.68,3.68,"-0,02 (-0,54%)",36800,0.14,0,0.0,0,0.0,3.83,3.83,3.68
PHC,21/09/2026,4.2,3.7,"-0,04 (-0,94%)",64400,0.27,0,0.0,0,0.0,4.29,4.32,4.17
PHC,18/09/2026,4.24,3.74,"+0,01 (+0,24%)",189900,0.8,0,0.0,0,0.0,4.27,4.31,4.2
PHC,17/09/2026,4.23,3.73,"+0,05 (+1,20%)",43200,0.18,0,0.0,0,0.0,4.13,4.24,4.12
PHC,16/09/2026,4.18,3.68,"+0,06 (+1,46%)",25700,0.11,0,0.0,0,0.0,4.13,4.2,4.1
PHC,15/09/2026,4.12,3.63,"+0,08 (+1,98%)",60800,0.25,0,0.0,0,0.0,4.09,4.15,4.04
PHC,14/09/2026,4.04,3.56,"+0,05 (+1,25%)",27300,0.11,0,0.0,0,0.0,4.0,4.05,4.0
PHC,11/09/2026,3.99,3.52,"-0,06 (-1,48%)",31900,0.13,0,0.0,0,0.0,4.14,4.14,3.97
PHC,10/09/2026,4.05,3.57,"+0,07 (+1,76%)",49600,0.2,0,0.0,0,0.0,4.04,4.05,3.98
PHC,09/09/2026,3.98,3.51,"+0,01 (+0,25%)",1100,0.0,0,0.0,0,0.0,3.97,3.98,3.91
PHR,06/10/2026,32.85,32.85,"-0,05 (-0,15%)",716700,23.33,0,0.0,0,0.0,33.0,33.25,31.8
PHR,05/10/2026,32.9,32.9,"-0,30 (-0,90%)",573900,18.91,0,0.0,0,0.0,33.25,33.5,32.75
PHR,02/10/2026,33.2,33.2,"-0,65 (-1,92%)",913600,30.84,0,0.0,0,0.0,33.55,34.35,33.15
PHR,01/10/2026,33.85,33.85,"+0,30 (+0,89%)",843200,28.63,0,0.0,0,0.0,33.9,34.6,33.35
PHR,30/09/2026,33.55,33.55,"+0,85 (+2,60%)",965000,32.58,1514700,52.94,1514700,52.94,33.0,34.5,32.9
PHR,29/09/2026,32.7,32.7,"+0,80 (+2,51%)",746300,24.14,0,0.0,0,0.0,31.9,32.75,31.85
PHR,28/09/2026,31.9,31.9,"-0,55 (-1,69%)",381900,12.3,0,0.0,0,0.0,32.75,32.75,31.8
PHR,25/09/2026,32.45,32.45,"+0,45 (+1,41%)",315600,10.24,0,0.0,0,0.0,32.3,32.75,32.2
PHR,24/09/2026,32.0,32.0,"+0,35 (+1,11%)",456200,14.64,0,0.0,0,0.0,31.7,32.55,31.7
PHR,23/09/2026,31.65,31.65,"0 (0,00%)",428300,13.63,0,0.0,0,0.0,31.7,32.25,31.6
PHR,22/09/2026,31.65,31.65,"-0,05 (-0,16%)",182800,5.8,0,0.0,0,0.0,31.85,31.95,31.65
PHR,21/09/2026,31.7,31.7,"+0,15 (+0,48%)",231900,7.37,0,0.0,0,0.0,31.6,31.95,31.6
PHR,18/09/2026,31.55,31.55,"-0,15 (-0,47%)",214200,6.78,0,0.0,0,0.0,31.8,32.0,31.5
PHR,17/09/2026,31.7,31.7,"-0,05 (-0,16%)",156800,4.97,0,0.0,0,0.0,31.55,32.0,31.45
PHR,16/09/2026,31.75,31.75,"+0,35 (+1,11%)",326600,10.42,0,0.0,0,0.0,31.5,32.5,31.3
PHR,15/09/2026,31.4,31.4,"+0,30 (+0,96%)",558300,17.52,0,0.0,0,0.0,30.95,31.8,30.9
PHR,14/09/2026,31.1,31.1,"-1,70 (-5,18%)",800300,25.62,0,0.0,0,0.0,32.6,33.3,30.8
PHR,11/09/2026,32.8,32.8,"0 (0,00%)",878700,29.07,0,0.0,0,0.0,33.35,33.9,32.45
PHR,10/09/2026,60.4,32.78,"-1,00 (-1,63%)",538900,32.79,0,0.0,0,0.0,61.4,61.6,60.4
PHR,09/09/2026,61.4,33.32,"-0,60 (-0,97%)",413000,25.49,0,0.0,0,0.0,62.1,62.3,61.3
PIT,06/10/2026,7.25,7.25,"-0,32 (-4,23%)",800,0.01,0,0.0,0,0.0,7.25,7.25,7.25
PIT,05/10/2026,7.57,7.57,"+0,31 (+4,27%)",5200,0.04,0,0.0,0,0.0,7.2,7.69,6.77
PIT,02/10/2026,7.26,7.26,"-0,54 (-6,92%)",3200,0.02,0,0.0,0,0.0,7.3,7.3,7.26
PIT,01/10/2026,7.8,7.8,"0 (0,00%)",0,0.0,0,0.0,0,0.0,7.8,7.8,7.8
PIT,30/09/2026,7.8,7.8,"+0,13 (+1,69%)",24200,0.18,0,0.0,0,0.0,7.7,7.8,7.14
PIT,29/09/2026,7.67,7.67,"-0,57 (-6,92%)",26600,0.2,0,0.0,0,0.0,8.23,8.23,7.67
PIT,28/09/2026,8.24,8.24,"-0,61 (-6,89%)",3600,0.03,0,0.0,0,0.0,8.24,8.85,8.24
PIT,25/09/2026,8.85,8.85,"-0,03 (-0,34%)",7000,0.06,0,0.0,0,0.0,8.89,8.89,8.85
PIT,24/09/2026,8.88,8.88,"-0,66 (-6,92%)",30900,0.27,0,0.0,0,0.0,8.88,9.5,8.88
PIT,23/09/2026,9.54,9.54,"-0,70 (-6,83%)",12600,0.12,0,0.0,0,0.0,9.54,9.54,9.54
PIT,22/09/2026,10.25,10.25,"-0,75 (-6,82%)",17400,0.18,0,0.0,0,0.0,10.9,10.9,10.25
PIT,21/09/2026,11.0,11.0,"-0,80 (-6,78%)",16700,0.19,0,0.0,0,0.0,11.8,11.9,11.0
PIT,18/09/2026,11.8,11.8,"+0,70 (+6,31%)",3220700,38.16,0,0.0,0,0.0,11.1,11.85,11.1
PIT,17/09/2026,11.1,11.1,"+0,71 (+6,83%)",125700,1.39,0,0.0,0,0.0,10.5,11.1,10.3
PIT,16/09/2026,10.4,10.4,"+0,68 (+6,99%)",51200,0.52,0,0.0,0,0.0,9.73,10.4,9.59
PIT,15/09/2026,9.73,9.73,"+0,63 (+6,92%)",11700,0.11,0,0.0,0,0.0,9.1,9.73,9.1
PIT,14/09/2026,9.1,9.1,"+0,35 (+4,00%)",18800,0.17,0,0.0,0,0.0,8.75,9.1,8.75
PIT,11/09/2026,8.75,8.75,"-0,05 (-0,57%)",500,0.0,0,0.0,0,0.0,8.75,8.75,8.75
PIT,10/09/2026,8.8,8.8,"0 (0,00%)",20100,0.18,0,0.0,0,0.0,8.9,8.9,8.8
PIT,09/09/2026,8.8,8.8,"0 (0,00%)",9800,0.09,0,0.0,0,0.0,8.8,8.8,8.8
PJT,06/10/2026,8.56,8.56,"0 (0,00%)",0,0.0,0,0.0,0,0.0,8.56,8.56,8.56
PJT,05/10/2026,8.56,8.56,"-0,15 (-1,72%)",1000,0.01,0,0.0,0,0.0,8.56,8.56,8.56
PJT,02/10/2026,8.71,8.71,"0 (0,00%)",0,0.0,0,0.0,0,0.0,8.71,8.71,8.71
PJT,01/10/2026,8.71,8.71,"0 (0,00%)",0,0.0,0,0.0,0,0.0,8.71,8.71,8.71
PJT,30/09/2026,8.71,8.71,"+0,21 (+2,47%)",400,0.0,0,0.0,0,0.0,8.55,8.71,8.55
PJT,29/09/2026,8.5,8.5,"0 (0,00%)",0,0.0,0,0.0,0,0.0,8.5,8.5,8.5
PJT,28/09/2026,8.5,8.5,"-0,49 (-5,45%)",1200,0.01,0,0.0,0,0.0,8.53,8.53,8.5
PJT,25/09/2026,8.99,8.99,"+0,24 (+2,74%)",700,0.01,0,0.0,0,0.0,8.88,8.99,8.88
PJT,24/09/2026,8.75,8.75,"0 (0,00%)",0,0.0,0,0.0,0,0.0,8.75,8.75,8.75
PJT,23/09/2026,8.75,8.75,"0 (0,00%)",0,0.0,0,0.0,0,0.0,8.75,8.75,8.75
PJT,22/09/2026,8.75,8.75,"-0,43 (-4,68%)",200,0.0,0,0.0,0,0.0,8.63,8.75,8.63
PJT,21/09/2026,9.18,9.18,"+0,38 (+4,32%)",200,0.0,0,0.0,0,0.0,8.8,9.18,8.8
PJT,18/09/2026,8.8,8.8,"-0,36 (-3,93%)",100,0.0,0,0.0,0,0.0,8.8,8.8,8.8
PJT,17/09/2026,9.16,9.16,"-0,03 (-0,33%)",400,0.0,0,0.0,0,0.0,8.6,9.16,8.6
PJT,16/09/2026,9.19,9.19,"0 (0,00%)",200,0.0,0,0.0,0,0.0,8.57,9.19,8.57
PJT,15/09/2026,9.19,9.19,"0 (0,00%)",0,0.0,0,0.0,0,0.0,9.19,9.19,9.19
PJT,14/09/2026,9.19,9.19,"0 (0,00%)",0,0.0,0,0.0,0,0.0,9.19,9.19,9.19
PJT,11/09/2026,9.19,9.19,"0 (0,00%)",0,0.0,0,0.0,0,0.0,9.19,9.19,9.19
PJT,10/09/2026,9.19,9.19,"0 (0,00%)",0,0.0,0,0.0,0,0.0,9.19,9.19,9.19
PJT,09/09/2026,9.19,9.19,"0 (0,00%)",0,0.0,0,0.0,0,0.0,9.19,9.19,9.19
PLP,06/10/2026,3.54,3.54,"+0,04 (+1,14%)",21600,0.08,0,0.0,0,0.0,3.5,3.55,3.5
PLP,05/10/2026,3.5,3.5,"+0,01 (+0,29%)",145600,0.48,0,0.0,0,0.0,3.5,3.6,3.25
PLP,02/10/2026,3.49,3.49,"-0,26 (-6,93%)",66000,0.24,0,0.0,0,0.0,3.76,3.76,3.49
PLP,01/10/2026,3.75,3.75,"0 (0,00%)",20100,0.07,0,0.0,0,0.0,3.7,3.77,3.6
PLP,30/09/2026,3.75,3.75,"+0,01 (+0,27%)",52700,0.2,0,0.0,0,0.0,3.68,3.76,3.65
PLP,29/09/2026,3.74,3.74,"+0,06 (+1,63%)",35800,0.13,0,0.0,0,0.0,3.68,3.74,3.61
PLP,28/09/2026,3.68,3.68,"0 (0,00%)",59900,0.22,0,0.0,0,0.0,3.6,3.73,3.55
PLP,25/09/2026,3.68,3.68,"+0,08 (+2,22%)",36900,0.14,0,0.0,0,0.0,3.6,3.75,3.6
PLP,24/09/2026,3.6,3.6,"-0,08 (-2,17%)",50300,0.18,0,0.0,0,0.0,3.68,3.7,3.58
PLP,23/09/2026,3.68,3.68,"-0,06 (-1,60%)",55400,0.21,0,0.0,0,0.0,3.73,3.82,3.68
PLP,22/09/2026,3.74,3.74,"-0,06 (-1,58%)",72400,0.27,0,0.0,0,0.0,3.8,3.83,3.73
PLP,21/09/2026,3.8,3.8,"0 (0,00%)",62800,0.24,0,0.0,0,0.0,3.7,3.81,3.65
PLP,18/09/2026,3.8,3.8,"+0,05 (+1,33%)",111800,0.41,0,0.0,0,0.0,3.61,3.8,3.58
PLP,17/09/2026,3.75,3.75,"-0,14 (-3,60%)",152900,0.57,0,0.0,0,0.0,3.73,3.94,3.62
PLP,16/09/2026,3.89,3.89,"-0,06 (-1,52%)",138600,0.51,0,0.0,0,0.0,3.95,3.95,3.68
PLP,15/09/2026,3.95,3.95,"-0,06 (-1,50%)",1953700,7.29,0,0.0,0,0.0,3.73,4.06,3.73
PLP,14/09/2026,4.01,4.01,"-0,30 (-6,96%)",513400,2.09,0,0.0,0,0.0,4.31,4.46,4.01
PLP,11/09/2026,4.31,4.31,"-0,32 (-6,91%)",220100,0.96,0,0.0,0,0.0,4.63,4.63,4.31
PLP,10/09/2026,4.63,4.63,"+0,02 (+0,43%)",52700,0.24,0,0.0,0,0.0,4.69,4.7,4.51
PLP,09/09/2026,4.61,4.61,"+0,30 (+6,96%)",252100,1.15,0,0.0,0,0.0,4.26,4.61,4.26
PLX,06/10/2026,36.2,36.2,"+0,70 (+1,97%)",4154200,148.59,0,0.0,0,0.0,35.65,36.35,34.9
PLX,05/10/2026,35.5,35.5,"-0,30 (-0,84%)",1811400,64.75,0,0.0,0,0.0,35.9,36.15,35.5
PLX,02/10/2026,35.8,35.8,"-0,85 (-2,32%)",3261100,118.49,0,0.0,0,0.0,37.0,37.15,35.8
PLX,01/10/2026,36.65,36.65,"+1,05 (+2,95%)",7102400,262.06,0,0.0,0,0.0,36.05,37.65,35.5
PLX,30/09/2026,35.6,35.6,"-0,85 (-2,33%)",2712600,97.15,0,0.0,0,0.0,36.2,36.3,35.5
PLX,29/09/2026,36.45,36.45,"+0,85 (+2,39%)",5323900,194.16,0,0.0,0,0.0,35.75,37.1,35.65
PLX,28/09/2026,35.6,35.6,"+0,60 (+1,71%)",2854800,99.97,0,0.0,0,0.0,35.2,35.65,34.6
PLX,25/09/2026,35.0,35.0,"0 (0,00%)",3909400,136.58,0,0.0,0,0.0,35.1,35.3,34.5
PLX,24/09/2026,35.0,35.0,"-1,40 (-3,85%)",6781000,240.99,0,0.0,0,0.0,36.4,36.65,35.0
PLX,23/09/2026,36.4,36.4,"-0,10 (-0,27%)",2502400,91.07,0,0.0,0,0.0,36.4,36.75,36.0
PLX,22/09/2026,36.5,36.5,"-0,35 (-0,95%)",5587700,202.97,0,0.0,0,0.0,37.0,37.0,35.9
PLX,21/09/2026,36.85,36.85,"-0,55 (-1,47%)",4841100,180.3,0,0.0,0,0.0,37.1,37.8,36.85
PLX,18/09/2026,37.4,37.4,"-0,40 (-1,06%)",5491800,204.65,0,0.0,0,0.0,38.0,38.05,36.8
PLX,17/09/2026,37.8,37.8,"-0,40 (-1,05%)",6643200,251.41,0,0.0,0,0.0,38.0,38.5,37.35
PLX,16/09/2026,38.2,38.2,"+0,85 (+2,28%)",11745200,451.92,0,0.0,0,0.0,37.55,39.5,37.5
PLX,15/09/2026,37.35,37.35,"+2,10 (+5,96%)",11244000,410.81,0,0.0,0,0.0,35.4,37.5,35.3
PLX,14/09/2026,35.25,35.25,"+0,05 (+0,14%)",4183000,148.22,0,0.0,0,0.0,35.2,35.95,34.85
PLX,11/09/2026,35.2,35.2,"-0,30 (-0,85%)",4766600,169.91,0,0.0,0,0.0,36.0,36.35,35.2
PLX,10/09/2026,35.5,35.5,"-0,30 (-0,84%)",3556200,127.08,0,0.0,0,0.0,36.25,36.25,35.5
PLX,09/09/2026,35.8,35.8,"+0,05 (+0,14%)",5211800,189.27,0,0.0,0,0.0,36.15,36.95,35.75
PMG,06/10/2026,5.99,5.99,"+0,39 (+6,96%)",5400,0.03,0,0.0,0,0.0,5.6,5.99,5.55
PMG,05/10/2026,5.6,5.6,"+0,08 (+1,45%)",3100,0.02,0,0.0,0,0.0,5.6,5.6,5.6
PMG,02/10/2026,5.52,5.52,"0 (0,00%)",0,0.0,0,0.0,0,0.0,5.52,5.52,5.52
PMG,01/10/2026,5.52,5.52,"+0,04 (+0,73%)",1100,0.01,0,0.0,0,0.0,5.5,5.52,5.5
PMG,30/09/2026,5.48,5.48,"+0,01 (+0,18%)",200,0.0,0,0.0,0,0.0,5.8,5.8,5.48
PMG,29/09/2026,5.47,5.47,"-0,33 (-5,69%)",5600,0.03,0,0.0,0,0.0,5.55,5.55,5.4
PMG,28/09/2026,5.8,5.8,"0 (0,00%)",0,0.0,0,0.0,0,0.0,5.8,5.8,5.8
PMG,25/09/2026,5.8,5.8,"-0,40 (-6,45%)",2300,0.01,0,0.0,0,0.0,5.9,5.9,5.77
PMG,24/09/2026,6.2,6.2,"0 (0,00%)",0,0.0,0,0.0,0,0.0,6.2,6.2,6.2
PMG,23/09/2026,6.2,6.2,"0 (0,00%)",0,0.0,0,0.0,0,0.0,6.2,6.2,6.2
PMG,22/09/2026,6.2,6.2,"0 (0,00%)",0,0.0,0,0.0,0,0.0,6.2,6.2,6.2
PMG,21/09/2026,6.2,6.2,"0 (0,00%)",0,0.0,0,0.0,0,0.0,6.2,6.2,6.2
PMG,18/09/2026,6.2,6.2,"0 (0,00%)",0,0.0,0,0.0,0,0.0,6.2,6.2,6.2
PMG,17/09/2026,6.2,6.2,"-0,10 (-1,59%)",1100,0.01,0,0.0,0,0.0,6.2,6.2,6.2
PMG,16/09/2026,6.3,6.3,"0 (0,00%)",0,0.0,0,0.0,0,0.0,6.3,6.3,6.3
PMG,15/09/2026,6.3,6.3,"-0,10 (-1,56%)",4700,0.03,0,0.0,0,0.0,6.3,6.3,6.3
PMG,14/09/2026,6.4,6.4,"+0,35 (+5,79%)",1200,0.01,0,0.0,0,0.0,6.2,6.4,6.2
PMG,11/09/2026,6.05,6.05,"-0,45 (-6,92%)",5700,0.03,0,0.0,0,0.0,6.05,6.06,6.05
PMG,10/09/2026,6.5,6.5,"0 (0,00%)",0,0.0,0,0.0,0,0.0,6.5,6.5,6.5
PMG,09/09/2026,6.5,6.5,"+0,30 (+4,84%)",1600,0.01,0,0.0,0,0.0,6.2,6.5,6.18
PNC,06/10/2026,21.95,21.95,"0 (0,00%)",0,0.0,0,0.0,0,0.0,21.95,21.95,21.95
PNC,05/10/2026,21.95,21.95,"0 (0,00%)",0,0.0,0,0.0,0,0.0,21.95,21.95,21.95
PNC,02/10/2026,21.95,21.95,"0 (0,00%)",0,0.0,0,0.0,0,0.0,21.95,21.95,21.95
PNC,01/10/2026,21.95,21.95,"-1,65 (-6,99%)",300,0.01,0,0.0,0,0.0,22.0,22.0,21.95
PNC,30/09/2026,23.6,23.6,"0 (0,00%)",0,0.0,0,0.0,0,0.0,23.6,23.6,23.6
PNC,29/09/2026,23.6,23.6,"0 (0,00%)",0,0.0,0,0.0,0,0.0,23.6,23.6,23.6
PNC,28/09/2026,23.6,23.6,"0 (0,00%)",0,0.0,0,0.0,0,0.0,23.6,23.6,23.6
PNC,25/09/2026,23.6,23.6,"0 (0,00%)",0,0.0,0,0.0,0,0.0,23.6,23.6,23.6
PNC,24/09/2026,23.6,23.6,"0 (0,00%)",0,0.0,0,0.0,0,0.0,23.6,23.6,23.6
PNC,23/09/2026,23.6,23.6,"0 (0,00%)",0,0.0,0,0.0,0,0.0,23.6,23.6,23.6
PNC,22/09/2026,23.6,23.6,"0 (0,00%)",0,0.0,0,0.0,0,0.0,23.6,23.6,23.6
PNC,21/09/2026,23.6,23.6,"0 (0,00%)",0,0.0,0,0.0,0,0.0,23.6,23.6,23.6
PNC,18/09/2026,23.6,23.6,"0 (0,00%)",0,0.0,0,0.0,0,0.0,23.6,23.6,23.6
PNC,17/09/2026,23.6,23.6,"0 (0,00%)",0,0.0,0,0.0,0,0.0,23.6,23.6,23.6
PNC,16/09/2026,24.1,23.6,"-1,80 (-6,95%)",200,0.0,0,0.0,0,0.0,24.1,24.1,24.1
PNC,15/09/2026,25.9,25.36,"0 (0,00%)",0,0.0,0,0.0,0,0.0,25.9,25.9,25.9
PNC,14/09/2026,25.9,25.36,"0 (0,00%)",0,0.0,0,0.0,0,0.0,25.9,25.9,25.9
PNC,11/09/2026,25.9,25.36,"0 (0,00%)",0,0.0,0,0.0,0,0.0,25.9,25.9,25.9
PNC,10/09/2026,25.9,25.36,"0 (0,00%)",0,0.0,0,0.0,0,0.0,25.9,25.9,25.9
PNC,09/09/2026,25.9,25.36,"-1,90 (-6,83%)",500,0.01,0,0.0,0,0.0,25.9,25.9,25.9
PNJ,06/10/2026,20.15,20.15,"-1,50 (-6,93%)",16274800,334.76,0,0.0,0,0.0,21.6,22.35,20.15
PNJ,05/10/2026,21.65,21.65,"-1,40 (-6,07%)",10991700,242.65,425000,9.12,425000,9.12,23.05,23.3,21.45
PNJ,02/10/2026,23.05,23.05,"-1,70 (-6,87%)",76068800,1772.94,1060000,24.43,1060000,24.43,23.05,25.45,23.05
PNJ,01/10/2026,24.75,24.75,"-1,85 (-6,95%)",1677600,41.52,5398000,134.22,5398000,134.22,24.75,24.75,24.75
PNJ,30/09/2026,26.6,26.6,"-2,00 (-6,99%)",2374300,63.16,30000,0.8,30000,0.8,26.6,26.6,26.6
PNJ,29/09/2026,28.6,28.6,"-2,10 (-6,84%)",1210300,34.61,330000,9.44,330000,9.44,28.6,28.6,28.6
PNJ,28/09/2026,30.7,30.7,"-2,30 (-6,97%)",2117000,64.99,310000,10.8,310000,10.8,30.7,30.7,30.7
PNJ,25/09/2026,33.0,33.0,"-0,30 (-0,90%)",5299000,176.59,0,0.0,0,0.0,33.2,34.4,32.8
PNJ,24/09/2026,33.3,33.3,"-2,00 (-5,67%)",8176500,278.46,0,0.0,0,0.0,35.35,35.35,33.25
PNJ,23/09/2026,35.3,35.3,"-0,50 (-1,40%)",4142500,145.84,237500,8.03,237500,8.03,35.8,35.9,35.0
PNJ,22/09/2026,35.8,35.8,"-1,10 (-2,98%)",5391500,194.68,82500,3.05,82500,3.05,36.95,37.0,35.55
PNJ,21/09/2026,36.9,36.9,"+0,15 (+0,41%)",1754300,64.56,0,0.0,0,0.0,37.0,37.0,36.6
PNJ,18/09/2026,36.75,36.75,"0 (0,00%)",6357100,235.61,12759500,440.2,12759500,440.2,36.6,38.05,36.25
PNJ,17/09/2026,36.75,36.75,"0 (0,00%)",2910800,106.24,0,0.0,0,0.0,36.9,36.95,36.05
PNJ,16/09/2026,36.75,36.75,"-0,45 (-1,21%)",2328600,85.94,0,0.0,0,0.0,37.55,37.55,36.5
PNJ,15/09/2026,37.2,37.2,"+1,30 (+3,62%)",3430700,126.77,27000,0.97,27000,0.97,35.55,37.55,35.55
PNJ,14/09/2026,35.9,35.9,"-1,40 (-3,75%)",6415200,233.59,0,0.0,0,0.0,37.45,37.5,35.0
PNJ,11/09/2026,37.3,37.3,"-0,90 (-2,36%)",4937600,185.86,500000,18.5,500000,18.5,38.2,38.3,37.15
PNJ,10/09/2026,38.2,38.2,"+0,25 (+0,66%)",1639200,62.63,0,0.0,0,0.0,37.85,38.5,37.8
PNJ,09/09/2026,37.95,37.95,"-0,45 (-1,17%)",4080500,154.54,0,0.0,0,0.0,38.6,38.65,37.6
POW,06/10/2026,12.65,12.65,"0 (0,00%)",7653600,95.29,400000,5.1,400000,5.1,12.65,12.75,12.3
POW,05/10/2026,12.65,12.65,"-0,05 (-0,39%)",3643700,46.12,4061000,52.33,4061000,52.33,12.75,12.8,12.55
POW,02/10/2026,12.7,12.7,"-0,20 (-1,55%)",7902600,101.38,400000,5.1,400000,5.1,12.9,12.95,12.7
POW,01/10/2026,12.9,12.9,"-0,10 (-0,77%)",3727500,48.25,6121000,79.08,6121000,79.08,13.1,13.1,12.85
POW,30/09/2026,13.0,13.0,"+0,30 (+2,36%)",18183200,237.43,400000,5.1,400000,5.1,12.7,13.3,12.7
POW,29/09/2026,12.7,12.7,"+0,05 (+0,40%)",4578800,57.99,5416000,69.57,5416000,69.57,12.7,12.8,12.55
POW,28/09/2026,12.65,12.65,"+0,20 (+1,61%)",5855700,72.92,400000,5.2,400000,5.2,12.45,12.7,12.25
POW,25/09/2026,12.45,12.45,"-0,05 (-0,40%)",2439500,30.49,3420000,43.26,3420000,43.26,12.5,12.55,12.45
POW,24/09/2026,12.5,12.5,"-0,25 (-1,96%)",4132100,51.98,2000000,26.06,2000000,26.06,12.7,12.8,12.5
POW,23/09/2026,12.75,12.75,"-0,05 (-0,39%)",3033300,38.81,4380000,56.91,4380000,56.91,12.85,12.9,12.7
POW,22/09/2026,12.8,12.8,"+0,25 (+1,99%)",5789400,74.0,2000000,25.26,2000000,25.26,12.6,12.95,12.55
POW,21/09/2026,12.55,12.55,"-0,05 (-0,40%)",3252900,40.89,4380000,56.94,4380000,56.94,12.65,12.7,12.5
POW,18/09/2026,12.6,12.6,"0 (0,00%)",4205800,53.18,3303000,41.6,3303000,41.6,12.7,12.75,12.6
POW,17/09/2026,12.6,12.6,"-0,05 (-0,40%)",4317800,54.58,0,0.0,0,0.0,12.65,12.75,12.55
POW,16/09/2026,12.65,12.65,"+0,20 (+1,61%)",7388000,93.51,3354000,40.68,3354000,40.68,12.5,12.75,12.45
POW,15/09/2026,12.45,12.45,"+0,05 (+0,40%)",4470900,55.4,0,0.0,0,0.0,12.45,12.5,12.3
POW,14/09/2026,12.4,12.4,"-0,20 (-1,59%)",12345500,152.09,0,0.0,0,0.0,12.6,12.75,12.05
POW,11/09/2026,12.6,12.6,"-0,25 (-1,95%)",5061000,64.5,2820000,36.24,2820000,36.24,12.85,12.85,12.6
POW,10/09/2026,12.85,12.85,"-0,05 (-0,39%)",4291300,55.12,0,0.0,0,0.0,12.9,13.0,12.75
POW,09/09/2026,12.9,12.9,"+0,15 (+1,18%)",4907500,63.14,1359000,18.25,1359000,18.25,12.75,13.0,12.75
PPC,06/10/2026,8.6,8.6,"+0,01 (+0,12%)",106000,0.9,0,0.0,0,0.0,8.59,8.6,8.47
PPC,05/10/2026,8.59,8.59,"-0,02 (-0,23%)",50200,0.43,0,0.0,0,0.0,8.61,8.67,8.58
PPC,02/10/2026,8.61,8.61,"+0,01 (+0,12%)",46100,0.4,0,0.0,0,0.0,8.58,8.64,8.57
PPC,01/10/2026,8.6,8.6,"-0,05 (-0,58%)",99000,0.85,0,0.0,0,0.0,8.63,8.65,8.59
PPC,30/09/2026,8.65,8.65,"+0,07 (+0,82%)",78100,0.67,0,0.0,0,0.0,8.6,8.72,8.58
PPC,29/09/2026,8.58,8.58,"0 (0,00%)",82500,0.71,0,0.0,0,0.0,8.55,8.6,8.5
PPC,28/09/2026,8.58,8.58,"-0,15 (-1,72%)",84300,0.73,0,0.0,0,0.0,8.73,8.76,8.56
PPC,25/09/2026,8.73,8.73,"-0,02 (-0,23%)",110700,0.97,0,0.0,0,0.0,8.73,8.76,8.7
PPC,24/09/2026,8.75,8.75,"-0,03 (-0,34%)",61500,0.54,0,0.0,0,0.0,8.78,8.8,8.75
PPC,23/09/2026,8.78,8.78,"-0,04 (-0,45%)",34800,0.31,0,0.0,0,0.0,8.83,8.83,8.78
PPC,22/09/2026,8.82,8.82,"0 (0,00%)",44300,0.39,0,0.0,0,0.0,8.82,8.87,8.77
PPC,21/09/2026,8.82,8.82,"+0,04 (+0,46%)",26000,0.23,0,0.0,0,0.0,8.84,8.88,8.81
PPC,18/09/2026,8.78,8.78,"0 (0,00%)",46200,0.41,0,0.0,0,0.0,8.78,8.86,8.77
PPC,17/09/2026,8.78,8.78,"0 (0,00%)",68900,0.6,0,0.0,0,0.0,8.71,8.78,8.71
PPC,16/09/2026,8.78,8.78,"+0,03 (+0,34%)",40700,0.36,0,0.0,0,0.0,8.77,8.8,8.76
PPC,15/09/2026,8.75,8.75,"-0,02 (-0,23%)",71100,0.62,0,0.0,0,0.0,8.77,8.8,8.75
PPC,14/09/2026,8.77,8.77,"-0,07 (-0,79%)",187100,1.65,0,0.0,0,0.0,8.82,8.85,8.74
PPC,11/09/2026,8.84,8.84,"-0,03 (-0,34%)",66400,0.59,0,0.0,0,0.0,8.87,8.87,8.83
PPC,10/09/2026,8.87,8.87,"+0,01 (+0,11%)",36500,0.32,0,0.0,0,0.0,8.88,8.9,8.86
PPC,09/09/2026,8.86,8.86,"-0,02 (-0,23%)",36400,0.32,0,0.0,0,0.0,8.86,8.9,8.85
PTB,06/10/2026,29.4,29.4,"0 (0,00%)",93100,2.71,0,0.0,0,0.0,29.4,29.4,28.85
PTB,05/10/2026,29.4,29.4,"0 (0,00%)",70700,2.08,0,0.0,0,0.0,29.95,29.95,29.25
PTB,02/10/2026,29.4,29.4,"+0,30 (+1,03%)",131100,3.87,0,0.0,0,0.0,29.15,29.8,29.15
PTB,01/10/2026,29.1,29.1,"+0,15 (+0,52%)",109000,3.15,0,0.0,0,0.0,28.8,29.25,28.7
PTB,30/09/2026,28.95,28.95,"+0,40 (+1,40%)",50800,1.46,0,0.0,0,0.0,28.6,29.0,28.25
PTB,29/09/2026,28.55,28.55,"-0,35 (-1,21%)",136900,3.86,0,0.0,0,0.0,28.9,29.1,28.0
PTB,28/09/2026,28.9,28.9,"-0,40 (-1,37%)",58600,1.69,0,0.0,0,0.0,29.3,29.45,28.45
PTB,25/09/2026,29.3,29.3,"+0,55 (+1,91%)",294100,8.36,0,0.0,0,0.0,28.75,29.5,28.0
PTB,24/09/2026,28.75,28.75,"+0,50 (+1,77%)",178500,5.03,59000,1.67,59000,1.67,28.25,28.9,27.75
PTB,23/09/2026,28.25,28.25,"-0,70 (-2,42%)",201200,5.73,200000,5.79,200000,5.79,28.7,29.0,28.1
PTB,22/09/2026,28.95,28.95,"0 (0,00%)",44300,1.28,0,0.0,0,0.0,28.95,29.2,28.5
PTB,21/09/2026,28.95,28.95,"-0,85 (-2,85%)",179000,5.19,0,0.0,0,0.0,29.6,29.75,28.85
PTB,18/09/2026,29.8,29.8,"+0,35 (+1,19%)",125700,3.71,0,0.0,0,0.0,29.15,29.9,29.05
PTB,17/09/2026,29.45,29.45,"0 (0,00%)",161300,4.7,0,0.0,0,0.0,29.35,29.45,28.6
PTB,16/09/2026,29.45,29.45,"-0,25 (-0,84%)",32200,0.95,126000,3.78,126000,3.78,29.5,29.75,29.45
PTB,15/09/2026,29.7,29.7,"-0,30 (-1,00%)",142000,4.2,0,0.0,0,0.0,30.0,30.0,29.1
PTB,14/09/2026,30.0,30.0,"0 (0,00%)",26700,0.8,0,0.0,0,0.0,29.9,30.15,29.65
PTB,11/09/2026,30.0,30.0,"-0,65 (-2,12%)",155000,4.68,0,0.0,0,0.0,30.95,30.95,29.75
PTB,10/09/2026,30.65,30.65,"-0,35 (-1,13%)",86600,2.64,0,0.0,0,0.0,30.95,30.95,30.4
PTB,09/09/2026,31.0,31.0,"-0,25 (-0,80%)",33400,1.03,0,0.0,0,0.0,31.25,31.25,30.6
PTC,06/10/2026,5.1,5.1,"-0,20 (-3,77%)",12000,0.06,0,0.0,0,0.0,5.11,5.2,5.1
PTC,05/10/2026,5.3,5.3,"-0,12 (-2,21%)",500,0.0,0,0.0,0,0.0,5.11,5.3,5.11
PTC,02/10/2026,5.42,5.42,"0 (0,00%)",1700,0.01,0,0.0,0,0.0,5.11,5.42,5.11
PTC,01/10/2026,5.42,5.42,"0 (0,00%)",0,0.0,0,0.0,0,0.0,5.42,5.42,5.42
PTC,30/09/2026,5.42,5.42,"+0,24 (+4,63%)",64200,0.35,0,0.0,0,0.0,5.12,5.42,5.12
PTC,29/09/2026,5.18,5.18,"-0,31 (-5,65%)",130500,0.69,0,0.0,0,0.0,5.49,5.5,5.18
PTC,28/09/2026,5.49,5.49,"+0,29 (+5,58%)",500,0.0,0,0.0,0,0.0,5.2,5.5,5.18
PTC,25/09/2026,5.2,5.2,"-0,06 (-1,14%)",15400,0.08,0,0.0,0,0.0,5.26,5.27,5.2
PTC,24/09/2026,5.26,5.26,"-0,38 (-6,74%)",10000,0.05,0,0.0,0,0.0,5.26,5.26,5.26
PTC,23/09/2026,5.64,5.64,"0 (0,00%)",3700,0.02,0,0.0,0,0.0,5.48,5.64,5.28
PTC,22/09/2026,5.64,5.64,"0 (0,00%)",900,0.01,0,0.0,0,0.0,5.64,5.64,5.64
PTC,21/09/2026,5.64,5.64,"+0,16 (+2,92%)",300,0.0,0,0.0,0,0.0,5.48,5.64,5.48
PTC,18/09/2026,5.48,5.48,"-0,01 (-0,18%)",1800,0.01,0,0.0,0,0.0,5.48,5.79,5.48
PTC,17/09/2026,5.49,5.49,"-0,40 (-6,79%)",5600,0.03,0,0.0,0,0.0,5.5,5.52,5.49
PTC,16/09/2026,5.89,5.89,"0 (0,00%)",0,0.0,0,0.0,0,0.0,5.89,5.89,5.89
PTC,15/09/2026,5.89,5.89,"+0,35 (+6,32%)",400,0.0,0,0.0,0,0.0,5.54,5.89,5.5
PTC,14/09/2026,5.54,5.54,"-0,41 (-6,89%)",5100,0.03,0,0.0,0,0.0,5.55,5.55,5.54
PTC,11/09/2026,5.95,5.95,"0 (0,00%)",1600,0.01,0,0.0,0,0.0,5.55,5.95,5.54
PTC,10/09/2026,5.95,5.95,"+0,26 (+4,57%)",100,0.0,0,0.0,0,0.0,5.95,5.95,5.95
PTC,09/09/2026,5.69,5.69,"-0,41 (-6,72%)",2100,0.01,0,0.0,0,0.0,6.29,6.29,5.69
PTL,06/10/2026,1.63,1.63,"-0,06 (-3,55%)",18000,0.03,0,0.0,0,0.0,1.69,1.69,1.62
PTL,05/10/2026,1.69,1.69,"+0,02 (+1,20%)",18900,0.03,0,0.0,0,0.0,1.67,1.69,1.67
PTL,02/10/2026,1.67,1.67,"-0,06 (-3,47%)",256500,0.41,0,0.0,0,0.0,1.63,1.69,1.61
PTL,01/10/2026,1.73,1.73,"0 (0,00%)",13300,0.02,0,0.0,0,0.0,1.73,1.73,1.66
PTL,30/09/2026,1.73,1.73,"0 (0,00%)",1500,0.0,0,0.0,0,0.0,1.73,1.73,1.68
PTL,29/09/2026,1.73,1.73,"0 (0,00%)",13300,0.02,0,0.0,0,0.0,1.73,1.73,1.7
PTL,28/09/2026,1.73,1.73,"+0,02 (+1,17%)",5300,0.01,0,0.0,0,0.0,1.72,1.73,1.7
PTL,25/09/2026,1.71,1.71,"-0,01 (-0,58%)",27200,0.05,0,0.0,0,0.0,1.72,1.72,1.69
PTL,24/09/2026,1.72,1.72,"-0,01 (-0,58%)",2700,0.0,0,0.0,0,0.0,1.73,1.73,1.69
PTL,23/09/2026,1.73,1.73,"-0,01 (-0,57%)",24900,0.04,0,0.0,0,0.0,1.74,1.74,1.68
PTL,22/09/2026,1.74,1.74,"-0,01 (-0,57%)",30100,0.05,0,0.0,0,0.0,1.75,1.75,1.68
PTL,21/09/2026,1.75,1.75,"+0,01 (+0,57%)",18700,0.03,0,0.0,0,0.0,1.76,1.76,1.73
PTL,18/09/2026,1.74,1.74,"0 (0,00%)",4200,0.01,0,0.0,0,0.0,1.74,1.74,1.74
PTL,17/09/2026,1.74,1.74,"0 (0,00%)",51800,0.09,0,0.0,0,0.0,1.65,1.75,1.65
PTL,16/09/2026,1.74,1.74,"-0,01 (-0,57%)",30200,0.05,0,0.0,0,0.0,1.75,1.75,1.68
PTL,15/09/2026,1.75,1.75,"+0,06 (+3,55%)",2700,0.0,0,0.0,0,0.0,1.7,1.75,1.65
PTL,14/09/2026,1.69,1.69,"-0,07 (-3,98%)",117900,0.19,0,0.0,0,0.0,1.68,1.7,1.64
PTL,11/09/2026,1.76,1.76,"-0,04 (-2,22%)",69400,0.12,0,0.0,0,0.0,1.71,1.76,1.69
PTL,10/09/2026,1.8,1.8,"+0,05 (+2,86%)",41000,0.07,0,0.0,0,0.0,1.75,1.81,1.68
PTL,09/09/2026,1.75,1.75,"-0,05 (-2,78%)",10600,0.02,0,0.0,0,0.0,1.88,1.88,1.73
PVD,06/10/2026,18.6,18.6,"+0,75 (+4,20%)",4580500,81.75,2973000,56.64,2973000,56.64,17.95,18.6,17.45
PVD,05/10/2026,17.85,17.85,"-0,15 (-0,83%)",2699500,48.5,13852800,255.67,13852800,255.67,17.95,18.1,17.85
PVD,02/10/2026,18.0,18.0,"-0,35 (-1,91%)",3219800,58.52,2973000,57.82,2973000,57.82,18.5,18.65,17.95
PVD,01/10/2026,18.35,18.35,"+0,05 (+0,27%)",2398100,44.27,13852800,256.91,13852800,256.91,18.3,18.75,18.3
PVD,30/09/2026,18.3,18.3,"-0,65 (-3,43%)",3242500,59.99,2973000,58.87,2973000,58.87,18.6,18.85,17.65
PVD,29/09/2026,18.95,18.95,"+0,30 (+1,61%)",4450400,83.68,630000,12.47,630000,12.47,18.7,19.0,18.55
PVD,28/09/2026,18.65,18.65,"+0,65 (+3,61%)",4887500,88.86,7183000,138.12,7183000,138.12,18.1,18.65,17.85
PVD,25/09/2026,18.0,18.0,"-0,35 (-1,91%)",4969300,90.91,6750000,128.26,6750000,128.26,18.35,18.5,18.0
PVD,24/09/2026,18.35,18.35,"-0,65 (-3,42%)",6640000,124.4,7183000,142.64,7183000,142.64,19.1,19.2,18.35
PVD,23/09/2026,19.0,19.0,"-0,15 (-0,78%)",3599500,68.73,6230000,119.99,6230000,119.99,19.15,19.2,19.0
PVD,22/09/2026,19.15,19.15,"-0,20 (-1,03%)",3561000,68.39,2973000,58.87,2973000,58.87,19.3,19.4,19.05
PVD,21/09/2026,19.35,19.35,"+0,15 (+0,78%)",4883000,94.05,630000,12.47,630000,12.47,19.2,19.5,19.0
PVD,18/09/2026,19.2,19.2,"-0,05 (-0,26%)",6763900,129.61,2600000,48.1,2600000,48.1,19.25,19.4,19.0
PVD,17/09/2026,19.25,19.25,"-0,45 (-2,28%)",9521800,184.76,630000,12.47,630000,12.47,19.4,19.8,19.05
PVD,16/09/2026,19.7,19.7,"+0,05 (+0,25%)",11482600,229.19,0,0.0,0,0.0,19.85,20.4,19.65
PVD,15/09/2026,19.65,19.65,"+0,70 (+3,69%)",12989700,252.53,0,0.0,0,0.0,18.95,19.95,18.8
PVD,14/09/2026,18.95,18.95,"+0,40 (+2,16%)",5875300,110.26,0,0.0,0,0.0,18.55,19.1,18.4
PVD,11/09/2026,18.55,18.55,"+0,05 (+0,27%)",10322000,196.01,0,0.0,0,0.0,18.8,19.35,18.55
PVD,10/09/2026,18.5,18.5,"-0,15 (-0,80%)",4406600,82.21,0,0.0,0,0.0,18.8,18.95,18.45
PVD,09/09/2026,18.65,18.65,"0 (0,00%)",3488900,65.84,0,0.0,0,0.0,18.85,19.2,18.6
PVP,06/10/2026,23.9,23.9,"+1,05 (+4,60%)",1234200,29.0,0,0.0,0,0.0,23.5,24.0,23.0
PVP,05/10/2026,22.85,22.85,"+0,85 (+3,86%)",961200,21.89,0,0.0,0,0.0,22.4,23.25,22.15
PVP,02/10/2026,22.0,22.0,"+0,40 (+1,85%)",1401300,31.28,0,0.0,0,0.0,21.95,23.05,21.95
PVP,01/10/2026,21.6,21.6,"+0,70 (+3,35%)",1321500,28.24,0,0.0,0,0.0,20.85,21.7,20.85
PVP,30/09/2026,20.9,20.9,"-1,00 (-4,57%)",1870000,39.6,0,0.0,0,0.0,21.9,21.9,20.6
PVP,29/09/2026,21.9,21.9,"+1,05 (+5,04%)",1967900,42.89,0,0.0,0,0.0,21.0,22.3,20.85
PVP,28/09/2026,20.85,20.85,"+0,35 (+1,71%)",1373700,28.66,0,0.0,0,0.0,21.0,21.5,20.5
PVP,25/09/2026,20.5,20.5,"+1,30 (+6,77%)",1408100,27.92,0,0.0,0,0.0,19.35,20.5,19.25
PVP,24/09/2026,19.2,19.2,"-0,30 (-1,54%)",1876100,36.9,0,0.0,0,0.0,19.9,20.3,19.0
PVP,23/09/2026,19.5,19.5,"0 (0,00%)",1657100,33.14,0,0.0,0,0.0,20.0,20.5,19.5
PVP,22/09/2026,19.5,19.5,"+1,25 (+6,85%)",2510700,48.08,0,0.0,0,0.0,18.35,19.5,18.3
PVP,21/09/2026,18.25,18.25,"+0,15 (+0,83%)",1007200,18.3,0,0.0,0,0.0,18.2,18.35,17.95
PVP,18/09/2026,18.1,18.1,"-0,05 (-0,28%)",503300,9.13,0,0.0,0,0.0,18.2,18.35,18.05
PVP,17/09/2026,18.15,18.15,"-0,40 (-2,16%)",1092400,19.95,0,0.0,0,0.0,18.6,18.75,18.05
PVP,16/09/2026,19.55,18.55,"-0,40 (-2,01%)",1380300,27.5,0,0.0,0,0.0,20.0,20.3,19.5
PVP,15/09/2026,19.95,18.93,"+0,90 (+4,72%)",2167200,42.65,0,0.0,0,0.0,19.2,20.15,19.05
PVP,14/09/2026,19.05,18.07,"+0,15 (+0,79%)",1265000,24.23,0,0.0,0,0.0,19.0,19.6,18.75
PVP,11/09/2026,18.9,17.93,"-0,20 (-1,05%)",685200,13.22,0,0.0,0,0.0,19.4,19.7,18.9
PVP,10/09/2026,19.1,18.12,"+0,10 (+0,53%)",1748800,33.99,0,0.0,0,0.0,19.1,19.85,18.85
PVP,09/09/2026,19.0,18.03,"0 (0,00%)",654000,12.52,0,0.0,0,0.0,19.3,19.4,18.9
PVT,06/10/2026,24.5,24.5,"+0,30 (+1,24%)",6295100,153.04,0,0.0,0,0.0,24.5,24.9,23.85
PVT,05/10/2026,24.2,24.2,"+0,70 (+2,98%)",5629800,135.36,0,0.0,0,0.0,23.8,24.25,23.6
PVT,02/10/2026,23.5,23.5,"-0,25 (-1,05%)",7939100,191.35,0,0.0,0,0.0,24.5,24.6,23.5
PVT,01/10/2026,23.75,23.75,"-0,05 (-0,21%)",7818800,186.05,0,0.0,0,0.0,23.9,24.35,23.3
PVT,30/09/2026,23.8,23.8,"-1,15 (-4,61%)",8283800,199.37,0,0.0,0,0.0,24.7,24.9,23.6
PVT,29/09/2026,24.95,24.95,"+1,50 (+6,40%)",16008700,392.24,0,0.0,0,0.0,23.65,25.05,23.5
PVT,28/09/2026,23.45,23.45,"+0,35 (+1,52%)",5510900,128.49,20000,0.49,20000,0.49,23.2,23.6,23.0
PVT,25/09/2026,23.1,23.1,"+0,80 (+3,59%)",5553400,126.4,0,0.0,0,0.0,22.4,23.35,22.4
PVT,24/09/2026,22.3,22.3,"-0,80 (-3,46%)",8086600,185.32,0,0.0,0,0.0,23.25,23.65,22.3
PVT,23/09/2026,23.1,23.1,"-1,00 (-4,15%)",8487300,199.97,0,0.0,0,0.0,23.9,24.0,23.1
PVT,22/09/2026,24.1,24.1,"+1,05 (+4,56%)",11627600,275.37,0,0.0,0,0.0,23.1,24.35,23.0
PVT,21/09/2026,23.05,23.05,"+0,25 (+1,10%)",6507700,149.48,20000,0.48,20000,0.48,22.75,23.5,22.45
PVT,18/09/2026,22.8,22.8,"+0,20 (+0,88%)",4666700,105.13,0,0.0,0,0.0,22.8,22.8,22.25
PVT,17/09/2026,22.6,22.6,"-0,60 (-2,59%)",8279500,188.46,0,0.0,0,0.0,22.95,23.35,22.3
PVT,16/09/2026,23.2,23.2,"+0,40 (+1,75%)",8723900,203.93,0,0.0,0,0.0,23.0,23.7,22.75
PVT,15/09/2026,22.8,22.8,"+0,10 (+0,44%)",8135700,185.93,0,0.0,0,0.0,22.6,23.35,22.25
PVT,14/09/2026,22.7,22.7,"+0,60 (+2,71%)",8085700,181.78,0,0.0,0,0.0,22.3,22.85,22.1
PVT,11/09/2026,22.1,22.1,"+0,35 (+1,61%)",9861300,220.61,0,0.0,0,0.0,22.05,22.85,21.95
PVT,10/09/2026,21.75,21.75,"+0,75 (+3,57%)",11677700,254.97,0,0.0,0,0.0,21.15,22.2,21.15
PVT,09/09/2026,21.0,21.0,"-0,30 (-1,41%)",6969800,148.84,20000,0.4,20000,0.4,21.7,21.8,20.95
QCG,06/10/2026,9.7,9.7,"-0,09 (-0,92%)",164700,1.61,0,0.0,0,0.0,9.8,9.9,9.62
QCG,05/10/2026,9.8,9.8,"-0,07 (-0,71%)",89000,0.87,0,0.0,0,0.0,9.72,9.88,9.72
QCG,02/10/2026,9.88,9.88,"+0,39 (+4,11%)",143100,1.39,0,0.0,0,0.0,9.69,9.88,9.45
QCG,01/10/2026,9.5,9.5,"-0,04 (-0,42%)",109100,1.03,0,0.0,0,0.0,9.26,9.74,9.26
QCG,30/09/2026,9.55,9.55,"-0,18 (-1,85%)",67800,0.65,0,0.0,0,0.0,9.7,9.7,9.5
QCG,29/09/2026,9.74,9.74,"-0,03 (-0,31%)",44000,0.43,0,0.0,0,0.0,9.56,9.77,9.56
QCG,28/09/2026,9.78,9.78,"+0,05 (+0,51%)",75500,0.73,0,0.0,0,0.0,9.74,9.85,9.52
QCG,25/09/2026,9.74,9.74,"-0,04 (-0,41%)",21000,0.21,0,0.0,0,0.0,9.8,9.95,9.7
QCG,24/09/2026,9.79,9.79,"-0,13 (-1,31%)",123400,1.2,0,0.0,0,0.0,9.9,9.98,9.7
QCG,23/09/2026,9.93,9.93,"-0,04 (-0,40%)",38100,0.38,0,0.0,0,0.0,9.95,10.0,9.9
QCG,22/09/2026,9.98,9.98,"+0,01 (+0,10%)",67200,0.67,0,0.0,0,0.0,10.0,10.0,9.95
QCG,21/09/2026,9.99,9.99,"-0,11 (-1,09%)",140400,1.4,0,0.0,0,0.0,10.25,10.25,9.89
QCG,18/09/2026,10.1,10.1,"+0,05 (+0,50%)",35000,0.35,0,0.0,0,0.0,10.3,10.3,10.05
QCG,17/09/2026,10.05,10.05,"+0,05 (+0,50%)",46100,0.47,0,0.0,0,0.0,9.8,10.15,9.8
QCG,16/09/2026,10.0,10.0,"+0,09 (+0,91%)",72900,0.73,0,0.0,0,0.0,10.0,10.1,9.99
QCG,15/09/2026,9.92,9.92,"+0,04 (+0,40%)",46800,0.47,0,0.0,0,0.0,9.91,10.2,9.9
QCG,14/09/2026,9.9,9.9,"-0,34 (-3,32%)",121600,1.22,0,0.0,0,0.0,10.2,10.25,9.9
QCG,11/09/2026,10.25,10.25,"-0,38 (-3,57%)",111100,1.16,0,0.0,0,0.0,10.4,10.6,10.25
QCG,10/09/2026,10.65,10.65,"-0,20 (-1,84%)",94500,1.01,0,0.0,0,0.0,10.85,10.85,10.5
QCG,09/09/2026,10.85,10.85,"-0,10 (-0,91%)",128100,1.4,0,0.0,0,0.0,11.0,11.0,10.85
QNP,06/10/2026,30.4,30.4,"+1,10 (+3,75%)",800,0.02,0,0.0,0,0.0,29.3,30.5,29.3
QNP,05/10/2026,29.3,29.3,"-1,20 (-3,93%)",4800,0.14,0,0.0,0,0.0,29.4,29.5,29.3
QNP,02/10/2026,30.5,30.5,"0 (0,00%)",0,0.0,0,0.0,0,0.0,30.5,30.5,30.5
QNP,01/10/2026,30.5,30.5,"-0,20 (-0,65%)",8600,0.25,0,0.0,0,0.0,29.2,30.5,29.2
QNP,30/09/2026,30.7,30.7,"0 (0,00%)",0,0.0,0,0.0,0,0.0,30.7,30.7,30.7
QNP,29/09/2026,30.7,30.7,"0 (0,00%)",0,0.0,0,0.0,0,0.0,30.7,30.7,30.7
QNP,28/09/2026,30.7,30.7,"0 (0,00%)",0,0.0,0,0.0,0,0.0,30.7,30.7,30.7
QNP,25/09/2026,30.7,30.7,"+0,30 (+0,99%)",300,0.01,0,0.0,0,0.0,30.7,30.7,30.7
QNP,24/09/2026,30.4,30.4,"0 (0,00%)",0,0.0,0,0.0,0,0.0,30.4,30.4,30.4
QNP,23/09/2026,30.4,30.4,"0 (0,00%)",0,0.0,0,0.0,0,0.0,30.4,30.4,30.4
QNP,22/09/2026,30.4,30.4,"-0,60 (-1,94%)",1400,0.04,0,0.0,0,0.0,30.5,30.5,30.0
QNP,21/09/2026,31.0,31.0,"+0,25 (+0,81%)",100,0.0,0,0.0,0,0.0,31.0,31.0,31.0
QNP,18/09/2026,30.75,30.75,"-0,05 (-0,16%)",2400,0.07,0,0.0,0,0.0,30.0,30.75,30.0
QNP,17/09/2026,30.8,30.8,"0 (0,00%)",0,0.0,0,0.0,0,0.0,30.8,30.8,30.8
QNP,16/09/2026,30.8,30.8,"-0,15 (-0,48%)",100,0.0,0,0.0,0,0.0,30.8,30.8,30.8
QNP,15/09/2026,30.95,30.95,"-0,35 (-1,12%)",13900,0.42,0,0.0,0,0.0,30.1,30.95,30.0
QNP,14/09/2026,31.3,31.3,"0 (0,00%)",0,0.0,0,0.0,0,0.0,31.3,31.3,31.3
QNP,11/09/2026,31.3,31.3,"-0,10 (-0,32%)",900,0.03,0,0.0,0,0.0,30.5,31.3,30.5
QNP,10/09/2026,31.4,31.4,"0 (0,00%)",0,0.0,0,0.0,0,0.0,31.4,31.4,31.4
QNP,09/09/2026,31.4,31.4,"0 (0,00%)",0,0.0,0,0.0,0,0.0,31.4,31.4,31.4
RAL,06/10/2026,73.9,73.9,"+0,40 (+0,54%)",1700,0.12,0,0.0,0,0.0,73.0,73.9,72.4
RAL,05/10/2026,73.5,73.5,"0 (0,00%)",1400,0.1,0,0.0,0,0.0,73.5,73.5,73.0
RAL,02/10/2026,73.5,73.5,"-0,50 (-0,68%)",300,0.02,0,0.0,0,0.0,74.0,74.0,73.5
RAL,01/10/2026,74.0,74.0,"+0,50 (+0,68%)",1800,0.13,0,0.0,0,0.0,73.5,74.0,73.5
RAL,30/09/2026,73.5,73.5,"-0,50 (-0,68%)",1300,0.1,0,0.0,0,0.0,74.0,74.0,73.5
RAL,29/09/2026,74.0,74.0,"+0,40 (+0,54%)",4400,0.32,0,0.0,0,0.0,73.2,74.0,73.0
RAL,28/09/2026,73.6,73.6,"-0,60 (-0,81%)",2400,0.18,0,0.0,0,0.0,74.0,74.0,73.5
RAL,25/09/2026,74.2,74.2,"-0,30 (-0,40%)",3300,0.25,0,0.0,0,0.0,74.0,74.5,73.8
RAL,24/09/2026,74.5,74.5,"0 (0,00%)",800,0.06,0,0.0,0,0.0,74.5,74.5,74.1
RAL,23/09/2026,74.5,74.5,"+0,50 (+0,68%)",200,0.01,0,0.0,0,0.0,74.5,74.5,74.5
RAL,22/09/2026,74.0,74.0,"+0,10 (+0,14%)",3300,0.24,0,0.0,0,0.0,73.9,74.0,73.9
RAL,21/09/2026,73.9,73.9,"-0,10 (-0,14%)",4500,0.33,0,0.0,0,0.0,74.1,74.1,73.9
RAL,18/09/2026,74.0,74.0,"-0,10 (-0,13%)",3500,0.26,0,0.0,0,0.0,74.3,74.5,74.0
RAL,17/09/2026,74.1,74.1,"+0,20 (+0,27%)",200,0.01,0,0.0,0,0.0,74.1,74.1,74.1
RAL,16/09/2026,73.9,73.9,"-1,00 (-1,34%)",7900,0.58,0,0.0,0,0.0,74.9,74.9,73.9
RAL,15/09/2026,74.9,74.9,"+0,50 (+0,67%)",1200,0.09,0,0.0,0,0.0,74.8,75.5,74.8
RAL,14/09/2026,74.4,74.4,"-0,60 (-0,80%)",1000,0.07,0,0.0,0,0.0,74.4,74.9,74.4
RAL,11/09/2026,75.0,75.0,"0 (0,00%)",6000,0.45,0,0.0,0,0.0,75.0,75.5,74.9
RAL,10/09/2026,75.0,75.0,"0 (0,00%)",2800,0.21,0,0.0,0,0.0,75.0,75.0,75.0
RAL,09/09/2026,75.0,75.0,"-0,50 (-0,66%)",5600,0.42,0,0.0,0,0.0,75.2,76.0,75.0
REE,06/10/2026,46.0,46.0,"-0,40 (-0,86%)",875400,39.68,0,0.0,0,0.0,46.7,47.0,44.85
REE,05/10/2026,46.4,46.4,"-1,00 (-2,11%)",439900,20.72,0,0.0,0,0.0,47.55,47.9,46.3
REE,02/10/2026,47.4,47.4,"-0,48 (-1,00%)",375500,17.91,0,0.0,0,0.0,47.9,48.05,47.4
REE,01/10/2026,47.9,47.9,"+0,02 (+0,04%)",364600,17.47,0,0.0,0,0.0,48.45,48.5,47.3
REE,30/09/2026,47.9,47.9,"+0,77 (+1,63%)",947600,45.52,0,0.0,0,0.0,47.1,48.45,47.1
REE,29/09/2026,47.15,47.15,"+1,55 (+3,40%)",782300,36.89,0,0.0,0,0.0,45.6,48.1,45.6
REE,28/09/2026,45.6,45.6,"-0,50 (-1,08%)",393800,17.97,0,0.0,0,0.0,46.05,46.1,45.4
REE,25/09/2026,46.1,46.1,"-0,60 (-1,28%)",283300,13.2,0,0.0,0,0.0,46.9,46.9,46.1
REE,24/09/2026,46.7,46.7,"-0,60 (-1,27%)",299400,14.07,0,0.0,0,0.0,47.3,47.3,46.5
REE,23/09/2026,47.3,47.3,"+0,25 (+0,53%)",443800,21.03,0,0.0,0,0.0,47.1,47.65,47.05
REE,22/09/2026,47.05,47.05,"+0,35 (+0,75%)",534800,25.13,0,0.0,0,0.0,46.7,47.65,46.65
REE,21/09/2026,46.7,46.7,"-0,35 (-0,74%)",307200,14.41,0,0.0,0,0.0,47.35,47.35,46.4
REE,18/09/2026,47.05,47.05,"+1,75 (+3,86%)",1001000,46.7,0,0.0,0,0.0,45.7,47.3,45.6
REE,17/09/2026,45.3,45.3,"0 (0,00%)",240800,10.88,0,0.0,0,0.0,45.3,45.45,45.0
REE,16/09/2026,45.3,45.3,"0 (0,00%)",332200,14.99,0,0.0,0,0.0,45.0,45.4,44.95
REE,15/09/2026,45.3,45.3,"+0,30 (+0,67%)",280900,12.7,0,0.0,0,0.0,45.25,45.5,45.0
REE,14/09/2026,45.0,45.0,"+0,05 (+0,11%)",437200,19.67,0,0.0,0,0.0,44.95,45.25,44.85
REE,11/09/2026,44.95,44.95,"-0,55 (-1,21%)",397100,17.9,0,0.0,0,0.0,45.5,45.55,44.9
REE,10/09/2026,45.5,45.5,"+0,10 (+0,22%)",152600,6.95,0,0.0,0,0.0,45.85,45.85,45.4
REE,09/09/2026,45.4,45.4,"-0,25 (-0,55%)",201500,9.18,0,0.0,0,0.0,45.65,45.8,45.3
RYG,06/10/2026,8.35,8.35,"-0,03 (-0,36%)",300,0.0,0,0.0,0,0.0,8.38,8.38,8.0
RYG,05/10/2026,8.38,8.38,"+0,08 (+0,96%)",3500,0.03,0,0.0,0,0.0,8.3,8.58,8.08
RYG,02/10/2026,8.3,8.3,"+0,02 (+0,24%)",100,0.0,0,0.0,0,0.0,8.3,8.3,8.3
RYG,01/10/2026,8.28,8.28,"+0,08 (+0,98%)",4200,0.03,0,0.0,0,0.0,8.35,8.35,7.9
RYG,30/09/2026,8.2,8.2,"-0,18 (-2,15%)",2900,0.02,0,0.0,0,0.0,8.29,8.29,8.1
RYG,29/09/2026,8.38,8.38,"+0,10 (+1,21%)",100,0.0,0,0.0,0,0.0,8.38,8.38,8.38
RYG,28/09/2026,8.28,8.28,"-0,02 (-0,24%)",3600,0.03,0,0.0,0,0.0,8.45,8.45,8.0
RYG,25/09/2026,8.3,8.3,"-0,15 (-1,78%)",8300,0.07,0,0.0,0,0.0,8.4,8.4,8.3
RYG,24/09/2026,8.45,8.45,"+0,26 (+3,17%)",3500,0.03,0,0.0,0,0.0,8.1,8.45,8.1
RYG,23/09/2026,8.19,8.19,"-0,11 (-1,33%)",4600,0.04,0,0.0,0,0.0,8.39,8.39,8.0
RYG,22/09/2026,8.3,8.3,"-0,08 (-0,95%)",403200,3.31,0,0.0,0,0.0,8.45,8.45,8.1
RYG,21/09/2026,8.38,8.38,"-0,07 (-0,83%)",5000,0.04,0,0.0,0,0.0,8.05,8.65,8.0
RYG,18/09/2026,8.45,8.45,"-0,13 (-1,52%)",300,0.0,0,0.0,0,0.0,8.5,8.5,8.45
RYG,17/09/2026,8.58,8.58,"+0,13 (+1,54%)",10600,0.09,0,0.0,0,0.0,8.45,8.58,8.0
RYG,16/09/2026,8.45,8.45,"0 (0,00%)",3100,0.03,0,0.0,0,0.0,8.39,8.45,8.15
RYG,15/09/2026,8.45,8.45,"+0,20 (+2,42%)",9900,0.08,0,0.0,0,0.0,8.25,8.45,7.9
RYG,14/09/2026,8.25,8.25,"-0,14 (-1,67%)",5500,0.04,0,0.0,0,0.0,8.0,8.25,7.93
RYG,11/09/2026,8.39,8.39,"-0,09 (-1,06%)",6000,0.05,0,0.0,0,0.0,8.4,9.07,7.97
RYG,10/09/2026,8.48,8.48,"0 (0,00%)",0,0.0,0,0.0,0,0.0,8.48,8.48,8.48
RYG,09/09/2026,8.48,8.48,"-0,02 (-0,24%)",330100,2.8,0,0.0,0,0.0,8.49,8.49,8.48
S4A,06/10/2026,31.6,31.6,"0 (0,00%)",0,0.0,0,0.0,0,0.0,31.6,31.6,31.6
S4A,05/10/2026,31.6,31.6,"0 (0,00%)",0,0.0,0,0.0,0,0.0,31.6,31.6,31.6
S4A,02/10/2026,31.6,31.6,"0 (0,00%)",0,0.0,0,0.0,0,0.0,31.6,31.6,31.6
S4A,01/10/2026,31.6,31.6,"0 (0,00%)",0,0.0,0,0.0,0,0.0,31.6,31.6,31.6
S4A,30/09/2026,31.6,31.6,"-0,90 (-2,77%)",700,0.02,0,0.0,0,0.0,31.6,31.6,31.6
S4A,29/09/2026,32.5,32.5,"-0,10 (-0,31%)",300,0.01,0,0.0,0,0.0,32.5,32.5,32.5
S4A,28/09/2026,32.6,32.6,"0 (0,00%)",0,0.0,0,0.0,0,0.0,32.6,32.6,32.6
S4A,25/09/2026,32.6,32.6,"+0,60 (+1,88%)",1000,0.03,0,0.0,0,0.0,32.1,32.6,32.1
S4A,24/09/2026,32.0,32.0,"-0,60 (-1,84%)",300,0.01,0,0.0,0,0.0,32.6,32.6,32.0
S4A,23/09/2026,32.6,32.6,"-0,20 (-0,61%)",100,0.0,0,0.0,0,0.0,32.6,32.6,32.6
S4A,22/09/2026,32.8,32.8,"0 (0,00%)",0,0.0,0,0.0,0,0.0,32.8,32.8,32.8
S4A,21/09/2026,32.8,32.8,"0 (0,00%)",0,0.0,0,0.0,0,0.0,32.8,32.8,32.8
S4A,18/09/2026,32.8,32.8,"+1,30 (+4,13%)",200,0.01,0,0.0,0,0.0,32.8,32.8,32.8
S4A,17/09/2026,31.5,31.5,"0 (0,00%)",0,0.0,0,0.0,0,0.0,31.5,31.5,31.5
S4A,16/09/2026,31.5,31.5,"0 (0,00%)",0,0.0,0,0.0,0,0.0,31.5,31.5,31.5
S4A,15/09/2026,31.5,31.5,"0 (0,00%)",0,0.0,0,0.0,0,0.0,31.5,31.5,31.5
S4A,14/09/2026,31.5,31.5,"0 (0,00%)",0,0.0,0,0.0,0,0.0,31.5,31.5,31.5
S4A,11/09/2026,31.5,31.5,"-1,10 (-3,37%)",1300,0.04,0,0.0,0,0.0,31.5,31.5,31.5
S4A,10/09/2026,32.6,32.6,"0 (0,00%)",0,0.0,0,0.0,0,0.0,32.6,32.6,32.6
S4A,09/09/2026,32.6,32.6,"0 (0,00%)",7700,0.25,0,0.0,0,0.0,32.75,32.75,32.6
SAB,06/10/2026,42.55,42.55,"-0,05 (-0,12%)",282500,11.99,120000,5.14,120000,5.14,42.9,42.95,42.15
SAB,05/10/2026,42.6,42.6,"+0,15 (+0,35%)",228100,9.72,0,0.0,0,0.0,42.6,43.0,42.45
SAB,02/10/2026,42.45,42.45,"-0,85 (-1,96%)",573000,24.53,160000,6.98,160000,6.98,43.35,43.4,42.45
SAB,01/10/2026,43.3,43.3,"+0,40 (+0,93%)",398400,17.29,0,0.0,0,0.0,43.0,43.65,42.9
SAB,30/09/2026,42.9,42.9,"-0,15 (-0,35%)",361400,15.55,120000,5.26,120000,5.26,43.1,43.3,42.9
SAB,29/09/2026,43.05,43.05,"-0,30 (-0,69%)",672700,29.04,0,0.0,0,0.0,43.4,43.6,43.0
SAB,28/09/2026,43.35,43.35,"-0,55 (-1,25%)",507900,22.06,0,0.0,0,0.0,44.0,44.0,43.25
SAB,25/09/2026,43.9,43.9,"-0,25 (-0,57%)",274700,12.11,0,0.0,0,0.0,44.25,44.45,43.9
SAB,24/09/2026,44.15,44.15,"-0,05 (-0,11%)",288300,12.72,110000,4.95,110000,4.95,44.5,44.5,43.95
SAB,23/09/2026,44.2,44.2,"-0,45 (-1,01%)",244300,10.83,30000,1.34,30000,1.34,44.55,44.7,44.1
SAB,22/09/2026,44.65,44.65,"+0,80 (+1,82%)",620900,27.55,90000,4.09,90000,4.09,43.8,44.75,43.8
SAB,21/09/2026,43.85,43.85,"-0,45 (-1,02%)",600800,26.45,0,0.0,0,0.0,44.3,44.4,43.8
SAB,18/09/2026,44.3,44.3,"0 (0,00%)",297800,13.27,40000,1.76,40000,1.76,44.3,45.5,44.3
SAB,17/09/2026,44.3,44.3,"+0,20 (+0,45%)",374900,16.65,70000,3.22,70000,3.22,44.1,44.6,44.1
SAB,16/09/2026,44.1,44.1,"-0,45 (-1,01%)",295100,13.12,70000,3.09,70000,3.09,44.65,44.85,44.1
SAB,15/09/2026,44.55,44.55,"-0,20 (-0,45%)",710700,31.98,90000,4.12,90000,4.12,44.75,45.45,44.55
SAB,14/09/2026,44.75,44.75,"+0,90 (+2,05%)",677800,29.96,70000,3.1,70000,3.1,43.85,44.75,43.85
SAB,11/09/2026,43.85,43.85,"-1,00 (-2,23%)",767900,33.84,69000,3.22,69000,3.22,44.6,44.8,43.1
SAB,10/09/2026,44.85,44.85,"+0,20 (+0,45%)",306400,13.74,91000,4.04,91000,4.04,44.7,45.05,44.65
SAB,09/09/2026,44.65,44.65,"-0,30 (-0,67%)",443900,19.87,69000,3.26,69000,3.26,44.95,45.1,44.6
SAM,06/10/2026,6.08,6.08,"0 (0,00%)",83900,0.5,0,0.0,0,0.0,5.96,6.08,5.86
SAM,05/10/2026,6.08,6.08,"-0,01 (-0,16%)",59100,0.35,2750000,16.5,2750000,16.5,6.0,6.1,5.72
SAM,02/10/2026,6.09,6.09,"-0,02 (-0,33%)",36900,0.22,0,0.0,0,0.0,6.03,6.11,5.98
SAM,01/10/2026,6.11,6.11,"+0,01 (+0,16%)",98400,0.59,0,0.0,0,0.0,6.03,6.11,5.9
SAM,30/09/2026,6.1,6.1,"+0,05 (+0,83%)",56400,0.34,90000,0.55,90000,0.55,6.05,6.16,6.0
SAM,29/09/2026,6.05,6.05,"-0,10 (-1,63%)",39300,0.24,0,0.0,0,0.0,6.06,6.18,6.05
SAM,28/09/2026,6.15,6.15,"-0,04 (-0,65%)",84700,0.52,0,0.0,0,0.0,6.2,6.2,6.05
SAM,25/09/2026,6.19,6.19,"+0,04 (+0,65%)",310200,1.91,0,0.0,0,0.0,6.15,6.2,6.11
SAM,24/09/2026,6.15,6.15,"+0,02 (+0,33%)",137600,0.84,0,0.0,0,0.0,6.1,6.15,6.05
SAM,23/09/2026,6.13,6.13,"+0,03 (+0,49%)",98300,0.6,0,0.0,0,0.0,6.1,6.13,6.06
SAM,22/09/2026,6.1,6.1,"0 (0,00%)",77100,0.47,0,0.0,0,0.0,6.1,6.2,6.05
SAM,21/09/2026,6.1,6.1,"-0,10 (-1,61%)",69300,0.42,0,0.0,0,0.0,6.2,6.2,6.06
SAM,18/09/2026,6.2,6.2,"+0,03 (+0,49%)",42200,0.26,0,0.0,0,0.0,6.16,6.2,6.04
SAM,17/09/2026,6.17,6.17,"-0,03 (-0,48%)",27700,0.17,0,0.0,0,0.0,6.19,6.2,6.06
SAM,16/09/2026,6.2,6.2,"0 (0,00%)",125500,0.76,0,0.0,0,0.0,6.15,6.2,6.0
SAM,15/09/2026,6.2,6.2,"+0,12 (+1,97%)",236300,1.44,0,0.0,0,0.0,6.05,6.2,6.03
SAM,14/09/2026,6.08,6.08,"-0,01 (-0,16%)",73200,0.44,9584000,57.5,9584000,57.5,6.08,6.08,6.0
SAM,11/09/2026,6.09,6.09,"-0,01 (-0,16%)",58300,0.35,0,0.0,0,0.0,6.09,6.1,6.0
SAM,10/09/2026,6.1,6.1,"+0,02 (+0,33%)",162500,0.99,0,0.0,0,0.0,6.01,6.1,6.01
SAM,09/09/2026,6.08,6.08,"-0,05 (-0,82%)",32300,0.2,0,0.0,0,0.0,5.95,6.1,5.95
SAV,06/10/2026,12.6,12.6,"0 (0,00%)",0,0.0,0,0.0,0,0.0,12.6,12.6,12.6
SAV,05/10/2026,12.6,12.6,"0 (0,00%)",0,0.0,0,0.0,0,0.0,12.6,12.6,12.6
SAV,02/10/2026,12.6,12.6,"0 (0,00%)",0,0.0,0,0.0,0,0.0,12.6,12.6,12.6
SAV,01/10/2026,12.6,12.6,"0 (0,00%)",0,0.0,0,0.0,0,0.0,12.6,12.6,12.6
SAV,30/09/2026,12.6,12.6,"-0,20 (-1,56%)",700,0.01,0,0.0,0,0.0,12.0,12.6,12.0
SAV,29/09/2026,12.8,12.8,"0 (0,00%)",0,0.0,0,0.0,0,0.0,12.8,12.8,12.8
SAV,28/09/2026,12.8,12.8,"+0,65 (+5,35%)",100,0.0,0,0.0,0,0.0,12.8,12.8,12.8
SAV,25/09/2026,12.15,12.15,"+0,75 (+6,58%)",600,0.01,0,0.0,0,0.0,12.15,12.15,12.0
SAV,24/09/2026,11.4,11.4,"-0,80 (-6,56%)",400,0.0,0,0.0,0,0.0,11.4,11.4,11.4
SAV,23/09/2026,12.2,12.2,"0 (0,00%)",1300,0.02,0,0.0,0,0.0,11.65,12.2,11.65
SAV,22/09/2026,12.2,12.2,"0 (0,00%)",13000,0.16,0,0.0,0,0.0,12.2,12.2,12.2
SAV,21/09/2026,12.2,12.2,"0 (0,00%)",0,0.0,0,0.0,0,0.0,12.2,12.2,12.2
SAV,18/09/2026,12.2,12.2,"-0,25 (-2,01%)",900,0.01,0,0.0,0,0.0,12.45,12.45,12.2
SAV,17/09/2026,12.45,12.45,"0 (0,00%)",0,0.0,0,0.0,0,0.0,12.45,12.45,12.45
SAV,16/09/2026,12.45,12.45,"+0,10 (+0,81%)",1000,0.01,0,0.0,0,0.0,12.2,12.45,12.1
SAV,15/09/2026,12.35,12.35,"0 (0,00%)",0,0.0,0,0.0,0,0.0,12.35,12.35,12.35
SAV,14/09/2026,12.35,12.35,"-0,15 (-1,20%)",300,0.0,0,0.0,0,0.0,12.0,12.35,12.0
SAV,11/09/2026,12.5,12.5,"0 (0,00%)",0,0.0,0,0.0,0,0.0,12.5,12.5,12.5
SAV,10/09/2026,12.5,12.5,"+0,10 (+0,81%)",500,0.01,0,0.0,0,0.0,11.85,12.5,11.8
SAV,09/09/2026,12.4,12.4,"-0,15 (-1,20%)",5000,0.06,0,0.0,0,0.0,12.55,12.6,11.7
SBA,06/10/2026,24.65,24.65,"-0,10 (-0,40%)",11100,0.27,0,0.0,0,0.0,24.0,24.7,24.0
SBA,05/10/2026,24.75,24.75,"+0,45 (+1,85%)",100,0.0,0,0.0,0,0.0,24.75,24.75,24.75
SBA,02/10/2026,24.3,24.3,"-0,30 (-1,22%)",1700,0.04,0,0.0,0,0.0,24.0,24.3,24.0
SBA,01/10/2026,24.6,24.6,"+0,60 (+2,50%)",3700,0.09,0,0.0,0,0.0,24.0,24.8,24.0
SBA,30/09/2026,24.0,24.0,"0 (0,00%)",3800,0.09,0,0.0,0,0.0,24.8,24.8,24.0
SBA,29/09/2026,24.0,24.0,"-0,80 (-3,23%)",1100,0.03,0,0.0,0,0.0,24.0,24.75,24.0
SBA,28/09/2026,24.8,24.8,"+0,50 (+2,06%)",3200,0.08,0,0.0,0,0.0,24.85,25.0,24.3
SBA,25/09/2026,24.3,24.3,"0 (0,00%)",1200,0.03,0,0.0,0,0.0,24.1,24.3,24.1
SBA,24/09/2026,24.3,24.3,"-0,05 (-0,21%)",1600,0.04,0,0.0,0,0.0,24.0,24.3,24.0
SBA,23/09/2026,24.35,24.35,"-0,10 (-0,41%)",6000,0.14,0,0.0,0,0.0,24.0,24.35,23.9
SBA,22/09/2026,24.45,24.45,"0 (0,00%)",0,0.0,0,0.0,0,0.0,24.45,24.45,24.45
SBA,21/09/2026,24.45,24.45,"-0,05 (-0,20%)",900,0.02,0,0.0,0,0.0,24.2,24.45,24.2
SBA,18/09/2026,24.5,24.5,"+0,40 (+1,66%)",8600,0.21,0,0.0,0,0.0,24.0,24.5,24.0
SBA,17/09/2026,24.1,24.1,"-0,40 (-1,63%)",24000,0.57,0,0.0,0,0.0,24.65,24.65,23.9
SBA,16/09/2026,24.5,24.5,"-0,20 (-0,81%)",2200,0.05,0,0.0,0,0.0,24.7,24.7,24.5
SBA,15/09/2026,24.7,24.7,"-0,10 (-0,40%)",100,0.0,0,0.0,0,0.0,24.7,24.7,24.7
SBA,14/09/2026,24.8,24.8,"0 (0,00%)",8200,0.2,0,0.0,0,0.0,24.1,24.8,24.1
SBA,11/09/2026,24.8,24.8,"+0,30 (+1,22%)",1800,0.04,0,0.0,0,0.0,24.3,24.85,24.3
SBA,10/09/2026,24.5,24.5,"-0,35 (-1,41%)",500,0.01,0,0.0,0,0.0,24.5,24.5,24.5
SBA,09/09/2026,24.85,24.85,"0 (0,00%)",3900,0.1,0,0.0,0,0.0,24.6,24.85,24.6
SBG,06/10/2026,14.1,14.1,"-0,10 (-0,70%)",150000,2.11,0,0.0,0,0.0,14.2,14.2,14.0
SBG,05/10/2026,14.2,14.2,"+0,25 (+1,79%)",276900,3.87,0,0.0,0,0.0,14.0,14.25,13.75
SBG,02/10/2026,13.95,13.95,"-0,15 (-1,06%)",190100,2.65,0,0.0,0,0.0,14.1,14.15,13.8
SBG,01/10/2026,14.1,14.1,"+0,15 (+1,08%)",223100,3.11,0,0.0,0,0.0,13.9,14.1,13.9
SBG,30/09/2026,13.95,13.95,"-0,40 (-2,79%)",293000,4.12,0,0.0,0,0.0,14.35,14.35,13.95
SBG,29/09/2026,14.35,14.35,"-0,10 (-0,69%)",217600,3.14,0,0.0,0,0.0,14.6,14.65,14.3
SBG,28/09/2026,14.45,14.45,"+0,35 (+2,48%)",401900,5.76,0,0.0,0,0.0,14.05,14.5,14.05
SBG,25/09/2026,14.1,14.1,"-0,05 (-0,35%)",242900,3.41,0,0.0,0,0.0,14.05,14.15,13.9
SBG,24/09/2026,14.15,14.15,"-0,05 (-0,35%)",335900,4.74,0,0.0,0,0.0,14.2,14.3,14.05
SBG,23/09/2026,14.2,14.2,"+0,25 (+1,79%)",377400,5.33,0,0.0,0,0.0,13.95,14.3,13.9
SBG,22/09/2026,13.95,13.95,"+0,10 (+0,72%)",193400,2.68,0,0.0,0,0.0,14.0,14.0,13.8
SBG,21/09/2026,13.85,13.85,"+0,10 (+0,73%)",274800,3.78,0,0.0,0,0.0,13.6,13.95,13.55
SBG,18/09/2026,13.75,13.75,"-0,10 (-0,72%)",193700,2.67,0,0.0,0,0.0,13.8,13.95,13.7
SBG,17/09/2026,13.85,13.85,"-0,10 (-0,72%)",210400,2.93,0,0.0,0,0.0,13.95,14.1,13.75
SBG,16/09/2026,13.95,13.95,"-0,05 (-0,36%)",202100,2.82,0,0.0,0,0.0,14.05,14.1,13.85
SBG,15/09/2026,14.0,14.0,"+0,30 (+2,19%)",284200,3.93,0,0.0,0,0.0,13.65,14.05,13.55
SBG,14/09/2026,13.7,13.7,"0 (0,00%)",208900,2.85,0,0.0,0,0.0,13.65,13.8,13.5
SBG,11/09/2026,13.7,13.7,"-0,10 (-0,72%)",166000,2.27,0,0.0,0,0.0,13.7,13.85,13.6
SBG,10/09/2026,13.8,13.8,"+0,05 (+0,36%)",233700,3.21,0,0.0,0,0.0,13.65,13.9,13.6
SBG,09/09/2026,13.75,13.75,"-0,40 (-2,83%)",280200,3.86,0,0.0,0,0.0,14.1,14.1,13.6
SBT,06/10/2026,22.9,22.9,"+0,40 (+1,78%)",1282700,29.36,0,0.0,0,0.0,22.5,23.1,22.45
SBT,05/10/2026,22.5,22.5,"+0,20 (+0,90%)",1400700,31.37,4500000,98.1,4500000,98.1,22.3,22.55,22.2
SBT,02/10/2026,22.3,22.3,"-0,30 (-1,33%)",1216000,27.23,8444874,179.28,8444874,179.28,22.6,22.6,22.25
SBT,01/10/2026,22.6,22.6,"-0,15 (-0,66%)",1067000,24.12,24037493,509.59,24037493,509.59,22.75,22.75,22.5
SBT,30/09/2026,22.75,22.75,"-0,25 (-1,09%)",1082500,24.79,0,0.0,0,0.0,23.0,23.05,22.75
SBT,29/09/2026,23.0,23.0,"+0,25 (+1,10%)",1495500,34.35,0,0.0,0,0.0,22.75,23.3,22.65
SBT,28/09/2026,22.75,22.75,"0 (0,00%)",1057200,23.93,0,0.0,0,0.0,22.75,22.75,22.55
SBT,25/09/2026,22.75,22.75,"+0,15 (+0,66%)",1074500,24.34,12666816,266.64,12666816,266.64,22.6,22.75,22.55
SBT,24/09/2026,22.6,22.6,"-0,10 (-0,44%)",1079900,24.31,0,0.0,0,0.0,22.7,22.7,22.25
SBT,23/09/2026,22.7,22.7,"+0,10 (+0,44%)",1137500,25.78,8655126,183.49,8655126,183.49,22.6,22.75,22.5
SBT,22/09/2026,22.6,22.6,"-0,10 (-0,44%)",1105200,25.01,7610000,165.2,7610000,165.2,22.7,22.8,22.55
SBT,21/09/2026,22.7,22.7,"-0,50 (-2,16%)",1104500,25.33,16300000,400.98,16300000,400.98,23.2,23.2,22.7
SBT,18/09/2026,23.2,23.2,"+0,20 (+0,87%)",1783600,41.19,0,0.0,0,0.0,22.95,23.2,22.85
SBT,17/09/2026,23.0,23.0,"0 (0,00%)",1108800,25.59,4958504,121.98,4958504,121.98,23.0,23.25,22.85
SBT,16/09/2026,23.0,23.0,"0 (0,00%)",1293200,29.82,15366699,378.02,15366699,378.02,23.0,23.3,22.8
SBT,15/09/2026,23.0,23.0,"+0,10 (+0,44%)",1083800,24.86,0,0.0,0,0.0,22.9,23.05,22.8
SBT,14/09/2026,22.9,22.9,"0 (0,00%)",1126300,25.64,0,0.0,0,0.0,22.9,22.9,22.55
SBT,11/09/2026,22.9,22.9,"-0,15 (-0,65%)",1072200,24.53,0,0.0,0,0.0,23.05,23.05,22.75
SBT,10/09/2026,23.05,23.05,"+0,05 (+0,22%)",1584100,36.6,18372683,451.97,18372683,451.97,23.0,23.45,22.75
SBT,09/09/2026,23.0,23.0,"+0,20 (+0,88%)",1197700,27.41,0,0.0,0,0.0,22.8,23.0,22.65
SBV,06/10/2026,6.28,6.28,"-0,01 (-0,16%)",1000,0.01,0,0.0,0,0.0,6.28,6.28,6.28
SBV,05/10/2026,6.29,6.29,"+0,04 (+0,64%)",100,0.0,0,0.0,0,0.0,6.29,6.29,6.29
SBV,02/10/2026,6.25,6.25,"0 (0,00%)",0,0.0,0,0.0,0,0.0,6.25,6.25,6.25
SBV,01/10/2026,6.25,6.25,"-0,03 (-0,48%)",200,0.0,0,0.0,0,0.0,6.0,6.25,6.0
SBV,30/09/2026,6.28,6.28,"+0,12 (+1,95%)",300,0.0,0,0.0,0,0.0,6.28,6.28,5.8
SBV,29/09/2026,6.16,6.16,"-0,02 (-0,32%)",200,0.0,0,0.0,0,0.0,6.16,6.16,6.16
SBV,28/09/2026,6.18,6.18,"0 (0,00%)",0,0.0,0,0.0,0,0.0,6.18,6.18,6.18
SBV,25/09/2026,6.18,6.18,"-0,02 (-0,32%)",2500,0.01,0,0.0,0,0.0,6.29,6.29,5.78
SBV,24/09/2026,6.2,6.2,"-0,13 (-2,05%)",300,0.0,0,0.0,0,0.0,5.9,6.2,5.9
SBV,23/09/2026,6.33,6.33,"0 (0,00%)",0,0.0,0,0.0,0,0.0,6.33,6.33,6.33
SBV,22/09/2026,6.33,6.33,"0 (0,00%)",0,0.0,0,0.0,0,0.0,6.33,6.33,6.33
SBV,21/09/2026,6.33,6.33,"0 (0,00%)",0,0.0,0,0.0,0,0.0,6.33,6.33,6.33
SBV,18/09/2026,6.33,6.33,"+0,11 (+1,77%)",300,0.0,0,0.0,0,0.0,6.25,6.33,6.25
SBV,17/09/2026,6.22,6.22,"-0,01 (-0,16%)",600,0.0,0,0.0,0,0.0,5.8,6.22,5.8
SBV,16/09/2026,6.23,6.23,"-0,05 (-0,80%)",500,0.0,0,0.0,0,0.0,6.23,6.23,6.23
SBV,15/09/2026,6.28,6.28,"0 (0,00%)",0,0.0,0,0.0,0,0.0,6.28,6.28,6.28
SBV,14/09/2026,6.28,6.28,"0 (0,00%)",400,0.0,0,0.0,0,0.0,6.28,6.28,6.28
SBV,11/09/2026,6.28,6.28,"+0,20 (+3,29%)",1000,0.01,0,0.0,0,0.0,6.0,6.29,5.68
SBV,10/09/2026,6.08,6.08,"0 (0,00%)",0,0.0,0,0.0,0,0.0,6.08,6.08,6.08
SBV,09/09/2026,6.08,6.08,"0 (0,00%)",0,0.0,0,0.0,0,0.0,6.08,6.08,6.08
SC5,06/10/2026,15.9,15.9,"+1,00 (+6,71%)",100,0.0,0,0.0,0,0.0,15.9,15.9,15.9
SC5,05/10/2026,14.9,14.9,"+0,90 (+6,43%)",25300,0.35,0,0.0,0,0.0,14.95,14.95,13.75
SC5,02/10/2026,14.0,14.0,"-0,80 (-5,41%)",100,0.0,0,0.0,0,0.0,14.0,14.0,14.0
SC5,01/10/2026,14.8,14.8,"0 (0,00%)",0,0.0,0,0.0,0,0.0,14.8,14.8,14.8
SC5,30/09/2026,14.8,14.8,"0 (0,00%)",0,0.0,0,0.0,0,0.0,14.8,14.8,14.8
SC5,29/09/2026,14.8,14.8,"0 (0,00%)",0,0.0,0,0.0,0,0.0,14.8,14.8,14.8
SC5,28/09/2026,14.8,14.8,"0 (0,00%)",200,0.0,0,0.0,0,0.0,14.8,14.8,14.8
SC5,25/09/2026,14.8,14.8,"0 (0,00%)",0,0.0,0,0.0,0,0.0,14.8,14.8,14.8
SC5,24/09/2026,14.8,14.8,"0 (0,00%)",0,0.0,0,0.0,0,0.0,14.8,14.8,14.8
SC5,23/09/2026,14.8,14.8,"+0,25 (+1,72%)",400,0.01,0,0.0,0,0.0,14.8,14.8,14.8
SC5,22/09/2026,14.55,14.55,"0 (0,00%)",0,0.0,0,0.0,0,0.0,14.55,14.55,14.55
SC5,21/09/2026,14.55,14.55,"0 (0,00%)",0,0.0,0,0.0,0,0.0,14.55,14.55,14.55
SC5,18/09/2026,14.55,14.55,"-0,95 (-6,13%)",100,0.0,0,0.0,0,0.0,14.55,14.55,14.55
SC5,17/09/2026,15.5,15.5,"0 (0,00%)",0,0.0,0,0.0,0,0.0,15.5,15.5,15.5
SC5,16/09/2026,15.5,15.5,"-1,15 (-6,91%)",200,0.0,0,0.0,0,0.0,15.5,15.5,15.5
SC5,15/09/2026,16.65,16.65,"0 (0,00%)",0,0.0,0,0.0,0,0.0,16.65,16.65,16.65
SC5,14/09/2026,16.65,16.65,"0 (0,00%)",0,0.0,0,0.0,0,0.0,16.65,16.65,16.65
SC5,11/09/2026,16.65,16.65,"0 (0,00%)",0,0.0,0,0.0,0,0.0,16.65,16.65,16.65
SC5,10/09/2026,16.65,16.65,"0 (0,00%)",0,0.0,0,0.0,0,0.0,16.65,16.65,16.65
SC5,09/09/2026,16.65,16.65,"0 (0,00%)",0,0.0,0,0.0,0,0.0,16.65,16.65,16.65
SCR,06/10/2026,3.93,3.93,"-0,01 (-0,25%)",1972200,7.63,0,0.0,0,0.0,3.92,3.94,3.8
SCR,05/10/2026,3.94,3.94,"-0,04 (-1,01%)",982100,3.9,0,0.0,0,0.0,3.98,4.03,3.93
SCR,02/10/2026,3.98,3.98,"+0,08 (+2,05%)",1977900,7.84,0,0.0,0,0.0,3.91,3.99,3.9
SCR,01/10/2026,3.9,3.9,"-0,01 (-0,26%)",1709800,6.73,3750500,14.66,3750500,14.66,3.9,4.01,3.88
SCR,30/09/2026,3.91,3.91,"-0,01 (-0,26%)",1476600,5.81,0,0.0,0,0.0,3.92,4.0,3.9
SCR,29/09/2026,3.92,3.92,"+0,05 (+1,29%)",1941500,7.56,0,0.0,0,0.0,3.86,3.93,3.86
SCR,28/09/2026,3.87,3.87,"-0,12 (-3,01%)",1132500,4.4,3750500,14.96,3750500,14.96,3.96,4.03,3.81
SCR,25/09/2026,3.99,3.99,"-0,06 (-1,48%)",808200,3.24,350000,1.33,350000,1.33,4.08,4.08,3.99
SCR,24/09/2026,4.05,4.05,"-0,07 (-1,70%)",524500,2.13,0,0.0,0,0.0,4.12,4.12,4.03
SCR,23/09/2026,4.12,4.12,"0 (0,00%)",820700,3.36,0,0.0,0,0.0,4.12,4.14,4.07
SCR,22/09/2026,4.12,4.12,"-0,06 (-1,44%)",573300,2.37,0,0.0,0,0.0,4.18,4.18,4.11
SCR,21/09/2026,4.18,4.18,"0 (0,00%)",451100,1.88,0,0.0,0,0.0,4.14,4.24,4.13
SCR,18/09/2026,4.18,4.18,"0 (0,00%)",761100,3.18,0,0.0,0,0.0,4.21,4.22,4.15
SCR,17/09/2026,4.18,4.18,"+0,06 (+1,46%)",934500,3.89,0,0.0,0,0.0,4.06,4.23,4.06
SCR,16/09/2026,4.12,4.12,"0 (0,00%)",695500,2.86,0,0.0,0,0.0,4.12,4.16,4.09
SCR,15/09/2026,4.12,4.12,"-0,02 (-0,48%)",522500,2.16,0,0.0,0,0.0,4.15,4.19,4.1
SCR,14/09/2026,4.14,4.14,"-0,09 (-2,13%)",822300,3.4,0,0.0,0,0.0,4.11,4.2,4.08
SCR,11/09/2026,4.23,4.23,"-0,18 (-4,08%)",1260000,5.43,0,0.0,0,0.0,4.4,4.4,4.23
SCR,10/09/2026,4.41,4.41,"-0,04 (-0,90%)",1020900,4.5,0,0.0,0,0.0,4.48,4.48,4.36
SCR,09/09/2026,4.45,4.45,"0 (0,00%)",1664100,7.39,0,0.0,0,0.0,4.5,4.5,4.42
SCS,06/10/2026,43.2,43.2,"+0,10 (+0,23%)",85100,3.67,0,0.0,0,0.0,43.5,43.6,42.95
SCS,05/10/2026,43.1,43.1,"-0,30 (-0,69%)",79400,3.43,0,0.0,0,0.0,43.3,43.6,43.05
SCS,02/10/2026,43.4,43.4,"-0,40 (-0,91%)",75300,3.28,0,0.0,0,0.0,43.8,43.9,43.35
SCS,01/10/2026,43.8,43.8,"-0,05 (-0,11%)",28700,1.26,0,0.0,0,0.0,43.9,43.95,43.75
SCS,30/09/2026,43.85,43.85,"-0,05 (-0,11%)",31900,1.4,0,0.0,0,0.0,44.0,44.0,43.85
SCS,29/09/2026,43.9,43.9,"+0,30 (+0,69%)",80600,3.54,0,0.0,0,0.0,43.6,44.1,43.6
SCS,28/09/2026,43.6,43.6,"-0,70 (-1,58%)",111600,4.92,0,0.0,0,0.0,44.3,44.6,43.6
SCS,25/09/2026,44.3,44.3,"-0,05 (-0,11%)",40700,1.8,0,0.0,0,0.0,44.3,44.6,44.15
SCS,24/09/2026,44.35,44.35,"-0,30 (-0,67%)",56600,2.52,0,0.0,0,0.0,44.65,44.8,44.25
SCS,23/09/2026,44.65,44.65,"+0,30 (+0,68%)",66200,2.96,52000,2.18,52000,2.18,44.4,44.95,44.4
SCS,22/09/2026,44.35,44.35,"+0,20 (+0,45%)",72600,3.22,50000,2.1,50000,2.1,44.4,44.5,44.1
SCS,21/09/2026,44.15,44.15,"-0,65 (-1,45%)",70000,3.11,50000,2.1,50000,2.1,44.8,44.8,44.15
SCS,18/09/2026,44.8,44.8,"0 (0,00%)",52600,2.36,0,0.0,0,0.0,44.9,44.95,44.65
SCS,17/09/2026,44.8,44.8,"+0,70 (+1,59%)",87900,3.91,0,0.0,0,0.0,44.25,44.8,44.1
SCS,16/09/2026,44.1,44.1,"+0,75 (+1,73%)",72500,3.18,82000,3.32,82000,3.32,43.35,44.15,43.35
SCS,15/09/2026,43.35,43.35,"+0,70 (+1,64%)",140900,6.08,80000,3.36,80000,3.36,42.8,43.5,42.8
SCS,14/09/2026,42.65,42.65,"-0,10 (-0,23%)",94900,4.07,80000,3.36,80000,3.36,42.75,43.1,42.65
SCS,11/09/2026,42.75,42.75,"-0,20 (-0,47%)",81000,3.47,0,0.0,0,0.0,43.0,43.25,42.75
SCS,10/09/2026,42.95,42.95,"-0,25 (-0,58%)",117700,5.07,0,0.0,0,0.0,43.25,43.35,42.95
SCS,09/09/2026,43.2,43.2,"-0,60 (-1,37%)",155500,6.74,50000,2.1,50000,2.1,43.8,43.8,43.2
SFC,06/10/2026,18.2,18.2,"0 (0,00%)",0,0.0,0,0.0,0,0.0,18.2,18.2,18.2
SFC,05/10/2026,18.2,18.2,"0 (0,00%)",0,0.0,0,0.0,0,0.0,18.2,18.2,18.2
SFC,02/10/2026,18.2,18.2,"0 (0,00%)",0,0.0,0,0.0,0,0.0,18.2,18.2,18.2
SFC,01/10/2026,18.2,18.2,"+1,10 (+6,43%)",1600,0.03,0,0.0,0,0.0,18.2,18.2,18.2
SFC,30/09/2026,17.1,17.1,"0 (0,00%)",0,0.0,0,0.0,0,0.0,17.1,17.1,17.1
SFC,29/09/2026,17.1,17.1,"0 (0,00%)",0,0.0,0,0.0,0,0.0,17.1,17.1,17.1
SFC,28/09/2026,17.1,17.1,"0 (0,00%)",0,0.0,0,0.0,0,0.0,17.1,17.1,17.1
SFC,25/09/2026,17.1,17.1,"+1,10 (+6,88%)",800,0.01,0,0.0,0,0.0,16.0,17.1,16.0
SFC,24/09/2026,16.0,16.0,"0 (0,00%)",0,0.0,0,0.0,0,0.0,16.0,16.0,16.0
SFC,23/09/2026,16.0,16.0,"0 (0,00%)",0,0.0,0,0.0,0,0.0,16.0,16.0,16.0
SFC,22/09/2026,16.0,16.0,"0 (0,00%)",0,0.0,0,0.0,0,0.0,16.0,16.0,16.0
SFC,21/09/2026,16.0,16.0,"0 (0,00%)",0,0.0,0,0.0,0,0.0,16.0,16.0,16.0
SFC,18/09/2026,16.0,16.0,"0 (0,00%)",0,0.0,0,0.0,0,0.0,16.0,16.0,16.0
SFC,17/09/2026,16.0,16.0,"0 (0,00%)",0,0.0,0,0.0,0,0.0,16.0,16.0,16.0
SFC,16/09/2026,16.0,16.0,"-1,00 (-5,88%)",700,0.01,0,0.0,0,0.0,17.0,17.0,16.0
SFC,15/09/2026,17.0,17.0,"+0,50 (+3,03%)",3000,0.05,0,0.0,0,0.0,17.0,17.0,17.0
SFC,14/09/2026,16.5,16.5,"0 (0,00%)",0,0.0,0,0.0,0,0.0,16.5,16.5,16.5
SFC,11/09/2026,16.5,16.5,"0 (0,00%)",0,0.0,0,0.0,0,0.0,16.5,16.5,16.5
SFC,10/09/2026,16.5,16.5,"0 (0,00%)",0,0.0,0,0.0,0,0.0,16.5,16.5,16.5
SFC,09/09/2026,16.5,16.5,"0 (0,00%)",0,0.0,0,0.0,0,0.0,16.5,16.5,16.5
SFG,06/10/2026,10.45,10.45,"+0,01 (+0,10%)",0,0.0,0,0.0,0,0.0,10.45,10.45,10.45
SFG,05/10/2026,10.45,10.45,"+0,01 (+0,10%)",0,0.0,0,0.0,0,0.0,10.45,10.45,10.45
SFG,02/10/2026,10.45,10.45,"+0,01 (+0,10%)",0,0.0,0,0.0,0,0.0,10.45,10.45,10.45
SFG,01/10/2026,10.45,10.45,"+0,01 (+0,10%)",0,0.0,0,0.0,0,0.0,10.45,10.45,10.45
SFG,30/09/2026,10.45,10.45,"+0,01 (+0,10%)",0,0.0,0,0.0,0,0.0,10.45,10.45,10.45
SFG,29/09/2026,10.45,10.45,"+0,45 (+4,50%)",2100,0.02,0,0.0,0,0.0,10.6,10.6,9.9
SFG,28/09/2026,10.0,10.0,"-0,44 (-4,22%)",1000,0.01,0,0.0,0,0.0,10.0,10.0,10.0
SFG,25/09/2026,10.45,10.45,"-0,04 (-0,38%)",200,0.0,0,0.0,0,0.0,10.45,10.45,10.45
SFG,24/09/2026,10.5,10.5,"+0,11 (+1,06%)",2600,0.03,0,0.0,0,0.0,10.95,10.95,9.69
SFG,23/09/2026,10.4,10.4,"+0,01 (+0,10%)",0,0.0,0,0.0,0,0.0,10.4,10.4,10.4
SFG,22/09/2026,10.4,10.4,"+0,01 (+0,10%)",100,0.0,0,0.0,0,0.0,10.4,10.4,10.4
SFG,21/09/2026,10.4,10.4,"-0,08 (-0,76%)",8500,0.08,0,0.0,0,0.0,9.95,10.4,9.95
SFG,18/09/2026,10.5,10.5,"+0,02 (+0,19%)",0,0.0,0,0.0,0,0.0,10.5,10.5,10.5
SFG,17/09/2026,10.5,10.5,"+0,50 (+5,00%)",300,0.0,0,0.0,0,0.0,10.6,10.6,10.5
SFG,16/09/2026,10.0,10.0,"-0,34 (-3,29%)",4600,0.05,0,0.0,0,0.0,10.7,10.7,10.0
SFG,15/09/2026,10.35,10.35,"+0,30 (+2,99%)",1200,0.01,0,0.0,0,0.0,10.65,10.65,9.9
SFG,14/09/2026,10.05,10.05,"-0,43 (-4,10%)",2300,0.02,0,0.0,0,0.0,10.9,10.9,10.05
SFG,11/09/2026,10.5,10.5,"-0,25 (-2,33%)",100,0.0,0,0.0,0,0.0,10.5,10.5,10.5
SFG,10/09/2026,10.75,10.75,"0 (0,00%)",0,0.0,0,0.0,0,0.0,10.75,10.75,10.75
SFG,09/09/2026,10.75,10.75,"0 (0,00%)",0,0.0,0,0.0,0,0.0,10.75,10.75,10.75
SFI,06/10/2026,25.35,25.35,"0 (0,00%)",0,0.0,0,0.0,0,0.0,25.35,25.35,25.35
SFI,05/10/2026,25.35,25.35,"+0,05 (+0,20%)",300,0.01,0,0.0,0,0.0,25.35,25.35,25.35
SFI,02/10/2026,25.3,25.3,"-0,20 (-0,78%)",2300,0.06,0,0.0,0,0.0,25.5,25.5,25.3
SFI,01/10/2026,25.5,25.5,"0 (0,00%)",200,0.01,0,0.0,0,0.0,25.5,25.5,25.5
SFI,30/09/2026,25.5,25.5,"0 (0,00%)",0,0.0,0,0.0,0,0.0,25.5,25.5,25.5
SFI,29/09/2026,25.5,25.5,"0 (0,00%)",300,0.01,0,0.0,0,0.0,25.5,25.5,25.5
SFI,28/09/2026,25.5,25.5,"0 (0,00%)",0,0.0,0,0.0,0,0.0,25.5,25.5,25.5
SFI,25/09/2026,25.5,25.5,"0 (0,00%)",0,0.0,0,0.0,0,0.0,25.5,25.5,25.5
SFI,24/09/2026,25.5,25.5,"0 (0,00%)",0,0.0,0,0.0,0,0.0,25.5,25.5,25.5
SFI,23/09/2026,25.5,25.5,"-0,50 (-1,92%)",100,0.0,0,0.0,0,0.0,25.5,25.5,25.5
SFI,22/09/2026,26.0,26.0,"0 (0,00%)",0,0.0,0,0.0,0,0.0,26.0,26.0,26.0
SFI,21/09/2026,26.0,26.0,"-0,20 (-0,76%)",400,0.01,0,0.0,0,0.0,26.2,26.2,26.0
SFI,18/09/2026,26.2,26.2,"+0,10 (+0,38%)",4800,0.13,20000,0.49,20000,0.49,26.1,27.1,26.1
SFI,17/09/2026,26.1,26.1,"+0,10 (+0,38%)",300,0.01,0,0.0,0,0.0,26.1,26.1,26.1
SFI,16/09/2026,26.0,26.0,"-1,40 (-5,11%)",200,0.01,0,0.0,0,0.0,26.0,26.0,26.0
SFI,15/09/2026,27.4,27.4,"0 (0,00%)",0,0.0,0,0.0,0,0.0,27.4,27.4,27.4
SFI,14/09/2026,27.4,27.4,"0 (0,00%)",0,0.0,0,0.0,0,0.0,27.4,27.4,27.4
SFI,11/09/2026,27.4,27.4,"0 (0,00%)",0,0.0,0,0.0,0,0.0,27.4,27.4,27.4
SFI,10/09/2026,27.4,27.4,"0 (0,00%)",0,0.0,0,0.0,0,0.0,27.4,27.4,27.4
SFI,09/09/2026,27.4,27.4,"0 (0,00%)",0,0.0,0,0.0,0,0.0,27.4,27.4,27.4
SGN,06/10/2026,50.0,50.0,"-0,88 (-1,73%)",6900,0.35,0,0.0,0,0.0,51.0,51.1,50.0
SGN,05/10/2026,50.9,50.9,"-0,27 (-0,53%)",3500,0.18,0,0.0,0,0.0,51.2,51.3,50.9
SGN,02/10/2026,51.2,51.2,"+0,12 (+0,23%)",3300,0.17,0,0.0,0,0.0,51.4,51.4,51.0
SGN,01/10/2026,51.1,51.1,"-0,90 (-1,73%)",7000,0.36,0,0.0,0,0.0,51.5,51.5,51.1
SGN,30/09/2026,52.0,52.0,"+0,50 (+0,97%)",2700,0.14,0,0.0,0,0.0,51.5,52.0,51.4
SGN,29/09/2026,51.5,51.5,"-0,77 (-1,47%)",1400,0.07,0,0.0,0,0.0,52.2,52.2,51.5
SGN,28/09/2026,52.3,52.3,"-0,08 (-0,15%)",14500,0.75,0,0.0,0,0.0,51.8,52.3,51.0
SGN,25/09/2026,52.4,52.4,"+0,40 (+0,77%)",2800,0.14,0,0.0,0,0.0,51.5,52.4,51.5
SGN,24/09/2026,52.0,52.0,"-0,38 (-0,73%)",7200,0.38,0,0.0,0,0.0,52.4,52.5,52.0
SGN,23/09/2026,52.4,52.4,"-0,08 (-0,15%)",7800,0.41,0,0.0,0,0.0,52.5,52.5,51.2
SGN,22/09/2026,52.5,52.5,"+0,02 (+0,04%)",2200,0.12,0,0.0,0,0.0,52.4,52.5,52.4
SGN,21/09/2026,52.5,52.5,"+0,02 (+0,04%)",5700,0.3,0,0.0,0,0.0,52.4,52.5,51.8
SGN,18/09/2026,52.5,52.5,"-0,27 (-0,51%)",6800,0.36,0,0.0,0,0.0,52.5,52.8,52.5
SGN,17/09/2026,52.8,52.8,"+0,02 (+0,04%)",6100,0.32,0,0.0,0,0.0,52.6,52.8,52.5
SGN,16/09/2026,52.8,52.8,"+0,32 (+0,61%)",100,0.01,0,0.0,0,0.0,52.8,52.8,52.8
SGN,15/09/2026,52.5,52.5,"+0,02 (+0,04%)",9100,0.48,0,0.0,0,0.0,52.4,52.8,51.0
SGN,14/09/2026,52.5,52.5,"-0,08 (-0,15%)",8600,0.45,0,0.0,0,0.0,52.5,52.7,52.4
SGN,11/09/2026,52.6,52.6,"-0,60 (-1,13%)",27000,1.42,0,0.0,0,0.0,53.3,53.3,52.5
SGN,10/09/2026,53.2,53.2,"+0,10 (+0,19%)",5700,0.3,0,0.0,0,0.0,53.0,53.5,52.8
SGN,09/09/2026,53.1,53.1,"-0,30 (-0,56%)",10600,0.56,0,0.0,0,0.0,53.0,53.4,52.5
SGR,06/10/2026,9.97,9.97,"-0,71 (-6,65%)",64600,0.66,0,0.0,0,0.0,10.35,10.65,9.97
SGR,05/10/2026,10.7,10.7,"+0,07 (+0,66%)",65100,0.69,0,0.0,0,0.0,10.45,10.7,10.3
SGR,02/10/2026,10.65,10.65,"-0,03 (-0,28%)",74800,0.8,0,0.0,0,0.0,10.5,10.7,10.45
SGR,01/10/2026,10.7,10.7,"+0,02 (+0,19%)",38100,0.41,0,0.0,0,0.0,10.75,10.75,10.5
SGR,30/09/2026,10.7,10.7,"+0,02 (+0,19%)",38200,0.41,0,0.0,0,0.0,10.65,10.7,10.4
SGR,29/09/2026,10.7,10.7,"+0,02 (+0,19%)",47100,0.5,0,0.0,0,0.0,10.7,10.75,10.5
SGR,28/09/2026,10.7,10.7,"+0,12 (+1,13%)",92900,0.98,0,0.0,0,0.0,10.45,10.7,10.45
SGR,25/09/2026,10.6,10.6,"+0,12 (+1,14%)",68600,0.73,0,0.0,0,0.0,10.5,10.95,10.4
SGR,24/09/2026,10.5,10.5,"+0,11 (+1,06%)",63100,0.66,0,0.0,0,0.0,10.3,10.5,10.2
SGR,23/09/2026,10.4,10.4,"+0,06 (+0,58%)",39700,0.41,0,0.0,0,0.0,10.35,10.4,10.0
SGR,22/09/2026,10.35,10.35,"+0,06 (+0,58%)",41300,0.42,0,0.0,0,0.0,10.3,10.35,10.05
SGR,21/09/2026,10.3,10.3,"+0,01 (+0,10%)",41300,0.42,0,0.0,0,0.0,10.35,10.4,10.2
SGR,18/09/2026,10.3,10.3,"+0,20 (+1,98%)",56500,0.58,0,0.0,0,0.0,10.1,10.4,10.05
SGR,17/09/2026,10.1,10.1,"+0,17 (+1,71%)",44900,0.45,0,0.0,0,0.0,9.94,10.1,9.94
SGR,16/09/2026,9.94,9.94,"+0,01 (+0,10%)",75300,0.75,0,0.0,0,0.0,9.94,9.94,9.8
SGR,15/09/2026,9.94,9.94,"-0,03 (-0,30%)",89600,0.89,0,0.0,0,0.0,9.9,9.95,9.61
SGR,14/09/2026,9.97,9.97,"0 (0,00%)",42000,0.41,0,0.0,0,0.0,9.97,9.97,9.4
SGR,11/09/2026,9.99,9.99,"-0,01 (-0,10%)",28300,0.28,0,0.0,0,0.0,10.0,10.0,9.8
SGR,10/09/2026,10.0,10.0,"+0,12 (+1,21%)",37000,0.37,0,0.0,0,0.0,9.9,10.0,9.85
SGR,09/09/2026,9.9,9.9,"-0,15 (-1,49%)",6300,0.06,0,0.0,0,0.0,10.05,10.05,9.88
SGT,06/10/2026,8.9,8.9,"0 (0,00%)",300,0.0,0,0.0,0,0.0,8.9,8.9,8.9
SGT,05/10/2026,8.9,8.9,"-0,10 (-1,11%)",11800,0.1,0,0.0,0,0.0,8.66,9.0,8.4
SGT,02/10/2026,9.0,9.0,"0 (0,00%)",0,0.0,0,0.0,0,0.0,9.0,9.0,9.0
SGT,01/10/2026,9.0,9.0,"0 (0,00%)",3900,0.04,0,0.0,0,0.0,9.01,9.5,9.0
SGT,30/09/2026,9.0,9.0,"+0,44 (+5,14%)",60700,0.52,0,0.0,0,0.0,8.52,9.0,8.5
SGT,29/09/2026,8.56,8.56,"+0,01 (+0,12%)",20600,0.18,0,0.0,0,0.0,8.6,8.6,8.5
SGT,28/09/2026,8.55,8.55,"-0,45 (-5,00%)",31700,0.27,0,0.0,0,0.0,8.61,8.89,8.5
SGT,25/09/2026,9.0,9.0,"+0,20 (+2,27%)",100100,0.87,0,0.0,0,0.0,8.8,9.0,8.4
SGT,24/09/2026,8.8,8.8,"-0,20 (-2,22%)",29900,0.25,0,0.0,0,0.0,8.96,8.96,8.38
SGT,23/09/2026,9.0,9.0,"0 (0,00%)",2200,0.02,0,0.0,0,0.0,9.0,9.0,8.6
SGT,22/09/2026,9.0,9.0,"+0,37 (+4,29%)",46200,0.4,0,0.0,0,0.0,9.08,9.08,8.5
SGT,21/09/2026,8.63,8.63,"-0,47 (-5,16%)",9500,0.09,0,0.0,0,0.0,9.1,9.33,8.63
SGT,18/09/2026,9.1,9.1,"+0,12 (+1,34%)",22100,0.19,0,0.0,0,0.0,8.5,9.1,8.45
SGT,17/09/2026,8.98,8.98,"+0,10 (+1,13%)",8400,0.07,0,0.0,0,0.0,8.84,8.98,8.35
SGT,16/09/2026,8.88,8.88,"+0,10 (+1,14%)",3200,0.03,0,0.0,0,0.0,8.66,8.98,8.66
SGT,15/09/2026,8.78,8.78,"+0,43 (+5,15%)",1100,0.01,0,0.0,0,0.0,8.85,8.85,8.78
SGT,14/09/2026,8.35,8.35,"-0,49 (-5,54%)",9100,0.08,0,0.0,0,0.0,8.84,9.28,8.23
SGT,11/09/2026,8.84,8.84,"-0,65 (-6,85%)",61300,0.54,0,0.0,0,0.0,9.1,9.1,8.84
SGT,10/09/2026,9.5,9.5,"+0,01 (+0,11%)",100,0.0,0,0.0,0,0.0,9.5,9.5,9.5
SGT,09/09/2026,9.5,9.5,"0 (0,00%)",3800,0.04,0,0.0,0,0.0,9.7,9.7,9.5
SHA,06/10/2026,3.88,3.88,"0 (0,00%)",0,0.0,0,0.0,0,0.0,3.88,3.88,3.88
SHA,05/10/2026,3.88,3.88,"0 (0,00%)",0,0.0,0,0.0,0,0.0,3.88,3.88,3.88
SHA,02/10/2026,3.88,3.88,"0 (0,00%)",600,0.0,0,0.0,0,0.0,3.76,3.88,3.76
SHA,01/10/2026,3.88,3.88,"0 (0,00%)",0,0.0,49000,0.18,49000,0.18,3.88,3.88,3.88
SHA,30/09/2026,3.88,3.88,"0 (0,00%)",600,0.0,0,0.0,0,0.0,3.76,3.88,3.76
SHA,29/09/2026,3.88,3.88,"0 (0,00%)",0,0.0,0,0.0,0,0.0,3.88,3.88,3.88
SHA,28/09/2026,3.88,3.88,"-0,02 (-0,51%)",500,0.0,0,0.0,0,0.0,3.71,3.88,3.71
SHA,25/09/2026,3.9,3.9,"0 (0,00%)",4600,0.02,0,0.0,0,0.0,3.83,3.91,3.63
SHA,24/09/2026,3.9,3.9,"0 (0,00%)",0,0.0,0,0.0,0,0.0,3.9,3.9,3.9
SHA,23/09/2026,3.9,3.9,"-0,02 (-0,51%)",2900,0.01,0,0.0,0,0.0,3.93,3.95,3.85
SHA,22/09/2026,3.92,3.92,"-0,04 (-1,01%)",800,0.0,0,0.0,0,0.0,3.83,3.94,3.82
SHA,21/09/2026,3.96,3.96,"0 (0,00%)",0,0.0,0,0.0,0,0.0,3.96,3.96,3.96
SHA,18/09/2026,3.96,3.96,"+0,01 (+0,25%)",4600,0.02,0,0.0,0,0.0,3.94,3.96,3.83
SHA,17/09/2026,3.95,3.95,"+0,07 (+1,80%)",8900,0.03,0,0.0,0,0.0,3.88,3.95,3.82
SHA,16/09/2026,3.88,3.88,"-0,02 (-0,51%)",3500,0.01,0,0.0,0,0.0,3.81,3.88,3.81
SHA,15/09/2026,3.9,3.9,"+0,04 (+1,04%)",100,0.0,0,0.0,0,0.0,3.9,3.9,3.9
SHA,14/09/2026,3.86,3.86,"-0,02 (-0,52%)",1500,0.01,0,0.0,0,0.0,3.81,3.86,3.81
SHA,11/09/2026,3.88,3.88,"0 (0,00%)",3300,0.01,0,0.0,0,0.0,3.82,3.9,3.81
SHA,10/09/2026,3.88,3.88,"+0,03 (+0,78%)",3900,0.01,0,0.0,0,0.0,3.89,3.9,3.82
SHA,09/09/2026,3.85,3.85,"+0,05 (+1,32%)",2600,0.01,0,0.0,0,0.0,3.89,3.9,3.81
SHB,06/10/2026,10.95,10.95,"-0,10 (-0,90%)",78706700,852.76,720000,7.85,720000,7.85,11.05,11.1,10.65
SHB,05/10/2026,11.05,11.05,"-0,10 (-0,90%)",29572100,328.03,8190000,96.26,8190000,96.26,11.15,11.25,11.05
SHB,02/10/2026,11.15,11.15,"-0,20 (-1,76%)",30573500,342.54,16918318,184.52,16918318,184.52,11.25,11.35,11.15
SHB,01/10/2026,11.35,11.35,"-0,10 (-0,87%)",34648300,392.48,10594000,120.68,10594000,120.68,11.4,11.45,11.2
SHB,30/09/2026,11.45,11.45,"0 (0,00%)",29441400,335.43,810000,9.65,810000,9.65,11.4,11.45,11.3
SHB,29/09/2026,11.45,11.45,"-0,05 (-0,43%)",26435800,302.28,5670000,67.99,5670000,67.99,11.5,11.55,11.35
SHB,28/09/2026,11.5,11.5,"-0,10 (-0,86%)",38708400,442.73,1632279,19.59,1632279,19.59,11.6,11.6,11.35
SHB,25/09/2026,11.6,11.6,"0 (0,00%)",37765800,436.55,5620000,67.13,5620000,67.13,11.65,11.65,11.45
SHB,24/09/2026,11.6,11.6,"-0,10 (-0,85%)",32735400,378.85,1772279,22.01,1772279,22.01,11.65,11.7,11.5
SHB,23/09/2026,11.7,11.7,"+0,05 (+0,43%)",24146100,281.69,11170000,131.05,11170000,131.05,11.65,11.75,11.6
SHB,22/09/2026,11.65,11.65,"+0,05 (+0,43%)",15475500,179.41,0,0.0,0,0.0,11.6,11.65,11.5
SHB,21/09/2026,11.6,11.6,"-0,20 (-1,69%)",47347800,549.51,4000000,48.2,4000000,48.2,11.75,11.8,11.5
SHB,18/09/2026,11.8,11.8,"+0,20 (+1,72%)",51778900,607.19,0,0.0,0,0.0,11.6,11.8,11.5
SHB,17/09/2026,11.6,11.6,"+0,10 (+0,87%)",47410400,546.47,4131851,49.82,4131851,49.82,11.4,11.6,11.35
SHB,16/09/2026,11.5,11.5,"-0,05 (-0,43%)",34650000,396.6,10989000,126.06,10989000,126.06,11.5,11.55,11.35
SHB,15/09/2026,11.55,11.55,"+0,15 (+1,32%)",56436700,645.31,4913000,58.91,4913000,58.91,11.45,11.55,11.35
SHB,14/09/2026,11.4,11.4,"-0,15 (-1,30%)",52587200,601.19,2585000,28.32,2585000,28.32,11.55,11.6,11.3
SHB,11/09/2026,11.55,11.55,"-0,20 (-1,70%)",53980000,626.39,8561600,98.79,8561600,98.79,11.7,11.75,11.5
SHB,10/09/2026,11.75,11.75,"0 (0,00%)",35366100,413.15,5479100,63.96,5479100,63.96,11.75,11.8,11.6
SHB,09/09/2026,11.75,11.75,"-0,10 (-0,84%)",52583100,619.61,18620000,221.8,18620000,221.8,11.85,11.95,11.7
SHI,06/10/2026,14.0,14.0,"0 (0,00%)",154700,2.16,1987590,27.83,1987590,27.83,13.95,14.0,13.75
SHI,05/10/2026,14.0,14.0,"0 (0,00%)",249600,3.47,485000,6.79,485000,6.79,13.8,14.0,13.75
SHI,02/10/2026,14.0,14.0,"0 (0,00%)",254200,3.5,550000,7.7,550000,7.7,13.8,14.0,13.65
SHI,01/10/2026,14.0,14.0,"0 (0,00%)",281900,3.89,1102160,15.43,1102160,15.43,13.75,14.0,13.1
SHI,30/09/2026,14.0,14.0,"0 (0,00%)",223700,3.09,880000,12.32,880000,12.32,13.75,14.0,13.75
SHI,29/09/2026,14.0,14.0,"-0,10 (-0,71%)",42400,0.59,881345,12.34,881345,12.34,13.75,14.0,13.7
SHI,28/09/2026,14.1,14.1,"+0,10 (+0,71%)",64000,0.89,0,0.0,0,0.0,13.75,14.15,13.6
SHI,25/09/2026,14.0,14.0,"+0,15 (+1,08%)",120900,1.66,0,0.0,0,0.0,13.5,14.0,13.4
SHI,24/09/2026,13.85,13.85,"-0,60 (-4,15%)",463600,6.43,650000,9.04,650000,9.04,14.45,14.5,13.55
SHI,23/09/2026,14.45,14.45,"+0,05 (+0,35%)",153100,2.14,2366625,33.05,2366625,33.05,13.8,14.45,13.8
SHI,22/09/2026,14.4,14.4,"-0,10 (-0,69%)",412400,5.6,0,0.0,0,0.0,14.65,14.65,13.5
SHI,21/09/2026,14.5,14.5,"+0,05 (+0,35%)",209500,3.01,1200000,16.8,1200000,16.8,14.25,14.5,14.25
SHI,18/09/2026,14.45,14.45,"-0,10 (-0,69%)",233100,3.35,0,0.0,0,0.0,14.25,14.55,14.25
SHI,17/09/2026,14.55,14.55,"+0,10 (+0,69%)",205500,2.97,20000,0.29,20000,0.29,14.25,14.65,14.25
SHI,16/09/2026,14.45,14.45,"0 (0,00%)",265400,3.83,25467,0.37,25467,0.37,14.35,14.55,14.35
SHI,15/09/2026,14.45,14.45,"0 (0,00%)",286100,4.13,0,0.0,0,0.0,14.45,14.45,14.4
SHI,14/09/2026,14.45,14.45,"-0,10 (-0,69%)",314200,4.55,1219230,17.07,1219230,17.07,14.85,14.85,14.45
SHI,11/09/2026,14.55,14.55,"-0,10 (-0,68%)",250900,3.65,511000,7.66,511000,7.66,14.3,14.6,14.3
SHI,10/09/2026,14.65,14.65,"+0,05 (+0,34%)",332100,4.86,2169670,30.38,2169670,30.38,14.9,14.9,14.6
SHI,09/09/2026,14.6,14.6,"+0,20 (+1,39%)",274400,3.98,4907936,69.22,4907936,69.22,14.7,14.7,14.45
SHP,06/10/2026,31.7,31.7,"+0,20 (+0,63%)",300,0.01,0,0.0,0,0.0,32.0,32.0,31.7
SHP,05/10/2026,31.5,31.5,"+0,35 (+1,12%)",1400,0.04,0,0.0,0,0.0,31.0,31.5,31.0
SHP,02/10/2026,31.15,31.15,"-0,15 (-0,48%)",2500,0.08,0,0.0,0,0.0,31.0,31.4,31.0
SHP,01/10/2026,31.3,31.3,"+0,25 (+0,81%)",3800,0.12,0,0.0,0,0.0,31.05,31.5,31.05
SHP,30/09/2026,31.05,31.05,"-0,10 (-0,32%)",800,0.02,0,0.0,0,0.0,31.0,31.05,31.0
SHP,29/09/2026,31.15,31.15,"-0,35 (-1,11%)",300,0.01,0,0.0,0,0.0,31.15,31.15,31.15
SHP,28/09/2026,31.5,31.5,"+0,10 (+0,32%)",2400,0.07,0,0.0,0,0.0,31.2,31.5,31.1
SHP,25/09/2026,31.4,31.4,"-0,10 (-0,32%)",3800,0.12,0,0.0,0,0.0,31.0,31.5,30.5
SHP,24/09/2026,31.5,31.5,"0 (0,00%)",1200,0.04,0,0.0,0,0.0,31.5,31.5,31.5
SHP,23/09/2026,31.5,31.5,"+0,10 (+0,32%)",6300,0.2,0,0.0,0,0.0,31.5,31.6,31.3
SHP,22/09/2026,31.4,31.4,"+0,20 (+0,64%)",4100,0.13,0,0.0,0,0.0,31.2,31.5,31.0
SHP,21/09/2026,31.2,31.2,"-0,30 (-0,95%)",1100,0.03,0,0.0,0,0.0,31.0,31.2,31.0
SHP,18/09/2026,31.5,31.5,"+0,05 (+0,16%)",1100,0.03,0,0.0,0,0.0,31.5,31.5,31.45
SHP,17/09/2026,31.45,31.45,"-0,05 (-0,16%)",4300,0.14,0,0.0,0,0.0,31.5,31.5,31.45
SHP,16/09/2026,31.5,31.5,"+0,50 (+1,61%)",200,0.01,0,0.0,0,0.0,31.5,31.5,31.5
SHP,15/09/2026,31.0,31.0,"0 (0,00%)",4300,0.13,0,0.0,0,0.0,31.0,31.0,31.0
SHP,14/09/2026,31.0,31.0,"0 (0,00%)",900,0.03,0,0.0,0,0.0,31.0,31.1,30.5
SHP,11/09/2026,31.0,31.0,"0 (0,00%)",300,0.01,0,0.0,0,0.0,31.0,31.0,31.0
SHP,10/09/2026,31.0,31.0,"0 (0,00%)",1100,0.03,0,0.0,0,0.0,31.5,31.5,31.0
SHP,09/09/2026,31.0,31.0,"-0,30 (-0,96%)",200,0.01,0,0.0,0,0.0,31.0,31.0,31.0
SIP,06/10/2026,48.2,48.2,"-0,42 (-0,86%)",67100,3.24,0,0.0,0,0.0,48.7,48.85,48.1
SIP,05/10/2026,48.65,48.65,"+0,05 (+0,10%)",48000,2.34,0,0.0,0,0.0,48.65,48.95,48.65
SIP,02/10/2026,48.6,48.6,"-0,62 (-1,26%)",62800,3.07,0,0.0,0,0.0,49.25,49.3,48.6
SIP,01/10/2026,49.25,49.25,"+0,15 (+0,31%)",158600,7.8,0,0.0,0,0.0,49.1,49.5,48.8
SIP,30/09/2026,49.1,49.1,"+0,08 (+0,16%)",50300,2.48,0,0.0,0,0.0,49.05,49.9,49.05
SIP,29/09/2026,49.05,49.05,"-0,08 (-0,16%)",82000,4.02,0,0.0,0,0.0,49.35,49.45,48.8
SIP,28/09/2026,49.15,49.15,"-0,85 (-1,70%)",93600,4.61,0,0.0,0,0.0,49.4,49.9,49.05
SIP,25/09/2026,50.0,50.0,"0 (0,00%)",38800,1.94,0,0.0,0,0.0,50.0,50.2,49.7
SIP,24/09/2026,50.0,50.0,"-0,20 (-0,40%)",70900,3.55,0,0.0,0,0.0,50.2,50.4,49.9
SIP,23/09/2026,50.2,50.2,"0 (0,00%)",44700,2.26,0,0.0,0,0.0,50.5,51.1,50.1
SIP,22/09/2026,50.2,50.2,"+0,73 (+1,48%)",80600,4.03,0,0.0,0,0.0,49.5,50.4,49.5
SIP,21/09/2026,49.5,49.5,"+0,03 (+0,06%)",43600,2.17,0,0.0,0,0.0,49.5,50.2,49.5
SIP,18/09/2026,49.5,49.5,"+0,95 (+1,96%)",192700,9.6,40000,1.88,40000,1.88,48.8,50.2,48.75
SIP,17/09/2026,48.55,48.55,"+0,17 (+0,35%)",18900,0.92,0,0.0,0,0.0,48.0,48.8,48.0
SIP,16/09/2026,48.4,48.4,"+0,57 (+1,19%)",41300,2.0,40000,1.88,40000,1.88,48.4,48.8,48.0
SIP,15/09/2026,47.85,47.85,"+0,12 (+0,25%)",81000,3.87,0,0.0,0,0.0,48.0,48.3,47.55
SIP,14/09/2026,47.75,47.75,"-0,72 (-1,49%)",79400,3.76,0,0.0,0,0.0,48.6,48.8,45.15
SIP,11/09/2026,48.5,48.5,"-0,50 (-1,02%)",44900,2.19,20000,0.98,20000,0.98,49.05,49.1,48.5
SIP,10/09/2026,49.0,49.0,"0 (0,00%)",50200,2.46,0,0.0,0,0.0,48.9,49.2,48.9
SIP,09/09/2026,49.0,49.0,"+0,20 (+0,41%)",87700,4.3,0,0.0,0,0.0,48.95,49.2,48.8
SJD,06/10/2026,13.8,13.8,"-0,05 (-0,36%)",70800,0.98,0,0.0,0,0.0,13.85,13.85,13.75
SJD,05/10/2026,13.85,13.85,"-0,05 (-0,36%)",72800,1.01,0,0.0,0,0.0,13.9,13.9,13.8
SJD,02/10/2026,13.9,13.9,"0 (0,00%)",63900,0.88,0,0.0,0,0.0,13.9,13.9,13.8
SJD,01/10/2026,13.9,13.9,"0 (0,00%)",22900,0.32,0,0.0,0,0.0,13.9,13.9,13.85
SJD,30/09/2026,13.9,13.9,"+0,05 (+0,36%)",26700,0.37,0,0.0,0,0.0,13.85,13.9,13.85
SJD,29/09/2026,13.85,13.85,"0 (0,00%)",21000,0.29,0,0.0,0,0.0,13.9,13.9,13.85
SJD,28/09/2026,13.85,13.85,"-0,05 (-0,36%)",66900,0.93,0,0.0,0,0.0,13.9,13.9,13.85
SJD,25/09/2026,13.9,13.9,"+0,05 (+0,36%)",62100,0.86,0,0.0,0,0.0,13.85,13.9,13.85
SJD,24/09/2026,13.85,13.85,"-0,05 (-0,36%)",77900,1.08,0,0.0,0,0.0,13.9,13.9,13.85
SJD,23/09/2026,13.9,13.9,"0 (0,00%)",40100,0.56,0,0.0,0,0.0,13.85,13.9,13.85
SJD,22/09/2026,13.9,13.9,"+0,05 (+0,36%)",19100,0.26,0,0.0,0,0.0,13.85,13.9,13.85
SJD,21/09/2026,13.85,13.85,"-0,10 (-0,72%)",61100,0.85,0,0.0,0,0.0,13.9,13.9,13.85
SJD,18/09/2026,13.95,13.95,"+0,05 (+0,36%)",69500,0.97,0,0.0,0,0.0,13.9,14.0,13.9
SJD,17/09/2026,13.9,13.9,"0 (0,00%)",72500,1.01,0,0.0,0,0.0,13.9,13.9,13.85
SJD,16/09/2026,13.9,13.9,"0 (0,00%)",9100,0.13,0,0.0,0,0.0,13.9,13.9,13.85
SJD,15/09/2026,13.9,13.9,"0 (0,00%)",27400,0.38,0,0.0,0,0.0,13.9,13.9,13.85
SJD,14/09/2026,13.9,13.9,"0 (0,00%)",55300,0.77,0,0.0,0,0.0,13.9,13.95,13.85
SJD,11/09/2026,13.9,13.9,"-0,05 (-0,36%)",41400,0.58,0,0.0,0,0.0,13.95,13.95,13.85
SJD,10/09/2026,13.95,13.95,"+0,05 (+0,36%)",15400,0.21,0,0.0,0,0.0,13.9,13.95,13.9
SJD,09/09/2026,13.9,13.9,"+0,05 (+0,36%)",18600,0.26,0,0.0,0,0.0,13.85,13.95,13.85
SJS,06/10/2026,51.9,51.9,"-0,10 (-0,19%)",2100,0.11,0,0.0,0,0.0,51.0,52.3,51.0
SJS,05/10/2026,52.0,52.0,"-0,58 (-1,10%)",8100,0.42,952000,49.5,952000,49.5,50.5,52.7,50.5
SJS,02/10/2026,52.6,52.6,"+0,33 (+0,63%)",600,0.03,0,0.0,0,0.0,52.6,52.6,52.3
SJS,01/10/2026,52.3,52.3,"+0,12 (+0,23%)",2800,0.15,0,0.0,0,0.0,52.5,52.5,51.5
SJS,30/09/2026,52.2,52.2,"-0,27 (-0,51%)",2600,0.14,0,0.0,0,0.0,52.4,52.7,51.6
SJS,29/09/2026,52.5,52.5,"-1,50 (-2,78%)",4500,0.23,0,0.0,0,0.0,51.6,52.5,51.6
SJS,28/09/2026,54.0,54.0,"-1,20 (-2,17%)",12200,0.66,5324000,287.35,5324000,287.35,53.1,54.0,53.1
SJS,25/09/2026,55.2,55.2,"-0,70 (-1,25%)",3100,0.17,0,0.0,0,0.0,55.5,55.5,55.2
SJS,24/09/2026,55.9,55.9,"-0,40 (-0,71%)",1000,0.06,250000,15.0,250000,15.0,56.1,56.1,55.2
SJS,23/09/2026,56.3,56.3,"-0,10 (-0,18%)",23500,1.31,50000,2.82,50000,2.82,55.3,56.3,55.3
SJS,22/09/2026,56.4,56.4,"+0,40 (+0,71%)",12000,0.67,0,0.0,0,0.0,56.0,56.7,55.2
SJS,21/09/2026,56.0,56.0,"-0,70 (-1,23%)",5700,0.32,272000,15.64,272000,15.64,56.1,56.5,56.0
SJS,18/09/2026,56.7,56.7,"-0,10 (-0,18%)",9300,0.53,0,0.0,0,0.0,56.8,56.8,56.4
SJS,17/09/2026,56.8,56.8,"0 (0,00%)",11200,0.63,0,0.0,0,0.0,57.0,57.0,55.2
SJS,16/09/2026,56.8,56.8,"0 (0,00%)",19100,1.08,0,0.0,0,0.0,56.8,56.8,56.0
SJS,15/09/2026,56.8,56.8,"+0,30 (+0,53%)",46700,2.61,0,0.0,0,0.0,56.5,56.8,55.0
SJS,14/09/2026,56.5,56.5,"-0,10 (-0,18%)",59800,3.34,518000,29.01,518000,29.01,56.6,56.6,54.9
SJS,11/09/2026,56.6,56.6,"-0,20 (-0,35%)",20200,1.14,0,0.0,0,0.0,55.6,56.8,55.5
SJS,10/09/2026,56.8,56.8,"0 (0,00%)",21700,1.22,0,0.0,0,0.0,56.2,56.8,55.1
SJS,09/09/2026,56.8,56.8,"+0,50 (+0,89%)",17200,0.97,0,0.0,0,0.0,54.1,57.0,54.1
SKG,06/10/2026,7.24,7.24,"-0,04 (-0,55%)",30800,0.22,0,0.0,0,0.0,7.3,7.34,7.21
SKG,05/10/2026,7.28,7.28,"+0,12 (+1,68%)",40700,0.3,0,0.0,0,0.0,7.1,7.3,7.1
SKG,02/10/2026,7.16,7.16,"+0,04 (+0,56%)",18000,0.13,0,0.0,0,0.0,7.13,7.2,7.1
SKG,01/10/2026,7.12,7.12,"-0,08 (-1,11%)",22600,0.16,0,0.0,0,0.0,7.2,7.27,7.11
SKG,30/09/2026,7.2,7.2,"-0,02 (-0,28%)",27100,0.2,0,0.0,0,0.0,7.22,7.28,7.19
SKG,29/09/2026,7.22,7.22,"0 (0,00%)",7800,0.06,0,0.0,0,0.0,7.2,7.28,7.2
SKG,28/09/2026,7.22,7.22,"-0,07 (-0,96%)",34300,0.25,0,0.0,0,0.0,7.29,7.3,7.18
SKG,25/09/2026,7.29,7.29,"+0,14 (+1,96%)",8700,0.06,0,0.0,0,0.0,7.34,7.34,7.23
SKG,24/09/2026,7.15,7.15,"-0,14 (-1,92%)",100900,0.73,0,0.0,0,0.0,7.3,7.4,7.15
SKG,23/09/2026,7.29,7.29,"-0,07 (-0,95%)",25300,0.18,0,0.0,0,0.0,7.3,7.3,7.21
SKG,22/09/2026,7.36,7.36,"+0,06 (+0,82%)",90900,0.66,0,0.0,0,0.0,7.3,7.36,7.01
SKG,21/09/2026,7.3,7.3,"-0,01 (-0,14%)",40400,0.3,0,0.0,0,0.0,7.31,7.4,7.3
SKG,18/09/2026,7.31,7.31,"-0,05 (-0,68%)",23000,0.17,0,0.0,0,0.0,7.32,7.4,7.31
SKG,17/09/2026,7.36,7.36,"0 (0,00%)",11300,0.08,0,0.0,0,0.0,7.32,7.42,7.32
SKG,16/09/2026,7.36,7.36,"0 (0,00%)",22100,0.16,0,0.0,0,0.0,7.4,7.42,7.35
SKG,15/09/2026,7.36,7.36,"-0,03 (-0,41%)",10100,0.07,0,0.0,0,0.0,7.42,7.44,7.32
SKG,14/09/2026,7.39,7.39,"-0,03 (-0,40%)",28800,0.21,0,0.0,0,0.0,7.43,7.55,7.34
SKG,11/09/2026,7.42,7.42,"-0,17 (-2,24%)",104500,0.79,0,0.0,0,0.0,7.61,7.65,7.42
SKG,10/09/2026,7.59,7.59,"-0,01 (-0,13%)",22000,0.17,0,0.0,0,0.0,7.6,7.61,7.55
SKG,09/09/2026,7.6,7.6,"-0,10 (-1,30%)",9500,0.07,0,0.0,0,0.0,7.54,7.63,7.54
SMA,06/10/2026,5.8,5.8,"-0,30 (-4,92%)",1000,0.01,0,0.0,0,0.0,5.8,5.8,5.8
SMA,05/10/2026,6.1,6.1,"0 (0,00%)",0,0.0,0,0.0,0,0.0,6.1,6.1,6.1
SMA,02/10/2026,6.1,6.1,"0 (0,00%)",0,0.0,0,0.0,0,0.0,6.1,6.1,6.1
SMA,01/10/2026,6.1,6.1,"0 (0,00%)",500,0.0,0,0.0,0,0.0,6.1,6.1,6.1
SMA,30/09/2026,6.1,6.1,"0 (0,00%)",2500,0.02,0,0.0,0,0.0,6.1,6.1,6.1
SMA,29/09/2026,6.1,6.1,"0 (0,00%)",800,0.0,0,0.0,0,0.0,6.1,6.1,6.1
SMA,28/09/2026,6.1,6.1,"0 (0,00%)",0,0.0,0,0.0,0,0.0,6.1,6.1,6.1
SMA,25/09/2026,6.1,6.1,"0 (0,00%)",0,0.0,0,0.0,0,0.0,6.1,6.1,6.1
SMA,24/09/2026,6.1,6.1,"-0,10 (-1,61%)",200,0.0,0,0.0,0,0.0,6.1,6.1,6.1
SMA,23/09/2026,6.2,6.2,"0 (0,00%)",0,0.0,0,0.0,0,0.0,6.2,6.2,6.2
SMA,22/09/2026,6.2,6.2,"0 (0,00%)",500,0.0,0,0.0,0,0.0,6.2,6.2,6.2
SMA,21/09/2026,6.2,6.2,"0 (0,00%)",1500,0.01,0,0.0,0,0.0,6.2,6.2,6.2
SMA,18/09/2026,6.2,6.2,"0 (0,00%)",500,0.0,0,0.0,0,0.0,6.2,6.2,6.2
SMA,17/09/2026,6.2,6.2,"0 (0,00%)",500,0.0,0,0.0,0,0.0,6.2,6.2,6.2
SMA,16/09/2026,6.2,6.2,"0 (0,00%)",500,0.0,0,0.0,0,0.0,6.2,6.2,6.2
SMA,15/09/2026,6.2,6.2,"0 (0,00%)",300,0.0,0,0.0,0,0.0,6.2,6.2,6.2
SMA,14/09/2026,6.2,6.2,"0 (0,00%)",500,0.0,0,0.0,0,0.0,6.2,6.2,6.2
SMA,11/09/2026,6.2,6.2,"-0,30 (-4,62%)",700,0.0,0,0.0,0,0.0,6.5,6.5,6.2
SMA,10/09/2026,6.5,6.5,"-0,16 (-2,40%)",600,0.0,0,0.0,0,0.0,6.51,6.51,6.5
SMA,09/09/2026,6.66,6.66,"-0,14 (-2,06%)",1000,0.01,0,0.0,0,0.0,6.66,6.66,6.66
SMB,06/10/2026,41.2,41.2,"0 (0,00%)",0,0.0,0,0.0,0,0.0,41.2,41.2,41.2
SMB,05/10/2026,41.2,41.2,"-0,20 (-0,48%)",100,0.0,0,0.0,0,0.0,41.2,41.2,41.2
SMB,02/10/2026,41.4,41.4,"0 (0,00%)",0,0.0,0,0.0,0,0.0,41.4,41.4,41.4
SMB,01/10/2026,41.4,41.4,"+0,40 (+0,98%)",11200,0.46,0,0.0,0,0.0,41.0,41.55,40.6
SMB,30/09/2026,41.0,41.0,"-0,50 (-1,20%)",600,0.02,0,0.0,0,0.0,41.5,41.5,40.5
SMB,29/09/2026,41.5,41.5,"-0,05 (-0,12%)",6200,0.25,0,0.0,0,0.0,40.6,41.5,40.5
SMB,28/09/2026,41.55,41.55,"+1,00 (+2,47%)",3800,0.15,0,0.0,0,0.0,40.55,41.55,40.55
SMB,25/09/2026,40.55,40.55,"-0,35 (-0,86%)",3200,0.13,0,0.0,0,0.0,40.6,40.6,40.55
SMB,24/09/2026,40.9,40.9,"0 (0,00%)",0,0.0,0,0.0,0,0.0,40.9,40.9,40.9
SMB,23/09/2026,40.9,40.9,"+0,40 (+0,99%)",19500,0.8,0,0.0,0,0.0,40.6,41.9,40.5
SMB,22/09/2026,40.5,40.5,"0 (0,00%)",3100,0.13,0,0.0,0,0.0,40.5,40.65,40.5
SMB,21/09/2026,40.5,40.5,"0 (0,00%)",6400,0.26,0,0.0,0,0.0,40.5,40.5,40.5
SMB,18/09/2026,40.5,40.5,"0 (0,00%)",2600,0.1,0,0.0,0,0.0,40.25,40.5,40.25
SMB,17/09/2026,40.5,40.5,"0 (0,00%)",11400,0.46,0,0.0,0,0.0,40.55,40.55,40.5
SMB,16/09/2026,40.5,40.5,"+0,35 (+0,87%)",4600,0.18,0,0.0,0,0.0,40.15,40.5,40.15
SMB,15/09/2026,40.15,40.15,"+0,10 (+0,25%)",5600,0.23,0,0.0,0,0.0,40.5,40.5,40.15
SMB,14/09/2026,40.05,40.05,"-0,25 (-0,62%)",6500,0.26,0,0.0,0,0.0,40.4,40.5,40.05
SMB,11/09/2026,40.3,40.3,"+0,05 (+0,12%)",4700,0.19,0,0.0,0,0.0,40.2,40.3,40.1
SMB,10/09/2026,40.25,40.25,"-0,60 (-1,47%)",3300,0.13,0,0.0,0,0.0,40.85,40.85,40.2
SMB,09/09/2026,40.85,40.85,"+0,45 (+1,11%)",2200,0.09,0,0.0,0,0.0,40.3,40.85,40.3
SMC,06/10/2026,9.95,9.95,"+0,11 (+1,12%)",38900,0.38,1066917,10.51,1066917,10.51,9.85,9.98,9.72
SMC,05/10/2026,9.85,9.85,"-0,12 (-1,20%)",58000,0.58,0,0.0,0,0.0,9.99,10.05,9.85
SMC,02/10/2026,9.99,9.99,"-0,01 (-0,10%)",58100,0.57,0,0.0,0,0.0,9.8,9.99,9.8
SMC,01/10/2026,10.0,10.0,"-0,05 (-0,50%)",31500,0.31,0,0.0,0,0.0,9.85,10.0,9.85
SMC,30/09/2026,10.05,10.05,"-0,05 (-0,50%)",72600,0.72,0,0.0,0,0.0,10.0,10.05,9.83
SMC,29/09/2026,10.1,10.1,"+0,05 (+0,50%)",106700,1.07,0,0.0,0,0.0,10.05,10.1,9.82
SMC,28/09/2026,10.05,10.05,"0 (0,00%)",40300,0.4,0,0.0,0,0.0,9.8,10.05,9.8
SMC,25/09/2026,10.05,10.05,"+0,05 (+0,50%)",72800,0.73,0,0.0,0,0.0,9.8,10.05,9.8
SMC,24/09/2026,10.0,10.0,"+0,13 (+1,32%)",67700,0.67,70000,0.74,70000,0.74,9.88,10.0,9.7
SMC,23/09/2026,9.88,9.88,"+0,14 (+1,44%)",63700,0.63,0,0.0,0,0.0,9.8,9.99,9.7
SMC,22/09/2026,9.76,9.76,"+0,02 (+0,21%)",42900,0.42,0,0.0,0,0.0,9.81,10.0,9.75
SMC,21/09/2026,9.76,9.76,"-0,24 (-2,40%)",50700,0.5,0,0.0,0,0.0,10.0,10.0,9.7
SMC,18/09/2026,10.0,10.0,"+0,12 (+1,21%)",57100,0.57,0,0.0,0,0.0,9.9,10.1,9.85
SMC,17/09/2026,9.9,9.9,"-0,07 (-0,70%)",54900,0.54,0,0.0,0,0.0,9.9,9.98,9.9
SMC,16/09/2026,9.98,9.98,"-0,02 (-0,20%)",28500,0.28,0,0.0,0,0.0,10.0,10.0,9.76
SMC,15/09/2026,10.0,10.0,"+0,21 (+2,15%)",112400,1.11,0,0.0,0,0.0,9.82,10.0,9.8
SMC,14/09/2026,9.81,9.81,"-0,19 (-1,90%)",37500,0.37,1400000,14.0,1400000,14.0,10.0,10.0,9.81
SMC,11/09/2026,10.0,10.0,"-0,24 (-2,34%)",13000,0.13,0,0.0,0,0.0,10.3,10.3,10.0
SMC,10/09/2026,10.25,10.25,"+0,05 (+0,49%)",122900,1.26,0,0.0,0,0.0,10.4,10.4,10.15
SMC,09/09/2026,10.2,10.2,"+0,05 (+0,49%)",145000,1.47,0,0.0,0,0.0,10.1,10.25,10.05
SPM,06/10/2026,8.5,8.5,"0 (0,00%)",0,0.0,0,0.0,0,0.0,8.5,8.5,8.5
SPM,05/10/2026,8.5,8.5,"0 (0,00%)",0,0.0,0,0.0,0,0.0,8.5,8.5,8.5
SPM,02/10/2026,8.5,8.5,"0 (0,00%)",9400,0.08,0,0.0,0,0.0,8.5,8.5,8.5
SPM,01/10/2026,8.5,8.5,"0 (0,00%)",0,0.0,0,0.0,0,0.0,8.5,8.5,8.5
SPM,30/09/2026,8.5,8.5,"0 (0,00%)",2700,0.02,0,0.0,0,0.0,8.5,8.5,8.5
SPM,29/09/2026,8.5,8.5,"0 (0,00%)",0,0.0,0,0.0,0,0.0,8.5,8.5,8.5
SPM,28/09/2026,8.5,8.5,"0 (0,00%)",0,0.0,0,0.0,0,0.0,8.5,8.5,8.5
SPM,25/09/2026,8.5,8.5,"-0,10 (-1,16%)",21000,0.18,0,0.0,0,0.0,8.5,8.5,8.5
SPM,24/09/2026,8.6,8.6,"0 (0,00%)",0,0.0,0,0.0,0,0.0,8.6,8.6,8.6
SPM,23/09/2026,8.6,8.6,"0 (0,00%)",0,0.0,0,0.0,0,0.0,8.6,8.6,8.6
SPM,22/09/2026,8.6,8.6,"0 (0,00%)",5700,0.05,0,0.0,0,0.0,8.01,8.6,8.01
SPM,21/09/2026,8.6,8.6,"0 (0,00%)",0,0.0,0,0.0,0,0.0,8.6,8.6,8.6
SPM,18/09/2026,8.6,8.6,"-0,18 (-2,05%)",100,0.0,0,0.0,0,0.0,8.6,8.6,8.6
SPM,17/09/2026,8.78,8.78,"0 (0,00%)",0,0.0,0,0.0,0,0.0,8.78,8.78,8.78
SPM,16/09/2026,8.78,8.78,"0 (0,00%)",0,0.0,0,0.0,0,0.0,8.78,8.78,8.78
SPM,15/09/2026,8.78,8.78,"+0,57 (+6,94%)",1100,0.01,0,0.0,0,0.0,7.7,8.78,7.67
SPM,14/09/2026,8.21,8.21,"0 (0,00%)",0,0.0,0,0.0,0,0.0,8.21,8.21,8.21
SPM,11/09/2026,8.21,8.21,"-0,59 (-6,70%)",100,0.0,0,0.0,0,0.0,8.21,8.21,8.21
SPM,10/09/2026,8.8,8.8,"0 (0,00%)",0,0.0,0,0.0,0,0.0,8.8,8.8,8.8
SPM,09/09/2026,8.8,8.8,"0 (0,00%)",0,0.0,0,0.0,0,0.0,8.8,8.8,8.8
SRC,06/10/2026,35.0,35.0,"-1,25 (-3,45%)",2000,0.07,0,0.0,0,0.0,36.0,36.25,35.0
SRC,05/10/2026,36.25,36.25,"0 (0,00%)",0,0.0,0,0.0,0,0.0,36.25,36.25,36.25
SRC,02/10/2026,36.25,36.25,"0 (0,00%)",0,0.0,0,0.0,0,0.0,36.25,36.25,36.25
SRC,01/10/2026,36.25,36.25,"0 (0,00%)",2200,0.08,0,0.0,0,0.0,35.0,36.25,35.0
SRC,30/09/2026,36.25,36.25,"0 (0,00%)",0,0.0,0,0.0,0,0.0,36.25,36.25,36.25
SRC,29/09/2026,36.25,36.25,"0 (0,00%)",0,0.0,0,0.0,0,0.0,36.25,36.25,36.25
SRC,28/09/2026,36.25,36.25,"+0,30 (+0,83%)",2100,0.08,0,0.0,0,0.0,35.95,36.25,35.95
SRC,25/09/2026,35.95,35.95,"-0,85 (-2,31%)",200,0.01,0,0.0,0,0.0,35.5,35.95,35.5
SRC,24/09/2026,36.8,36.8,"0 (0,00%)",2100,0.07,0,0.0,0,0.0,34.7,36.8,34.7
SRC,23/09/2026,36.8,36.8,"0 (0,00%)",0,0.0,0,0.0,0,0.0,36.8,36.8,36.8
SRC,22/09/2026,36.8,36.8,"0 (0,00%)",0,0.0,0,0.0,0,0.0,36.8,36.8,36.8
SRC,21/09/2026,36.8,36.8,"0 (0,00%)",0,0.0,0,0.0,0,0.0,36.8,36.8,36.8
SRC,18/09/2026,36.8,36.8,"0 (0,00%)",0,0.0,0,0.0,0,0.0,36.8,36.8,36.8
SRC,17/09/2026,36.8,36.8,"+1,30 (+3,66%)",4100,0.15,0,0.0,0,0.0,35.5,36.8,35.5
SRC,16/09/2026,35.5,35.5,"0 (0,00%)",0,0.0,0,0.0,0,0.0,35.5,35.5,35.5
SRC,15/09/2026,35.5,35.5,"0 (0,00%)",2800,0.1,0,0.0,0,0.0,35.5,35.6,35.5
SRC,14/09/2026,35.5,35.5,"-0,75 (-2,07%)",1500,0.05,0,0.0,0,0.0,35.5,35.5,35.5
SRC,11/09/2026,36.25,36.25,"-2,35 (-6,09%)",9800,0.38,0,0.0,0,0.0,38.9,39.5,36.25
SRC,10/09/2026,38.6,38.6,"-0,15 (-0,39%)",500,0.02,0,0.0,0,0.0,36.5,38.6,36.5
SRC,09/09/2026,38.75,38.75,"0 (0,00%)",0,0.0,0,0.0,0,0.0,38.75,38.75,38.75
SRF,06/10/2026,7.75,7.75,"+0,15 (+1,97%)",9700,0.07,1604000,12.03,1604000,12.03,7.58,7.75,7.5
SRF,05/10/2026,7.6,7.6,"+0,28 (+3,83%)",2100,0.02,0,0.0,0,0.0,7.56,7.6,7.56
SRF,02/10/2026,7.32,7.32,"-0,50 (-6,39%)",5600,0.04,0,0.0,0,0.0,7.3,7.88,7.3
SRF,01/10/2026,7.82,7.82,"-0,08 (-1,01%)",3300,0.03,0,0.0,0,0.0,7.82,7.82,7.82
SRF,30/09/2026,7.9,7.9,"+0,11 (+1,41%)",38000,0.29,0,0.0,0,0.0,7.51,7.9,7.36
SRF,29/09/2026,7.79,7.79,"-0,09 (-1,14%)",194600,1.5,0,0.0,0,0.0,7.85,7.85,7.33
SRF,28/09/2026,7.88,7.88,"-0,10 (-1,25%)",2900,0.02,0,0.0,0,0.0,7.96,7.98,7.88
SRF,25/09/2026,7.98,7.98,"-0,01 (-0,13%)",19500,0.15,0,0.0,0,0.0,7.99,8.0,7.46
SRF,24/09/2026,7.99,7.99,"+0,10 (+1,27%)",29900,0.23,0,0.0,0,0.0,7.99,8.0,7.41
SRF,23/09/2026,7.89,7.89,"+0,19 (+2,47%)",11500,0.09,0,0.0,0,0.0,7.77,7.9,7.37
SRF,22/09/2026,7.7,7.7,"0 (0,00%)",1200,0.01,0,0.0,0,0.0,7.74,7.75,7.7
SRF,21/09/2026,7.7,7.7,"0 (0,00%)",33600,0.26,0,0.0,0,0.0,7.57,7.9,7.56
SRF,18/09/2026,7.7,7.7,"+0,27 (+3,63%)",1100,0.01,0,0.0,0,0.0,7.7,7.7,7.7
SRF,17/09/2026,7.43,7.43,"+0,01 (+0,13%)",13200,0.09,0,0.0,0,0.0,7.39,7.48,6.96
SRF,16/09/2026,7.42,7.42,"+0,32 (+4,51%)",9600,0.07,0,0.0,0,0.0,7.1,7.5,6.95
SRF,15/09/2026,7.1,7.1,"+0,20 (+2,90%)",9400,0.06,0,0.0,0,0.0,6.54,7.29,6.54
SRF,14/09/2026,7.4,6.9,"+0,02 (+0,27%)",17100,0.13,0,0.0,0,0.0,7.44,7.48,7.09
SRF,11/09/2026,7.38,6.88,"-0,12 (-1,60%)",6600,0.05,0,0.0,0,0.0,7.43,7.49,7.37
SRF,10/09/2026,7.5,6.99,"+0,24 (+3,31%)",13200,0.1,0,0.0,0,0.0,7.35,7.5,7.1
SRF,09/09/2026,7.26,6.77,"+0,10 (+1,40%)",11100,0.08,0,0.0,0,0.0,7.16,7.5,7.1
SSB,06/10/2026,16.8,16.8,"-0,65 (-3,72%)",2165800,36.71,0,0.0,0,0.0,17.6,17.6,16.7
SSB,05/10/2026,17.45,17.45,"+0,40 (+2,35%)",2303400,39.59,0,0.0,0,0.0,17.05,17.55,16.5
SSB,02/10/2026,17.05,17.05,"-0,70 (-3,94%)",2364000,41.24,0,0.0,0,0.0,17.9,17.9,17.05
SSB,01/10/2026,17.75,17.75,"-0,50 (-2,74%)",2698600,48.37,0,0.0,0,0.0,18.1,18.45,17.45
SSB,30/09/2026,18.25,18.25,"-0,85 (-4,45%)",1906000,35.97,0,0.0,0,0.0,19.5,19.5,18.25
SSB,29/09/2026,19.1,19.1,"+0,25 (+1,33%)",2192100,42.3,0,0.0,0,0.0,19.25,19.95,18.85
SSB,28/09/2026,18.85,18.85,"-0,60 (-3,08%)",3279700,61.8,0,0.0,0,0.0,19.3,19.45,18.5
SSB,25/09/2026,19.45,19.45,"-0,55 (-2,75%)",2756100,54.78,0,0.0,0,0.0,19.7,20.25,19.45
SSB,24/09/2026,20.0,20.0,"-0,50 (-2,44%)",2677200,53.75,10000000,209.0,10000000,209.0,20.6,20.7,19.85
SSB,23/09/2026,20.5,20.5,"-0,40 (-1,91%)",3392700,70.45,5300000,110.77,5300000,110.77,20.85,21.6,20.4
SSB,22/09/2026,20.9,20.9,"-1,55 (-6,90%)",3800200,79.87,12600000,287.29,12600000,287.29,20.9,21.7,20.9
SSB,21/09/2026,22.45,22.45,"-1,65 (-6,85%)",2348700,53.3,39500000,951.95,39500000,951.95,24.1,24.1,22.45
SSB,18/09/2026,24.1,24.1,"+0,65 (+2,77%)",11734500,281.64,15320000,359.25,15320000,359.25,23.6,24.8,22.6
SSB,17/09/2026,23.45,23.45,"+1,10 (+4,92%)",5052900,117.77,0,0.0,0,0.0,23.0,23.8,22.5
SSB,16/09/2026,22.35,22.35,"+1,45 (+6,94%)",6216700,134.3,300000,5.85,300000,5.85,21.25,22.35,19.45
SSB,15/09/2026,20.9,20.9,"+1,35 (+6,91%)",6514300,135.35,5355000,104.6,5355000,104.6,19.85,20.9,19.85
SSB,14/09/2026,19.55,19.55,"+1,25 (+6,83%)",5557100,107.96,37778000,688.84,37778000,688.84,18.5,19.55,18.5
SSB,11/09/2026,18.3,18.3,"+0,30 (+1,67%)",2470500,44.92,0,0.0,0,0.0,17.95,18.4,17.8
SSB,10/09/2026,18.0,18.0,"+0,30 (+1,69%)",2647800,47.38,19644000,347.7,19644000,347.7,17.8,18.2,17.65
SSB,09/09/2026,17.7,17.7,"-0,30 (-1,67%)",1666600,29.72,0,0.0,0,0.0,18.0,18.05,17.7
SSC,06/10/2026,21.25,21.25,"0 (0,00%)",400,0.01,0,0.0,0,0.0,21.25,21.25,21.25
SSC,05/10/2026,21.25,21.25,"0 (0,00%)",0,0.0,0,0.0,0,0.0,21.25,21.25,21.25
SSC,02/10/2026,21.25,21.25,"0 (0,00%)",100,0.0,0,0.0,0,0.0,21.25,21.25,21.25
SSC,01/10/2026,21.25,21.25,"0 (0,00%)",100,0.0,0,0.0,0,0.0,21.25,21.25,21.25
SSC,30/09/2026,21.25,21.25,"0 (0,00%)",100,0.0,0,0.0,0,0.0,21.25,21.25,21.25
SSC,29/09/2026,21.25,21.25,"-1,45 (-6,39%)",800,0.02,0,0.0,0,0.0,21.15,21.25,21.15
SSC,28/09/2026,22.7,22.7,"+0,10 (+0,44%)",100,0.0,0,0.0,0,0.0,22.7,22.7,22.7
SSC,25/09/2026,22.6,22.6,"0 (0,00%)",0,0.0,0,0.0,0,0.0,22.6,22.6,22.6
SSC,24/09/2026,22.6,22.6,"0 (0,00%)",0,0.0,0,0.0,0,0.0,22.6,22.6,22.6
SSC,23/09/2026,22.6,22.6,"0 (0,00%)",200,0.0,0,0.0,0,0.0,22.6,22.6,22.6
SSC,22/09/2026,22.6,22.6,"0 (0,00%)",0,0.0,0,0.0,0,0.0,22.6,22.6,22.6
SSC,21/09/2026,22.6,22.6,"0 (0,00%)",0,0.0,0,0.0,0,0.0,22.6,22.6,22.6
SSC,18/09/2026,22.6,22.6,"+1,00 (+4,63%)",100,0.0,0,0.0,0,0.0,22.6,22.6,22.6
SSC,17/09/2026,21.6,21.6,"+0,10 (+0,47%)",300,0.01,0,0.0,0,0.0,21.6,21.6,21.6
SSC,16/09/2026,21.5,21.5,"0 (0,00%)",0,0.0,0,0.0,0,0.0,21.5,21.5,21.5
SSC,15/09/2026,21.5,21.5,"-0,10 (-0,46%)",400,0.01,0,0.0,0,0.0,21.5,21.5,21.5
SSC,14/09/2026,21.6,21.6,"0 (0,00%)",100,0.0,0,0.0,0,0.0,21.6,21.6,21.6
SSC,11/09/2026,21.6,21.6,"0 (0,00%)",0,0.0,0,0.0,0,0.0,21.6,21.6,21.6
SSC,10/09/2026,21.6,21.6,"-1,10 (-4,85%)",300,0.01,0,0.0,0,0.0,22.75,22.75,21.6
SSC,09/09/2026,22.7,22.7,"-0,10 (-0,44%)",1100,0.02,0,0.0,0,0.0,22.7,22.7,22.7
SSI,06/10/2026,19.75,19.75,"+0,10 (+0,51%)",35983700,696.73,0,0.0,0,0.0,19.7,19.8,19.0
SSI,05/10/2026,19.65,19.65,"-0,05 (-0,25%)",15048900,299.19,8864900,183.5,8864900,183.5,19.75,20.1,19.65
SSI,02/10/2026,19.7,19.7,"-0,45 (-2,23%)",24912200,497.17,125000,2.34,125000,2.34,20.15,20.25,19.6
SSI,01/10/2026,20.15,20.15,"+0,05 (+0,25%)",21997400,445.33,9343900,194.5,9343900,194.5,20.15,20.55,20.1
SSI,30/09/2026,20.1,20.1,"-0,05 (-0,25%)",15011100,303.93,150000,3.15,150000,3.15,20.3,20.55,20.05
SSI,29/09/2026,20.15,20.15,"0 (0,00%)",15055400,303.68,0,0.0,0,0.0,20.15,20.35,19.95
SSI,28/09/2026,20.15,20.15,"-0,55 (-2,66%)",30299500,612.68,900000,19.27,900000,19.27,20.7,20.75,20.0
SSI,25/09/2026,20.7,20.7,"-0,15 (-0,72%)",11689500,243.66,1750000,37.52,1750000,37.52,20.85,21.05,20.7
SSI,24/09/2026,20.85,20.85,"0 (0,00%)",22439900,467.31,650000,13.98,650000,13.98,20.85,21.2,20.6
SSI,23/09/2026,20.85,20.85,"-0,10 (-0,48%)",15632800,327.47,552000,11.52,552000,11.52,20.95,21.15,20.75
SSI,22/09/2026,20.95,20.95,"+0,05 (+0,24%)",12109000,254.98,4868900,106.62,4868900,106.62,20.95,21.35,20.9
SSI,21/09/2026,20.9,20.9,"-0,50 (-2,34%)",33510000,703.63,0,0.0,0,0.0,21.55,21.6,20.75
SSI,18/09/2026,21.4,21.4,"+0,25 (+1,18%)",36400100,780.97,4518900,99.42,4518900,99.42,21.5,21.65,21.2
SSI,17/09/2026,21.15,21.15,"+0,60 (+2,92%)",40967600,868.97,1000000,21.95,1000000,21.95,20.4,21.6,20.35
SSI,16/09/2026,20.55,20.55,"-0,10 (-0,48%)",13947800,285.62,0,0.0,0,0.0,20.65,20.65,20.3
SSI,15/09/2026,20.65,20.65,"+0,35 (+1,72%)",16404500,336.53,0,0.0,0,0.0,20.3,20.75,20.25
SSI,14/09/2026,20.3,20.3,"0 (0,00%)",24518000,493.44,0,0.0,0,0.0,20.25,20.4,19.7
SSI,11/09/2026,20.3,20.3,"-0,70 (-3,33%)",24010700,494.58,0,0.0,0,0.0,20.85,20.95,20.3
SSI,10/09/2026,21.0,21.0,"+0,10 (+0,48%)",12807500,268.36,26000,0.54,26000,0.54,20.85,21.2,20.7
SSI,09/09/2026,20.9,20.9,"-0,10 (-0,48%)",9488000,198.93,0,0.0,0,0.0,21.05,21.15,20.85
ST8,06/10/2026,2.32,2.32,"-0,03 (-1,28%)",559800,1.36,0,0.0,0,0.0,2.5,2.5,2.3
ST8,05/10/2026,2.35,2.35,"+0,15 (+6,82%)",528300,1.23,0,0.0,0,0.0,2.3,2.35,2.29
ST8,02/10/2026,2.2,2.2,"+0,14 (+6,80%)",425200,0.93,0,0.0,0,0.0,2.09,2.2,2.07
ST8,01/10/2026,2.06,2.06,"0 (0,00%)",29200,0.06,0,0.0,0,0.0,2.06,2.11,2.03
ST8,30/09/2026,2.06,2.06,"+0,01 (+0,49%)",55900,0.12,0,0.0,0,0.0,2.05,2.12,2.05
ST8,29/09/2026,2.05,2.05,"-0,08 (-3,76%)",119700,0.25,0,0.0,0,0.0,2.05,2.11,2.03
ST8,28/09/2026,2.13,2.13,"-0,15 (-6,58%)",189400,0.41,0,0.0,0,0.0,2.3,2.3,2.13
ST8,25/09/2026,2.28,2.28,"+0,11 (+5,07%)",214800,0.48,0,0.0,0,0.0,2.17,2.29,2.17
ST8,24/09/2026,2.17,2.17,"+0,14 (+6,90%)",367800,0.78,0,0.0,0,0.0,2.03,2.17,2.03
ST8,23/09/2026,2.03,2.03,"+0,01 (+0,50%)",44200,0.09,0,0.0,0,0.0,2.02,2.03,2.0
ST8,22/09/2026,2.02,2.02,"+0,01 (+0,50%)",63400,0.13,0,0.0,0,0.0,2.0,2.02,2.0
ST8,21/09/2026,2.01,2.01,"0 (0,00%)",44500,0.09,0,0.0,0,0.0,2.01,2.02,1.99
ST8,18/09/2026,2.01,2.01,"-0,01 (-0,50%)",52500,0.11,0,0.0,0,0.0,2.0,2.03,1.98
ST8,17/09/2026,2.02,2.02,"+0,02 (+1,00%)",47100,0.09,0,0.0,0,0.0,2.0,2.02,1.97
ST8,16/09/2026,2.0,2.0,"0 (0,00%)",38400,0.08,0,0.0,0,0.0,1.99,2.0,1.98
ST8,15/09/2026,2.0,2.0,"+0,02 (+1,01%)",78700,0.16,0,0.0,0,0.0,1.99,2.0,1.91
ST8,14/09/2026,1.98,1.98,"-0,02 (-1,00%)",8500,0.02,0,0.0,0,0.0,2.0,2.04,1.98
ST8,11/09/2026,2.0,2.0,"0 (0,00%)",101200,0.2,0,0.0,0,0.0,2.0,2.03,1.99
ST8,10/09/2026,2.0,2.0,"-0,04 (-1,96%)",110800,0.22,0,0.0,0,0.0,2.05,2.05,2.0
ST8,09/09/2026,2.04,2.04,"-0,02 (-0,97%)",27000,0.06,0,0.0,0,0.0,2.06,2.07,2.03
STB,06/10/2026,67.7,67.7,"-0,30 (-0,44%)",2819400,191.97,425000,27.2,425000,27.2,68.0,68.9,67.6
STB,05/10/2026,68.0,68.0,"-0,40 (-0,58%)",3414500,234.06,592000,37.89,592000,37.89,68.4,69.9,67.6
STB,02/10/2026,68.4,68.4,"-1,90 (-2,70%)",4798300,329.72,543000,35.84,543000,35.84,70.4,70.5,67.7
STB,01/10/2026,70.3,70.3,"-3,70 (-5,00%)",5264100,375.92,1420000,97.98,1420000,97.98,74.1,74.4,70.0
STB,30/09/2026,74.0,74.0,"-1,80 (-2,37%)",2742800,204.95,1622000,117.33,1622000,117.33,75.9,76.3,73.9
STB,29/09/2026,75.8,75.8,"-1,40 (-1,81%)",2357000,180.06,0,0.0,0,0.0,77.5,77.8,75.6
STB,28/09/2026,77.2,77.2,"+0,70 (+0,92%)",2221800,171.99,0,0.0,0,0.0,77.1,77.9,76.6
STB,25/09/2026,76.5,76.5,"-0,40 (-0,52%)",1606900,123.95,5720000,447.38,5720000,447.38,77.0,77.9,76.5
STB,24/09/2026,76.9,76.9,"0 (0,00%)",2073800,160.3,501111,36.08,501111,36.08,77.1,77.8,76.5
STB,23/09/2026,76.9,76.9,"+0,20 (+0,26%)",1487500,114.96,6225000,485.08,6225000,485.08,76.9,77.8,76.7
STB,22/09/2026,76.7,76.7,"0 (0,00%)",1778400,137.37,305000,21.96,305000,21.96,76.7,77.9,76.6
STB,21/09/2026,76.7,76.7,"-1,50 (-1,92%)",1907900,147.49,1850000,135.98,1850000,135.98,78.0,78.2,76.7
STB,18/09/2026,78.2,78.2,"+2,00 (+2,62%)",5077900,395.54,0,0.0,0,0.0,76.5,78.2,76.2
STB,17/09/2026,76.2,76.2,"+0,40 (+0,53%)",2555400,195.87,1550000,110.05,1550000,110.05,75.8,77.1,75.7
STB,16/09/2026,75.8,75.8,"-0,20 (-0,26%)",2318100,176.66,1098000,77.96,1098000,77.96,76.3,76.9,75.6
STB,15/09/2026,76.0,76.0,"-0,40 (-0,52%)",2216700,169.21,10032400,717.32,10032400,717.32,76.7,77.0,75.8
STB,14/09/2026,76.4,76.4,"-0,90 (-1,16%)",2531100,194.0,5365000,391.45,5365000,391.45,77.3,77.9,75.8
STB,11/09/2026,77.3,77.3,"-0,70 (-0,90%)",8252800,647.51,0,0.0,0,0.0,78.2,79.0,77.2
STB,10/09/2026,78.0,78.0,"+1,30 (+1,69%)",3168900,248.1,3586000,258.85,3586000,258.85,76.7,79.0,76.7
STB,09/09/2026,76.7,76.7,"+0,60 (+0,79%)",4406100,340.2,2911000,214.52,2911000,214.52,76.2,78.0,76.2
STG,06/10/2026,38.05,38.05,"0 (0,00%)",0,0.0,0,0.0,0,0.0,38.05,38.05,38.05
STG,05/10/2026,38.05,38.05,"0 (0,00%)",0,0.0,0,0.0,0,0.0,38.05,38.05,38.05
STG,02/10/2026,38.05,38.05,"0 (0,00%)",0,0.0,0,0.0,0,0.0,38.05,38.05,38.05
STG,01/10/2026,38.05,38.05,"0 (0,00%)",0,0.0,0,0.0,0,0.0,38.05,38.05,38.05
STG,30/09/2026,38.05,38.05,"0 (0,00%)",0,0.0,0,0.0,0,0.0,38.05,38.05,38.05
STG,29/09/2026,38.05,38.05,"+2,35 (+6,58%)",200,0.01,0,0.0,0,0.0,34.0,38.05,34.0
STG,28/09/2026,35.7,35.7,"+2,30 (+6,89%)",200,0.01,0,0.0,0,0.0,32.5,35.7,32.5
STG,25/09/2026,33.4,33.4,"+2,15 (+6,88%)",1400,0.04,0,0.0,0,0.0,33.4,33.4,29.4
STG,24/09/2026,31.25,31.25,"+2,00 (+6,84%)",2000,0.06,0,0.0,0,0.0,29.25,31.25,28.25
STG,23/09/2026,29.25,29.25,"-1,50 (-4,88%)",500,0.01,0,0.0,0,0.0,29.3,29.3,29.25
STG,22/09/2026,30.75,30.75,"-2,00 (-6,11%)",1600,0.05,0,0.0,0,0.0,30.8,30.85,30.75
STG,21/09/2026,32.75,32.75,"0 (0,00%)",0,0.0,0,0.0,0,0.0,32.75,32.75,32.75
STG,18/09/2026,32.75,32.75,"0 (0,00%)",1100,0.04,0,0.0,0,0.0,30.65,32.75,30.65
STG,17/09/2026,32.75,32.75,"-2,45 (-6,96%)",700,0.02,0,0.0,0,0.0,32.75,32.75,32.75
STG,16/09/2026,35.2,35.2,"-2,60 (-6,88%)",100,0.0,0,0.0,0,0.0,35.2,35.2,35.2
STG,15/09/2026,37.8,37.8,"+1,85 (+5,15%)",1000,0.04,0,0.0,0,0.0,35.5,38.35,35.5
STG,14/09/2026,35.95,35.95,"+1,55 (+4,51%)",1400,0.05,0,0.0,0,0.0,33.5,36.6,33.5
STG,11/09/2026,34.4,34.4,"+2,25 (+7,00%)",1600,0.05,0,0.0,0,0.0,31.5,34.4,31.5
STG,10/09/2026,32.15,32.15,"+2,10 (+6,99%)",300,0.01,0,0.0,0,0.0,29.5,32.15,29.5
STG,09/09/2026,30.05,30.05,"0 (0,00%)",0,0.0,0,0.0,0,0.0,30.05,30.05,30.05
STK,06/10/2026,7.45,7.45,"-0,10 (-1,32%)",9700,0.07,0,0.0,0,0.0,7.5,7.79,7.4
STK,05/10/2026,7.55,7.55,"+0,13 (+1,75%)",1500,0.01,0,0.0,0,0.0,7.45,7.6,7.45
STK,02/10/2026,7.42,7.42,"-0,46 (-5,84%)",26100,0.19,0,0.0,0,0.0,7.65,7.7,7.33
STK,01/10/2026,7.88,7.88,"0 (0,00%)",1100,0.01,0,0.0,0,0.0,7.7,7.88,7.7
STK,30/09/2026,7.88,7.88,"0 (0,00%)",1200,0.01,0,0.0,0,0.0,7.88,7.88,7.88
STK,29/09/2026,7.88,7.88,"+0,18 (+2,34%)",27600,0.22,0,0.0,0,0.0,7.7,7.9,7.7
STK,28/09/2026,7.7,7.7,"0 (0,00%)",3900,0.03,0,0.0,0,0.0,7.7,7.7,7.6
STK,25/09/2026,7.7,7.7,"+0,02 (+0,26%)",25300,0.19,0,0.0,0,0.0,8.0,8.0,7.6
STK,24/09/2026,7.68,7.68,"0 (0,00%)",9000,0.07,0,0.0,0,0.0,7.61,7.68,7.53
STK,23/09/2026,7.68,7.68,"-0,22 (-2,78%)",10100,0.08,0,0.0,0,0.0,7.8,7.98,7.6
STK,22/09/2026,7.9,7.9,"+0,10 (+1,28%)",2200,0.02,0,0.0,0,0.0,7.92,7.92,7.8
STK,21/09/2026,7.8,7.8,"+0,12 (+1,56%)",3000,0.02,0,0.0,0,0.0,7.9,7.95,7.7
STK,18/09/2026,7.68,7.68,"+0,15 (+1,99%)",5900,0.05,0,0.0,0,0.0,7.6,7.68,7.57
STK,17/09/2026,7.53,7.53,"-0,16 (-2,08%)",35700,0.27,0,0.0,0,0.0,7.68,7.69,7.53
STK,16/09/2026,7.69,7.69,"-0,09 (-1,16%)",7600,0.06,0,0.0,0,0.0,7.75,7.75,7.45
STK,15/09/2026,7.78,7.78,"-0,01 (-0,13%)",26900,0.2,0,0.0,0,0.0,7.5,7.79,7.5
STK,14/09/2026,7.79,7.79,"-0,15 (-1,89%)",17800,0.14,0,0.0,0,0.0,7.91,7.91,7.79
STK,11/09/2026,7.94,7.94,"+0,30 (+3,93%)",8700,0.07,0,0.0,0,0.0,7.64,7.94,7.5
STK,10/09/2026,7.64,7.64,"-0,06 (-0,78%)",4100,0.03,0,0.0,0,0.0,8.0,8.0,7.64
STK,09/09/2026,7.7,7.7,"-0,10 (-1,28%)",40300,0.32,0,0.0,0,0.0,7.8,8.0,7.7
SVC,06/10/2026,17.95,17.95,"-0,05 (-0,28%)",2600,0.04,0,0.0,0,0.0,16.9,17.95,16.75
SVC,05/10/2026,18.0,18.0,"+0,25 (+1,41%)",1500,0.03,0,0.0,0,0.0,17.0,18.0,16.65
SVC,02/10/2026,17.75,17.75,"-1,25 (-6,58%)",3400,0.06,0,0.0,0,0.0,17.8,17.8,17.75
SVC,01/10/2026,19.0,19.0,"-1,00 (-5,00%)",9000,0.17,0,0.0,0,0.0,19.0,19.0,18.6
SVC,30/09/2026,20.0,20.0,"0 (0,00%)",0,0.0,0,0.0,0,0.0,20.0,20.0,20.0
SVC,29/09/2026,20.0,20.0,"0 (0,00%)",0,0.0,0,0.0,0,0.0,20.0,20.0,20.0
SVC,28/09/2026,20.0,20.0,"+0,55 (+2,83%)",10000,0.2,0,0.0,0,0.0,20.0,20.0,20.0
SVC,25/09/2026,19.45,19.45,"0 (0,00%)",0,0.0,0,0.0,0,0.0,19.45,19.45,19.45
SVC,24/09/2026,19.45,19.45,"+0,20 (+1,04%)",100,0.0,0,0.0,0,0.0,19.45,19.45,19.45
SVC,23/09/2026,19.25,19.25,"+0,75 (+4,05%)",11500,0.22,0,0.0,0,0.0,18.4,19.25,18.1
SVC,22/09/2026,18.5,18.5,"+1,00 (+5,71%)",7500,0.14,0,0.0,0,0.0,18.5,18.5,18.5
SVC,21/09/2026,17.5,17.5,"+0,55 (+3,24%)",4300,0.08,0,0.0,0,0.0,17.5,17.5,17.5
SVC,18/09/2026,16.95,16.95,"+0,10 (+0,59%)",100,0.0,0,0.0,0,0.0,16.95,16.95,16.95
SVC,17/09/2026,16.85,16.85,"+0,35 (+2,12%)",100,0.0,0,0.0,0,0.0,16.85,16.85,16.85
SVC,16/09/2026,16.5,16.5,"0 (0,00%)",0,0.0,0,0.0,0,0.0,16.5,16.5,16.5
SVC,15/09/2026,16.5,16.5,"-0,25 (-1,49%)",200,0.0,0,0.0,0,0.0,15.7,16.5,15.7
SVC,14/09/2026,16.75,16.75,"0 (0,00%)",0,0.0,0,0.0,0,0.0,16.75,16.75,16.75
SVC,11/09/2026,16.75,16.75,"0 (0,00%)",100,0.0,0,0.0,0,0.0,16.75,16.75,16.75
SVC,10/09/2026,16.75,16.75,"+0,40 (+2,45%)",100,0.0,0,0.0,0,0.0,16.75,16.75,16.75
SVC,09/09/2026,16.35,16.35,"+0,25 (+1,55%)",8800,0.14,0,0.0,0,0.0,16.0,16.35,15.5
SVD,06/10/2026,4.8,4.8,"-0,25 (-4,95%)",5400,0.03,0,0.0,0,0.0,4.8,4.8,4.8
SVD,05/10/2026,5.05,5.05,"+0,06 (+1,20%)",1700,0.01,0,0.0,0,0.0,4.65,5.18,4.65
SVD,02/10/2026,4.99,4.99,"-0,07 (-1,38%)",5000,0.02,0,0.0,0,0.0,5.0,5.05,4.72
SVD,01/10/2026,5.06,5.06,"+0,24 (+4,98%)",2700,0.01,0,0.0,0,0.0,4.51,5.06,4.51
SVD,30/09/2026,4.82,4.82,"-0,12 (-2,43%)",100,0.0,0,0.0,0,0.0,4.82,4.82,4.82
SVD,29/09/2026,4.94,4.94,"-0,20 (-3,89%)",3800,0.02,0,0.0,0,0.0,5.14,5.25,4.94
SVD,28/09/2026,5.14,5.14,"+0,12 (+2,39%)",50900,0.26,0,0.0,0,0.0,5.02,5.23,5.01
SVD,25/09/2026,5.02,5.02,"-0,17 (-3,28%)",9200,0.05,0,0.0,0,0.0,5.19,5.19,5.01
SVD,24/09/2026,5.19,5.19,"+0,29 (+5,92%)",10700,0.06,0,0.0,0,0.0,5.19,5.24,4.95
SVD,23/09/2026,4.9,4.9,"-0,15 (-2,97%)",17900,0.09,0,0.0,0,0.0,4.86,5.4,4.86
SVD,22/09/2026,5.05,5.05,"+0,32 (+6,77%)",45400,0.23,0,0.0,0,0.0,5.0,5.06,4.76
SVD,21/09/2026,4.73,4.73,"-0,02 (-0,42%)",5200,0.03,0,0.0,0,0.0,4.6,5.08,4.6
SVD,18/09/2026,4.75,4.75,"-0,05 (-1,04%)",22300,0.11,0,0.0,0,0.0,5.1,5.13,4.71
SVD,17/09/2026,4.8,4.8,"+0,03 (+0,63%)",6300,0.03,0,0.0,0,0.0,4.76,5.0,4.76
SVD,16/09/2026,4.77,4.77,"-0,25 (-4,98%)",28700,0.14,0,0.0,0,0.0,4.74,5.2,4.74
SVD,15/09/2026,5.02,5.02,"+0,32 (+6,81%)",29600,0.15,0,0.0,0,0.0,4.7,5.02,4.7
SVD,14/09/2026,4.7,4.7,"+0,08 (+1,73%)",26600,0.13,0,0.0,0,0.0,4.62,4.94,4.62
SVD,11/09/2026,4.62,4.62,"+0,30 (+6,94%)",19000,0.09,0,0.0,0,0.0,4.33,4.62,4.33
SVD,10/09/2026,4.32,4.32,"-0,06 (-1,37%)",16700,0.08,0,0.0,0,0.0,4.38,4.68,4.15
SVD,09/09/2026,4.38,4.38,"+0,06 (+1,39%)",16400,0.08,0,0.0,0,0.0,4.61,4.62,4.35
SVT,06/10/2026,9.0,9.0,"0 (0,00%)",3000,0.03,0,0.0,0,0.0,9.0,9.0,9.0
SVT,05/10/2026,9.0,9.0,"0 (0,00%)",13000,0.12,0,0.0,0,0.0,9.01,9.01,9.0
SVT,02/10/2026,9.0,9.0,"0 (0,00%)",0,0.0,0,0.0,0,0.0,9.0,9.0,9.0
SVT,01/10/2026,9.0,9.0,"-0,63 (-6,54%)",2200,0.02,0,0.0,0,0.0,9.63,9.63,9.0
SVT,30/09/2026,9.63,9.63,"-0,01 (-0,10%)",400,0.0,0,0.0,0,0.0,9.3,9.63,9.3
SVT,29/09/2026,9.65,9.65,"+0,35 (+3,76%)",2300,0.02,0,0.0,0,0.0,9.3,9.65,9.0
SVT,28/09/2026,9.3,9.3,"-0,10 (-1,06%)",100,0.0,0,0.0,0,0.0,9.3,9.3,9.3
SVT,25/09/2026,9.4,9.4,"+0,40 (+4,44%)",3400,0.03,0,0.0,0,0.0,9.0,9.4,9.0
SVT,24/09/2026,9.0,9.0,"-0,20 (-2,17%)",200,0.0,0,0.0,0,0.0,9.0,9.0,9.0
SVT,23/09/2026,9.2,9.2,"0 (0,00%)",200,0.0,0,0.0,0,0.0,9.2,9.2,9.2
SVT,22/09/2026,9.2,9.2,"0 (0,00%)",0,0.0,0,0.0,0,0.0,9.2,9.2,9.2
SVT,21/09/2026,9.2,9.2,"0 (0,00%)",100,0.0,0,0.0,0,0.0,9.2,9.2,9.2
SVT,18/09/2026,9.2,9.2,"0 (0,00%)",7000,0.06,0,0.0,0,0.0,9.19,9.2,9.19
SVT,17/09/2026,9.2,9.2,"-0,08 (-0,86%)",500,0.0,0,0.0,0,0.0,9.19,9.2,9.19
SVT,16/09/2026,9.28,9.28,"+0,27 (+3,00%)",200,0.0,0,0.0,0,0.0,9.3,9.3,9.28
SVT,15/09/2026,9.01,9.01,"-0,48 (-5,06%)",3700,0.03,0,0.0,0,0.0,9.48,9.48,8.99
SVT,14/09/2026,9.49,9.49,"+0,57 (+6,39%)",3000,0.03,0,0.0,0,0.0,9.1,9.49,8.96
SVT,11/09/2026,8.92,8.92,"-0,48 (-5,11%)",10500,0.09,0,0.0,0,0.0,9.38,9.38,8.8
SVT,10/09/2026,9.4,9.4,"0 (0,00%)",4300,0.04,0,0.0,0,0.0,9.4,9.5,9.4
SVT,09/09/2026,10.4,9.4,"-0,08 (-0,76%)",20100,0.21,0,0.0,0,0.0,10.5,10.5,10.35
SZC,06/10/2026,16.7,16.7,"+0,15 (+0,91%)",293000,4.84,0,0.0,0,0.0,16.55,16.8,16.2
SZC,05/10/2026,16.55,16.55,"-0,25 (-1,49%)",266000,4.43,0,0.0,0,0.0,16.8,16.9,16.45
SZC,02/10/2026,16.8,16.8,"-0,35 (-2,04%)",238300,4.04,0,0.0,0,0.0,17.1,17.3,16.7
SZC,01/10/2026,17.15,17.15,"-0,15 (-0,87%)",107400,1.85,0,0.0,0,0.0,17.2,17.45,17.05
SZC,30/09/2026,17.3,17.3,"+0,10 (+0,58%)",248500,4.33,0,0.0,0,0.0,17.2,17.6,17.2
SZC,29/09/2026,17.2,17.2,"-0,10 (-0,58%)",213500,3.68,0,0.0,0,0.0,17.3,17.4,17.2
SZC,28/09/2026,17.3,17.3,"-0,55 (-3,08%)",382200,6.69,0,0.0,0,0.0,17.9,17.9,17.2
SZC,25/09/2026,17.85,17.85,"-0,35 (-1,92%)",172200,3.1,0,0.0,0,0.0,18.1,18.25,17.8
SZC,24/09/2026,18.2,18.2,"+0,10 (+0,55%)",465600,8.56,0,0.0,0,0.0,18.0,18.6,18.0
SZC,23/09/2026,18.1,18.1,"+0,40 (+2,26%)",340600,6.13,0,0.0,0,0.0,17.9,18.2,17.65
SZC,22/09/2026,17.7,17.7,"0 (0,00%)",246200,4.36,0,0.0,0,0.0,17.75,17.9,17.55
SZC,21/09/2026,17.7,17.7,"-0,15 (-0,84%)",282600,5.04,0,0.0,0,0.0,17.9,18.0,17.65
SZC,18/09/2026,17.85,17.85,"+0,20 (+1,13%)",203500,3.63,0,0.0,0,0.0,17.65,17.95,17.65
SZC,17/09/2026,17.65,17.65,"+0,10 (+0,57%)",232800,4.13,0,0.0,0,0.0,17.55,17.95,17.55
SZC,16/09/2026,17.55,17.55,"0 (0,00%)",316500,5.59,0,0.0,0,0.0,17.7,17.9,17.5
SZC,15/09/2026,17.55,17.55,"-0,05 (-0,28%)",243700,4.29,0,0.0,0,0.0,17.7,17.9,17.55
SZC,14/09/2026,17.6,17.6,"-0,40 (-2,22%)",310300,5.49,0,0.0,0,0.0,18.0,18.05,17.6
SZC,11/09/2026,18.0,18.0,"-0,45 (-2,44%)",353000,6.41,0,0.0,0,0.0,18.55,18.55,18.0
SZC,10/09/2026,19.45,18.45,"-0,15 (-0,77%)",284900,5.53,0,0.0,0,0.0,19.6,19.6,19.3
SZC,09/09/2026,19.6,18.59,"-0,30 (-1,51%)",493700,9.73,0,0.0,0,0.0,19.95,20.1,19.5
SZL,06/10/2026,27.2,27.2,"+0,50 (+1,87%)",10100,0.27,0,0.0,0,0.0,27.0,27.25,26.85
SZL,05/10/2026,26.7,26.7,"+0,50 (+1,91%)",7600,0.2,0,0.0,0,0.0,26.1,26.7,26.1
SZL,02/10/2026,26.2,26.2,"-0,60 (-2,24%)",30400,0.8,0,0.0,0,0.0,25.7,27.0,25.7
SZL,01/10/2026,26.8,26.8,"-0,05 (-0,19%)",17000,0.46,0,0.0,0,0.0,27.0,27.0,26.8
SZL,30/09/2026,26.85,26.85,"+0,05 (+0,19%)",33800,0.91,0,0.0,0,0.0,27.0,27.1,26.8
SZL,29/09/2026,26.8,26.8,"-0,10 (-0,37%)",9900,0.27,0,0.0,0,0.0,27.0,27.0,26.7
SZL,28/09/2026,26.9,26.9,"-0,30 (-1,10%)",11700,0.32,0,0.0,0,0.0,27.05,27.1,26.6
SZL,25/09/2026,27.2,27.2,"-0,05 (-0,18%)",7200,0.2,0,0.0,0,0.0,27.35,27.35,27.1
SZL,24/09/2026,27.25,27.25,"-0,30 (-1,09%)",46700,1.27,0,0.0,0,0.0,27.5,27.5,27.0
SZL,23/09/2026,27.55,27.55,"-0,15 (-0,54%)",11000,0.3,0,0.0,0,0.0,27.7,27.7,27.45
SZL,22/09/2026,27.7,27.7,"-0,20 (-0,72%)",10700,0.3,0,0.0,0,0.0,27.7,27.8,27.6
SZL,21/09/2026,27.9,27.9,"-0,20 (-0,71%)",24000,0.67,0,0.0,0,0.0,28.2,28.2,27.65
SZL,18/09/2026,28.1,28.1,"+0,10 (+0,36%)",57600,1.61,0,0.0,0,0.0,28.0,28.1,27.95
SZL,17/09/2026,28.0,28.0,"-0,55 (-1,93%)",62500,1.77,0,0.0,0,0.0,28.4,28.55,28.0
SZL,16/09/2026,28.55,28.55,"+0,45 (+1,60%)",59900,1.69,0,0.0,0,0.0,28.2,28.55,27.15
SZL,15/09/2026,50.3,28.12,"-0,20 (-0,40%)",42800,2.15,0,0.0,0,0.0,48.7,51.0,48.7
SZL,14/09/2026,50.5,28.23,"-0,10 (-0,20%)",66000,3.36,0,0.0,0,0.0,50.9,51.8,50.5
SZL,11/09/2026,50.6,28.29,"-0,67 (-1,31%)",44000,2.22,0,0.0,0,0.0,51.1,51.1,50.2
SZL,10/09/2026,51.3,28.68,"+0,02 (+0,04%)",24200,1.23,0,0.0,0,0.0,51.3,51.5,50.6
SZL,09/09/2026,51.3,28.68,"-1,08 (-2,06%)",35400,1.83,0,0.0,0,0.0,52.5,52.5,51.3
TAL,06/10/2026,22.8,22.8,"+0,10 (+0,44%)",199400,4.44,0,0.0,0,0.0,22.1,22.8,21.85
TAL,05/10/2026,22.7,22.7,"-0,30 (-1,30%)",1177500,26.9,4200000,103.32,4200000,103.32,23.0,23.0,22.7
TAL,02/10/2026,23.0,23.0,"+0,20 (+0,88%)",626400,14.31,0,0.0,0,0.0,22.8,23.0,22.45
TAL,01/10/2026,22.8,22.8,"0 (0,00%)",628400,14.28,700000,15.75,700000,15.75,23.0,23.0,22.2
TAL,30/09/2026,22.8,22.8,"+0,10 (+0,44%)",325900,7.29,1000000,22.8,1000000,22.8,22.5,22.8,22.0
TAL,29/09/2026,22.7,22.7,"-1,00 (-4,22%)",457200,10.66,0,0.0,0,0.0,23.7,23.8,22.7
TAL,28/09/2026,23.7,23.7,"+0,70 (+3,04%)",977800,22.56,0,0.0,0,0.0,23.85,23.85,22.6
TAL,25/09/2026,23.0,23.0,"+0,70 (+3,14%)",963100,22.24,0,0.0,0,0.0,22.55,23.85,22.3
TAL,24/09/2026,22.3,22.3,"-0,15 (-0,67%)",19700,0.44,0,0.0,0,0.0,22.45,22.45,22.3
TAL,23/09/2026,22.45,22.45,"+0,15 (+0,67%)",90700,2.03,0,0.0,0,0.0,22.35,22.45,22.0
TAL,22/09/2026,22.3,22.3,"-0,10 (-0,45%)",41000,0.9,0,0.0,0,0.0,21.8,22.3,21.8
TAL,21/09/2026,22.4,22.4,"-0,20 (-0,88%)",91100,2.03,0,0.0,0,0.0,22.65,22.7,22.0
TAL,18/09/2026,22.6,22.6,"+0,35 (+1,57%)",70800,1.59,0,0.0,0,0.0,22.8,22.8,22.25
TAL,17/09/2026,22.25,22.25,"-0,25 (-1,11%)",89900,2.02,0,0.0,0,0.0,22.4,22.9,22.2
TAL,16/09/2026,22.5,22.5,"+0,05 (+0,22%)",57500,1.28,0,0.0,0,0.0,22.3,22.7,22.0
TAL,15/09/2026,22.45,22.45,"+0,10 (+0,45%)",113800,2.53,0,0.0,0,0.0,22.35,22.5,22.0
TAL,14/09/2026,22.35,22.35,"+0,20 (+0,90%)",140200,3.13,0,0.0,0,0.0,22.15,22.55,22.0
TAL,11/09/2026,22.15,22.15,"-1,00 (-4,32%)",140200,3.15,0,0.0,0,0.0,23.45,23.45,22.15
TAL,10/09/2026,23.15,23.15,"-0,15 (-0,64%)",69000,1.61,0,0.0,0,0.0,23.6,23.8,23.0
TAL,09/09/2026,23.3,23.3,"+0,10 (+0,43%)",42500,0.99,0,0.0,0,0.0,23.2,23.6,23.0
TBC,06/10/2026,32.85,32.85,"+0,45 (+1,39%)",600,0.02,0,0.0,0,0.0,32.5,32.85,32.4
TBC,05/10/2026,32.4,32.4,"0 (0,00%)",3700,0.12,0,0.0,0,0.0,32.4,32.4,32.4
TBC,02/10/2026,32.4,32.4,"+0,65 (+2,05%)",400,0.01,0,0.0,0,0.0,32.4,32.4,32.4
TBC,01/10/2026,31.75,31.75,"-0,70 (-2,16%)",3800,0.12,0,0.0,0,0.0,32.45,32.45,31.75
TBC,30/09/2026,32.45,32.45,"+0,85 (+2,69%)",1600,0.05,0,0.0,0,0.0,31.5,32.45,31.5
TBC,29/09/2026,31.6,31.6,"+0,05 (+0,16%)",5000,0.16,0,0.0,0,0.0,31.55,31.6,31.55
TBC,28/09/2026,31.55,31.55,"-0,05 (-0,16%)",3200,0.1,0,0.0,0,0.0,31.6,31.6,31.5
TBC,25/09/2026,31.6,31.6,"0 (0,00%)",7300,0.23,0,0.0,0,0.0,31.5,31.6,31.5
TBC,24/09/2026,31.6,31.6,"0 (0,00%)",0,0.0,0,0.0,0,0.0,31.6,31.6,31.6
TBC,23/09/2026,31.6,31.6,"0 (0,00%)",2200,0.07,0,0.0,0,0.0,31.6,31.6,31.5
TBC,22/09/2026,31.6,31.6,"-0,90 (-2,77%)",6800,0.22,0,0.0,0,0.0,32.0,32.0,31.55
TBC,21/09/2026,32.5,32.5,"0 (0,00%)",400,0.01,0,0.0,0,0.0,32.5,32.5,32.5
TBC,18/09/2026,32.5,32.5,"+0,95 (+3,01%)",100,0.0,0,0.0,0,0.0,32.5,32.5,32.5
TBC,17/09/2026,31.55,31.55,"0 (0,00%)",100,0.0,0,0.0,0,0.0,31.55,31.55,31.55
TBC,16/09/2026,31.55,31.55,"0 (0,00%)",300,0.01,0,0.0,0,0.0,31.55,31.55,31.55
TBC,15/09/2026,31.55,31.55,"0 (0,00%)",400,0.01,0,0.0,0,0.0,31.7,31.7,31.55
TBC,14/09/2026,31.55,31.55,"-0,35 (-1,10%)",3700,0.12,0,0.0,0,0.0,31.6,31.6,31.55
TBC,11/09/2026,31.9,31.9,"-0,10 (-0,31%)",300,0.01,0,0.0,0,0.0,31.9,31.9,31.9
TBC,10/09/2026,32.0,32.0,"0 (0,00%)",5000,0.16,0,0.0,0,0.0,32.0,32.0,32.0
TBC,09/09/2026,32.0,32.0,"0 (0,00%)",2100,0.07,0,0.0,0,0.0,31.55,32.0,31.5
TCB,06/10/2026,32.45,32.45,"-0,05 (-0,15%)",16131700,519.73,14420000,467.49,14420000,467.49,32.3,32.5,31.95
TCB,05/10/2026,32.5,32.5,"+0,25 (+0,78%)",18043200,579.66,1500000,49.08,1500000,49.08,32.15,32.5,31.75
TCB,02/10/2026,32.25,32.25,"-0,75 (-2,27%)",14182100,460.46,3870000,126.49,3870000,126.49,32.8,33.0,32.25
TCB,01/10/2026,33.0,33.0,"+0,45 (+1,38%)",17097100,559.46,7451300,239.76,7451300,239.76,32.75,33.0,32.35
TCB,30/09/2026,32.55,32.55,"-0,05 (-0,15%)",16570700,538.65,17345000,566.64,17345000,566.64,32.8,32.85,32.3
TCB,29/09/2026,32.6,32.6,"-0,25 (-0,76%)",15103700,491.47,6263800,200.29,6263800,200.29,32.55,32.8,32.25
TCB,28/09/2026,32.85,32.85,"-0,40 (-1,20%)",21588800,705.85,1711000,57.83,1711000,57.83,33.2,33.25,32.4
TCB,25/09/2026,33.25,33.25,"+0,30 (+0,91%)",27899800,926.47,3663000,123.72,3663000,123.72,32.9,33.7,32.85
TCB,24/09/2026,32.95,32.95,"-0,20 (-0,60%)",16336800,538.28,540000,17.34,540000,17.34,32.75,33.15,32.75
TCB,23/09/2026,33.15,33.15,"+0,85 (+2,63%)",39007100,1288.74,4083000,135.45,4083000,135.45,32.25,33.45,32.2
TCB,22/09/2026,32.3,32.3,"+0,05 (+0,16%)",11125400,359.31,200000,6.02,200000,6.02,32.2,32.7,32.05
TCB,21/09/2026,32.25,32.25,"+0,65 (+2,06%)",14620400,466.66,1060000,33.88,1060000,33.88,32.0,32.25,31.6
TCB,18/09/2026,31.6,31.6,"-1,05 (-3,22%)",15676600,505.76,320000,10.35,320000,10.35,32.8,33.0,31.6
TCB,17/09/2026,32.65,32.65,"+0,20 (+0,62%)",12488900,406.19,80000,2.72,80000,2.72,32.2,32.7,32.2
TCB,16/09/2026,32.45,32.45,"+0,25 (+0,78%)",9514400,306.27,430000,13.91,430000,13.91,32.4,32.45,31.9
TCB,15/09/2026,32.2,32.2,"+0,35 (+1,10%)",9080700,292.25,80000,2.53,80000,2.53,31.85,32.4,31.85
TCB,14/09/2026,31.85,31.85,"+0,25 (+0,79%)",11777000,374.81,3788500,119.98,3788500,119.98,31.45,32.2,31.4
TCB,11/09/2026,31.6,31.6,"-0,80 (-2,47%)",15192300,484.04,30000,0.92,30000,0.92,32.2,32.3,31.6
TCB,10/09/2026,32.4,32.4,"0 (0,00%)",5852200,189.38,365000,11.79,365000,11.79,32.2,32.5,32.15
TCB,09/09/2026,32.4,32.4,"+0,45 (+1,41%)",10974600,355.68,4382000,140.05,4382000,140.05,32.0,32.7,32.0
TCD,14/07/2026,1.89,1.89,"0 (0,00%)",0,0.0,0,0.0,0,0.0,1.89,1.89,1.89
TCD,13/07/2026,1.89,1.89,"0 (0,00%)",0,0.0,0,0.0,0,0.0,1.89,1.89,1.89
TCD,10/07/2026,1.89,1.89,"0 (0,00%)",0,0.0,0,0.0,0,0.0,1.89,1.89,1.89
TCD,09/07/2026,1.89,1.89,"0 (0,00%)",0,0.0,0,0.0,0,0.0,1.89,1.89,1.89
TCD,08/07/2026,1.89,1.89,"0 (0,00%)",0,0.0,0,0.0,0,0.0,1.89,1.89,1.89
TCD,07/07/2026,1.89,1.89,"0 (0,00%)",0,0.0,0,0.0,0,0.0,1.89,1.89,1.89
TCH,06/10/2026,11.1,11.1,"+0,10 (+0,91%)",7452300,80.28,601000,6.16,601000,6.16,11.0,11.1,10.5
TCH,05/10/2026,11.0,11.0,"+0,10 (+0,92%)",2724400,29.56,0,0.0,0,0.0,10.7,11.0,10.7
TCH,02/10/2026,10.9,10.9,"-0,40 (-3,54%)",3468800,38.37,0,0.0,0,0.0,11.35,11.35,10.85
TCH,01/10/2026,11.3,11.3,"-0,25 (-2,16%)",2510200,28.46,0,0.0,0,0.0,11.4,11.55,11.25
TCH,30/09/2026,11.55,11.55,"+0,05 (+0,43%)",3979200,45.53,0,0.0,0,0.0,11.6,11.6,11.25
TCH,29/09/2026,11.5,11.5,"+0,10 (+0,88%)",3467400,39.41,0,0.0,0,0.0,11.35,11.6,11.1
TCH,28/09/2026,11.4,11.4,"+0,10 (+0,88%)",7539300,83.22,0,0.0,0,0.0,11.3,11.5,10.75
TCH,25/09/2026,11.3,11.3,"+0,05 (+0,44%)",3508300,39.54,0,0.0,0,0.0,11.25,11.4,11.1
TCH,24/09/2026,11.25,11.25,"-0,30 (-2,60%)",3936000,44.58,0,0.0,0,0.0,11.55,11.55,11.25
TCH,23/09/2026,11.55,11.55,"-0,15 (-1,28%)",3178100,36.85,0,0.0,0,0.0,11.75,11.8,11.45
TCH,22/09/2026,11.7,11.7,"0 (0,00%)",2130800,24.88,0,0.0,0,0.0,11.7,11.85,11.55
TCH,21/09/2026,11.7,11.7,"-0,15 (-1,27%)",4050100,47.41,0,0.0,0,0.0,11.9,12.1,11.5
TCH,18/09/2026,11.85,11.85,"+0,15 (+1,28%)",3450900,40.61,0,0.0,0,0.0,11.8,11.9,11.65
TCH,17/09/2026,11.7,11.7,"+0,40 (+3,54%)",5531800,64.67,0,0.0,0,0.0,11.25,11.95,11.2
TCH,16/09/2026,11.3,11.3,"-0,30 (-2,59%)",5009100,56.94,0,0.0,0,0.0,11.5,11.6,11.25
TCH,15/09/2026,11.6,11.6,"+0,15 (+1,31%)",2971900,34.19,0,0.0,0,0.0,11.4,11.65,11.4
TCH,14/09/2026,11.45,11.45,"-0,25 (-2,14%)",4690100,53.64,0,0.0,0,0.0,11.5,11.7,11.2
TCH,11/09/2026,11.7,11.7,"-0,40 (-3,31%)",9850000,115.44,0,0.0,0,0.0,12.0,12.05,11.5
TCH,10/09/2026,12.1,12.1,"-0,10 (-0,82%)",3641200,44.43,30000,0.37,30000,0.37,12.2,12.35,12.1
TCH,09/09/2026,12.2,12.2,"+0,10 (+0,83%)",4808600,58.64,0,0.0,0,0.0,12.15,12.4,12.05
TCI,06/10/2026,10.0,10.0,"-0,20 (-1,96%)",117800,1.17,0,0.0,0,0.0,10.2,10.2,9.88
TCI,05/10/2026,10.2,10.2,"+0,32 (+3,24%)",398300,3.98,0,0.0,0,0.0,9.99,10.35,9.71
TCI,02/10/2026,9.89,9.89,"+0,03 (+0,30%)",332700,3.27,0,0.0,0,0.0,9.89,10.0,9.7
TCI,01/10/2026,9.86,9.86,"-0,02 (-0,20%)",87500,0.85,0,0.0,0,0.0,9.88,9.89,9.67
TCI,30/09/2026,9.89,9.89,"+0,02 (+0,20%)",107500,1.05,0,0.0,0,0.0,9.91,9.91,9.7
TCI,29/09/2026,9.89,9.89,"-0,02 (-0,20%)",130900,1.29,0,0.0,0,0.0,9.91,9.91,9.8
TCI,28/09/2026,9.91,9.91,"0 (0,00%)",74100,0.73,0,0.0,0,0.0,9.8,9.91,9.75
TCI,25/09/2026,9.91,9.91,"+0,03 (+0,30%)",76200,0.75,0,0.0,0,0.0,9.9,9.91,9.87
TCI,24/09/2026,9.9,9.9,"+0,03 (+0,30%)",140900,1.39,66900,0.71,66900,0.71,9.95,9.95,9.85
TCI,23/09/2026,9.88,9.88,"+0,10 (+1,02%)",56100,0.55,0,0.0,0,0.0,10.0,10.0,9.82
TCI,22/09/2026,9.8,9.8,"+0,16 (+1,66%)",69100,0.68,0,0.0,0,0.0,9.69,9.8,9.66
TCI,21/09/2026,9.66,9.66,"-0,03 (-0,31%)",178100,1.7,105900,0.96,105900,0.96,9.7,9.75,9.37
TCI,18/09/2026,9.7,9.7,"+0,11 (+1,15%)",17500,0.17,0,0.0,0,0.0,9.38,9.8,9.36
TCI,17/09/2026,9.6,9.6,"-0,09 (-0,93%)",91900,0.88,0,0.0,0,0.0,9.4,9.75,9.4
TCI,16/09/2026,9.7,9.7,"-0,09 (-0,92%)",31800,0.3,0,0.0,0,0.0,9.56,9.79,9.4
TCI,15/09/2026,9.8,9.8,"+0,40 (+4,26%)",73400,0.7,2140000,20.12,2140000,20.12,9.45,9.8,9.3
TCI,14/09/2026,9.4,9.4,"-0,19 (-1,98%)",13500,0.13,0,0.0,0,0.0,9.6,9.6,9.4
TCI,11/09/2026,9.6,9.6,"+0,01 (+0,10%)",99000,0.94,0,0.0,0,0.0,9.0,9.64,9.0
TCI,10/09/2026,9.6,9.6,"-0,13 (-1,34%)",22200,0.21,0,0.0,0,0.0,9.6,9.98,9.5
TCI,09/09/2026,9.75,9.75,"+0,31 (+3,28%)",111600,1.07,0,0.0,0,0.0,9.3,9.75,9.3
TCL,06/10/2026,28.8,28.8,"-0,20 (-0,69%)",36300,1.04,0,0.0,0,0.0,29.3,29.3,28.5
TCL,05/10/2026,29.0,29.0,"0 (0,00%)",4000,0.12,0,0.0,0,0.0,28.9,29.0,28.85
TCL,02/10/2026,29.0,29.0,"0 (0,00%)",2600,0.08,0,0.0,0,0.0,29.15,29.15,28.95
TCL,01/10/2026,29.0,29.0,"+0,05 (+0,17%)",8800,0.26,0,0.0,0,0.0,29.0,29.15,29.0
TCL,30/09/2026,28.95,28.95,"-0,15 (-0,52%)",12900,0.37,0,0.0,0,0.0,29.05,29.1,28.95
TCL,29/09/2026,29.1,29.1,"-0,10 (-0,34%)",4300,0.13,0,0.0,0,0.0,29.2,29.2,29.1
TCL,28/09/2026,29.2,29.2,"0 (0,00%)",4300,0.12,0,0.0,0,0.0,29.15,29.2,29.0
TCL,25/09/2026,29.2,29.2,"-0,10 (-0,34%)",4900,0.14,0,0.0,0,0.0,29.3,29.3,29.2
TCL,24/09/2026,29.3,29.3,"-0,05 (-0,17%)",10400,0.3,0,0.0,0,0.0,29.35,29.35,29.1
TCL,23/09/2026,29.35,29.35,"+0,10 (+0,34%)",5600,0.16,0,0.0,0,0.0,29.2,29.35,29.2
TCL,22/09/2026,29.25,29.25,"+0,05 (+0,17%)",15300,0.45,0,0.0,0,0.0,29.2,29.35,29.2
TCL,21/09/2026,29.2,29.2,"0 (0,00%)",1100,0.03,0,0.0,0,0.0,29.25,29.25,29.2
TCL,18/09/2026,29.2,29.2,"+0,10 (+0,34%)",6000,0.18,0,0.0,0,0.0,29.1,29.25,29.1
TCL,17/09/2026,29.1,29.1,"+0,10 (+0,34%)",8200,0.24,0,0.0,0,0.0,28.9,29.3,28.8
TCL,16/09/2026,29.0,29.0,"+0,15 (+0,52%)",18400,0.53,0,0.0,0,0.0,28.85,29.0,28.8
TCL,15/09/2026,28.85,28.85,"+0,05 (+0,17%)",6000,0.17,0,0.0,0,0.0,28.7,28.9,28.7
TCL,14/09/2026,28.8,28.8,"-0,15 (-0,52%)",5100,0.15,0,0.0,0,0.0,28.9,28.95,28.8
TCL,11/09/2026,28.95,28.95,"-0,05 (-0,17%)",6600,0.19,0,0.0,0,0.0,29.0,29.2,28.95
TCL,10/09/2026,29.0,29.0,"-0,10 (-0,34%)",12900,0.37,0,0.0,0,0.0,29.05,29.1,28.9
TCL,09/09/2026,29.1,29.1,"-0,10 (-0,34%)",45800,1.33,0,0.0,0,0.0,29.2,29.2,29.0
TCM,06/10/2026,14.8,14.8,"-0,45 (-2,95%)",1232500,18.27,0,0.0,0,0.0,15.1,15.15,14.6
TCM,05/10/2026,15.25,15.25,"-0,05 (-0,33%)",419600,6.38,0,0.0,0,0.0,15.3,15.3,15.05
TCM,02/10/2026,15.3,15.3,"-0,15 (-0,97%)",614500,9.39,0,0.0,0,0.0,15.45,15.45,15.15
TCM,01/10/2026,15.45,15.45,"-0,05 (-0,32%)",548700,8.44,0,0.0,0,0.0,15.35,15.6,15.2
TCM,30/09/2026,15.5,15.5,"-0,10 (-0,64%)",699200,10.8,0,0.0,0,0.0,15.6,15.65,15.35
TCM,29/09/2026,15.6,15.6,"-0,05 (-0,32%)",728700,11.25,0,0.0,0,0.0,15.45,15.6,15.25
TCM,28/09/2026,15.65,15.65,"-0,15 (-0,95%)",1124200,17.38,0,0.0,0,0.0,15.8,15.8,15.3
TCM,25/09/2026,15.8,15.8,"0 (0,00%)",484300,7.64,0,0.0,0,0.0,15.6,15.85,15.6
TCM,24/09/2026,15.8,15.8,"-0,15 (-0,94%)",885000,13.89,0,0.0,0,0.0,15.75,15.85,15.3
TCM,23/09/2026,15.95,15.95,"0 (0,00%)",1084000,17.14,0,0.0,0,0.0,15.9,16.0,15.7
TCM,22/09/2026,15.95,15.95,"-0,05 (-0,31%)",950600,15.09,0,0.0,0,0.0,15.85,16.05,15.75
TCM,21/09/2026,16.0,16.0,"-0,20 (-1,23%)",790400,12.61,0,0.0,0,0.0,16.2,16.2,15.8
TCM,18/09/2026,16.2,16.2,"-0,05 (-0,31%)",1105000,17.75,0,0.0,0,0.0,16.15,16.3,15.95
TCM,17/09/2026,16.25,16.25,"+0,05 (+0,31%)",1496900,23.95,0,0.0,0,0.0,15.95,16.3,15.8
TCM,16/09/2026,16.2,16.2,"-0,20 (-1,22%)",432200,7.0,0,0.0,0,0.0,16.4,16.4,16.1
TCM,15/09/2026,16.4,16.4,"-0,10 (-0,61%)",744700,12.14,0,0.0,0,0.0,16.25,16.45,16.15
TCM,14/09/2026,16.5,16.5,"-0,10 (-0,60%)",842600,13.79,0,0.0,0,0.0,16.55,16.55,16.2
TCM,11/09/2026,16.6,16.6,"-0,20 (-1,19%)",768500,12.69,0,0.0,0,0.0,16.65,16.8,16.05
TCM,10/09/2026,16.8,16.8,"-0,05 (-0,30%)",379300,6.36,0,0.0,0,0.0,16.8,16.85,16.65
TCM,09/09/2026,16.85,16.85,"0 (0,00%)",614200,10.29,0,0.0,0,0.0,16.8,16.85,16.6
TCO,06/10/2026,10.4,10.4,"+0,01 (+0,10%)",48500,0.5,0,0.0,0,0.0,10.4,10.4,10.2
TCO,05/10/2026,10.4,10.4,"-0,13 (-1,23%)",183200,1.94,0,0.0,0,0.0,10.55,10.6,10.4
TCO,02/10/2026,10.55,10.55,"-0,13 (-1,22%)",139500,1.48,0,0.0,0,0.0,10.65,10.7,10.3
TCO,01/10/2026,10.7,10.7,"-0,05 (-0,47%)",186000,1.99,0,0.0,0,0.0,10.65,10.75,10.55
TCO,30/09/2026,10.75,10.75,"-0,05 (-0,46%)",298600,3.2,0,0.0,0,0.0,11.1,11.1,10.55
TCO,29/09/2026,10.8,10.8,"+0,12 (+1,12%)",431200,4.6,0,0.0,0,0.0,10.7,10.8,10.55
TCO,28/09/2026,10.7,10.7,"+0,02 (+0,19%)",107900,1.15,0,0.0,0,0.0,10.7,10.7,10.65
TCO,25/09/2026,10.7,10.7,"+0,12 (+1,13%)",239100,2.56,0,0.0,0,0.0,10.7,10.75,10.6
TCO,24/09/2026,10.6,10.6,"-0,03 (-0,28%)",240100,2.56,0,0.0,0,0.0,10.7,10.75,10.6
TCO,23/09/2026,10.65,10.65,"-0,03 (-0,28%)",518000,5.57,0,0.0,0,0.0,10.75,10.8,10.65
TCO,22/09/2026,10.7,10.7,"-0,15 (-1,38%)",868700,9.38,0,0.0,0,0.0,10.8,10.85,10.7
TCO,21/09/2026,10.85,10.85,"+0,17 (+1,59%)",480700,5.23,0,0.0,0,0.0,10.85,10.95,10.75
TCO,18/09/2026,10.7,10.7,"-0,40 (-3,60%)",887500,9.69,0,0.0,0,0.0,10.8,11.1,10.7
TCO,17/09/2026,11.1,11.1,"0 (0,00%)",1137600,12.68,0,0.0,0,0.0,11.2,11.25,11.0
TCO,16/09/2026,11.1,11.1,"+0,35 (+3,26%)",1042300,11.41,0,0.0,0,0.0,10.75,11.1,10.7
TCO,15/09/2026,10.75,10.75,"+0,17 (+1,61%)",546400,5.82,0,0.0,0,0.0,10.7,10.75,10.6
TCO,14/09/2026,10.6,10.6,"+0,21 (+2,02%)",234500,2.45,0,0.0,0,0.0,10.4,10.6,10.35
TCO,11/09/2026,10.4,10.4,"-0,18 (-1,70%)",246300,2.59,0,0.0,0,0.0,10.6,10.65,10.4
TCO,10/09/2026,10.6,10.6,"-0,20 (-1,85%)",179100,1.91,0,0.0,0,0.0,10.7,10.8,10.5
TCO,09/09/2026,10.8,10.8,"+0,17 (+1,60%)",244600,2.6,0,0.0,0,0.0,10.75,10.8,10.5
TCR,06/10/2026,1.95,1.95,"-0,08 (-3,94%)",300,0.0,0,0.0,0,0.0,1.95,1.95,1.95
TCR,05/10/2026,2.03,2.03,"0 (0,00%)",700,0.0,0,0.0,0,0.0,2.03,2.03,2.03
TCR,02/10/2026,2.03,2.03,"0 (0,00%)",100,0.0,0,0.0,0,0.0,2.03,2.03,2.03
TCR,01/10/2026,2.03,2.03,"0 (0,00%)",400,0.0,0,0.0,0,0.0,2.03,2.03,2.03
TCR,30/09/2026,2.03,2.03,"-0,15 (-6,88%)",800,0.0,0,0.0,0,0.0,2.14,2.14,2.03
TCR,29/09/2026,2.18,2.18,"0 (0,00%)",0,0.0,0,0.0,0,0.0,2.18,2.18,2.18
TCR,28/09/2026,2.18,2.18,"0 (0,00%)",0,0.0,0,0.0,0,0.0,2.18,2.18,2.18
TCR,25/09/2026,2.18,2.18,"0 (0,00%)",0,0.0,0,0.0,0,0.0,2.18,2.18,2.18
TCR,24/09/2026,2.18,2.18,"0 (0,00%)",0,0.0,0,0.0,0,0.0,2.18,2.18,2.18
TCR,23/09/2026,2.18,2.18,"-0,01 (-0,46%)",200,0.0,0,0.0,0,0.0,2.18,2.18,2.18
TCR,22/09/2026,2.19,2.19,"0 (0,00%)",1200,0.0,0,0.0,0,0.0,2.04,2.19,2.04
TCR,21/09/2026,2.19,2.19,"0 (0,00%)",0,0.0,0,0.0,0,0.0,2.19,2.19,2.19
TCR,18/09/2026,2.19,2.19,"+0,09 (+4,29%)",400,0.0,0,0.0,0,0.0,1.99,2.19,1.99
TCR,17/09/2026,2.1,2.1,"0 (0,00%)",0,0.0,0,0.0,0,0.0,2.1,2.1,2.1
TCR,16/09/2026,2.1,2.1,"0 (0,00%)",0,0.0,0,0.0,0,0.0,2.1,2.1,2.1
TCR,15/09/2026,2.1,2.1,"-0,05 (-2,33%)",1700,0.0,0,0.0,0,0.0,2.12,2.12,2.1
TCR,14/09/2026,2.15,2.15,"0 (0,00%)",100,0.0,0,0.0,0,0.0,2.15,2.15,2.15
TCR,11/09/2026,2.15,2.15,"+0,05 (+2,38%)",9600,0.02,0,0.0,0,0.0,2.23,2.24,2.15
TCR,10/09/2026,2.1,2.1,"0 (0,00%)",0,0.0,0,0.0,0,0.0,2.1,2.1,2.1
TCR,09/09/2026,2.1,2.1,"-0,07 (-3,23%)",100,0.0,0,0.0,0,0.0,2.1,2.1,2.1
TCT,06/10/2026,17.8,17.8,"0 (0,00%)",0,0.0,0,0.0,0,0.0,17.8,17.8,17.8
TCT,05/10/2026,17.8,17.8,"0 (0,00%)",100,0.0,0,0.0,0,0.0,17.8,17.8,17.8
TCT,02/10/2026,17.8,17.8,"0 (0,00%)",0,0.0,0,0.0,0,0.0,17.8,17.8,17.8
TCT,01/10/2026,17.8,17.8,"0 (0,00%)",0,0.0,0,0.0,0,0.0,17.8,17.8,17.8
TCT,30/09/2026,17.8,17.8,"0 (0,00%)",0,0.0,0,0.0,0,0.0,17.8,17.8,17.8
TCT,29/09/2026,17.8,17.8,"0 (0,00%)",100,0.0,0,0.0,0,0.0,17.8,17.8,17.8
TCT,28/09/2026,17.8,17.8,"0 (0,00%)",300,0.01,0,0.0,0,0.0,17.8,17.8,17.8
TCT,25/09/2026,17.8,17.8,"+0,10 (+0,56%)",100,0.0,0,0.0,0,0.0,17.8,17.8,17.8
TCT,24/09/2026,17.7,17.7,"0 (0,00%)",0,0.0,0,0.0,0,0.0,17.7,17.7,17.7
TCT,23/09/2026,17.7,17.7,"-0,20 (-1,12%)",1100,0.02,0,0.0,0,0.0,17.7,17.7,17.7
TCT,22/09/2026,17.9,17.9,"0 (0,00%)",0,0.0,0,0.0,0,0.0,17.9,17.9,17.9
TCT,21/09/2026,17.9,17.9,"0 (0,00%)",0,0.0,0,0.0,0,0.0,17.9,17.9,17.9
TCT,18/09/2026,17.9,17.9,"+0,20 (+1,13%)",100,0.0,0,0.0,0,0.0,17.9,17.9,17.9
TCT,17/09/2026,17.7,17.7,"0 (0,00%)",100,0.0,0,0.0,0,0.0,17.7,17.7,17.7
TCT,16/09/2026,17.7,17.7,"-0,15 (-0,84%)",1100,0.02,0,0.0,0,0.0,17.9,17.9,17.65
TCT,15/09/2026,17.85,17.85,"-0,05 (-0,28%)",200,0.0,0,0.0,0,0.0,17.85,17.85,17.85
TCT,14/09/2026,17.9,17.9,"+0,25 (+1,42%)",1300,0.02,0,0.0,0,0.0,17.9,17.95,17.8
TCT,11/09/2026,17.65,17.65,"0 (0,00%)",1100,0.02,0,0.0,0,0.0,17.65,17.65,17.65
TCT,10/09/2026,17.65,17.65,"0 (0,00%)",100,0.0,0,0.0,0,0.0,17.65,17.65,17.65
TCT,09/09/2026,17.65,17.65,"0 (0,00%)",0,0.0,0,0.0,0,0.0,17.65,17.65,17.65
TCX,06/10/2026,28.6,28.6,"+0,80 (+2,88%)",3627800,100.33,0,0.0,0,0.0,28.0,28.6,27.0
TCX,05/10/2026,27.8,27.8,"-0,10 (-0,36%)",1758300,49.26,0,0.0,0,0.0,27.85,28.45,27.8
TCX,02/10/2026,27.9,27.9,"-0,60 (-2,11%)",2477400,69.59,0,0.0,0,0.0,28.3,28.5,27.9
TCX,01/10/2026,28.5,28.5,"-0,65 (-2,23%)",2337200,67.26,49000,1.33,49000,1.33,29.3,29.35,28.5
TCX,30/09/2026,29.15,29.15,"-0,05 (-0,17%)",1336700,39.24,0,0.0,0,0.0,29.5,29.7,29.15
TCX,29/09/2026,29.2,29.2,"+0,05 (+0,17%)",2629000,76.41,0,0.0,0,0.0,29.15,29.5,28.7
TCX,28/09/2026,29.15,29.15,"-0,80 (-2,67%)",2624700,76.81,0,0.0,0,0.0,29.95,29.95,29.0
TCX,25/09/2026,29.95,29.95,"-0,05 (-0,17%)",1794200,53.95,0,0.0,0,0.0,30.0,30.3,29.95
TCX,24/09/2026,30.0,30.0,"-0,60 (-1,96%)",3451700,103.72,0,0.0,0,0.0,30.6,30.6,29.9
TCX,23/09/2026,30.6,30.6,"-0,40 (-1,29%)",2254800,69.65,0,0.0,0,0.0,31.0,31.15,30.6
TCX,22/09/2026,31.0,31.0,"0 (0,00%)",1414200,43.85,0,0.0,0,0.0,31.2,31.35,30.75
TCX,21/09/2026,31.0,31.0,"-0,50 (-1,59%)",1891000,59.34,697800,21.98,697800,21.98,32.15,32.15,30.95
TCX,18/09/2026,31.5,31.5,"-0,30 (-0,94%)",3590900,114.21,0,0.0,0,0.0,32.3,32.45,31.5
TCX,17/09/2026,31.8,31.8,"0 (0,00%)",2656400,85.67,0,0.0,0,0.0,31.8,32.9,31.8
TCX,16/09/2026,38.15,31.79,"-0,45 (-1,17%)",1850700,70.76,0,0.0,0,0.0,38.65,38.75,38.0
TCX,15/09/2026,38.6,32.17,"+0,40 (+1,05%)",1488700,57.3,0,0.0,0,0.0,38.5,38.9,38.2
TCX,14/09/2026,38.2,31.83,"+0,10 (+0,26%)",2963700,111.81,0,0.0,0,0.0,37.6,38.2,37.35
TCX,11/09/2026,38.1,31.75,"-1,50 (-3,79%)",3742200,144.65,0,0.0,0,0.0,39.35,39.4,38.1
TCX,10/09/2026,39.6,33.0,"-0,40 (-1,00%)",1968000,77.73,0,0.0,0,0.0,39.9,39.95,39.25
TCX,09/09/2026,40.0,33.33,"0 (0,00%)",1587400,63.37,0,0.0,0,0.0,40.2,40.2,39.65
TDC,06/10/2026,6.5,6.5,"0 (0,00%)",21100,0.13,0,0.0,0,0.0,6.35,6.5,6.22
TDC,05/10/2026,6.5,6.5,"0 (0,00%)",19300,0.12,0,0.0,0,0.0,6.5,6.6,6.35
TDC,02/10/2026,6.5,6.5,"+0,13 (+2,04%)",76900,0.49,0,0.0,0,0.0,6.36,6.5,6.2
TDC,01/10/2026,6.37,6.37,"0 (0,00%)",44600,0.28,0,0.0,0,0.0,6.36,6.37,6.21
TDC,30/09/2026,6.37,6.37,"-0,08 (-1,24%)",29100,0.18,0,0.0,0,0.0,6.48,6.48,6.2
TDC,29/09/2026,6.45,6.45,"+0,01 (+0,16%)",151700,0.96,0,0.0,0,0.0,6.38,6.45,6.21
TDC,28/09/2026,6.44,6.44,"-0,01 (-0,16%)",123600,0.77,0,0.0,0,0.0,6.44,6.45,6.11
TDC,25/09/2026,6.45,6.45,"+0,07 (+1,10%)",168200,1.08,0,0.0,0,0.0,6.38,6.45,6.27
TDC,24/09/2026,6.38,6.38,"-0,42 (-6,18%)",198400,1.28,0,0.0,0,0.0,6.78,6.79,6.33
TDC,23/09/2026,6.8,6.8,"-0,04 (-0,58%)",33100,0.23,0,0.0,0,0.0,6.88,6.88,6.77
TDC,22/09/2026,6.84,6.84,"0 (0,00%)",27100,0.19,0,0.0,0,0.0,6.85,6.89,6.83
TDC,21/09/2026,6.84,6.84,"+0,02 (+0,29%)",22400,0.15,0,0.0,0,0.0,6.89,6.89,6.71
TDC,18/09/2026,6.82,6.82,"+0,01 (+0,15%)",12000,0.08,0,0.0,0,0.0,6.76,6.95,6.73
TDC,17/09/2026,6.81,6.81,"+0,01 (+0,15%)",36100,0.25,0,0.0,0,0.0,6.86,6.95,6.81
TDC,16/09/2026,6.8,6.8,"0 (0,00%)",9600,0.07,0,0.0,0,0.0,6.87,6.87,6.8
TDC,15/09/2026,6.8,6.8,"-0,08 (-1,16%)",60500,0.41,0,0.0,0,0.0,6.89,6.9,6.4
TDC,14/09/2026,6.88,6.88,"-0,05 (-0,72%)",58000,0.4,1500000,11.12,1500000,11.12,6.93,7.06,6.85
TDC,11/09/2026,6.93,6.93,"-0,25 (-3,48%)",62900,0.44,0,0.0,0,0.0,7.01,7.02,6.93
TDC,10/09/2026,7.18,7.18,"+0,04 (+0,56%)",21900,0.15,0,0.0,0,0.0,7.0,7.18,7.0
TDC,09/09/2026,7.14,7.14,"+0,04 (+0,56%)",63400,0.45,0,0.0,0,0.0,7.1,7.14,6.96
TDG,06/10/2026,2.11,2.11,"0 (0,00%)",39800,0.08,0,0.0,0,0.0,2.24,2.24,2.09
TDG,05/10/2026,2.11,2.11,"+0,03 (+1,44%)",52200,0.11,0,0.0,0,0.0,2.07,2.16,2.07
TDG,02/10/2026,2.08,2.08,"-0,04 (-1,89%)",5500,0.01,0,0.0,0,0.0,2.12,2.17,2.07
TDG,01/10/2026,2.12,2.12,"+0,01 (+0,47%)",20900,0.04,0,0.0,0,0.0,2.07,2.12,2.07
TDG,30/09/2026,2.11,2.11,"+0,02 (+0,96%)",4300,0.01,0,0.0,0,0.0,2.12,2.12,2.1
TDG,29/09/2026,2.09,2.09,"+0,02 (+0,97%)",23500,0.05,0,0.0,0,0.0,2.1,2.14,2.08
TDG,28/09/2026,2.07,2.07,"-0,02 (-0,96%)",5700,0.01,0,0.0,0,0.0,2.08,2.21,2.03
TDG,25/09/2026,2.09,2.09,"-0,06 (-2,79%)",15500,0.03,0,0.0,0,0.0,2.2,2.22,2.09
TDG,24/09/2026,2.15,2.15,"-0,09 (-4,02%)",154400,0.35,0,0.0,0,0.0,2.23,2.24,2.15
TDG,23/09/2026,2.24,2.24,"0 (0,00%)",7100,0.02,0,0.0,0,0.0,2.24,2.24,2.24
TDG,22/09/2026,2.24,2.24,"+0,05 (+2,28%)",19600,0.04,0,0.0,0,0.0,2.2,2.24,2.2
TDG,21/09/2026,2.19,2.19,"-0,06 (-2,67%)",1500,0.0,0,0.0,0,0.0,2.25,2.25,2.19
TDG,18/09/2026,2.25,2.25,"0 (0,00%)",8800,0.02,0,0.0,0,0.0,2.25,2.25,2.2
TDG,17/09/2026,2.25,2.25,"+0,01 (+0,45%)",5400,0.01,0,0.0,0,0.0,2.24,2.25,2.21
TDG,16/09/2026,2.24,2.24,"0 (0,00%)",34100,0.08,0,0.0,0,0.0,2.27,2.28,2.17
TDG,15/09/2026,2.24,2.24,"+0,02 (+0,90%)",8800,0.02,0,0.0,0,0.0,2.27,2.27,2.16
TDG,14/09/2026,2.22,2.22,"0 (0,00%)",20100,0.05,0,0.0,0,0.0,2.22,2.34,2.13
TDG,11/09/2026,2.22,2.22,"-0,07 (-3,06%)",13100,0.03,0,0.0,0,0.0,2.3,2.3,2.22
TDG,10/09/2026,2.29,2.29,"-0,01 (-0,43%)",3800,0.01,0,0.0,0,0.0,2.3,2.3,2.26
TDG,09/09/2026,2.3,2.3,"+0,04 (+1,77%)",12800,0.03,0,0.0,0,0.0,2.29,2.3,2.25
TDH,06/10/2026,2.92,2.92,"-0,03 (-1,02%)",34400,0.1,0,0.0,0,0.0,2.95,2.95,2.8
TDH,05/10/2026,2.95,2.95,"-0,01 (-0,34%)",36100,0.1,0,0.0,0,0.0,3.03,3.03,2.8
TDH,02/10/2026,2.96,2.96,"-0,01 (-0,34%)",3000,0.01,0,0.0,0,0.0,2.98,2.98,2.93
TDH,01/10/2026,2.97,2.97,"0 (0,00%)",29400,0.09,0,0.0,0,0.0,3.0,3.0,2.94
TDH,30/09/2026,2.97,2.97,"+0,06 (+2,06%)",13700,0.04,0,0.0,0,0.0,2.91,3.0,2.91
TDH,29/09/2026,2.91,2.91,"-0,13 (-4,28%)",111600,0.33,0,0.0,0,0.0,3.02,3.04,2.9
TDH,28/09/2026,3.04,3.04,"+0,01 (+0,33%)",78900,0.24,0,0.0,0,0.0,3.13,3.13,3.0
TDH,25/09/2026,3.03,3.03,"-0,12 (-3,81%)",3600,0.01,0,0.0,0,0.0,3.15,3.15,3.03
TDH,24/09/2026,3.15,3.15,"+0,01 (+0,32%)",24000,0.08,0,0.0,0,0.0,3.18,3.18,3.08
TDH,23/09/2026,3.14,3.14,"-0,01 (-0,32%)",69900,0.21,0,0.0,0,0.0,3.15,3.15,3.05
TDH,22/09/2026,3.15,3.15,"0 (0,00%)",14600,0.05,0,0.0,0,0.0,3.14,3.15,3.1
TDH,21/09/2026,3.15,3.15,"0 (0,00%)",17600,0.05,0,0.0,0,0.0,3.14,3.3,3.1
TDH,18/09/2026,3.15,3.15,"0 (0,00%)",11300,0.04,0,0.0,0,0.0,3.19,3.19,3.1
TDH,17/09/2026,3.15,3.15,"0 (0,00%)",28300,0.09,0,0.0,0,0.0,3.2,3.2,3.1
TDH,16/09/2026,3.15,3.15,"-0,04 (-1,25%)",1200,0.0,0,0.0,0,0.0,3.19,3.24,3.08
TDH,15/09/2026,3.19,3.19,"0 (0,00%)",2800,0.01,0,0.0,0,0.0,3.2,3.2,3.19
TDH,14/09/2026,3.19,3.19,"+0,09 (+2,90%)",14400,0.04,0,0.0,0,0.0,3.1,3.2,3.05
TDH,11/09/2026,3.1,3.1,"-0,14 (-4,32%)",47300,0.15,0,0.0,0,0.0,3.15,3.23,3.02
TDH,10/09/2026,3.24,3.24,"+0,04 (+1,25%)",12000,0.04,0,0.0,0,0.0,3.21,3.25,3.18
TDH,09/09/2026,3.2,3.2,"-0,08 (-2,44%)",29000,0.09,0,0.0,0,0.0,3.29,3.29,3.2
TDM,06/10/2026,59.8,59.8,"0 (0,00%)",1000,0.06,0,0.0,0,0.0,59.8,59.8,59.8
TDM,05/10/2026,59.8,59.8,"+1,20 (+2,05%)",300,0.02,0,0.0,0,0.0,58.7,59.8,58.6
TDM,02/10/2026,58.6,58.6,"0 (0,00%)",0,0.0,0,0.0,0,0.0,58.6,58.6,58.6
TDM,01/10/2026,58.6,58.6,"0 (0,00%)",0,0.0,0,0.0,0,0.0,58.6,58.6,58.6
TDM,30/09/2026,58.6,58.6,"0 (0,00%)",0,0.0,0,0.0,0,0.0,58.6,58.6,58.6
TDM,29/09/2026,58.6,58.6,"-2,40 (-3,93%)",400,0.02,0,0.0,0,0.0,58.6,58.6,58.6
TDM,28/09/2026,61.0,61.0,"+2,00 (+3,39%)",500,0.03,0,0.0,0,0.0,58.5,61.0,58.5
TDM,25/09/2026,59.0,59.0,"0 (0,00%)",0,0.0,0,0.0,0,0.0,59.0,59.0,59.0
TDM,24/09/2026,59.0,59.0,"0 (0,00%)",0,0.0,0,0.0,0,0.0,59.0,59.0,59.0
TDM,23/09/2026,59.0,59.0,"-0,10 (-0,17%)",1000,0.06,24000,1.42,24000,1.42,58.7,59.0,58.7
TDM,22/09/2026,59.1,59.1,"0 (0,00%)",0,0.0,0,0.0,0,0.0,59.1,59.1,59.1
TDM,21/09/2026,59.1,59.1,"-0,70 (-1,17%)",34600,2.13,0,0.0,0,0.0,59.0,61.9,59.0
TDM,18/09/2026,59.8,59.8,"0 (0,00%)",0,0.0,0,0.0,0,0.0,59.8,59.8,59.8
TDM,17/09/2026,59.8,59.8,"-0,10 (-0,17%)",1900,0.11,0,0.0,0,0.0,60.0,60.0,59.7
TDM,16/09/2026,59.9,59.9,"+0,90 (+1,53%)",26200,1.57,0,0.0,0,0.0,57.5,60.0,57.5
TDM,15/09/2026,59.0,59.0,"0 (0,00%)",1300,0.08,0,0.0,0,0.0,57.1,59.9,57.1
TDM,14/09/2026,59.0,59.0,"0 (0,00%)",800,0.05,0,0.0,0,0.0,58.1,59.0,58.0
TDM,11/09/2026,59.0,59.0,"-1,00 (-1,67%)",5000,0.29,0,0.0,0,0.0,58.6,59.0,58.6
TDM,10/09/2026,60.0,60.0,"+1,90 (+3,27%)",100,0.01,0,0.0,0,0.0,60.0,60.0,60.0
TDM,09/09/2026,58.1,58.1,"-2,10 (-3,49%)",26700,1.55,0,0.0,0,0.0,60.2,60.2,57.5
TDP,06/10/2026,27.6,27.6,"+0,10 (+0,36%)",267000,7.36,0,0.0,0,0.0,27.5,28.25,27.0
TDP,05/10/2026,27.5,27.5,"+0,05 (+0,18%)",319000,8.79,0,0.0,0,0.0,27.4,28.1,27.4
TDP,02/10/2026,27.45,27.45,"+0,05 (+0,18%)",335500,9.2,0,0.0,0,0.0,27.5,28.5,25.65
TDP,01/10/2026,27.4,27.4,"-0,10 (-0,36%)",122100,3.36,0,0.0,0,0.0,27.5,27.5,27.4
TDP,30/09/2026,27.5,27.5,"-0,35 (-1,26%)",372900,10.32,0,0.0,0,0.0,27.8,28.0,27.45
TDP,29/09/2026,27.85,27.85,"+0,30 (+1,09%)",522300,14.36,0,0.0,0,0.0,27.5,27.85,27.5
TDP,28/09/2026,27.55,27.55,"+0,25 (+0,92%)",329600,9.06,0,0.0,0,0.0,27.3,27.55,27.15
TDP,25/09/2026,27.3,27.3,"-0,20 (-0,73%)",585200,15.94,0,0.0,0,0.0,26.3,27.5,26.3
TDP,24/09/2026,27.5,27.5,"+0,35 (+1,29%)",432000,11.84,0,0.0,0,0.0,27.15,27.5,27.0
TDP,23/09/2026,27.15,27.15,"+0,15 (+0,56%)",283300,7.73,0,0.0,0,0.0,27.0,27.35,26.3
TDP,22/09/2026,27.0,27.0,"-1,50 (-5,26%)",319500,8.7,0,0.0,0,0.0,28.5,28.5,26.65
TDP,21/09/2026,28.5,28.5,"-1,30 (-4,36%)",293000,8.28,0,0.0,0,0.0,29.25,29.25,28.0
TDP,18/09/2026,29.8,29.8,"+0,20 (+0,68%)",109000,3.13,0,0.0,0,0.0,27.8,30.45,27.8
TDP,17/09/2026,29.6,29.6,"-2,15 (-6,77%)",130900,3.99,0,0.0,0,0.0,30.5,31.6,29.6
TDP,16/09/2026,34.95,31.77,"+1,05 (+3,10%)",182400,6.19,0,0.0,0,0.0,33.9,34.95,33.8
TDP,15/09/2026,33.9,30.82,"0 (0,00%)",330100,11.16,0,0.0,0,0.0,33.9,34.55,33.3
TDP,14/09/2026,33.9,30.82,"+0,10 (+0,30%)",218900,7.32,0,0.0,0,0.0,33.8,33.9,31.7
TDP,11/09/2026,33.8,30.73,"+0,65 (+1,96%)",123500,4.06,0,0.0,0,0.0,33.1,33.8,32.5
TDP,10/09/2026,33.15,30.14,"+0,25 (+0,76%)",250500,8.24,0,0.0,0,0.0,32.9,33.15,32.9
TDP,09/09/2026,32.9,29.91,"-0,10 (-0,30%)",248800,8.19,0,0.0,0,0.0,33.0,33.0,32.9
TDW,06/10/2026,44.7,44.7,"0 (0,00%)",1500,0.07,0,0.0,0,0.0,44.75,44.75,44.7
TDW,05/10/2026,44.7,44.7,"-3,00 (-6,29%)",100,0.0,0,0.0,0,0.0,44.7,44.7,44.7
TDW,02/10/2026,47.7,47.7,"0 (0,00%)",0,0.0,0,0.0,0,0.0,47.7,47.7,47.7
TDW,01/10/2026,47.7,47.7,"0 (0,00%)",0,0.0,0,0.0,0,0.0,47.7,47.7,47.7
TDW,30/09/2026,47.7,47.7,"0 (0,00%)",100,0.0,0,0.0,0,0.0,47.7,47.7,47.7
TDW,29/09/2026,47.7,47.7,"0 (0,00%)",0,0.0,0,0.0,0,0.0,47.7,47.7,47.7
TDW,28/09/2026,48.0,47.7,"+0,03 (+0,06%)",0,0.0,0,0.0,0,0.0,48.0,48.0,48.0
TDW,25/09/2026,48.0,47.7,"+0,03 (+0,06%)",0,0.0,0,0.0,0,0.0,48.0,48.0,48.0
TDW,24/09/2026,48.0,47.7,"+0,03 (+0,06%)",0,0.0,0,0.0,0,0.0,48.0,48.0,48.0
TDW,23/09/2026,48.0,47.7,"+1,23 (+2,63%)",600,0.03,0,0.0,0,0.0,48.0,48.0,48.0
TDW,22/09/2026,46.8,46.51,"+0,02 (+0,04%)",100,0.0,0,0.0,0,0.0,46.8,46.8,46.8
TDW,21/09/2026,46.8,46.51,"+0,02 (+0,04%)",0,0.0,0,0.0,0,0.0,46.8,46.8,46.8
TDW,18/09/2026,46.8,46.51,"+0,02 (+0,04%)",0,0.0,0,0.0,0,0.0,46.8,46.8,46.8
TDW,17/09/2026,46.8,46.51,"+0,02 (+0,04%)",0,0.0,0,0.0,0,0.0,46.8,46.8,46.8
TDW,16/09/2026,46.8,46.51,"+3,05 (+6,97%)",800,0.04,0,0.0,0,0.0,46.8,46.8,46.8
TDW,15/09/2026,43.75,43.47,"0 (0,00%)",0,0.0,0,0.0,0,0.0,43.75,43.75,43.75
TDW,14/09/2026,43.75,43.47,"-3,23 (-6,88%)",8500,0.38,0,0.0,0,0.0,46.5,46.5,43.75
TDW,11/09/2026,47.0,46.7,"-0,50 (-1,05%)",100,0.0,0,0.0,0,0.0,47.0,47.0,47.0
TDW,10/09/2026,47.5,47.2,"0 (0,00%)",0,0.0,0,0.0,0,0.0,47.5,47.5,47.5
TDW,09/09/2026,47.5,47.2,"0 (0,00%)",0,0.0,0,0.0,0,0.0,47.5,47.5,47.5
TEG,06/10/2026,5.86,5.86,"+0,11 (+1,91%)",64800,0.38,2000000,12.0,2000000,12.0,6.0,6.0,5.79
TEG,05/10/2026,5.75,5.75,"-0,05 (-0,86%)",41500,0.24,0,0.0,0,0.0,5.85,5.85,5.75
TEG,02/10/2026,5.8,5.8,"-0,04 (-0,68%)",600,0.0,0,0.0,0,0.0,5.97,5.97,5.73
TEG,01/10/2026,5.84,5.84,"+0,09 (+1,57%)",9100,0.05,0,0.0,0,0.0,5.97,5.98,5.73
TEG,30/09/2026,5.75,5.75,"+0,04 (+0,70%)",38100,0.22,0,0.0,0,0.0,5.75,5.98,5.71
TEG,29/09/2026,5.71,5.71,"0 (0,00%)",200,0.0,0,0.0,0,0.0,5.71,5.71,5.71
TEG,28/09/2026,5.71,5.71,"-0,09 (-1,55%)",29000,0.17,0,0.0,0,0.0,5.76,5.8,5.7
TEG,25/09/2026,5.8,5.8,"-0,07 (-1,19%)",271200,1.58,0,0.0,0,0.0,5.87,5.87,5.68
TEG,24/09/2026,5.87,5.87,"-0,03 (-0,51%)",308900,1.81,0,0.0,0,0.0,5.72,5.87,5.71
TEG,23/09/2026,5.9,5.9,"+0,24 (+4,24%)",181600,1.08,0,0.0,0,0.0,5.96,6.05,5.8
TEG,22/09/2026,5.66,5.66,"-0,27 (-4,55%)",469000,2.74,0,0.0,0,0.0,5.62,5.85,5.62
TEG,21/09/2026,5.93,5.93,"-0,01 (-0,17%)",459400,2.63,0,0.0,0,0.0,6.0,6.0,5.7
TEG,18/09/2026,5.94,5.94,"+0,05 (+0,85%)",185600,1.07,0,0.0,0,0.0,5.98,5.98,5.7
TEG,17/09/2026,5.89,5.89,"-0,01 (-0,17%)",306200,1.8,0,0.0,0,0.0,6.0,6.0,5.75
TEG,16/09/2026,5.9,5.9,"0 (0,00%)",166300,0.97,0,0.0,0,0.0,5.98,5.98,5.74
TEG,15/09/2026,5.9,5.9,"-0,03 (-0,51%)",285500,1.68,0,0.0,0,0.0,5.93,5.93,5.75
TEG,14/09/2026,5.93,5.93,"-0,02 (-0,34%)",7300,0.04,0,0.0,0,0.0,5.99,6.0,5.8
TEG,11/09/2026,5.95,5.95,"-0,04 (-0,67%)",90500,0.54,0,0.0,0,0.0,5.99,6.05,5.82
TEG,10/09/2026,5.99,5.99,"+0,14 (+2,39%)",103600,0.62,0,0.0,0,0.0,5.9,6.0,5.9
TEG,09/09/2026,5.85,5.85,"-0,05 (-0,85%)",4100,0.02,0,0.0,0,0.0,5.95,5.95,5.85
THG,06/10/2026,27.5,27.5,"-0,30 (-1,08%)",7200,0.2,0,0.0,0,0.0,27.8,27.8,27.5
THG,05/10/2026,27.8,27.8,"-0,15 (-0,54%)",8200,0.23,0,0.0,0,0.0,27.95,28.0,27.6
THG,02/10/2026,27.95,27.95,"+0,05 (+0,18%)",6600,0.18,0,0.0,0,0.0,27.65,27.95,27.65
THG,01/10/2026,27.9,27.9,"-0,10 (-0,36%)",13900,0.39,0,0.0,0,0.0,28.0,28.0,27.7
THG,30/09/2026,28.0,28.0,"+0,20 (+0,72%)",9500,0.26,0,0.0,0,0.0,27.8,28.0,27.65
THG,29/09/2026,27.8,27.8,"-0,30 (-1,07%)",13500,0.38,0,0.0,0,0.0,27.8,28.0,27.7
THG,28/09/2026,28.1,28.1,"+0,05 (+0,18%)",13900,0.39,0,0.0,0,0.0,28.1,28.4,27.5
THG,25/09/2026,28.05,28.05,"+0,05 (+0,18%)",8600,0.24,0,0.0,0,0.0,28.0,28.1,27.8
THG,24/09/2026,28.0,28.0,"-0,10 (-0,36%)",6200,0.17,0,0.0,0,0.0,27.9,28.0,27.85
THG,23/09/2026,28.1,28.1,"+0,10 (+0,36%)",4200,0.12,0,0.0,0,0.0,28.15,28.3,27.95
THG,22/09/2026,28.0,28.0,"+0,25 (+0,90%)",11600,0.32,0,0.0,0,0.0,27.75,28.1,27.75
THG,21/09/2026,27.75,27.75,"-0,55 (-1,94%)",34700,0.97,0,0.0,0,0.0,28.3,28.3,27.7
THG,18/09/2026,28.3,28.3,"+0,20 (+0,71%)",5300,0.15,0,0.0,0,0.0,28.0,28.3,27.95
THG,17/09/2026,28.1,28.1,"-0,30 (-1,06%)",18100,0.51,0,0.0,0,0.0,28.2,28.45,27.85
THG,16/09/2026,28.4,28.4,"-0,30 (-1,05%)",11500,0.33,0,0.0,0,0.0,28.5,28.5,28.25
THG,15/09/2026,28.7,28.7,"-0,20 (-0,69%)",11200,0.32,0,0.0,0,0.0,28.5,28.9,28.5
THG,14/09/2026,28.9,28.9,"+0,20 (+0,70%)",38400,1.09,0,0.0,0,0.0,28.7,28.9,28.4
THG,11/09/2026,28.7,28.7,"-0,25 (-0,86%)",6000,0.17,0,0.0,0,0.0,28.9,28.95,28.6
THG,10/09/2026,28.95,28.95,"0 (0,00%)",6000,0.17,0,0.0,0,0.0,28.95,28.95,28.65
THG,09/09/2026,28.95,28.95,"0 (0,00%)",12200,0.35,0,0.0,0,0.0,28.95,29.0,28.75
TIP,06/10/2026,15.85,15.85,"-0,05 (-0,31%)",32000,0.51,0,0.0,0,0.0,15.85,16.0,15.85
TIP,05/10/2026,15.9,15.9,"+0,05 (+0,32%)",800,0.01,0,0.0,0,0.0,16.0,16.0,15.9
TIP,02/10/2026,15.85,15.85,"+0,05 (+0,32%)",9900,0.16,0,0.0,0,0.0,15.8,16.0,15.8
TIP,01/10/2026,15.8,15.8,"-0,10 (-0,63%)",35800,0.57,0,0.0,0,0.0,15.9,15.9,15.8
TIP,30/09/2026,15.9,15.9,"0 (0,00%)",9700,0.15,0,0.0,0,0.0,15.9,15.9,15.9
TIP,29/09/2026,15.9,15.9,"-0,10 (-0,62%)",14900,0.23,0,0.0,0,0.0,15.65,16.0,15.65
TIP,28/09/2026,16.0,16.0,"-0,15 (-0,93%)",53100,0.85,0,0.0,0,0.0,16.15,16.2,15.9
TIP,25/09/2026,16.15,16.15,"0 (0,00%)",16800,0.27,0,0.0,0,0.0,16.1,16.15,16.05
TIP,24/09/2026,16.15,16.15,"-0,15 (-0,92%)",23300,0.38,0,0.0,0,0.0,16.2,16.2,16.1
TIP,23/09/2026,16.3,16.3,"-0,05 (-0,31%)",15600,0.25,0,0.0,0,0.0,16.5,16.5,16.3
TIP,22/09/2026,16.35,16.35,"+0,05 (+0,31%)",35200,0.57,0,0.0,0,0.0,16.35,16.5,16.3
TIP,21/09/2026,16.3,16.3,"0 (0,00%)",36500,0.59,0,0.0,0,0.0,16.3,16.35,16.2
TIP,18/09/2026,16.3,16.3,"+0,20 (+1,24%)",12400,0.2,0,0.0,0,0.0,16.15,16.4,16.15
TIP,17/09/2026,16.1,16.1,"-0,05 (-0,31%)",11100,0.18,0,0.0,0,0.0,16.1,16.1,16.05
TIP,16/09/2026,16.15,16.15,"+0,05 (+0,31%)",19200,0.31,0,0.0,0,0.0,16.1,16.15,16.0
TIP,15/09/2026,16.1,16.1,"+0,10 (+0,62%)",34800,0.56,0,0.0,0,0.0,16.0,16.1,16.0
TIP,14/09/2026,16.0,16.0,"-0,10 (-0,62%)",14000,0.22,0,0.0,0,0.0,16.0,16.05,16.0
TIP,11/09/2026,16.1,16.1,"-0,20 (-1,23%)",14000,0.23,0,0.0,0,0.0,16.2,16.25,16.05
TIP,10/09/2026,16.3,16.3,"+0,05 (+0,31%)",41900,0.7,0,0.0,0,0.0,16.85,16.85,16.2
TIP,09/09/2026,17.45,16.25,"-0,15 (-0,85%)",19600,0.34,0,0.0,0,0.0,17.5,17.8,17.4
TIX,06/10/2026,40.65,40.65,"0 (0,00%)",0,0.0,0,0.0,0,0.0,40.65,40.65,40.65
TIX,05/10/2026,40.65,40.65,"0 (0,00%)",0,0.0,0,0.0,0,0.0,40.65,40.65,40.65
TIX,02/10/2026,40.65,40.65,"0 (0,00%)",0,0.0,0,0.0,0,0.0,40.65,40.65,40.65
TIX,01/10/2026,40.65,40.65,"0 (0,00%)",0,0.0,0,0.0,0,0.0,40.65,40.65,40.65
TIX,30/09/2026,40.65,40.65,"0 (0,00%)",0,0.0,0,0.0,0,0.0,40.65,40.65,40.65
TIX,29/09/2026,40.65,40.65,"0 (0,00%)",0,0.0,0,0.0,0,0.0,40.65,40.65,40.65
TIX,28/09/2026,40.65,40.65,"0 (0,00%)",0,0.0,0,0.0,0,0.0,40.65,40.65,40.65
TIX,25/09/2026,40.65,40.65,"0 (0,00%)",0,0.0,0,0.0,0,0.0,40.65,40.65,40.65
TIX,24/09/2026,40.65,40.65,"0 (0,00%)",0,0.0,0,0.0,0,0.0,40.65,40.65,40.65
TIX,23/09/2026,40.65,40.65,"+2,65 (+6,97%)",400,0.01,0,0.0,0,0.0,35.45,40.65,35.45
TIX,22/09/2026,38.0,38.0,"0 (0,00%)",0,0.0,0,0.0,0,0.0,38.0,38.0,38.0
TIX,21/09/2026,38.0,38.0,"0 (0,00%)",0,0.0,0,0.0,0,0.0,38.0,38.0,38.0
TIX,18/09/2026,38.0,38.0,"0 (0,00%)",0,0.0,0,0.0,0,0.0,38.0,38.0,38.0
TIX,17/09/2026,38.0,38.0,"0 (0,00%)",0,0.0,0,0.0,0,0.0,38.0,38.0,38.0
TIX,16/09/2026,38.0,38.0,"0 (0,00%)",0,0.0,0,0.0,0,0.0,38.0,38.0,38.0
TIX,15/09/2026,38.0,38.0,"0 (0,00%)",0,0.0,0,0.0,0,0.0,38.0,38.0,38.0
TIX,14/09/2026,38.0,38.0,"-1,00 (-2,56%)",500,0.02,0,0.0,0,0.0,38.0,38.0,38.0
TIX,11/09/2026,39.0,39.0,"0 (0,00%)",100,0.0,0,0.0,0,0.0,39.0,39.0,39.0
TIX,10/09/2026,39.0,39.0,"0 (0,00%)",0,0.0,0,0.0,0,0.0,39.0,39.0,39.0
TIX,09/09/2026,39.0,39.0,"0 (0,00%)",0,0.0,0,0.0,0,0.0,39.0,39.0,39.0
TLD,06/10/2026,8.05,8.05,"-0,01 (-0,12%)",302800,2.44,0,0.0,0,0.0,8.06,8.06,8.03
TLD,05/10/2026,8.06,8.06,"-0,01 (-0,12%)",352800,2.84,0,0.0,0,0.0,7.96,8.07,7.9
TLD,02/10/2026,8.07,8.07,"-0,01 (-0,12%)",2400,0.02,0,0.0,0,0.0,8.08,8.08,8.04
TLD,01/10/2026,8.08,8.08,"+0,01 (+0,12%)",39400,0.31,0,0.0,0,0.0,8.07,8.08,7.8
TLD,30/09/2026,8.07,8.07,"+0,03 (+0,37%)",12600,0.1,0,0.0,0,0.0,8.0,8.07,8.0
TLD,29/09/2026,8.04,8.04,"+0,04 (+0,50%)",134200,1.07,0,0.0,0,0.0,8.0,8.04,7.7
TLD,28/09/2026,8.0,8.0,"-0,10 (-1,23%)",300500,2.4,0,0.0,0,0.0,8.1,8.1,8.0
TLD,25/09/2026,8.1,8.1,"0 (0,00%)",16000,0.13,0,0.0,0,0.0,8.1,8.1,7.9
TLD,24/09/2026,8.1,8.1,"-0,05 (-0,61%)",20900,0.17,0,0.0,0,0.0,8.15,8.15,7.81
TLD,23/09/2026,8.15,8.15,"-0,03 (-0,37%)",48100,0.39,0,0.0,0,0.0,8.18,8.18,8.15
TLD,22/09/2026,8.18,8.18,"-0,01 (-0,12%)",730900,5.94,0,0.0,0,0.0,7.66,8.19,7.66
TLD,21/09/2026,8.19,8.19,"+0,02 (+0,24%)",202000,1.65,0,0.0,0,0.0,8.17,8.2,8.17
TLD,18/09/2026,8.17,8.17,"0 (0,00%)",1700,0.01,0,0.0,0,0.0,8.17,8.17,8.15
TLD,17/09/2026,8.17,8.17,"0 (0,00%)",453400,3.7,0,0.0,0,0.0,8.16,8.17,8.12
TLD,16/09/2026,8.17,8.17,"+0,01 (+0,12%)",7400,0.06,0,0.0,0,0.0,8.19,8.19,8.1
TLD,15/09/2026,8.16,8.16,"-0,03 (-0,37%)",11100,0.09,0,0.0,0,0.0,8.19,8.19,8.16
TLD,14/09/2026,8.19,8.19,"-0,01 (-0,12%)",137800,1.13,0,0.0,0,0.0,8.2,8.2,8.15
TLD,11/09/2026,8.2,8.2,"-0,03 (-0,36%)",2132900,17.49,0,0.0,0,0.0,8.23,8.23,8.15
TLD,10/09/2026,8.23,8.23,"-0,02 (-0,24%)",28800,0.24,0,0.0,0,0.0,8.25,8.25,8.16
TLD,09/09/2026,8.25,8.25,"-0,03 (-0,36%)",59000,0.49,0,0.0,0,0.0,8.21,8.27,8.1
TLG,06/10/2026,54.0,54.0,"+0,10 (+0,19%)",137700,7.41,0,0.0,0,0.0,54.0,54.3,53.4
TLG,05/10/2026,53.9,53.9,"-0,60 (-1,10%)",134300,7.28,0,0.0,0,0.0,54.3,54.9,53.9
TLG,02/10/2026,54.5,54.5,"+0,30 (+0,55%)",210600,11.53,0,0.0,0,0.0,54.7,55.3,54.3
TLG,01/10/2026,54.2,54.2,"+1,30 (+2,46%)",263700,14.23,0,0.0,0,0.0,53.0,55.0,53.0
TLG,30/09/2026,52.9,52.9,"+0,32 (+0,61%)",137600,7.24,0,0.0,0,0.0,52.6,53.0,52.4
TLG,29/09/2026,52.6,52.6,"-0,40 (-0,75%)",92800,4.89,0,0.0,0,0.0,52.5,52.9,52.5
TLG,28/09/2026,53.0,53.0,"0 (0,00%)",132000,6.96,0,0.0,0,0.0,53.0,53.0,52.1
TLG,25/09/2026,53.0,53.0,"-0,30 (-0,56%)",96500,5.18,0,0.0,0,0.0,53.6,54.8,52.9
TLG,24/09/2026,53.3,53.3,"-1,40 (-2,56%)",331000,17.8,0,0.0,0,0.0,54.9,55.0,52.5
TLG,23/09/2026,54.7,54.7,"+1,20 (+2,24%)",314500,17.12,0,0.0,0,0.0,53.4,54.8,53.3
TLG,22/09/2026,53.5,53.5,"-0,80 (-1,47%)",698100,38.17,0,0.0,0,0.0,54.3,55.3,53.4
TLG,21/09/2026,54.3,54.3,"0 (0,00%)",204100,11.13,0,0.0,0,0.0,54.8,55.0,53.7
TLG,18/09/2026,54.3,54.3,"+1,72 (+3,27%)",425200,23.14,0,0.0,0,0.0,53.2,55.0,52.7
TLG,17/09/2026,52.6,52.6,"-0,40 (-0,75%)",78700,4.15,0,0.0,0,0.0,52.7,53.0,52.6
TLG,16/09/2026,53.0,53.0,"-0,50 (-0,93%)",160600,8.57,0,0.0,0,0.0,53.6,53.6,52.9
TLG,15/09/2026,53.5,53.5,"+1,60 (+3,08%)",325800,17.35,0,0.0,0,0.0,51.9,53.9,51.9
TLG,14/09/2026,51.9,51.9,"+2,12 (+4,26%)",341700,17.45,0,0.0,0,0.0,49.8,52.0,49.1
TLG,11/09/2026,49.8,49.8,"-0,05 (-0,10%)",143100,7.12,0,0.0,0,0.0,49.85,50.4,49.0
TLG,10/09/2026,49.85,49.85,"-0,55 (-1,09%)",89400,4.48,0,0.0,0,0.0,50.4,50.9,49.85
TLG,09/09/2026,50.4,50.4,"-0,48 (-0,94%)",103000,5.21,0,0.0,0,0.0,50.5,50.9,50.4
TLH,06/10/2026,3.09,3.09,"+0,03 (+0,98%)",123200,0.38,0,0.0,0,0.0,3.14,3.14,3.05
TLH,05/10/2026,3.06,3.06,"+0,20 (+6,99%)",117900,0.36,0,0.0,0,0.0,3.05,3.06,3.0
TLH,02/10/2026,2.86,2.86,"-0,21 (-6,84%)",196100,0.58,0,0.0,0,0.0,3.07,3.07,2.86
TLH,01/10/2026,3.07,3.07,"0 (0,00%)",89100,0.27,0,0.0,0,0.0,3.07,3.09,3.03
TLH,30/09/2026,3.07,3.07,"-0,08 (-2,54%)",163300,0.5,0,0.0,0,0.0,3.03,3.15,2.96
TLH,29/09/2026,3.15,3.15,"-0,23 (-6,80%)",212500,0.69,0,0.0,0,0.0,3.38,3.43,3.15
TLH,28/09/2026,3.38,3.38,"-0,06 (-1,74%)",94900,0.32,0,0.0,0,0.0,3.35,3.43,3.35
TLH,25/09/2026,3.44,3.44,"-0,01 (-0,29%)",109000,0.37,0,0.0,0,0.0,3.45,3.45,3.33
TLH,24/09/2026,3.45,3.45,"-0,06 (-1,71%)",108600,0.38,0,0.0,0,0.0,3.51,3.51,3.4
TLH,23/09/2026,3.51,3.51,"0 (0,00%)",114600,0.4,0,0.0,0,0.0,3.51,3.51,3.48
TLH,22/09/2026,3.51,3.51,"-0,07 (-1,96%)",126100,0.45,0,0.0,0,0.0,3.58,3.58,3.5
TLH,21/09/2026,3.58,3.58,"+0,02 (+0,56%)",153500,0.55,0,0.0,0,0.0,3.56,3.59,3.51
TLH,18/09/2026,3.56,3.56,"+0,01 (+0,28%)",92800,0.33,0,0.0,0,0.0,3.55,3.57,3.52
TLH,17/09/2026,3.55,3.55,"0 (0,00%)",85500,0.3,0,0.0,0,0.0,3.54,3.59,3.52
TLH,16/09/2026,3.55,3.55,"-0,10 (-2,74%)",155100,0.56,0,0.0,0,0.0,3.64,3.65,3.52
TLH,15/09/2026,3.65,3.65,"-0,01 (-0,27%)",89800,0.33,0,0.0,0,0.0,3.66,3.66,3.52
TLH,14/09/2026,3.66,3.66,"0 (0,00%)",96500,0.35,0,0.0,0,0.0,3.7,3.7,3.62
TLH,11/09/2026,3.66,3.66,"-0,07 (-1,88%)",84500,0.31,0,0.0,0,0.0,3.73,3.8,3.65
TLH,10/09/2026,3.73,3.73,"0 (0,00%)",116700,0.43,0,0.0,0,0.0,3.73,3.73,3.66
TLH,09/09/2026,3.73,3.73,"0 (0,00%)",113000,0.42,0,0.0,0,0.0,3.73,3.75,3.7
TMP,06/10/2026,51.0,51.0,"+0,50 (+0,99%)",1000,0.05,0,0.0,0,0.0,51.0,51.0,51.0
TMP,05/10/2026,50.5,50.5,"-0,48 (-0,94%)",400,0.02,0,0.0,0,0.0,50.0,51.0,50.0
TMP,02/10/2026,51.0,51.0,"-0,90 (-1,73%)",600,0.03,0,0.0,0,0.0,50.1,51.0,50.0
TMP,01/10/2026,51.9,51.9,"+1,90 (+3,80%)",1000,0.05,0,0.0,0,0.0,51.9,51.9,51.9
TMP,30/09/2026,50.0,50.0,"0 (0,00%)",0,0.0,0,0.0,0,0.0,50.0,50.0,50.0
TMP,29/09/2026,50.0,50.0,"-0,10 (-0,20%)",100,0.0,0,0.0,0,0.0,50.0,50.0,50.0
TMP,28/09/2026,50.1,50.1,"+1,10 (+2,24%)",1100,0.06,0,0.0,0,0.0,50.0,50.1,50.0
TMP,25/09/2026,49.0,49.0,"0 (0,00%)",100,0.0,0,0.0,0,0.0,49.0,49.0,49.0
TMP,24/09/2026,49.0,49.0,"0 (0,00%)",1500,0.07,0,0.0,0,0.0,50.0,50.0,48.9
TMP,23/09/2026,49.0,49.0,"-3,00 (-5,77%)",500,0.03,0,0.0,0,0.0,53.7,53.7,49.0
TMP,22/09/2026,52.0,52.0,"-1,00 (-1,89%)",600,0.03,0,0.0,0,0.0,53.0,53.0,50.0
TMP,21/09/2026,53.0,53.0,"0 (0,00%)",500,0.03,0,0.0,0,0.0,53.0,53.0,53.0
TMP,18/09/2026,53.0,53.0,"-0,58 (-1,08%)",1300,0.07,0,0.0,0,0.0,53.6,53.6,52.0
TMP,17/09/2026,53.6,53.6,"+0,40 (+0,75%)",100,0.01,0,0.0,0,0.0,53.6,53.6,53.6
TMP,16/09/2026,53.2,53.2,"-0,47 (-0,88%)",300,0.02,0,0.0,0,0.0,50.0,53.2,50.0
TMP,15/09/2026,53.7,53.7,"+0,03 (+0,06%)",0,0.0,0,0.0,0,0.0,53.7,53.7,53.7
TMP,14/09/2026,53.7,53.7,"+1,23 (+2,34%)",500,0.03,0,0.0,0,0.0,53.7,53.7,53.7
TMP,11/09/2026,52.5,52.5,"-0,50 (-0,94%)",200,0.01,0,0.0,0,0.0,52.5,52.5,52.5
TMP,10/09/2026,53.0,53.0,"+0,10 (+0,19%)",4300,0.23,0,0.0,0,0.0,53.3,53.3,53.0
TMP,09/09/2026,52.9,52.9,"+0,12 (+0,23%)",3000,0.16,0,0.0,0,0.0,53.5,53.5,52.9
TMS,06/10/2026,33.0,33.0,"0 (0,00%)",300,0.01,0,0.0,0,0.0,33.0,33.0,33.0
TMS,05/10/2026,33.0,33.0,"+1,50 (+4,76%)",10000,0.33,0,0.0,0,0.0,33.0,33.0,33.0
TMS,02/10/2026,31.5,31.5,"-1,50 (-4,55%)",200,0.01,0,0.0,0,0.0,31.5,31.5,31.5
TMS,01/10/2026,33.0,33.0,"0 (0,00%)",100,0.0,0,0.0,0,0.0,33.0,33.0,33.0
TMS,30/09/2026,33.0,33.0,"-1,90 (-5,44%)",200,0.01,0,0.0,0,0.0,32.6,33.0,32.6
TMS,29/09/2026,34.9,34.9,"0 (0,00%)",0,0.0,0,0.0,0,0.0,34.9,34.9,34.9
TMS,28/09/2026,34.9,34.9,"0 (0,00%)",0,0.0,0,0.0,0,0.0,34.9,34.9,34.9
TMS,25/09/2026,34.9,34.9,"-0,05 (-0,14%)",200,0.01,0,0.0,0,0.0,34.9,34.9,34.9
TMS,24/09/2026,37.9,34.95,"-0,05 (-0,13%)",100,0.0,0,0.0,0,0.0,37.9,37.9,37.9
TMS,23/09/2026,37.95,35.0,"0 (0,00%)",0,0.0,0,0.0,0,0.0,37.95,37.95,37.95
TMS,22/09/2026,37.95,35.0,"0 (0,00%)",0,0.0,0,0.0,0,0.0,37.95,37.95,37.95
TMS,21/09/2026,37.95,35.0,"-0,15 (-0,39%)",100,0.0,0,0.0,0,0.0,37.95,37.95,37.95
TMS,18/09/2026,38.1,35.14,"+2,20 (+6,13%)",500,0.02,0,0.0,0,0.0,38.0,38.1,38.0
TMS,17/09/2026,35.9,33.11,"+1,20 (+3,46%)",100,0.0,0,0.0,0,0.0,35.9,35.9,35.9
TMS,16/09/2026,34.7,32.0,"-0,20 (-0,57%)",300,0.01,0,0.0,0,0.0,34.7,34.7,34.7
TMS,15/09/2026,34.9,32.18,"+0,75 (+2,20%)",100,0.0,0,0.0,0,0.0,34.9,34.9,34.9
TMS,14/09/2026,34.15,31.49,"0 (0,00%)",0,0.0,0,0.0,0,0.0,34.15,34.15,34.15
TMS,11/09/2026,34.15,31.49,"-1,75 (-4,87%)",300,0.01,0,0.0,0,0.0,34.1,35.9,34.1
TMS,10/09/2026,35.9,33.11,"0 (0,00%)",0,0.0,0,0.0,0,0.0,35.9,35.9,35.9
TMS,09/09/2026,35.9,33.11,"0 (0,00%)",0,0.0,0,0.0,0,0.0,35.9,35.9,35.9
TMT,06/10/2026,11.4,11.4,"0 (0,00%)",2200,0.03,0,0.0,0,0.0,11.4,11.4,11.4
TMT,05/10/2026,11.4,11.4,"+0,10 (+0,88%)",13900,0.16,0,0.0,0,0.0,11.3,11.4,11.3
TMT,02/10/2026,11.3,11.3,"+0,05 (+0,44%)",5000,0.06,0,0.0,0,0.0,11.25,11.3,11.0
TMT,01/10/2026,11.25,11.25,"0 (0,00%)",2200,0.02,0,0.0,0,0.0,11.25,11.25,11.25
TMT,30/09/2026,11.25,11.25,"-0,05 (-0,44%)",8800,0.1,0,0.0,0,0.0,11.0,11.25,11.0
TMT,29/09/2026,11.3,11.3,"0 (0,00%)",5200,0.06,0,0.0,0,0.0,11.3,11.3,11.3
TMT,28/09/2026,11.3,11.3,"+0,40 (+3,67%)",23800,0.26,0,0.0,0,0.0,10.75,11.35,10.5
TMT,25/09/2026,10.9,10.9,"0 (0,00%)",11600,0.13,0,0.0,0,0.0,11.0,11.0,10.85
TMT,24/09/2026,10.9,10.9,"0 (0,00%)",7400,0.08,0,0.0,0,0.0,10.95,11.0,10.8
TMT,23/09/2026,10.9,10.9,"+0,10 (+0,93%)",3400,0.04,0,0.0,0,0.0,10.75,10.9,10.75
TMT,22/09/2026,10.8,10.8,"0 (0,00%)",19000,0.2,0,0.0,0,0.0,10.75,10.8,10.7
TMT,21/09/2026,10.8,10.8,"+0,46 (+4,45%)",2000,0.02,0,0.0,0,0.0,10.7,10.8,10.7
TMT,18/09/2026,10.35,10.35,"-0,09 (-0,86%)",3300,0.03,0,0.0,0,0.0,10.4,10.7,10.3
TMT,17/09/2026,10.45,10.45,"+0,01 (+0,10%)",1400,0.01,0,0.0,0,0.0,10.5,10.5,10.45
TMT,16/09/2026,10.45,10.45,"-0,09 (-0,85%)",11500,0.12,0,0.0,0,0.0,10.75,10.75,10.45
TMT,15/09/2026,10.55,10.55,"-0,13 (-1,22%)",8700,0.09,0,0.0,0,0.0,10.5,10.75,10.2
TMT,14/09/2026,10.7,10.7,"-0,05 (-0,47%)",5700,0.06,0,0.0,0,0.0,10.75,10.75,10.7
TMT,11/09/2026,10.75,10.75,"-0,10 (-0,92%)",10200,0.11,0,0.0,0,0.0,10.95,10.95,10.75
TMT,10/09/2026,10.85,10.85,"+0,17 (+1,59%)",3400,0.04,0,0.0,0,0.0,10.7,10.9,10.7
TMT,09/09/2026,10.7,10.7,"-0,55 (-4,89%)",5400,0.06,0,0.0,0,0.0,11.0,11.0,10.5
TN1,06/10/2026,11.4,11.4,"-0,10 (-0,87%)",1900,0.02,0,0.0,0,0.0,11.5,11.5,11.2
TN1,05/10/2026,11.5,11.5,"+0,30 (+2,68%)",200,0.0,0,0.0,0,0.0,11.3,11.5,11.3
TN1,02/10/2026,11.2,11.2,"-0,30 (-2,61%)",3700,0.04,0,0.0,0,0.0,11.5,11.5,11.2
TN1,01/10/2026,11.5,11.5,"-0,35 (-2,95%)",5400,0.06,0,0.0,0,0.0,11.6,11.7,11.5
TN1,30/09/2026,11.85,11.85,"+0,35 (+3,04%)",1600,0.02,0,0.0,0,0.0,11.5,11.95,11.5
TN1,29/09/2026,11.5,11.5,"-0,50 (-4,17%)",5500,0.06,0,0.0,0,0.0,11.5,11.7,11.5
TN1,28/09/2026,12.0,12.0,"+0,30 (+2,56%)",1300,0.02,0,0.0,0,0.0,11.7,12.1,11.7
TN1,25/09/2026,11.7,11.7,"-0,30 (-2,50%)",1800,0.02,0,0.0,0,0.0,12.0,12.0,11.7
TN1,24/09/2026,12.0,12.0,"-0,70 (-5,51%)",20300,0.24,0,0.0,0,0.0,12.7,12.7,12.0
TN1,23/09/2026,12.7,12.7,"+0,05 (+0,40%)",1000,0.01,0,0.0,0,0.0,12.65,12.7,12.65
TN1,22/09/2026,12.65,12.65,"+0,05 (+0,40%)",1600,0.02,0,0.0,0,0.0,12.6,12.65,12.6
TN1,21/09/2026,12.6,12.6,"-0,15 (-1,18%)",200,0.0,0,0.0,0,0.0,12.6,12.6,12.6
TN1,18/09/2026,12.75,12.75,"-0,10 (-0,78%)",500,0.01,0,0.0,0,0.0,12.75,12.75,12.3
TN1,17/09/2026,12.85,12.85,"+0,55 (+4,47%)",1100,0.01,0,0.0,0,0.0,12.5,12.85,12.5
TN1,16/09/2026,12.3,12.3,"-0,10 (-0,81%)",1800,0.02,0,0.0,0,0.0,12.4,12.6,12.3
TN1,15/09/2026,12.4,12.4,"+0,15 (+1,22%)",200,0.0,0,0.0,0,0.0,12.3,12.4,12.3
TN1,14/09/2026,12.25,12.25,"-0,10 (-0,81%)",900,0.01,0,0.0,0,0.0,12.5,12.5,12.25
TN1,11/09/2026,12.35,12.35,"-0,55 (-4,26%)",1300,0.02,0,0.0,0,0.0,12.8,12.9,12.3
TN1,10/09/2026,12.9,12.9,"+0,30 (+2,38%)",600,0.01,0,0.0,0,0.0,12.5,12.9,12.5
TN1,09/09/2026,12.6,12.6,"0 (0,00%)",100,0.0,0,0.0,0,0.0,12.6,12.6,12.6
TNC,06/10/2026,26.7,26.7,"+0,10 (+0,38%)",2200,0.06,0,0.0,0,0.0,26.75,28.45,26.7
TNC,05/10/2026,26.6,26.6,"0 (0,00%)",0,0.0,0,0.0,0,0.0,26.6,26.6,26.6
TNC,02/10/2026,26.6,26.6,"-2,00 (-6,99%)",11700,0.31,0,0.0,0,0.0,26.6,26.6,26.6
TNC,01/10/2026,28.6,28.6,"+1,85 (+6,92%)",100,0.0,0,0.0,0,0.0,28.6,28.6,28.6
TNC,30/09/2026,26.75,26.75,"0 (0,00%)",0,0.0,0,0.0,0,0.0,26.75,26.75,26.75
TNC,29/09/2026,26.75,26.75,"-1,90 (-6,63%)",100,0.0,0,0.0,0,0.0,26.75,26.75,26.75
TNC,28/09/2026,28.65,28.65,"0 (0,00%)",0,0.0,0,0.0,0,0.0,28.65,28.65,28.65
TNC,25/09/2026,28.65,28.65,"+1,85 (+6,90%)",200,0.01,0,0.0,0,0.0,25.1,28.65,25.1
TNC,24/09/2026,26.8,26.8,"-1,70 (-5,96%)",900,0.03,0,0.0,0,0.0,30.4,30.45,26.65
TNC,23/09/2026,28.5,28.5,"+1,60 (+5,95%)",400,0.01,0,0.0,0,0.0,28.5,28.5,28.5
TNC,22/09/2026,26.9,26.9,"+0,10 (+0,37%)",3000,0.09,0,0.0,0,0.0,28.65,28.65,26.85
TNC,21/09/2026,26.8,26.8,"+1,75 (+6,99%)",700,0.02,0,0.0,0,0.0,26.8,26.8,26.8
TNC,18/09/2026,27.05,25.05,"+1,75 (+6,92%)",400,0.01,0,0.0,0,0.0,27.05,27.05,25.45
TNC,17/09/2026,25.3,23.43,"-1,75 (-6,47%)",200,0.01,0,0.0,0,0.0,28.9,28.9,25.3
TNC,16/09/2026,27.05,25.05,"+0,30 (+1,12%)",200,0.01,0,0.0,0,0.0,28.6,28.6,27.05
TNC,15/09/2026,26.75,24.77,"-1,20 (-4,29%)",300,0.01,0,0.0,0,0.0,27.95,27.95,26.75
TNC,14/09/2026,27.95,25.88,"+0,10 (+0,36%)",200,0.01,0,0.0,0,0.0,28.0,28.0,27.95
TNC,11/09/2026,27.85,25.79,"+1,80 (+6,91%)",300,0.01,0,0.0,0,0.0,24.55,27.85,24.55
TNC,10/09/2026,26.05,24.12,"0 (0,00%)",0,0.0,0,0.0,0,0.0,26.05,26.05,26.05
TNC,09/09/2026,26.05,24.12,"0 (0,00%)",0,0.0,0,0.0,0,0.0,26.05,26.05,26.05
TNH,06/10/2026,5.66,5.66,"-0,29 (-4,87%)",218200,1.23,0,0.0,0,0.0,5.9,5.9,5.6
TNH,05/10/2026,5.95,5.95,"+0,13 (+2,23%)",134900,0.78,0,0.0,0,0.0,5.83,5.97,5.43
TNH,02/10/2026,5.82,5.82,"-0,04 (-0,68%)",105300,0.62,0,0.0,0,0.0,5.94,5.95,5.76
TNH,01/10/2026,5.86,5.86,"-0,14 (-2,33%)",137000,0.81,0,0.0,0,0.0,6.0,6.01,5.75
TNH,30/09/2026,6.0,6.0,"-0,12 (-1,96%)",201200,1.21,0,0.0,0,0.0,6.25,6.25,5.98
TNH,29/09/2026,6.12,6.12,"-0,23 (-3,62%)",95000,0.59,0,0.0,0,0.0,6.35,6.39,6.12
TNH,28/09/2026,6.35,6.35,"-0,05 (-0,78%)",92200,0.59,0,0.0,0,0.0,6.4,6.48,6.33
TNH,25/09/2026,6.4,6.4,"-0,27 (-4,05%)",139500,0.91,0,0.0,0,0.0,6.4,6.66,6.4
TNH,24/09/2026,6.67,6.67,"0 (0,00%)",50800,0.34,0,0.0,0,0.0,6.67,6.69,6.58
TNH,23/09/2026,6.67,6.67,"-0,01 (-0,15%)",71000,0.47,0,0.0,0,0.0,6.71,6.71,6.62
TNH,22/09/2026,6.68,6.68,"+0,06 (+0,91%)",167100,1.11,0,0.0,0,0.0,6.63,6.75,6.63
TNH,21/09/2026,6.62,6.62,"-0,03 (-0,45%)",152900,1.02,0,0.0,0,0.0,6.8,6.8,6.6
TNH,18/09/2026,6.65,6.65,"-0,35 (-5,00%)",266900,1.83,0,0.0,0,0.0,7.23,7.23,6.65
TNH,17/09/2026,7.0,7.0,"-0,46 (-6,17%)",474500,3.4,0,0.0,0,0.0,7.6,7.6,7.0
TNH,16/09/2026,7.46,7.46,"-0,24 (-3,12%)",159200,1.21,0,0.0,0,0.0,7.7,7.7,7.46
TNH,15/09/2026,7.7,7.7,"-0,11 (-1,41%)",310600,2.41,0,0.0,0,0.0,7.82,7.89,7.69
TNH,14/09/2026,7.81,7.81,"-0,13 (-1,64%)",80900,0.63,0,0.0,0,0.0,7.94,7.95,7.8
TNH,11/09/2026,7.94,7.94,"-0,05 (-0,63%)",40900,0.33,2150000,17.63,2150000,17.63,8.0,8.0,7.92
TNH,10/09/2026,7.99,7.99,"-0,01 (-0,12%)",58600,0.47,0,0.0,0,0.0,8.1,8.1,7.93
TNH,09/09/2026,8.0,8.0,"-0,03 (-0,37%)",83500,0.67,0,0.0,0,0.0,8.05,8.08,7.99
TNI,06/10/2026,4.32,4.32,"-0,24 (-5,26%)",30400,0.13,0,0.0,0,0.0,4.56,4.56,4.29
TNI,05/10/2026,4.56,4.56,"-0,09 (-1,94%)",7600,0.04,0,0.0,0,0.0,4.75,4.84,4.56
TNI,02/10/2026,4.65,4.65,"+0,14 (+3,10%)",496900,2.3,0,0.0,0,0.0,4.51,4.82,4.3
TNI,01/10/2026,4.51,4.51,"-0,08 (-1,74%)",693500,3.17,0,0.0,0,0.0,4.77,4.77,4.5
TNI,30/09/2026,4.59,4.59,"-0,34 (-6,90%)",303000,1.4,0,0.0,0,0.0,4.6,4.71,4.59
TNI,29/09/2026,4.93,4.93,"-0,09 (-1,79%)",89300,0.44,0,0.0,0,0.0,4.92,5.12,4.92
TNI,28/09/2026,5.02,5.02,"-0,11 (-2,14%)",22700,0.11,0,0.0,0,0.0,5.1,5.12,5.01
TNI,25/09/2026,5.13,5.13,"+0,02 (+0,39%)",32800,0.17,0,0.0,0,0.0,5.1,5.21,5.1
TNI,24/09/2026,5.11,5.11,"-0,19 (-3,58%)",51300,0.26,0,0.0,0,0.0,5.03,5.28,4.98
TNI,23/09/2026,5.3,5.3,"-0,01 (-0,19%)",58900,0.31,0,0.0,0,0.0,5.31,5.32,5.25
TNI,22/09/2026,5.31,5.31,"+0,01 (+0,19%)",35200,0.19,0,0.0,0,0.0,5.26,5.32,5.23
TNI,21/09/2026,5.3,5.3,"+0,05 (+0,95%)",28700,0.15,0,0.0,0,0.0,5.3,5.4,5.3
TNI,18/09/2026,5.25,5.25,"-0,05 (-0,94%)",2144000,11.26,0,0.0,0,0.0,5.3,5.32,5.1
TNI,17/09/2026,5.3,5.3,"-0,10 (-1,85%)",582500,3.15,0,0.0,0,0.0,5.4,5.5,5.3
TNI,16/09/2026,5.4,5.4,"-0,16 (-2,88%)",776100,4.25,0,0.0,0,0.0,5.55,5.55,5.35
TNI,15/09/2026,5.56,5.56,"+0,08 (+1,46%)",943800,5.3,0,0.0,0,0.0,5.48,5.66,5.48
TNI,14/09/2026,5.48,5.48,"+0,18 (+3,40%)",1167400,6.32,0,0.0,0,0.0,5.42,5.52,5.21
TNI,11/09/2026,5.3,5.3,"+0,05 (+0,95%)",468800,2.46,0,0.0,0,0.0,5.25,5.5,5.03
TNI,10/09/2026,5.25,5.25,"-0,05 (-0,94%)",31400,0.16,0,0.0,0,0.0,5.47,5.47,5.0
TNI,09/09/2026,5.3,5.3,"-0,20 (-3,64%)",111100,0.6,0,0.0,0,0.0,5.59,5.6,5.3
TNT,06/10/2026,10.1,10.1,"0 (0,00%)",11800,0.12,0,0.0,0,0.0,9.5,10.1,9.5
TNT,05/10/2026,10.1,10.1,"-0,29 (-2,79%)",2300,0.02,0,0.0,0,0.0,10.4,10.4,9.73
TNT,02/10/2026,10.4,10.4,"-0,04 (-0,38%)",4200,0.04,0,0.0,0,0.0,11.0,11.0,9.74
TNT,01/10/2026,10.45,10.45,"+0,21 (+2,05%)",3000,0.03,0,0.0,0,0.0,9.56,10.65,9.56
TNT,30/09/2026,10.25,10.25,"-0,75 (-6,82%)",13300,0.14,0,0.0,0,0.0,10.25,10.45,10.25
TNT,29/09/2026,11.0,11.0,"+0,52 (+4,96%)",8600,0.1,0,0.0,0,0.0,11.15,11.2,10.5
TNT,28/09/2026,10.5,10.5,"+0,50 (+5,00%)",3200,0.03,0,0.0,0,0.0,10.0,10.5,9.95
TNT,25/09/2026,10.0,10.0,"0 (0,00%)",6500,0.06,0,0.0,0,0.0,9.3,10.0,9.3
TNT,24/09/2026,10.0,10.0,"0 (0,00%)",1100,0.01,0,0.0,0,0.0,10.0,10.0,9.99
TNT,23/09/2026,10.0,10.0,"-0,20 (-1,96%)",5800,0.06,0,0.0,0,0.0,9.58,10.2,9.58
TNT,22/09/2026,10.2,10.2,"0 (0,00%)",1000,0.01,0,0.0,0,0.0,10.2,10.2,10.2
TNT,21/09/2026,10.2,10.2,"-0,19 (-1,83%)",7000,0.07,0,0.0,0,0.0,10.4,10.4,10.2
TNT,18/09/2026,10.4,10.4,"+0,21 (+2,06%)",3000,0.03,0,0.0,0,0.0,10.2,10.4,9.95
TNT,17/09/2026,10.2,10.2,"+0,32 (+3,24%)",28000,0.27,0,0.0,0,0.0,10.0,10.2,9.35
TNT,16/09/2026,9.9,9.9,"-0,06 (-0,60%)",14800,0.15,0,0.0,0,0.0,9.9,10.2,9.53
TNT,15/09/2026,9.97,9.97,"+0,09 (+0,91%)",1800,0.02,0,0.0,0,0.0,9.98,9.98,9.53
TNT,14/09/2026,9.9,9.9,"-0,24 (-2,37%)",4300,0.04,1065000,10.12,1065000,10.12,10.1,10.1,9.89
TNT,11/09/2026,10.15,10.15,"+0,28 (+2,84%)",48100,0.49,0,0.0,0,0.0,10.25,10.55,9.9
TNT,10/09/2026,9.88,9.88,"+0,10 (+1,02%)",4400,0.04,0,0.0,0,0.0,9.99,9.99,9.7
TNT,09/09/2026,9.79,9.79,"+0,10 (+1,03%)",52800,0.51,0,0.0,0,0.0,9.7,9.9,9.5
TPB,06/10/2026,11.8,11.8,"-0,10 (-0,84%)",7379500,86.96,1060000,12.66,1060000,12.66,11.85,12.0,11.6
TPB,05/10/2026,11.9,11.9,"0 (0,00%)",4973300,59.46,0,0.0,0,0.0,11.95,12.1,11.85
TPB,02/10/2026,11.9,11.9,"-0,20 (-1,65%)",11178200,135.61,0,0.0,0,0.0,12.3,12.3,11.75
TPB,01/10/2026,14.4,12.09,"-0,05 (-0,35%)",16555800,240.44,0,0.0,0,0.0,14.45,14.65,14.4
TPB,30/09/2026,14.45,12.13,"-0,05 (-0,34%)",5569300,80.67,0,0.0,0,0.0,14.6,14.6,14.4
TPB,29/09/2026,14.5,12.17,"-0,10 (-0,68%)",6922700,100.63,0,0.0,0,0.0,14.5,14.7,14.4
TPB,28/09/2026,14.6,12.26,"0 (0,00%)",9160600,132.85,0,0.0,0,0.0,14.6,14.65,14.4
TPB,25/09/2026,14.6,12.26,"-0,10 (-0,68%)",8775900,128.86,1200000,18.0,1200000,18.0,14.7,14.8,14.6
TPB,24/09/2026,14.7,12.34,"-0,05 (-0,34%)",13346400,195.96,0,0.0,0,0.0,14.75,14.85,14.5
TPB,23/09/2026,14.75,12.38,"+0,50 (+3,51%)",28156800,409.77,0,0.0,0,0.0,14.3,14.75,14.25
TPB,22/09/2026,14.25,11.96,"+0,25 (+1,79%)",10217300,144.92,0,0.0,0,0.0,14.1,14.25,14.05
TPB,21/09/2026,14.0,11.75,"-0,10 (-0,71%)",6197800,87.58,1113200,14.64,1113200,14.64,14.3,14.3,14.0
TPB,18/09/2026,14.1,11.84,"+0,05 (+0,36%)",6855800,97.33,0,0.0,0,0.0,14.2,14.35,14.1
TPB,17/09/2026,14.05,11.79,"+0,05 (+0,36%)",8807200,124.57,449856,6.3,449856,6.3,14.0,14.3,13.95
TPB,16/09/2026,14.0,11.75,"-0,15 (-1,06%)",4619700,65.1,0,0.0,0,0.0,14.2,14.25,14.0
TPB,15/09/2026,14.15,11.88,"+0,15 (+1,07%)",16853100,238.57,0,0.0,0,0.0,14.0,14.35,14.0
TPB,14/09/2026,14.0,11.75,"-0,15 (-1,06%)",6595500,93.06,449856,6.37,449856,6.37,14.15,14.25,13.95
TPB,11/09/2026,14.15,11.88,"-0,30 (-2,08%)",6437500,91.7,0,0.0,0,0.0,14.4,14.45,14.15
TPB,10/09/2026,14.45,12.13,"0 (0,00%)",4276600,61.75,0,0.0,0,0.0,14.45,14.5,14.4
TPB,09/09/2026,14.45,12.13,"-0,05 (-0,34%)",2307600,33.45,0,0.0,0,0.0,14.5,14.6,14.45
TPC,06/10/2026,10.35,10.35,"-0,75 (-6,76%)",100,0.0,0,0.0,0,0.0,10.35,10.35,10.35
TPC,05/10/2026,11.1,11.1,"-0,80 (-6,72%)",2100,0.02,0,0.0,0,0.0,11.1,11.1,11.1
TPC,02/10/2026,11.9,11.9,"0 (0,00%)",0,0.0,0,0.0,0,0.0,11.9,11.9,11.9
TPC,01/10/2026,11.9,11.9,"0 (0,00%)",0,0.0,0,0.0,0,0.0,11.9,11.9,11.9
TPC,30/09/2026,11.9,11.9,"0 (0,00%)",0,0.0,0,0.0,0,0.0,11.9,11.9,11.9
TPC,29/09/2026,11.9,11.9,"0 (0,00%)",0,0.0,0,0.0,0,0.0,11.9,11.9,11.9
TPC,28/09/2026,11.9,11.9,"-0,10 (-0,83%)",1000,0.01,0,0.0,0,0.0,11.9,11.9,11.9
TPC,25/09/2026,12.0,12.0,"0 (0,00%)",0,0.0,400000,4.96,400000,4.96,12.0,12.0,12.0
TPC,24/09/2026,12.0,12.0,"-0,90 (-6,98%)",1000,0.01,400000,5.32,400000,5.32,12.0,12.0,12.0
TPC,23/09/2026,12.9,12.9,"+0,35 (+2,79%)",400300,5.18,0,0.0,0,0.0,12.95,12.95,11.7
TPC,22/09/2026,12.55,12.55,"0 (0,00%)",0,0.0,400000,5.36,400000,5.36,12.55,12.55,12.55
TPC,21/09/2026,12.55,12.55,"-0,90 (-6,69%)",200,0.0,400000,5.48,400000,5.48,12.55,12.55,12.55
TPC,18/09/2026,13.45,13.45,"-0,05 (-0,37%)",399700,5.44,0,0.0,0,0.0,13.5,13.6,13.45
TPC,17/09/2026,13.5,13.5,"+0,10 (+0,75%)",401500,5.42,0,0.0,0,0.0,13.0,13.5,13.0
TPC,16/09/2026,13.4,13.4,"-0,20 (-1,47%)",403600,5.45,0,0.0,0,0.0,12.65,13.5,12.65
TPC,15/09/2026,13.6,13.6,"-0,10 (-0,73%)",400000,5.44,0,0.0,0,0.0,13.6,13.6,13.6
TPC,14/09/2026,13.7,13.7,"+0,30 (+2,24%)",400000,5.48,0,0.0,0,0.0,13.7,13.7,13.7
TPC,11/09/2026,13.4,13.4,"+0,25 (+1,90%)",6100,0.08,0,0.0,0,0.0,13.45,13.45,13.15
TPC,10/09/2026,13.15,13.15,"+0,45 (+3,54%)",14400,0.19,0,0.0,0,0.0,13.0,13.15,13.0
TPC,09/09/2026,12.7,12.7,"-0,50 (-3,79%)",4500,0.06,0,0.0,0,0.0,13.5,13.5,12.5
TRA,06/10/2026,36.3,36.3,"+0,05 (+0,14%)",2400,0.09,0,0.0,0,0.0,36.3,36.3,36.3
TRA,05/10/2026,36.25,36.25,"-0,40 (-1,09%)",6200,0.23,0,0.0,0,0.0,36.3,36.65,36.25
TRA,02/10/2026,36.65,36.65,"-0,35 (-0,95%)",2100,0.08,0,0.0,0,0.0,37.0,37.0,36.65
TRA,01/10/2026,37.0,37.0,"0 (0,00%)",2600,0.1,0,0.0,0,0.0,36.5,37.0,36.5
TRA,30/09/2026,37.0,37.0,"+0,20 (+0,54%)",400,0.01,0,0.0,0,0.0,37.0,37.0,37.0
TRA,29/09/2026,36.8,36.8,"-0,30 (-0,81%)",2800,0.1,0,0.0,0,0.0,37.5,37.6,36.8
TRA,28/09/2026,37.1,37.1,"+0,20 (+0,54%)",6900,0.26,0,0.0,0,0.0,37.1,37.1,36.95
TRA,25/09/2026,36.9,36.9,"+0,10 (+0,27%)",3300,0.12,0,0.0,0,0.0,36.8,37.1,36.8
TRA,24/09/2026,36.8,36.8,"-2,15 (-5,52%)",600,0.02,0,0.0,0,0.0,36.5,37.8,36.5
TRA,23/09/2026,38.95,38.95,"+1,95 (+5,27%)",13200,0.5,0,0.0,0,0.0,36.5,38.95,36.5
TRA,22/09/2026,37.0,37.0,"+0,45 (+1,23%)",7000,0.26,0,0.0,0,0.0,36.55,37.0,36.55
TRA,21/09/2026,36.55,36.55,"+0,05 (+0,14%)",4000,0.15,0,0.0,0,0.0,36.4,36.55,36.3
TRA,18/09/2026,36.5,36.5,"+0,20 (+0,55%)",9000,0.33,0,0.0,0,0.0,36.95,38.7,36.3
TRA,17/09/2026,36.3,36.3,"-0,20 (-0,55%)",3200,0.12,0,0.0,0,0.0,36.2,37.0,36.2
TRA,16/09/2026,36.5,36.5,"-0,50 (-1,35%)",11500,0.42,0,0.0,0,0.0,36.7,37.0,36.0
TRA,15/09/2026,37.0,37.0,"0 (0,00%)",3100,0.11,0,0.0,0,0.0,36.4,37.0,36.15
TRA,14/09/2026,37.0,37.0,"-0,10 (-0,27%)",2200,0.08,0,0.0,0,0.0,37.1,37.1,37.0
TRA,11/09/2026,37.1,37.1,"+0,60 (+1,64%)",4600,0.17,0,0.0,0,0.0,36.45,37.5,36.2
TRA,10/09/2026,36.5,36.5,"-0,40 (-1,08%)",3200,0.12,0,0.0,0,0.0,36.9,36.9,36.5
TRA,09/09/2026,36.9,36.9,"-0,10 (-0,27%)",2300,0.08,0,0.0,0,0.0,37.0,37.0,36.5
TRC,06/10/2026,23.95,23.95,"-0,15 (-0,62%)",238500,5.66,0,0.0,0,0.0,24.1,24.3,23.35
TRC,05/10/2026,24.1,24.1,"-0,05 (-0,21%)",237600,5.71,0,0.0,0,0.0,24.5,24.5,23.85
TRC,02/10/2026,24.15,24.15,"-0,10 (-0,41%)",273200,6.6,0,0.0,0,0.0,24.25,25.2,23.6
TRC,01/10/2026,24.25,24.25,"-0,40 (-1,62%)",327300,8.04,0,0.0,0,0.0,24.9,25.3,24.0
TRC,30/09/2026,24.65,24.65,"+0,85 (+3,57%)",446200,11.01,0,0.0,0,0.0,24.35,25.1,24.25
TRC,29/09/2026,23.8,23.8,"+0,90 (+3,93%)",456100,10.85,0,0.0,0,0.0,23.0,24.2,22.9
TRC,28/09/2026,22.9,22.9,"+0,45 (+2,00%)",165100,3.78,0,0.0,0,0.0,22.45,23.55,22.2
TRC,25/09/2026,22.45,22.45,"-0,15 (-0,66%)",229200,5.2,0,0.0,0,0.0,22.6,22.9,22.45
TRC,24/09/2026,22.6,22.6,"+0,60 (+2,73%)",185600,4.17,0,0.0,0,0.0,22.0,22.9,21.85
TRC,23/09/2026,22.0,22.0,"+0,60 (+2,80%)",120500,2.62,0,0.0,0,0.0,21.5,22.2,21.5
TRC,22/09/2026,21.4,21.4,"+0,05 (+0,23%)",145900,3.1,0,0.0,0,0.0,21.5,21.5,21.0
TRC,21/09/2026,21.35,21.35,"-0,45 (-2,06%)",110600,2.37,0,0.0,0,0.0,21.65,21.8,21.15
TRC,18/09/2026,21.8,21.8,"-0,50 (-2,24%)",115900,2.54,0,0.0,0,0.0,21.8,22.15,21.8
TRC,17/09/2026,22.3,22.3,"-0,10 (-0,45%)",161000,3.55,0,0.0,0,0.0,22.4,22.4,21.5
TRC,16/09/2026,22.4,22.4,"+0,85 (+3,94%)",445400,9.95,0,0.0,0,0.0,21.6,22.6,21.55
TRC,15/09/2026,21.55,21.55,"+1,40 (+6,95%)",610500,13.12,0,0.0,0,0.0,21.55,21.55,21.1
TRC,14/09/2026,80.6,20.15,"-1,20 (-1,47%)",149500,12.16,0,0.0,0,0.0,82.0,82.4,80.5
TRC,11/09/2026,81.8,20.45,"-1,30 (-1,56%)",95900,7.88,0,0.0,0,0.0,83.3,83.3,81.5
TRC,10/09/2026,83.1,20.78,"+0,90 (+1,09%)",80800,6.74,0,0.0,0,0.0,82.6,84.4,82.6
TRC,09/09/2026,82.2,20.55,"-3,60 (-4,20%)",359400,30.18,0,0.0,0,0.0,86.0,86.6,82.0
TSA,06/10/2026,13.2,13.2,"-0,05 (-0,38%)",4800,0.06,0,0.0,0,0.0,13.55,13.55,12.6
TSA,05/10/2026,13.25,13.25,"+0,05 (+0,38%)",3800,0.05,0,0.0,0,0.0,13.1,13.25,13.0
TSA,02/10/2026,13.2,13.2,"-0,70 (-5,04%)",4100,0.06,0,0.0,0,0.0,13.85,13.85,13.2
TSA,01/10/2026,13.9,13.9,"+0,10 (+0,72%)",200,0.0,0,0.0,0,0.0,13.9,13.9,13.9
TSA,30/09/2026,13.8,13.8,"+0,15 (+1,10%)",13700,0.19,0,0.0,0,0.0,13.65,13.8,13.0
TSA,29/09/2026,13.65,13.65,"+0,05 (+0,37%)",5500,0.07,0,0.0,0,0.0,13.6,13.65,13.15
TSA,28/09/2026,13.6,13.6,"-0,55 (-3,89%)",5100,0.07,0,0.0,0,0.0,13.5,13.6,13.5
TSA,25/09/2026,14.15,14.15,"-0,10 (-0,70%)",35800,0.5,0,0.0,0,0.0,14.2,14.2,14.05
TSA,24/09/2026,14.25,14.25,"-0,25 (-1,72%)",3800,0.05,0,0.0,0,0.0,14.5,14.5,14.25
TSA,23/09/2026,14.5,14.5,"-0,30 (-2,03%)",4300,0.06,0,0.0,0,0.0,14.75,14.75,14.4
TSA,22/09/2026,14.8,14.8,"-0,20 (-1,33%)",10000,0.15,0,0.0,0,0.0,14.95,14.95,14.8
TSA,21/09/2026,15.0,15.0,"-0,30 (-1,96%)",32800,0.5,0,0.0,0,0.0,15.3,15.3,15.0
TSA,18/09/2026,15.3,15.3,"-0,10 (-0,65%)",3700,0.06,0,0.0,0,0.0,15.35,15.35,15.3
TSA,17/09/2026,15.4,15.4,"-0,15 (-0,96%)",13000,0.2,0,0.0,0,0.0,15.5,15.55,15.4
TSA,16/09/2026,15.55,15.55,"-0,05 (-0,32%)",6000,0.09,0,0.0,0,0.0,15.6,15.6,15.5
TSA,15/09/2026,15.6,15.6,"-0,10 (-0,64%)",14300,0.22,0,0.0,0,0.0,15.7,15.75,15.6
TSA,14/09/2026,15.7,15.7,"+0,05 (+0,32%)",26700,0.42,0,0.0,0,0.0,15.65,15.75,15.6
TSA,11/09/2026,15.65,15.65,"0 (0,00%)",33900,0.53,0,0.0,0,0.0,15.65,15.65,15.6
TSA,10/09/2026,15.65,15.65,"0 (0,00%)",62600,0.98,0,0.0,0,0.0,15.65,15.7,15.6
TSA,09/09/2026,15.65,15.65,"+0,05 (+0,32%)",55100,0.86,0,0.0,0,0.0,15.6,15.7,15.6
TSC,06/10/2026,1.76,1.76,"0 (0,00%)",316700,0.55,0,0.0,0,0.0,1.76,1.78,1.72
TSC,05/10/2026,1.76,1.76,"-0,01 (-0,56%)",92000,0.16,0,0.0,0,0.0,1.76,1.78,1.75
TSC,02/10/2026,1.77,1.77,"+0,06 (+3,51%)",305800,0.54,0,0.0,0,0.0,1.72,1.81,1.72
TSC,01/10/2026,1.71,1.71,"-0,03 (-1,72%)",643100,1.13,0,0.0,0,0.0,1.76,1.78,1.71
TSC,30/09/2026,1.74,1.74,"-0,13 (-6,95%)",275000,0.49,0,0.0,0,0.0,1.84,1.86,1.74
TSC,29/09/2026,1.87,1.87,"-0,01 (-0,53%)",149300,0.28,0,0.0,0,0.0,1.89,1.89,1.83
TSC,28/09/2026,1.88,1.88,"-0,04 (-2,08%)",141700,0.27,0,0.0,0,0.0,1.92,1.92,1.86
TSC,25/09/2026,1.92,1.92,"+0,01 (+0,52%)",60100,0.12,0,0.0,0,0.0,1.91,1.94,1.91
TSC,24/09/2026,1.91,1.91,"+0,03 (+1,60%)",162600,0.31,0,0.0,0,0.0,1.9,1.95,1.88
TSC,23/09/2026,1.88,1.88,"0 (0,00%)",94300,0.18,0,0.0,0,0.0,1.91,1.91,1.87
TSC,22/09/2026,1.88,1.88,"-0,03 (-1,57%)",61500,0.12,0,0.0,0,0.0,1.9,1.92,1.88
TSC,21/09/2026,1.91,1.91,"-0,02 (-1,04%)",33500,0.06,0,0.0,0,0.0,1.93,1.94,1.91
TSC,18/09/2026,1.93,1.93,"-0,01 (-0,52%)",99100,0.19,0,0.0,0,0.0,1.95,1.96,1.9
TSC,17/09/2026,1.94,1.94,"+0,01 (+0,52%)",82400,0.16,0,0.0,0,0.0,1.91,1.94,1.9
TSC,16/09/2026,1.93,1.93,"+0,04 (+2,12%)",81100,0.16,0,0.0,0,0.0,1.89,1.97,1.89
TSC,15/09/2026,1.89,1.89,"+0,01 (+0,53%)",107700,0.2,0,0.0,0,0.0,1.88,1.91,1.87
TSC,14/09/2026,1.88,1.88,"-0,01 (-0,53%)",93200,0.18,0,0.0,0,0.0,1.9,1.9,1.87
TSC,11/09/2026,1.89,1.89,"-0,05 (-2,58%)",136800,0.26,0,0.0,0,0.0,1.93,1.95,1.89
TSC,10/09/2026,1.94,1.94,"-0,01 (-0,51%)",56700,0.11,0,0.0,0,0.0,1.96,1.96,1.92
TSC,09/09/2026,1.95,1.95,"+0,01 (+0,52%)",72000,0.14,0,0.0,0,0.0,1.98,1.98,1.94
TTA,06/10/2026,10.7,10.7,"-0,05 (-0,47%)",134600,1.43,0,0.0,0,0.0,10.65,10.7,10.55
TTA,05/10/2026,10.75,10.75,"-0,05 (-0,46%)",160300,1.7,0,0.0,0,0.0,10.55,10.8,10.55
TTA,02/10/2026,10.8,10.8,"0 (0,00%)",109400,1.18,0,0.0,0,0.0,10.7,10.85,10.65
TTA,01/10/2026,10.8,10.8,"0 (0,00%)",3400,0.04,0,0.0,0,0.0,10.8,10.8,10.7
TTA,30/09/2026,10.8,10.8,"0 (0,00%)",33800,0.36,0,0.0,0,0.0,10.7,10.85,10.7
TTA,29/09/2026,10.8,10.8,"-0,10 (-0,92%)",13400,0.14,0,0.0,0,0.0,10.9,10.9,10.75
TTA,28/09/2026,10.9,10.9,"0 (0,00%)",27400,0.3,0,0.0,0,0.0,10.95,10.95,10.7
TTA,25/09/2026,10.9,10.9,"-0,10 (-0,91%)",69700,0.77,0,0.0,0,0.0,11.05,11.05,10.9
TTA,24/09/2026,11.0,11.0,"0 (0,00%)",9500,0.1,0,0.0,0,0.0,11.0,11.0,10.85
TTA,23/09/2026,11.0,11.0,"-0,05 (-0,45%)",23400,0.26,0,0.0,0,0.0,11.05,11.05,10.85
TTA,22/09/2026,11.05,11.05,"-0,10 (-0,90%)",18800,0.21,0,0.0,0,0.0,11.15,11.2,10.95
TTA,21/09/2026,11.15,11.15,"0 (0,00%)",8900,0.1,0,0.0,0,0.0,11.0,11.15,10.95
TTA,18/09/2026,11.15,11.15,"0 (0,00%)",26700,0.3,0,0.0,0,0.0,10.9,11.25,10.9
TTA,17/09/2026,11.15,11.15,"+0,15 (+1,36%)",43500,0.48,0,0.0,0,0.0,11.0,11.2,10.85
TTA,16/09/2026,11.0,11.0,"0 (0,00%)",48300,0.53,0,0.0,0,0.0,11.0,11.1,11.0
TTA,15/09/2026,11.0,11.0,"-0,05 (-0,45%)",300400,3.32,0,0.0,0,0.0,11.0,11.2,10.8
TTA,14/09/2026,11.05,11.05,"-0,20 (-1,78%)",343600,3.8,60000,0.72,60000,0.72,11.1,11.15,10.85
TTA,11/09/2026,11.25,11.25,"-0,10 (-0,88%)",266400,3.02,0,0.0,0,0.0,11.35,11.35,11.15
TTA,10/09/2026,11.35,11.35,"0 (0,00%)",257000,2.91,0,0.0,0,0.0,11.35,11.4,11.2
TTA,09/09/2026,11.35,11.35,"-0,05 (-0,44%)",317000,3.56,0,0.0,0,0.0,11.15,11.35,11.1
TTE,06/10/2026,33.95,33.95,"0 (0,00%)",0,0.0,0,0.0,0,0.0,33.95,33.95,33.95
TTE,05/10/2026,33.95,33.95,"0 (0,00%)",0,0.0,0,0.0,0,0.0,33.95,33.95,33.95
TTE,02/10/2026,33.95,33.95,"0 (0,00%)",0,0.0,0,0.0,0,0.0,33.95,33.95,33.95
TTE,01/10/2026,33.95,33.95,"0 (0,00%)",0,0.0,0,0.0,0,0.0,33.95,33.95,33.95
TTE,30/09/2026,33.95,33.95,"0 (0,00%)",0,0.0,0,0.0,0,0.0,33.95,33.95,33.95
TTE,29/09/2026,33.95,33.95,"0 (0,00%)",0,0.0,0,0.0,0,0.0,33.95,33.95,33.95
TTE,28/09/2026,33.95,33.95,"0 (0,00%)",0,0.0,0,0.0,0,0.0,33.95,33.95,33.95
TTE,25/09/2026,33.95,33.95,"0 (0,00%)",0,0.0,0,0.0,0,0.0,33.95,33.95,33.95
TTE,24/09/2026,33.95,33.95,"0 (0,00%)",0,0.0,0,0.0,0,0.0,33.95,33.95,33.95
TTE,23/09/2026,33.95,33.95,"0 (0,00%)",0,0.0,0,0.0,0,0.0,33.95,33.95,33.95
TTE,22/09/2026,33.95,33.95,"0 (0,00%)",0,0.0,0,0.0,0,0.0,33.95,33.95,33.95
TTE,21/09/2026,33.95,33.95,"0 (0,00%)",0,0.0,0,0.0,0,0.0,33.95,33.95,33.95
TTE,18/09/2026,33.95,33.95,"0 (0,00%)",0,0.0,0,0.0,0,0.0,33.95,33.95,33.95
TTE,17/09/2026,33.95,33.95,"0 (0,00%)",0,0.0,0,0.0,0,0.0,33.95,33.95,33.95
TTE,16/09/2026,33.95,33.95,"0 (0,00%)",0,0.0,0,0.0,0,0.0,33.95,33.95,33.95
TTE,15/09/2026,33.95,33.95,"0 (0,00%)",0,0.0,0,0.0,0,0.0,33.95,33.95,33.95
TTE,14/09/2026,33.95,33.95,"0 (0,00%)",0,0.0,0,0.0,0,0.0,33.95,33.95,33.95
TTE,11/09/2026,33.95,33.95,"0 (0,00%)",0,0.0,0,0.0,0,0.0,33.95,33.95,33.95
TTE,10/09/2026,33.95,33.95,"0 (0,00%)",0,0.0,0,0.0,0,0.0,33.95,33.95,33.95
TTE,09/09/2026,33.95,33.95,"0 (0,00%)",0,0.0,0,0.0,0,0.0,33.95,33.95,33.95
TTF,06/10/2026,1.34,1.34,"-0,05 (-3,60%)",1743200,2.31,0,0.0,0,0.0,1.39,1.42,1.3
TTF,05/10/2026,1.39,1.39,"-0,05 (-3,47%)",999900,1.38,0,0.0,0,0.0,1.34,1.44,1.34
TTF,02/10/2026,1.44,1.44,"-0,06 (-4,00%)",1504000,2.15,0,0.0,0,0.0,1.46,1.49,1.4
TTF,01/10/2026,1.5,1.5,"-0,02 (-1,32%)",402000,0.6,0,0.0,0,0.0,1.51,1.52,1.47
TTF,30/09/2026,1.52,1.52,"0 (0,00%)",481900,0.73,0,0.0,0,0.0,1.51,1.56,1.5
TTF,29/09/2026,1.52,1.52,"-0,11 (-6,75%)",1249700,1.95,0,0.0,0,0.0,1.65,1.65,1.52
TTF,28/09/2026,1.63,1.63,"-0,04 (-2,40%)",1502300,2.52,0,0.0,0,0.0,1.7,1.73,1.62
TTF,25/09/2026,1.67,1.67,"+0,10 (+6,37%)",2882100,4.78,0,0.0,0,0.0,1.59,1.67,1.59
TTF,24/09/2026,1.57,1.57,"+0,10 (+6,80%)",1387800,2.14,0,0.0,0,0.0,1.47,1.57,1.47
TTF,23/09/2026,1.47,1.47,"0 (0,00%)",682700,1.01,0,0.0,0,0.0,1.47,1.5,1.46
TTF,22/09/2026,1.47,1.47,"0 (0,00%)",392700,0.58,0,0.0,0,0.0,1.47,1.49,1.46
TTF,21/09/2026,1.47,1.47,"+0,01 (+0,68%)",643400,0.94,0,0.0,0,0.0,1.47,1.49,1.43
TTF,18/09/2026,1.46,1.46,"+0,01 (+0,69%)",550600,0.81,0,0.0,0,0.0,1.45,1.5,1.45
TTF,17/09/2026,1.45,1.45,"0 (0,00%)",441700,0.64,0,0.0,0,0.0,1.43,1.49,1.43
TTF,16/09/2026,1.45,1.45,"-0,04 (-2,68%)",499500,0.74,0,0.0,0,0.0,1.48,1.52,1.43
TTF,15/09/2026,1.49,1.49,"+0,07 (+4,93%)",878800,1.29,0,0.0,0,0.0,1.4,1.5,1.4
TTF,14/09/2026,1.42,1.42,"-0,06 (-4,05%)",1251500,1.78,0,0.0,0,0.0,1.46,1.47,1.38
TTF,11/09/2026,1.48,1.48,"-0,08 (-5,13%)",2108100,3.13,0,0.0,0,0.0,1.56,1.57,1.46
TTF,10/09/2026,1.56,1.56,"-0,01 (-0,64%)",577600,0.9,0,0.0,0,0.0,1.57,1.58,1.54
TTF,09/09/2026,1.57,1.57,"0 (0,00%)",599900,0.95,0,0.0,0,0.0,1.57,1.62,1.57
TV2,06/10/2026,25.35,25.35,"0 (0,00%)",115800,2.91,0,0.0,0,0.0,25.2,25.6,24.9
TV2,05/10/2026,25.35,25.35,"0 (0,00%)",30800,0.78,0,0.0,0,0.0,25.35,25.6,25.05
TV2,02/10/2026,25.35,25.35,"-0,25 (-0,98%)",94900,2.4,0,0.0,0,0.0,25.7,25.7,25.05
TV2,01/10/2026,25.6,25.6,"-0,15 (-0,58%)",55300,1.42,0,0.0,0,0.0,25.6,25.75,25.55
TV2,30/09/2026,25.75,25.75,"+0,05 (+0,19%)",91200,2.35,0,0.0,0,0.0,25.65,25.85,25.6
TV2,29/09/2026,25.7,25.7,"+0,20 (+0,78%)",82500,2.1,0,0.0,0,0.0,25.5,25.7,25.1
TV2,28/09/2026,25.5,25.5,"-0,15 (-0,58%)",138400,3.5,0,0.0,0,0.0,25.65,25.65,25.0
TV2,25/09/2026,25.65,25.65,"-0,05 (-0,19%)",75100,1.92,0,0.0,0,0.0,25.7,25.7,25.2
TV2,24/09/2026,25.7,25.7,"-0,30 (-1,15%)",195900,5.05,0,0.0,0,0.0,26.0,26.1,25.55
TV2,23/09/2026,26.0,26.0,"+0,30 (+1,17%)",153700,3.98,0,0.0,0,0.0,25.8,26.3,25.7
TV2,22/09/2026,25.7,25.7,"0 (0,00%)",77200,1.98,0,0.0,0,0.0,25.7,25.85,25.6
TV2,21/09/2026,25.7,25.7,"-0,05 (-0,19%)",49900,1.29,0,0.0,0,0.0,25.9,26.25,25.65
TV2,18/09/2026,25.75,25.75,"0 (0,00%)",100300,2.59,0,0.0,0,0.0,25.75,25.9,25.6
TV2,17/09/2026,25.75,25.75,"+0,10 (+0,39%)",60400,1.55,0,0.0,0,0.0,25.55,25.85,25.55
TV2,16/09/2026,25.65,25.65,"-0,10 (-0,39%)",61100,1.57,0,0.0,0,0.0,25.75,25.85,25.65
TV2,15/09/2026,25.75,25.75,"+0,05 (+0,19%)",70100,1.81,0,0.0,0,0.0,25.35,26.0,25.35
TV2,14/09/2026,25.7,25.7,"-0,05 (-0,19%)",83700,2.14,0,0.0,0,0.0,25.75,25.8,25.35
TV2,11/09/2026,25.75,25.75,"-0,15 (-0,58%)",68700,1.77,0,0.0,0,0.0,26.0,26.0,25.5
TV2,10/09/2026,25.9,25.9,"0 (0,00%)",52700,1.37,0,0.0,0,0.0,25.8,26.3,25.8
TV2,09/09/2026,25.9,25.9,"-0,15 (-0,58%)",97400,2.53,0,0.0,0,0.0,26.15,26.3,25.85
TVB,06/10/2026,6.17,6.17,"+0,07 (+1,15%)",2200,0.01,0,0.0,0,0.0,6.2,6.2,6.15
TVB,05/10/2026,6.1,6.1,"-0,08 (-1,29%)",13700,0.08,0,0.0,0,0.0,6.2,6.29,6.1
TVB,02/10/2026,6.18,6.18,"+0,01 (+0,16%)",4900,0.03,0,0.0,0,0.0,6.23,6.23,6.1
TVB,01/10/2026,6.17,6.17,"-0,12 (-1,91%)",20700,0.12,0,0.0,0,0.0,6.48,6.48,5.86
TVB,30/09/2026,6.29,6.29,"+0,05 (+0,80%)",300,0.0,0,0.0,0,0.0,6.5,6.5,5.9
TVB,29/09/2026,6.24,6.24,"+0,24 (+4,00%)",1100,0.01,0,0.0,0,0.0,6.0,6.29,6.0
TVB,28/09/2026,6.0,6.0,"-0,30 (-4,76%)",24500,0.15,0,0.0,0,0.0,6.0,6.3,6.0
TVB,25/09/2026,6.3,6.3,"0 (0,00%)",8300,0.05,0,0.0,0,0.0,6.3,6.3,6.3
TVB,24/09/2026,6.3,6.3,"0 (0,00%)",2300,0.01,0,0.0,0,0.0,6.59,6.59,6.0
TVB,23/09/2026,6.3,6.3,"-0,03 (-0,47%)",15200,0.1,0,0.0,0,0.0,6.35,6.36,6.16
TVB,22/09/2026,6.33,6.33,"+0,14 (+2,26%)",15200,0.09,0,0.0,0,0.0,6.18,6.33,6.18
TVB,21/09/2026,6.19,6.19,"0 (0,00%)",6300,0.04,0,0.0,0,0.0,6.19,6.29,6.17
TVB,18/09/2026,6.19,6.19,"-0,01 (-0,16%)",11300,0.07,0,0.0,0,0.0,6.18,6.19,6.17
TVB,17/09/2026,6.2,6.2,"0 (0,00%)",900,0.01,0,0.0,0,0.0,6.19,6.29,6.19
TVB,16/09/2026,6.2,6.2,"+0,20 (+3,33%)",100,0.0,0,0.0,0,0.0,6.2,6.2,6.2
TVB,15/09/2026,6.0,6.0,"+0,04 (+0,67%)",19700,0.12,0,0.0,0,0.0,5.98,6.29,5.75
TVB,14/09/2026,5.96,5.96,"-0,34 (-5,40%)",7300,0.04,0,0.0,0,0.0,6.35,6.35,5.96
TVB,11/09/2026,6.3,6.3,"-0,01 (-0,16%)",3100,0.02,0,0.0,0,0.0,6.32,6.32,6.25
TVB,10/09/2026,6.31,6.31,"-0,07 (-1,10%)",11000,0.07,0,0.0,0,0.0,6.35,6.35,6.31
TVB,09/09/2026,6.38,6.38,"-0,12 (-1,85%)",11500,0.07,0,0.0,0,0.0,6.8,6.85,6.35
TVS,06/10/2026,13.4,13.4,"-0,05 (-0,37%)",135100,1.8,0,0.0,0,0.0,13.45,13.6,13.1
TVS,05/10/2026,13.45,13.45,"-0,85 (-5,94%)",410700,5.56,150000,2.0,150000,2.0,14.4,14.4,13.3
TVS,02/10/2026,14.3,14.3,"-0,35 (-2,39%)",111400,1.61,0,0.0,0,0.0,14.65,14.8,14.1
TVS,01/10/2026,14.65,14.65,"-0,10 (-0,68%)",95300,1.4,0,0.0,0,0.0,14.75,14.8,14.5
TVS,30/09/2026,14.75,14.75,"-0,05 (-0,34%)",89200,1.31,0,0.0,0,0.0,14.75,14.85,14.5
TVS,29/09/2026,14.8,14.8,"+0,20 (+1,37%)",134400,1.98,0,0.0,0,0.0,14.55,14.95,14.4
TVS,28/09/2026,14.6,14.6,"-0,45 (-2,99%)",94100,1.38,0,0.0,0,0.0,15.0,15.0,14.6
TVS,25/09/2026,15.05,15.05,"+0,15 (+1,01%)",194000,2.88,0,0.0,0,0.0,14.9,15.05,14.7
TVS,24/09/2026,14.9,14.9,"-0,70 (-4,49%)",552600,8.32,0,0.0,0,0.0,15.6,15.7,14.8
TVS,23/09/2026,15.6,15.6,"0 (0,00%)",353800,5.58,0,0.0,0,0.0,15.9,15.95,15.6
TVS,22/09/2026,15.6,15.6,"+1,00 (+6,85%)",754300,11.56,0,0.0,0,0.0,14.6,15.6,14.6
TVS,21/09/2026,14.6,14.6,"+0,30 (+2,10%)",211200,3.05,0,0.0,0,0.0,14.3,14.6,14.2
TVS,18/09/2026,14.3,14.3,"0 (0,00%)",162700,2.34,0,0.0,0,0.0,14.4,14.6,14.1
TVS,17/09/2026,14.3,14.3,"-0,05 (-0,35%)",83500,1.2,0,0.0,0,0.0,14.15,14.6,14.15
TVS,16/09/2026,14.35,14.35,"0 (0,00%)",74500,1.06,0,0.0,0,0.0,14.4,14.4,14.1
TVS,15/09/2026,14.35,14.35,"+0,20 (+1,41%)",81000,1.15,0,0.0,0,0.0,14.15,14.55,14.1
TVS,14/09/2026,14.15,14.15,"-0,45 (-3,08%)",267700,3.82,0,0.0,0,0.0,14.45,14.75,14.15
TVS,11/09/2026,14.6,14.6,"-0,15 (-1,02%)",230200,3.39,0,0.0,0,0.0,14.7,15.0,14.45
TVS,10/09/2026,14.75,14.75,"0 (0,00%)",239800,3.6,0,0.0,0,0.0,14.9,15.25,14.7
TVS,09/09/2026,14.75,14.75,"+0,55 (+3,87%)",218000,3.14,0,0.0,0,0.0,14.25,14.75,14.1
TVT,06/10/2026,15.95,15.95,"-0,35 (-2,15%)",100,0.0,0,0.0,0,0.0,15.95,15.95,15.95
TVT,05/10/2026,16.3,16.3,"0 (0,00%)",0,0.0,0,0.0,0,0.0,16.3,16.3,16.3
TVT,02/10/2026,16.3,16.3,"0 (0,00%)",0,0.0,0,0.0,0,0.0,16.3,16.3,16.3
TVT,01/10/2026,16.3,16.3,"+0,80 (+5,16%)",100,0.0,0,0.0,0,0.0,16.3,16.3,16.3
TVT,30/09/2026,15.5,15.5,"0 (0,00%)",0,0.0,0,0.0,0,0.0,15.5,15.5,15.5
TVT,29/09/2026,15.5,15.5,"+0,05 (+0,32%)",38300,0.59,0,0.0,0,0.0,15.5,15.55,14.5
TVT,28/09/2026,15.45,15.45,"0 (0,00%)",0,0.0,0,0.0,0,0.0,15.45,15.45,15.45
TVT,25/09/2026,15.45,15.45,"0 (0,00%)",0,0.0,0,0.0,0,0.0,15.45,15.45,15.45
TVT,24/09/2026,15.45,15.45,"-0,05 (-0,32%)",1000,0.02,0,0.0,0,0.0,16.55,16.55,14.8
TVT,23/09/2026,15.5,15.5,"0 (0,00%)",0,0.0,0,0.0,0,0.0,15.5,15.5,15.5
TVT,22/09/2026,15.5,15.5,"0 (0,00%)",100,0.0,0,0.0,0,0.0,15.5,15.5,15.5
TVT,21/09/2026,15.5,15.5,"+0,50 (+3,33%)",25800,0.4,0,0.0,0,0.0,14.05,15.55,14.05
TVT,18/09/2026,15.0,15.0,"+0,20 (+1,35%)",6200,0.1,0,0.0,0,0.0,14.0,15.8,14.0
TVT,17/09/2026,14.8,14.8,"0 (0,00%)",100,0.0,0,0.0,0,0.0,14.8,14.8,14.8
TVT,16/09/2026,14.8,14.8,"+0,20 (+1,37%)",500,0.01,0,0.0,0,0.0,14.6,14.8,14.6
TVT,15/09/2026,14.6,14.6,"0 (0,00%)",0,0.0,0,0.0,0,0.0,14.6,14.6,14.6
TVT,14/09/2026,14.6,14.6,"0 (0,00%)",100,0.0,0,0.0,0,0.0,14.6,14.6,14.6
TVT,11/09/2026,14.6,14.6,"-0,55 (-3,63%)",100,0.0,0,0.0,0,0.0,14.6,14.6,14.6
TVT,10/09/2026,15.15,15.15,"+0,40 (+2,71%)",200,0.0,0,0.0,0,0.0,15.1,15.15,15.1
TVT,09/09/2026,14.75,14.75,"+0,25 (+1,72%)",300,0.0,0,0.0,0,0.0,14.9,14.95,14.75
TYA,06/10/2026,17.2,17.2,"0 (0,00%)",2500,0.04,0,0.0,0,0.0,17.1,17.2,17.1
TYA,05/10/2026,17.2,17.2,"+0,30 (+1,78%)",1900,0.03,0,0.0,0,0.0,16.9,17.2,16.85
TYA,02/10/2026,16.9,16.9,"0 (0,00%)",100,0.0,0,0.0,0,0.0,16.9,16.9,16.9
TYA,01/10/2026,16.9,16.9,"0 (0,00%)",0,0.0,0,0.0,0,0.0,16.9,16.9,16.9
TYA,30/09/2026,16.9,16.9,"0 (0,00%)",2200,0.04,0,0.0,0,0.0,16.95,18.05,16.9
TYA,29/09/2026,16.9,16.9,"-0,05 (-0,29%)",3400,0.06,0,0.0,0,0.0,16.9,16.9,16.85
TYA,28/09/2026,16.95,16.95,"+0,10 (+0,59%)",2700,0.05,0,0.0,0,0.0,16.95,16.95,16.9
TYA,25/09/2026,16.85,16.85,"-0,25 (-1,46%)",3800,0.06,0,0.0,0,0.0,16.85,16.85,16.85
TYA,24/09/2026,17.1,17.1,"+0,30 (+1,79%)",2700,0.05,0,0.0,0,0.0,16.8,17.1,16.5
TYA,23/09/2026,16.8,16.8,"0 (0,00%)",0,0.0,0,0.0,0,0.0,16.8,16.8,16.8
TYA,22/09/2026,16.8,16.8,"0 (0,00%)",100,0.0,0,0.0,0,0.0,16.8,16.8,16.8
TYA,21/09/2026,16.8,16.8,"-0,05 (-0,30%)",10300,0.17,0,0.0,0,0.0,16.85,16.85,16.8
TYA,18/09/2026,16.85,16.85,"+0,05 (+0,30%)",400,0.01,0,0.0,0,0.0,16.9,16.9,16.85
TYA,17/09/2026,16.8,16.8,"0 (0,00%)",14000,0.24,0,0.0,0,0.0,16.85,16.85,16.8
TYA,16/09/2026,16.8,16.8,"-0,05 (-0,30%)",2900,0.05,0,0.0,0,0.0,16.8,16.8,16.8
TYA,15/09/2026,16.85,16.85,"0 (0,00%)",800,0.01,0,0.0,0,0.0,16.8,16.85,16.8
TYA,14/09/2026,16.85,16.85,"0 (0,00%)",0,0.0,0,0.0,0,0.0,16.85,16.85,16.85
TYA,11/09/2026,16.85,16.85,"0 (0,00%)",10100,0.17,0,0.0,0,0.0,16.85,16.85,16.85
TYA,10/09/2026,16.85,16.85,"+0,05 (+0,30%)",6500,0.11,0,0.0,0,0.0,16.8,16.85,16.8
TYA,09/09/2026,16.8,16.8,"-0,20 (-1,18%)",5200,0.09,0,0.0,0,0.0,16.9,16.9,16.8
UIC,06/10/2026,54.2,54.2,"0 (0,00%)",0,0.0,0,0.0,0,0.0,54.2,54.2,54.2
UIC,05/10/2026,54.2,54.2,"0 (0,00%)",0,0.0,0,0.0,0,0.0,54.2,54.2,54.2
UIC,02/10/2026,54.2,54.2,"0 (0,00%)",0,0.0,0,0.0,0,0.0,54.2,54.2,54.2
UIC,01/10/2026,54.2,54.2,"0 (0,00%)",0,0.0,0,0.0,0,0.0,54.2,54.2,54.2
UIC,30/09/2026,54.2,54.2,"0 (0,00%)",0,0.0,0,0.0,0,0.0,54.2,54.2,54.2
UIC,29/09/2026,54.2,54.2,"-0,10 (-0,18%)",400,0.02,0,0.0,0,0.0,54.2,54.2,54.2
UIC,28/09/2026,54.3,54.3,"-0,90 (-1,63%)",600,0.03,0,0.0,0,0.0,54.2,54.3,54.1
UIC,25/09/2026,55.2,55.2,"0 (0,00%)",0,0.0,0,0.0,0,0.0,55.2,55.2,55.2
UIC,24/09/2026,55.2,55.2,"0 (0,00%)",0,0.0,0,0.0,0,0.0,55.2,55.2,55.2
UIC,23/09/2026,55.2,55.2,"-0,80 (-1,43%)",900,0.05,0,0.0,0,0.0,55.2,55.2,55.2
UIC,22/09/2026,56.0,56.0,"0 (0,00%)",700,0.04,0,0.0,0,0.0,56.0,56.0,56.0
UIC,21/09/2026,56.0,56.0,"-1,10 (-1,93%)",800,0.04,0,0.0,0,0.0,56.0,56.0,56.0
UIC,18/09/2026,57.1,57.1,"+1,90 (+3,44%)",500,0.03,0,0.0,0,0.0,56.0,57.1,56.0
UIC,17/09/2026,55.2,55.2,"-0,80 (-1,43%)",200,0.01,0,0.0,0,0.0,55.2,55.2,55.2
UIC,16/09/2026,56.0,56.0,"0 (0,00%)",0,0.0,0,0.0,0,0.0,56.0,56.0,56.0
UIC,15/09/2026,56.0,56.0,"+1,30 (+2,38%)",2900,0.16,0,0.0,0,0.0,56.0,56.0,56.0
UIC,14/09/2026,54.7,54.7,"-1,30 (-2,32%)",100,0.01,0,0.0,0,0.0,54.7,54.7,54.7
UIC,11/09/2026,56.0,56.0,"+1,40 (+2,56%)",11700,0.65,0,0.0,0,0.0,55.6,56.0,55.0
UIC,10/09/2026,54.6,54.6,"-1,30 (-2,33%)",500,0.03,0,0.0,0,0.0,55.9,55.9,54.6
UIC,09/09/2026,55.9,55.9,"0 (0,00%)",0,0.0,0,0.0,0,0.0,55.9,55.9,55.9
VAB,06/10/2026,9.03,9.03,"+0,05 (+0,56%)",506900,4.57,0,0.0,0,0.0,8.98,9.14,8.94
VAB,05/10/2026,8.98,8.98,"-0,02 (-0,22%)",255600,2.29,0,0.0,0,0.0,8.96,9.0,8.94
VAB,02/10/2026,9.0,9.0,"0 (0,00%)",429300,3.84,0,0.0,0,0.0,9.0,9.0,8.9
VAB,01/10/2026,9.0,9.0,"0 (0,00%)",444000,3.98,1209520,10.22,1209520,10.22,8.99,9.0,8.92
VAB,30/09/2026,9.0,9.0,"-0,03 (-0,33%)",637700,5.73,2980100,25.33,2980100,25.33,9.02,9.02,8.94
VAB,29/09/2026,9.03,9.03,"+0,02 (+0,22%)",204300,1.84,0,0.0,0,0.0,9.0,9.03,8.92
VAB,28/09/2026,9.01,9.01,"-0,04 (-0,44%)",560300,5.03,0,0.0,0,0.0,9.01,9.05,8.93
VAB,25/09/2026,9.05,9.05,"+0,05 (+0,56%)",300000,2.71,0,0.0,0,0.0,9.02,9.15,9.02
VAB,24/09/2026,9.0,9.0,"-0,13 (-1,42%)",539400,4.87,0,0.0,0,0.0,9.13,9.13,8.99
VAB,23/09/2026,9.13,9.13,"-0,01 (-0,11%)",424100,3.86,0,0.0,0,0.0,9.13,9.15,9.07
VAB,22/09/2026,9.14,9.14,"-0,03 (-0,33%)",540900,4.94,3000103,29.43,3000103,29.43,9.25,9.25,9.07
VAB,21/09/2026,9.17,9.17,"-0,08 (-0,86%)",269400,2.49,0,0.0,0,0.0,9.35,9.35,9.16
VAB,18/09/2026,9.25,9.25,"+0,22 (+2,44%)",1709600,15.82,0,0.0,0,0.0,9.05,9.4,9.05
VAB,17/09/2026,9.03,9.03,"-0,01 (-0,11%)",245700,2.21,0,0.0,0,0.0,9.03,9.04,8.95
VAB,16/09/2026,9.04,9.04,"-0,01 (-0,11%)",276700,2.49,0,0.0,0,0.0,9.0,9.04,8.97
VAB,15/09/2026,9.05,9.05,"+0,03 (+0,33%)",645300,5.8,0,0.0,0,0.0,9.02,9.05,8.91
VAB,14/09/2026,9.02,9.02,"0 (0,00%)",256000,2.3,0,0.0,0,0.0,9.02,9.05,8.93
VAB,11/09/2026,9.02,9.02,"-0,03 (-0,33%)",384200,3.45,0,0.0,0,0.0,9.0,9.04,8.93
VAB,10/09/2026,9.05,9.05,"-0,03 (-0,33%)",270800,2.44,0,0.0,0,0.0,9.08,9.08,9.0
VAB,09/09/2026,9.08,9.08,"0 (0,00%)",619800,5.59,700000,6.3,700000,6.3,9.08,9.08,8.96
VCA,06/10/2026,6.94,6.94,"+0,44 (+6,77%)",200,0.0,0,0.0,0,0.0,6.95,6.95,6.94
VCA,05/10/2026,6.5,6.5,"+0,36 (+5,86%)",100,0.0,0,0.0,0,0.0,6.5,6.5,6.5
VCA,02/10/2026,6.14,6.14,"-0,46 (-6,97%)",1800,0.01,0,0.0,0,0.0,6.14,6.15,6.14
VCA,01/10/2026,6.6,6.6,"-0,04 (-0,60%)",300,0.0,0,0.0,0,0.0,6.64,6.64,6.6
VCA,30/09/2026,6.64,6.64,"+0,34 (+5,40%)",200,0.0,0,0.0,0,0.0,6.69,6.69,6.64
VCA,29/09/2026,6.3,6.3,"0 (0,00%)",0,0.0,0,0.0,0,0.0,6.3,6.3,6.3
VCA,28/09/2026,6.3,6.3,"0 (0,00%)",0,0.0,0,0.0,0,0.0,6.3,6.3,6.3
VCA,25/09/2026,6.3,6.3,"-0,15 (-2,33%)",300,0.0,0,0.0,0,0.0,6.3,6.3,6.3
VCA,24/09/2026,6.45,6.45,"-0,04 (-0,62%)",200,0.0,0,0.0,0,0.0,6.43,6.45,6.43
VCA,23/09/2026,6.49,6.49,"+0,39 (+6,39%)",100,0.0,0,0.0,0,0.0,6.49,6.49,6.49
VCA,22/09/2026,6.1,6.1,"-0,41 (-6,30%)",600,0.0,0,0.0,0,0.0,6.74,6.74,6.1
VCA,21/09/2026,6.51,6.51,"0 (0,00%)",0,0.0,0,0.0,0,0.0,6.51,6.51,6.51
VCA,18/09/2026,6.51,6.51,"+0,18 (+2,84%)",1100,0.01,0,0.0,0,0.0,6.02,6.51,6.02
VCA,17/09/2026,6.33,6.33,"-0,12 (-1,86%)",100,0.0,0,0.0,0,0.0,6.33,6.33,6.33
VCA,16/09/2026,6.45,6.45,"0 (0,00%)",100,0.0,0,0.0,0,0.0,6.45,6.45,6.45
VCA,15/09/2026,6.45,6.45,"-0,04 (-0,62%)",300,0.0,0,0.0,0,0.0,6.04,6.45,6.04
VCA,14/09/2026,6.49,6.49,"0 (0,00%)",0,0.0,0,0.0,0,0.0,6.49,6.49,6.49
VCA,11/09/2026,6.49,6.49,"-0,01 (-0,15%)",100,0.0,0,0.0,0,0.0,6.49,6.49,6.49
VCA,10/09/2026,6.5,6.5,"0 (0,00%)",3000,0.02,0,0.0,0,0.0,6.5,6.5,6.5
VCA,09/09/2026,6.5,6.5,"0 (0,00%)",0,0.0,0,0.0,0,0.0,6.5,6.5,6.5
VCB,06/10/2026,57.3,57.3,"+0,30 (+0,53%)",4496200,254.26,74000,4.35,74000,4.35,56.9,57.4,56.0
VCB,05/10/2026,57.0,57.0,"-0,10 (-0,18%)",2442100,139.48,2684000,157.63,2684000,157.63,57.1,57.4,56.9
VCB,02/10/2026,57.1,57.1,"-0,50 (-0,87%)",3512400,201.33,196000,11.51,196000,11.51,57.6,57.6,57.1
VCB,01/10/2026,57.6,57.6,"-0,40 (-0,69%)",3172000,183.45,2684000,158.36,2684000,158.36,58.0,58.2,57.6
VCB,30/09/2026,58.0,58.0,"0 (0,00%)",2228800,129.82,117000,6.75,117000,6.75,58.3,58.5,58.0
VCB,29/09/2026,58.0,58.0,"-0,30 (-0,51%)",2495400,145.0,0,0.0,0,0.0,58.3,58.4,57.9
VCB,28/09/2026,58.3,58.3,"+0,30 (+0,52%)",3824000,221.42,2519000,155.2,2519000,155.2,58.0,58.4,57.6
VCB,25/09/2026,58.0,58.0,"-0,10 (-0,17%)",4390100,254.89,20000,1.23,20000,1.23,58.2,58.5,57.7
VCB,24/09/2026,58.1,58.1,"-0,40 (-0,68%)",4188600,244.07,2543000,155.02,2543000,155.02,58.6,58.7,58.1
VCB,23/09/2026,58.5,58.5,"-0,40 (-0,68%)",4077100,239.9,66000,3.95,66000,3.95,58.9,59.2,58.5
VCB,22/09/2026,58.9,58.9,"0 (0,00%)",2571300,151.82,1529000,92.66,1529000,92.66,59.1,59.4,58.8
VCB,21/09/2026,58.9,58.9,"-1,00 (-1,67%)",5480900,324.69,575100,34.45,575100,34.45,60.2,60.2,58.8
VCB,18/09/2026,59.9,59.9,"+0,30 (+0,50%)",10362600,624.25,1485000,90.58,1485000,90.58,60.0,61.0,59.8
VCB,17/09/2026,59.6,59.6,"+0,30 (+0,51%)",5395900,321.88,21000,1.26,21000,1.26,59.0,60.0,58.8
VCB,16/09/2026,59.3,59.3,"-0,70 (-1,17%)",2880800,171.72,78000,4.62,78000,4.62,60.1,60.3,59.3
VCB,15/09/2026,60.0,60.0,"+1,50 (+2,56%)",9547200,569.16,88000,5.25,88000,5.25,58.6,60.0,58.6
VCB,14/09/2026,58.5,58.5,"+0,30 (+0,52%)",4818800,281.0,78000,4.6,78000,4.6,58.2,58.8,58.0
VCB,11/09/2026,58.2,58.2,"-0,80 (-1,36%)",4365200,255.45,41000,2.45,41000,2.45,58.9,59.0,58.2
VCB,10/09/2026,59.0,59.0,"+0,30 (+0,51%)",3066000,180.96,86000,5.02,86000,5.02,58.7,59.4,58.5
VCB,09/09/2026,58.7,58.7,"+0,60 (+1,03%)",5324200,312.41,1750000,96.55,1750000,96.55,58.4,59.3,58.2
VCF,06/10/2026,287.2,287.2,"+0,10 (+0,03%)",200,0.06,0,0.0,0,0.0,288.0,288.0,287.2
VCF,05/10/2026,287.1,287.1,"0 (0,00%)",0,0.0,0,0.0,0,0.0,287.1,287.1,287.1
VCF,02/10/2026,287.1,287.1,"0 (0,00%)",0,0.0,0,0.0,0,0.0,287.1,287.1,287.1
VCF,01/10/2026,287.1,287.1,"0 (0,00%)",200,0.06,0,0.0,0,0.0,287.1,287.1,287.1
VCF,30/09/2026,287.1,287.1,"+0,10 (+0,03%)",400,0.11,0,0.0,0,0.0,287.1,287.1,287.1
VCF,29/09/2026,287.0,287.0,"0 (0,00%)",0,0.0,0,0.0,0,0.0,287.0,287.0,287.0
VCF,28/09/2026,287.0,287.0,"-2,00 (-0,69%)",200,0.06,0,0.0,0,0.0,293.5,293.5,287.0
VCF,25/09/2026,289.0,289.0,"0 (0,00%)",0,0.0,0,0.0,0,0.0,289.0,289.0,289.0
VCF,24/09/2026,289.0,289.0,"-4,80 (-1,63%)",100,0.03,0,0.0,0,0.0,289.0,289.0,289.0
VCF,23/09/2026,293.8,293.8,"0 (0,00%)",0,0.0,0,0.0,0,0.0,293.8,293.8,293.8
VCF,22/09/2026,293.8,293.8,"0 (0,00%)",200,0.06,0,0.0,0,0.0,293.8,293.8,293.8
VCF,21/09/2026,293.8,293.8,"-0,10 (-0,03%)",200,0.06,0,0.0,0,0.0,293.9,293.9,293.8
VCF,18/09/2026,293.9,293.9,"-2,00 (-0,68%)",600,0.17,0,0.0,0,0.0,287.1,293.9,287.1
VCF,17/09/2026,295.9,295.9,"0 (0,00%)",0,0.0,0,0.0,0,0.0,295.9,295.9,295.9
VCF,16/09/2026,295.9,295.9,"-0,10 (-0,03%)",400,0.12,0,0.0,0,0.0,295.0,295.9,286.0
VCF,15/09/2026,296.0,296.0,"-1,00 (-0,34%)",300,0.09,0,0.0,0,0.0,296.5,296.5,293.0
VCF,14/09/2026,297.0,297.0,"0 (0,00%)",0,0.0,0,0.0,0,0.0,297.0,297.0,297.0
VCF,11/09/2026,297.0,297.0,"0 (0,00%)",0,0.0,0,0.0,0,0.0,297.0,297.0,297.0
VCF,10/09/2026,297.0,297.0,"0 (0,00%)",0,0.0,0,0.0,0,0.0,297.0,297.0,297.0
VCF,09/09/2026,297.0,297.0,"-11,90 (-3,85%)",600,0.18,0,0.0,0,0.0,298.0,298.0,294.0
VCG,06/10/2026,13.65,13.65,"+0,20 (+1,49%)",2165100,29.05,0,0.0,0,0.0,13.5,13.75,13.15
VCG,05/10/2026,13.45,13.45,"+0,15 (+1,13%)",1410100,19.06,0,0.0,0,0.0,13.4,13.65,13.4
VCG,02/10/2026,13.3,13.3,"-0,35 (-2,56%)",1811100,24.4,0,0.0,0,0.0,13.7,13.75,13.3
VCG,01/10/2026,13.65,13.65,"0 (0,00%)",1005100,13.72,0,0.0,0,0.0,13.75,13.75,13.6
VCG,30/09/2026,13.65,13.65,"0 (0,00%)",1071000,14.71,0,0.0,0,0.0,13.65,13.85,13.65
VCG,29/09/2026,13.65,13.65,"-0,05 (-0,36%)",1162700,16.03,0,0.0,0,0.0,13.7,14.0,13.6
VCG,28/09/2026,13.7,13.7,"-0,35 (-2,49%)",2150900,29.81,0,0.0,0,0.0,14.05,14.15,13.7
VCG,25/09/2026,14.05,14.05,"0 (0,00%)",1325400,18.64,700000,10.5,700000,10.5,14.05,14.15,14.0
VCG,24/09/2026,14.05,14.05,"-0,20 (-1,40%)",2337300,32.96,0,0.0,0,0.0,14.3,14.3,13.95
VCG,23/09/2026,14.25,14.25,"-0,10 (-0,70%)",1498800,21.49,0,0.0,0,0.0,14.4,14.5,14.25
VCG,22/09/2026,14.35,14.35,"+0,05 (+0,35%)",1016600,14.67,0,0.0,0,0.0,14.35,14.55,14.3
VCG,21/09/2026,14.3,14.3,"-0,10 (-0,69%)",1138200,16.38,0,0.0,0,0.0,14.5,14.55,14.3
VCG,18/09/2026,14.4,14.4,"0 (0,00%)",2054800,29.72,0,0.0,0,0.0,14.55,14.55,14.4
VCG,17/09/2026,14.4,14.4,"+0,05 (+0,35%)",2018100,29.15,0,0.0,0,0.0,14.2,14.65,14.2
VCG,16/09/2026,14.35,14.35,"-0,15 (-1,03%)",1269800,18.41,0,0.0,0,0.0,14.55,14.65,14.35
VCG,15/09/2026,14.5,14.5,"+0,10 (+0,69%)",1675600,24.25,0,0.0,0,0.0,14.5,14.75,14.15
VCG,14/09/2026,14.4,14.4,"-0,65 (-4,32%)",3706000,54.33,0,0.0,0,0.0,15.05,15.1,14.15
VCG,11/09/2026,15.05,15.05,"-0,40 (-2,59%)",3607500,54.83,0,0.0,0,0.0,15.4,15.45,15.05
VCG,10/09/2026,15.45,15.45,"-0,05 (-0,32%)",1598300,24.77,0,0.0,0,0.0,15.55,15.6,15.45
VCG,09/09/2026,15.5,15.5,"-0,05 (-0,32%)",2801300,43.58,0,0.0,0,0.0,15.5,15.7,15.5
VCI,06/10/2026,19.4,19.4,"+0,80 (+4,30%)",11777200,220.04,200000,3.72,200000,3.72,18.65,19.4,18.15
VCI,05/10/2026,18.6,18.6,"-0,05 (-0,27%)",8406600,159.24,0,0.0,0,0.0,18.95,19.25,18.6
VCI,02/10/2026,18.65,18.65,"-0,85 (-4,36%)",9371600,178.54,381000,7.42,381000,7.42,19.45,19.55,18.65
VCI,01/10/2026,19.5,19.5,"+0,15 (+0,78%)",5345100,104.07,0,0.0,0,0.0,19.4,19.7,19.25
VCI,30/09/2026,19.35,19.35,"-0,10 (-0,51%)",3894000,76.09,0,0.0,0,0.0,19.6,19.75,19.35
VCI,29/09/2026,19.45,19.45,"0 (0,00%)",7033100,137.66,120000,2.28,120000,2.28,19.35,19.9,19.2
VCI,28/09/2026,19.45,19.45,"-0,35 (-1,77%)",8346300,161.76,0,0.0,0,0.0,19.75,19.8,19.15
VCI,25/09/2026,19.8,19.8,"-0,30 (-1,49%)",7011700,139.82,660500,12.68,660500,12.68,20.0,20.15,19.8
VCI,24/09/2026,20.1,20.1,"-0,10 (-0,50%)",8067100,161.51,0,0.0,0,0.0,20.2,20.3,19.85
VCI,23/09/2026,20.2,20.2,"-0,20 (-0,98%)",6421500,130.04,660500,14.1,660500,14.1,20.4,20.6,20.0
VCI,22/09/2026,20.4,20.4,"+0,25 (+1,24%)",4534500,92.67,0,0.0,0,0.0,20.3,20.65,20.25
VCI,21/09/2026,20.15,20.15,"-0,50 (-2,42%)",10586600,216.0,1293300,27.96,1293300,27.96,20.95,20.95,20.15
VCI,18/09/2026,20.65,20.65,"+0,65 (+3,25%)",14508300,299.31,600500,11.33,600500,11.33,20.4,20.9,20.2
VCI,17/09/2026,20.0,20.0,"+0,75 (+3,90%)",18343400,371.36,0,0.0,0,0.0,19.2,20.55,19.15
VCI,16/09/2026,19.25,19.25,"-0,55 (-2,78%)",8853200,173.15,650500,13.6,650500,13.6,19.9,20.1,19.25
VCI,15/09/2026,19.8,19.8,"+0,20 (+1,02%)",6922100,137.99,0,0.0,0,0.0,19.75,20.2,19.75
VCI,14/09/2026,19.6,19.6,"-0,45 (-2,24%)",13099900,259.51,540500,10.08,540500,10.08,20.0,20.2,19.45
VCI,11/09/2026,20.05,20.05,"-1,25 (-5,87%)",18681700,381.77,20000,0.43,20000,0.43,21.15,21.15,20.0
VCI,10/09/2026,21.3,21.3,"+0,10 (+0,47%)",4738000,100.71,120000,2.54,120000,2.54,21.1,21.6,21.0
VCI,09/09/2026,21.2,21.2,"-0,50 (-2,30%)",7442100,159.35,390000,9.02,390000,9.02,21.7,21.75,21.2
VCK,06/10/2026,27.95,27.95,"+0,65 (+2,38%)",2969800,80.42,0,0.0,0,0.0,27.15,27.95,26.4
VCK,05/10/2026,27.3,27.3,"-0,10 (-0,36%)",1497000,40.95,0,0.0,0,0.0,27.5,27.7,27.05
VCK,02/10/2026,27.4,27.4,"-0,45 (-1,62%)",1872400,51.41,0,0.0,0,0.0,27.85,27.85,27.15
VCK,01/10/2026,27.85,27.85,"-0,10 (-0,36%)",1314100,36.55,0,0.0,0,0.0,28.0,28.1,27.6
VCK,30/09/2026,27.95,27.95,"-0,15 (-0,53%)",1370500,38.52,0,0.0,0,0.0,28.15,28.4,27.95
VCK,29/09/2026,28.1,28.1,"-0,30 (-1,06%)",1192300,33.67,0,0.0,0,0.0,28.45,28.5,28.1
VCK,28/09/2026,28.4,28.4,"-0,10 (-0,35%)",1523600,43.23,0,0.0,0,0.0,28.6,28.75,28.1
VCK,25/09/2026,28.5,28.5,"-0,25 (-0,87%)",1357600,38.84,0,0.0,0,0.0,28.5,28.95,28.4
VCK,24/09/2026,28.75,28.75,"+0,05 (+0,17%)",1697200,48.41,0,0.0,0,0.0,28.5,28.9,28.25
VCK,23/09/2026,28.7,28.7,"-0,20 (-0,69%)",988100,28.44,0,0.0,0,0.0,28.8,29.0,28.6
VCK,22/09/2026,28.9,28.9,"+0,10 (+0,35%)",1136300,32.79,0,0.0,0,0.0,29.0,29.3,28.65
VCK,21/09/2026,28.8,28.8,"-0,90 (-3,03%)",1280600,37.2,0,0.0,0,0.0,29.8,29.8,28.8
VCK,18/09/2026,29.7,29.7,"+0,95 (+3,30%)",7274800,214.47,0,0.0,0,0.0,29.05,29.7,28.8
VCK,17/09/2026,28.75,28.75,"+0,75 (+2,68%)",3528500,101.28,0,0.0,0,0.0,27.75,29.35,27.75
VCK,16/09/2026,28.0,28.0,"-0,50 (-1,75%)",1861600,52.51,0,0.0,0,0.0,28.5,28.6,28.0
VCK,15/09/2026,28.5,28.5,"+0,10 (+0,35%)",2013600,57.39,0,0.0,0,0.0,28.5,29.0,28.15
VCK,14/09/2026,28.4,28.4,"-0,60 (-2,07%)",3318700,93.47,0,0.0,0,0.0,28.85,28.9,27.5
VCK,11/09/2026,29.0,29.0,"-1,10 (-3,65%)",2521200,73.64,0,0.0,0,0.0,29.8,29.95,28.6
VCK,10/09/2026,30.1,30.1,"+0,25 (+0,84%)",1583500,47.35,0,0.0,0,0.0,29.95,30.15,29.55
VCK,09/09/2026,29.85,29.85,"-0,35 (-1,16%)",1201600,35.87,0,0.0,0,0.0,29.8,30.0,29.7
VDP,06/10/2026,35.4,35.4,"-2,65 (-6,96%)",100,0.0,0,0.0,0,0.0,35.4,35.4,35.4
VDP,05/10/2026,38.05,38.05,"-2,80 (-6,85%)",8000,0.32,0,0.0,0,0.0,39.9,39.9,38.05
VDP,02/10/2026,40.85,40.85,"0 (0,00%)",0,0.0,0,0.0,0,0.0,40.85,40.85,40.85
VDP,01/10/2026,40.85,40.85,"0 (0,00%)",0,0.0,0,0.0,0,0.0,40.85,40.85,40.85
VDP,30/09/2026,40.85,40.85,"+2,65 (+6,94%)",3700,0.15,0,0.0,0,0.0,40.85,40.85,40.85
VDP,29/09/2026,38.2,38.2,"+2,20 (+6,11%)",1100,0.04,0,0.0,0,0.0,38.0,38.2,38.0
VDP,28/09/2026,36.0,36.0,"+2,30 (+6,82%)",2700,0.1,0,0.0,0,0.0,33.0,36.0,33.0
VDP,25/09/2026,33.7,33.7,"+2,15 (+6,81%)",3400,0.11,0,0.0,0,0.0,29.85,33.75,29.6
VDP,24/09/2026,31.55,31.55,"0 (0,00%)",6500,0.2,0,0.0,0,0.0,29.35,31.55,29.35
VDP,23/09/2026,31.55,31.55,"+2,05 (+6,95%)",2200,0.07,0,0.0,0,0.0,29.5,31.55,29.05
VDP,22/09/2026,29.5,29.5,"+1,60 (+5,73%)",2800,0.08,0,0.0,0,0.0,27.8,29.5,27.8
VDP,21/09/2026,27.9,27.9,"+1,30 (+4,89%)",2400,0.07,0,0.0,0,0.0,25.3,27.9,25.3
VDP,18/09/2026,26.6,26.6,"+1,60 (+6,40%)",2300,0.06,0,0.0,0,0.0,25.0,26.6,25.0
VDP,17/09/2026,25.0,25.0,"-0,65 (-2,53%)",100,0.0,0,0.0,0,0.0,25.0,25.0,25.0
VDP,16/09/2026,25.65,25.65,"+1,65 (+6,87%)",2700,0.07,0,0.0,0,0.0,24.0,25.65,24.0
VDP,15/09/2026,24.0,24.0,"-0,80 (-3,23%)",200,0.0,0,0.0,0,0.0,24.0,24.0,24.0
VDP,14/09/2026,24.8,24.8,"0 (0,00%)",100,0.0,0,0.0,0,0.0,24.8,24.8,24.8
VDP,11/09/2026,24.8,24.8,"-1,80 (-6,77%)",4300,0.11,0,0.0,0,0.0,25.1,25.1,24.75
VDP,10/09/2026,26.6,26.6,"+1,40 (+5,56%)",500,0.01,0,0.0,0,0.0,25.2,26.6,25.2
VDP,09/09/2026,25.2,25.2,"-0,10 (-0,40%)",1300,0.03,0,0.0,0,0.0,25.5,25.5,25.0
VDS,06/10/2026,9.76,9.76,"+0,25 (+2,63%)",933900,8.7,60000,0.54,60000,0.54,9.53,9.8,9.1
VDS,05/10/2026,9.53,9.53,"-0,24 (-2,46%)",364500,3.53,0,0.0,0,0.0,9.69,9.95,9.53
VDS,02/10/2026,9.78,9.78,"-0,06 (-0,61%)",480100,4.72,65000,0.6,65000,0.6,9.85,9.92,9.77
VDS,01/10/2026,9.85,9.85,"-0,02 (-0,20%)",266800,2.64,0,0.0,0,0.0,9.83,10.0,9.83
VDS,30/09/2026,9.88,9.88,"+0,04 (+0,41%)",249800,2.47,75000,0.7,75000,0.7,9.85,9.99,9.85
VDS,29/09/2026,9.85,9.85,"+0,06 (+0,61%)",382300,3.78,0,0.0,0,0.0,9.92,10.05,9.76
VDS,28/09/2026,9.8,9.8,"-0,49 (-4,76%)",1154200,11.36,50000,0.49,50000,0.49,10.3,10.3,9.76
VDS,25/09/2026,10.3,10.3,"-0,18 (-1,72%)",597100,6.21,0,0.0,0,0.0,10.5,10.55,10.3
VDS,24/09/2026,10.5,10.5,"-0,18 (-1,69%)",380300,4.01,50000,0.5,50000,0.5,10.7,10.7,10.5
VDS,23/09/2026,10.7,10.7,"+0,02 (+0,19%)",483100,5.16,0,0.0,0,0.0,10.7,10.8,10.65
VDS,22/09/2026,10.7,10.7,"+0,02 (+0,19%)",243700,2.62,50000,0.5,50000,0.5,10.65,10.9,10.65
VDS,21/09/2026,10.7,10.7,"-0,20 (-1,83%)",324800,3.5,0,0.0,0,0.0,11.0,11.05,10.7
VDS,18/09/2026,10.9,10.9,"0 (0,00%)",459400,5.06,0,0.0,0,0.0,11.0,11.1,10.9
VDS,17/09/2026,10.9,10.9,"+0,27 (+2,54%)",638300,6.96,0,0.0,0,0.0,10.55,11.15,10.55
VDS,16/09/2026,10.65,10.65,"-0,03 (-0,28%)",301300,3.2,0,0.0,0,0.0,10.65,10.8,10.55
VDS,15/09/2026,10.7,10.7,"+0,31 (+2,98%)",888300,9.54,0,0.0,0,0.0,10.65,10.85,10.6
VDS,14/09/2026,10.4,10.4,"-0,60 (-5,45%)",864200,9.26,0,0.0,0,0.0,11.0,11.15,10.4
VDS,11/09/2026,11.0,11.0,"-0,60 (-5,17%)",1028200,11.55,0,0.0,0,0.0,11.5,11.6,11.0
VDS,10/09/2026,11.6,11.6,"0 (0,00%)",377200,4.38,0,0.0,0,0.0,11.6,11.7,11.5
VDS,09/09/2026,11.6,11.6,"-0,20 (-1,69%)",591300,6.91,0,0.0,0,0.0,11.8,11.8,11.6
VFG,06/10/2026,42.7,42.7,"+0,30 (+0,71%)",3400,0.14,0,0.0,0,0.0,41.7,43.0,41.7
VFG,05/10/2026,42.4,42.4,"+0,15 (+0,36%)",1700,0.07,0,0.0,0,0.0,42.0,42.4,42.0
VFG,02/10/2026,42.25,42.25,"-0,65 (-1,52%)",1600,0.07,0,0.0,0,0.0,42.9,42.9,42.1
VFG,01/10/2026,42.9,42.9,"+0,65 (+1,54%)",700,0.03,0,0.0,0,0.0,42.25,42.9,42.25
VFG,30/09/2026,42.25,42.25,"-0,25 (-0,59%)",9700,0.41,0,0.0,0,0.0,42.25,42.25,42.2
VFG,29/09/2026,42.5,42.5,"0 (0,00%)",900,0.04,0,0.0,0,0.0,42.55,42.55,42.5
VFG,28/09/2026,42.5,42.5,"-0,50 (-1,16%)",3500,0.15,0,0.0,0,0.0,42.95,42.95,42.5
VFG,25/09/2026,43.0,43.0,"0 (0,00%)",2400,0.1,0,0.0,0,0.0,43.0,43.0,43.0
VFG,24/09/2026,43.0,43.0,"-0,30 (-0,69%)",2600,0.11,0,0.0,0,0.0,43.1,43.1,42.7
VFG,23/09/2026,43.3,43.3,"+0,20 (+0,46%)",1000,0.04,0,0.0,0,0.0,43.2,43.3,43.2
VFG,22/09/2026,43.1,43.1,"0 (0,00%)",2200,0.09,0,0.0,0,0.0,43.1,43.1,43.1
VFG,21/09/2026,43.1,43.1,"-0,75 (-1,71%)",6600,0.29,0,0.0,0,0.0,43.8,43.8,43.0
VFG,18/09/2026,43.85,43.85,"+0,20 (+0,46%)",1800,0.08,0,0.0,0,0.0,45.0,45.0,43.85
VFG,17/09/2026,43.65,43.65,"+0,05 (+0,11%)",800,0.04,0,0.0,0,0.0,44.7,44.7,43.65
VFG,16/09/2026,43.6,43.6,"0 (0,00%)",3100,0.14,0,0.0,0,0.0,43.65,45.7,43.6
VFG,15/09/2026,43.6,43.6,"-0,10 (-0,23%)",3100,0.14,0,0.0,0,0.0,43.65,43.65,43.45
VFG,14/09/2026,43.7,43.7,"-0,15 (-0,34%)",500,0.02,0,0.0,0,0.0,43.85,43.85,43.7
VFG,11/09/2026,43.85,43.85,"-0,15 (-0,34%)",1500,0.07,0,0.0,0,0.0,43.9,44.05,43.85
VFG,10/09/2026,44.0,44.0,"-0,25 (-0,56%)",400,0.02,0,0.0,0,0.0,44.0,44.05,44.0
VFG,09/09/2026,44.25,44.25,"-0,10 (-0,23%)",500,0.02,0,0.0,0,0.0,44.4,44.4,44.25
VGC,06/10/2026,44.3,44.3,"-0,20 (-0,45%)",525400,23.32,0,0.0,0,0.0,44.5,45.15,43.9
VGC,05/10/2026,44.5,44.5,"+0,65 (+1,48%)",382900,17.0,0,0.0,0,0.0,43.65,45.0,43.6
VGC,02/10/2026,43.85,43.85,"-0,65 (-1,46%)",465100,20.45,0,0.0,0,0.0,44.5,45.0,43.8
VGC,01/10/2026,44.5,44.5,"-0,50 (-1,11%)",422500,18.8,0,0.0,0,0.0,45.0,45.45,43.95
VGC,30/09/2026,45.0,45.0,"+2,00 (+4,65%)",2538800,113.75,2000000,84.0,2000000,84.0,43.1,45.5,42.95
VGC,29/09/2026,43.0,43.0,"+0,25 (+0,58%)",417000,17.79,0,0.0,0,0.0,42.55,43.0,42.1
VGC,28/09/2026,42.75,42.75,"0 (0,00%)",475900,20.02,0,0.0,0,0.0,43.0,43.25,41.7
VGC,25/09/2026,42.75,42.75,"+0,35 (+0,83%)",559500,23.88,0,0.0,0,0.0,42.4,43.1,42.3
VGC,24/09/2026,42.4,42.4,"+0,40 (+0,95%)",633900,26.99,0,0.0,0,0.0,42.0,43.1,42.0
VGC,23/09/2026,42.0,42.0,"+1,00 (+2,44%)",821500,34.43,0,0.0,0,0.0,41.35,42.1,41.15
VGC,22/09/2026,41.0,41.0,"+1,15 (+2,89%)",436500,17.81,0,0.0,0,0.0,39.85,41.1,39.65
VGC,21/09/2026,39.85,39.85,"-0,65 (-1,60%)",184100,7.34,0,0.0,0,0.0,40.2,40.5,39.7
VGC,18/09/2026,40.5,40.5,"+0,65 (+1,63%)",375200,15.3,0,0.0,0,0.0,40.0,41.15,39.9
VGC,17/09/2026,39.85,39.85,"+0,15 (+0,38%)",210400,8.38,0,0.0,0,0.0,39.1,40.35,39.1
VGC,16/09/2026,39.7,39.7,"-0,10 (-0,25%)",227500,9.06,0,0.0,0,0.0,40.0,40.2,39.55
VGC,15/09/2026,39.8,39.8,"+1,50 (+3,92%)",208900,8.27,0,0.0,0,0.0,40.5,40.5,39.1
VGC,14/09/2026,38.3,38.3,"-2,70 (-6,59%)",655600,25.82,1058100,46.34,1058100,46.34,40.9,41.2,38.15
VGC,11/09/2026,41.0,41.0,"-0,50 (-1,20%)",398500,16.38,0,0.0,0,0.0,41.8,41.8,40.8
VGC,10/09/2026,41.5,41.5,"+1,00 (+2,47%)",594400,24.48,0,0.0,0,0.0,40.6,42.2,40.2
VGC,09/09/2026,40.5,40.5,"+0,50 (+1,25%)",227900,9.15,0,0.0,0,0.0,40.0,40.5,39.95
VHC,06/10/2026,50.0,50.0,"-0,50 (-0,99%)",264500,13.18,0,0.0,0,0.0,50.7,50.7,49.3
VHC,05/10/2026,50.5,50.5,"-0,20 (-0,39%)",168200,8.51,0,0.0,0,0.0,51.0,51.0,50.3
VHC,02/10/2026,50.7,50.7,"+0,83 (+1,66%)",600900,30.66,1250000,58.5,1250000,58.5,49.95,51.9,49.95
VHC,01/10/2026,49.9,49.9,"+1,43 (+2,95%)",319600,15.78,0,0.0,0,0.0,48.5,49.9,48.5
VHC,30/09/2026,48.5,48.5,"+0,25 (+0,52%)",187400,9.11,70000,3.38,70000,3.38,48.0,49.25,48.0
VHC,29/09/2026,48.25,48.25,"-0,38 (-0,78%)",193800,9.37,0,0.0,0,0.0,48.8,48.8,48.0
VHC,28/09/2026,48.65,48.65,"-0,90 (-1,82%)",305100,14.9,0,0.0,0,0.0,49.55,49.55,48.45
VHC,25/09/2026,49.55,49.55,"-0,12 (-0,24%)",163600,8.14,0,0.0,0,0.0,50.0,50.1,49.4
VHC,24/09/2026,49.7,49.7,"-0,60 (-1,19%)",153400,7.66,0,0.0,0,0.0,50.4,50.4,49.7
VHC,23/09/2026,50.3,50.3,"+0,85 (+1,72%)",595200,29.88,0,0.0,0,0.0,49.5,50.3,49.5
VHC,22/09/2026,49.45,49.45,"-0,75 (-1,49%)",566100,28.26,0,0.0,0,0.0,50.1,50.5,49.4
VHC,21/09/2026,50.2,50.2,"+0,10 (+0,20%)",255600,12.85,0,0.0,0,0.0,50.5,50.5,50.1
VHC,18/09/2026,50.1,50.1,"-0,60 (-1,18%)",436300,22.02,262000,12.76,262000,12.76,50.5,51.0,50.1
VHC,17/09/2026,50.7,50.7,"+0,40 (+0,80%)",249700,12.61,0,0.0,0,0.0,50.3,50.7,50.3
VHC,16/09/2026,50.3,50.3,"-0,40 (-0,79%)",223100,11.26,0,0.0,0,0.0,50.7,50.9,50.2
VHC,15/09/2026,50.7,50.7,"+0,40 (+0,80%)",182300,9.24,0,0.0,0,0.0,50.3,51.0,50.3
VHC,14/09/2026,50.3,50.3,"+0,10 (+0,20%)",251500,12.7,262000,12.76,262000,12.76,50.2,51.4,50.0
VHC,11/09/2026,50.2,50.2,"-1,40 (-2,71%)",426500,21.61,0,0.0,0,0.0,51.3,51.5,50.1
VHC,10/09/2026,51.6,51.6,"-0,50 (-0,96%)",279300,14.42,0,0.0,0,0.0,52.0,52.3,51.5
VHC,09/09/2026,52.1,52.1,"-0,07 (-0,13%)",245200,12.77,0,0.0,0,0.0,52.2,52.2,51.8
VHM,06/10/2026,69.0,69.0,"+0,70 (+1,02%)",7022900,481.83,0,0.0,0,0.0,68.3,70.0,67.6
VHM,05/10/2026,68.3,68.3,"+0,40 (+0,59%)",5443600,371.97,1632200,117.96,1632200,117.96,68.0,69.2,67.5
VHM,02/10/2026,67.9,67.9,"-0,50 (-0,73%)",6216200,423.1,966000,70.61,966000,70.61,68.3,69.3,67.4
VHM,01/10/2026,68.4,68.4,"-0,10 (-0,15%)",6624300,449.95,1623716,118.51,1623716,118.51,68.5,68.8,67.0
VHM,30/09/2026,68.5,68.5,"-1,30 (-1,86%)",6415700,443.94,966000,69.55,966000,69.55,69.8,70.5,68.5
VHM,29/09/2026,69.8,69.8,"+0,30 (+0,43%)",7409300,519.32,0,0.0,0,0.0,69.7,71.0,69.4
VHM,28/09/2026,69.5,69.5,"+0,40 (+0,58%)",8424200,584.82,1447000,104.18,1447000,104.18,69.1,70.1,68.3
VHM,25/09/2026,69.1,69.1,"+3,70 (+5,66%)",11452700,777.87,858000,59.72,858000,59.72,65.4,69.5,65.2
VHM,24/09/2026,65.4,65.4,"-2,80 (-4,11%)",18260100,1207.6,1784000,120.65,1784000,120.65,68.2,68.2,65.3
VHM,23/09/2026,68.2,68.2,"-1,20 (-1,73%)",6719500,462.99,1590000,117.98,1590000,117.98,69.5,70.3,68.0
VHM,22/09/2026,69.4,69.4,"+1,30 (+1,91%)",7336800,505.29,392000,28.22,392000,28.22,68.4,69.6,67.0
VHM,21/09/2026,68.1,68.1,"-2,90 (-4,08%)",17209800,1192.67,411600,31.21,411600,31.21,71.7,72.0,67.6
VHM,18/09/2026,71.0,71.0,"-0,30 (-0,42%)",18774600,1341.89,3061000,233.25,3061000,233.25,72.2,72.9,71.0
VHM,17/09/2026,71.3,71.3,"+0,30 (+0,42%)",8187400,585.53,0,0.0,0,0.0,70.5,73.0,70.5
VHM,16/09/2026,71.0,71.0,"-0,40 (-0,56%)",7021900,500.72,1315000,99.94,1315000,99.94,71.2,72.0,71.0
VHM,15/09/2026,71.4,71.4,"-0,30 (-0,42%)",7917400,567.16,6843000,484.27,6843000,484.27,72.1,72.8,71.1
VHM,14/09/2026,71.7,71.7,"-0,30 (-0,42%)",10116200,729.37,1386000,103.6,1386000,103.6,71.0,73.9,71.0
VHM,11/09/2026,72.0,72.0,"-1,10 (-1,50%)",6700800,485.09,1068000,76.9,1068000,76.9,72.6,73.2,71.7
VHM,10/09/2026,73.1,73.1,"+1,00 (+1,39%)",16074200,1147.77,49000,3.77,49000,3.77,71.8,74.2,69.5
VHM,09/09/2026,72.1,72.1,"-1,50 (-2,04%)",13952300,1018.86,50000,3.68,50000,3.68,73.2,74.5,72.1
VIB,06/10/2026,13.5,13.5,"+0,10 (+0,75%)",5636900,75.7,2500000,33.5,2500000,33.5,13.4,13.5,13.35
VIB,05/10/2026,13.4,13.4,"+0,05 (+0,37%)",2565000,34.42,5782000,79.07,5782000,79.07,13.35,13.45,13.35
VIB,02/10/2026,13.35,13.35,"-0,05 (-0,37%)",5473200,73.38,6011500,83.54,6011500,83.54,13.45,13.5,13.35
VIB,01/10/2026,13.4,13.4,"+0,05 (+0,37%)",5771100,77.25,4291000,59.88,4291000,59.88,13.3,13.5,13.25
VIB,30/09/2026,13.35,13.35,"-0,05 (-0,37%)",2245200,29.98,6840000,91.11,6840000,91.11,13.5,13.5,13.25
VIB,29/09/2026,13.4,13.4,"+0,25 (+1,90%)",3958200,52.83,8340000,109.62,8340000,109.62,13.25,13.45,13.15
VIB,28/09/2026,13.15,13.15,"-0,25 (-1,87%)",4088000,54.09,4508192,63.11,4508192,63.11,13.35,13.4,13.15
VIB,25/09/2026,13.4,13.4,"-0,05 (-0,37%)",2202600,29.58,5506300,76.04,5506300,76.04,13.4,13.5,13.35
VIB,24/09/2026,13.45,13.45,"-0,10 (-0,74%)",2840700,38.15,6522392,93.82,6522392,93.82,13.55,13.6,13.35
VIB,23/09/2026,13.55,13.55,"+0,15 (+1,12%)",4989400,67.56,9084392,128.63,9084392,128.63,13.55,13.65,13.4
VIB,22/09/2026,13.4,13.4,"+0,05 (+0,37%)",2269000,30.45,9070392,125.79,9070392,125.79,13.4,13.5,13.35
VIB,21/09/2026,13.35,13.35,"-0,25 (-1,84%)",6339000,85.24,7050658,100.35,7050658,100.35,13.6,13.75,13.3
VIB,18/09/2026,13.6,13.6,"0 (0,00%)",4222400,57.74,4241372,61.5,4241372,61.5,13.65,13.75,13.6
VIB,17/09/2026,13.6,13.6,"+0,05 (+0,37%)",5082800,69.44,5964358,85.73,5964358,85.73,13.5,13.75,13.5
VIB,16/09/2026,13.55,13.55,"+0,05 (+0,37%)",2986700,40.39,6191880,85.46,6191880,85.46,13.5,13.6,13.4
VIB,15/09/2026,13.5,13.5,"+0,25 (+1,89%)",3526000,47.52,8466598,118.68,8466598,118.68,13.4,13.6,13.35
VIB,14/09/2026,13.25,13.25,"0 (0,00%)",4328000,57.47,7976492,107.84,7976492,107.84,13.3,13.5,13.15
VIB,11/09/2026,13.25,13.25,"-0,45 (-3,28%)",5463300,73.24,2952000,41.33,2952000,41.33,13.65,13.65,13.25
VIB,10/09/2026,13.7,13.7,"0 (0,00%)",2869000,39.36,3651690,50.99,3651690,50.99,13.75,13.8,13.65
VIB,09/09/2026,15.0,13.7,"-0,05 (-0,33%)",5214400,78.0,0,0.0,0,0.0,14.95,15.05,14.9
VIC,06/10/2026,232.0,232.0,"0 (0,00%)",4217500,985.97,0,0.0,0,0.0,232.0,238.5,231.9
VIC,05/10/2026,232.0,232.0,"+8,00 (+3,57%)",2293600,527.9,0,0.0,0,0.0,224.1,232.0,224.1
VIC,02/10/2026,224.0,224.0,"+4,00 (+1,82%)",3199100,707.6,0,0.0,0,0.0,218.5,224.9,215.0
VIC,01/10/2026,220.0,220.0,"-7,90 (-3,47%)",3716400,824.01,0,0.0,0,0.0,226.9,227.7,219.7
VIC,30/09/2026,227.9,227.9,"-2,10 (-0,91%)",1584300,362.42,0,0.0,0,0.0,229.7,232.4,227.5
VIC,29/09/2026,230.0,230.0,"-1,90 (-0,82%)",1056500,243.33,0,0.0,0,0.0,232.0,232.1,229.5
VIC,28/09/2026,231.9,231.9,"-0,10 (-0,04%)",891800,205.77,0,0.0,0,0.0,232.0,233.1,229.0
VIC,25/09/2026,232.0,232.0,"+2,00 (+0,87%)",1360800,314.43,0,0.0,0,0.0,228.2,234.8,227.9
VIC,24/09/2026,230.0,230.0,"-6,00 (-2,54%)",2995500,690.52,0,0.0,0,0.0,235.9,235.9,228.1
VIC,23/09/2026,236.0,236.0,"-7,80 (-3,20%)",3054200,731.07,0,0.0,0,0.0,244.3,246.4,236.0
VIC,22/09/2026,243.8,243.8,"+8,80 (+3,74%)",1493400,358.82,0,0.0,0,0.0,235.0,243.8,230.2
VIC,21/09/2026,235.0,235.0,"-6,20 (-2,57%)",3685300,870.76,548800,132.37,548800,132.37,243.4,243.4,232.8
VIC,18/09/2026,241.2,241.2,"0 (0,00%)",13251500,3197.68,0,0.0,0,0.0,244.5,244.5,240.3
VIC,17/09/2026,241.2,241.2,"0 (0,00%)",3951500,955.81,67000,16.16,67000,16.16,240.9,244.1,239.8
VIC,16/09/2026,241.2,241.2,"-0,10 (-0,04%)",4014000,969.06,0,0.0,0,0.0,240.9,243.8,237.6
VIC,15/09/2026,241.3,241.3,"-0,10 (-0,04%)",4196100,1012.8,68000,16.42,68000,16.42,242.0,243.2,240.8
VIC,14/09/2026,241.4,241.4,"-1,90 (-0,78%)",4144700,997.43,32000,7.79,32000,7.79,242.3,243.3,235.6
VIC,11/09/2026,243.3,243.3,"-4,40 (-1,78%)",4264000,1047.4,0,0.0,0,0.0,244.3,248.3,243.3
VIC,10/09/2026,247.7,247.7,"0 (0,00%)",4481800,1109.32,0,0.0,0,0.0,247.7,249.5,244.4
VIC,09/09/2026,247.7,247.7,"-1,90 (-0,76%)",4857800,1208.29,68000,16.97,68000,16.97,252.0,255.8,244.6
VID,06/10/2026,4.1,4.1,"-0,20 (-4,65%)",700,0.0,0,0.0,0,0.0,4.48,4.48,4.1
VID,05/10/2026,4.3,4.3,"-0,05 (-1,15%)",1400,0.01,0,0.0,0,0.0,4.15,4.3,4.1
VID,02/10/2026,4.35,4.35,"0 (0,00%)",0,0.0,0,0.0,0,0.0,4.35,4.35,4.35
VID,01/10/2026,4.35,4.35,"0 (0,00%)",0,0.0,0,0.0,0,0.0,4.35,4.35,4.35
VID,30/09/2026,4.35,4.35,"+0,16 (+3,82%)",2100,0.01,0,0.0,0,0.0,4.3,4.48,4.3
VID,29/09/2026,4.19,4.19,"0 (0,00%)",1000,0.0,0,0.0,0,0.0,4.19,4.19,4.19
VID,28/09/2026,4.19,4.19,"-0,01 (-0,24%)",5600,0.02,0,0.0,0,0.0,4.2,4.2,3.99
VID,25/09/2026,4.2,4.2,"-0,20 (-4,55%)",4400,0.02,0,0.0,0,0.0,4.22,4.22,4.2
VID,24/09/2026,4.4,4.4,"-0,13 (-2,87%)",1100,0.0,0,0.0,0,0.0,4.28,4.4,4.28
VID,23/09/2026,4.53,4.53,"+0,28 (+6,59%)",1400,0.01,0,0.0,0,0.0,4.25,4.53,4.25
VID,22/09/2026,4.25,4.25,"0 (0,00%)",300,0.0,0,0.0,0,0.0,4.25,4.25,4.25
VID,21/09/2026,4.25,4.25,"-0,03 (-0,70%)",1200,0.01,0,0.0,0,0.0,4.2,4.25,4.2
VID,18/09/2026,4.28,4.28,"-0,02 (-0,47%)",1100,0.0,0,0.0,0,0.0,4.21,4.28,4.21
VID,17/09/2026,4.3,4.3,"+0,12 (+2,87%)",400,0.0,0,0.0,0,0.0,4.4,4.4,4.3
VID,16/09/2026,4.18,4.18,"-0,27 (-6,07%)",8800,0.04,0,0.0,0,0.0,4.3,4.35,4.18
VID,15/09/2026,4.45,4.45,"-0,04 (-0,89%)",600,0.0,0,0.0,0,0.0,4.35,4.45,4.3
VID,14/09/2026,4.49,4.49,"-0,06 (-1,32%)",200,0.0,0,0.0,0,0.0,4.35,4.49,4.35
VID,11/09/2026,4.55,4.55,"+0,02 (+0,44%)",1200,0.01,0,0.0,0,0.0,4.52,4.8,4.4
VID,10/09/2026,4.53,4.53,"0 (0,00%)",0,0.0,0,0.0,0,0.0,4.53,4.53,4.53
VID,09/09/2026,4.53,4.53,"0 (0,00%)",0,0.0,0,0.0,0,0.0,4.53,4.53,4.53
VIP,06/10/2026,10.05,10.05,"-0,09 (-0,89%)",143500,1.45,0,0.0,0,0.0,10.15,10.3,9.99
VIP,05/10/2026,10.15,10.15,"+0,37 (+3,78%)",187300,1.89,0,0.0,0,0.0,9.8,10.35,9.73
VIP,02/10/2026,9.8,9.8,"-0,02 (-0,20%)",24700,0.24,0,0.0,0,0.0,9.82,9.84,9.72
VIP,01/10/2026,9.82,9.82,"-0,05 (-0,51%)",67500,0.67,0,0.0,0,0.0,9.88,9.95,9.71
VIP,30/09/2026,9.88,9.88,"0 (0,00%)",23000,0.23,0,0.0,0,0.0,9.84,9.98,9.8
VIP,29/09/2026,9.9,9.9,"+0,18 (+1,85%)",145700,1.43,0,0.0,0,0.0,9.7,10.0,9.7
VIP,28/09/2026,9.72,9.72,"-0,06 (-0,61%)",62200,0.6,0,0.0,0,0.0,9.79,9.8,9.7
VIP,25/09/2026,9.79,9.79,"+0,06 (+0,62%)",10800,0.11,0,0.0,0,0.0,9.73,9.86,9.69
VIP,24/09/2026,9.74,9.74,"+0,01 (+0,10%)",40200,0.39,0,0.0,0,0.0,9.74,9.9,9.74
VIP,23/09/2026,9.74,9.74,"-0,09 (-0,92%)",38000,0.37,0,0.0,0,0.0,9.83,9.83,9.74
VIP,22/09/2026,9.84,9.84,"+0,11 (+1,13%)",41900,0.41,0,0.0,0,0.0,9.74,9.84,9.7
VIP,21/09/2026,9.74,9.74,"+0,02 (+0,21%)",15100,0.15,0,0.0,0,0.0,9.73,9.74,9.71
VIP,18/09/2026,9.73,9.73,"+0,01 (+0,10%)",37400,0.36,0,0.0,0,0.0,9.77,9.78,9.71
VIP,17/09/2026,9.72,9.72,"-0,06 (-0,61%)",20500,0.2,0,0.0,0,0.0,9.8,9.8,9.7
VIP,16/09/2026,9.79,9.79,"+0,11 (+1,14%)",47200,0.46,0,0.0,0,0.0,9.69,9.8,9.69
VIP,15/09/2026,9.68,9.68,"+0,05 (+0,52%)",38600,0.37,0,0.0,0,0.0,9.65,9.7,9.65
VIP,14/09/2026,9.63,9.63,"-0,01 (-0,10%)",40600,0.39,0,0.0,0,0.0,9.75,9.75,9.6
VIP,11/09/2026,9.66,9.66,"-0,03 (-0,31%)",29200,0.28,0,0.0,0,0.0,9.79,9.79,9.65
VIP,10/09/2026,9.7,9.7,"-0,04 (-0,41%)",25400,0.25,0,0.0,0,0.0,9.75,9.76,9.7
VIP,09/09/2026,9.75,9.75,"+0,01 (+0,10%)",14700,0.14,0,0.0,0,0.0,9.72,9.75,9.7
VIX,06/10/2026,11.9,11.9,"+0,05 (+0,42%)",32702500,381.44,90750,1.15,90750,1.15,11.9,12.0,11.45
VIX,05/10/2026,11.85,11.85,"+0,05 (+0,42%)",18621400,222.62,1685000,21.23,1685000,21.23,11.8,12.1,11.8
VIX,02/10/2026,11.8,11.8,"-0,35 (-2,88%)",32713200,392.65,1685000,21.46,1685000,21.46,12.1,12.25,11.8
VIX,01/10/2026,12.15,12.15,"-0,15 (-1,22%)",26670200,326.25,0,0.0,0,0.0,12.35,12.5,12.05
VIX,30/09/2026,12.3,12.3,"-0,15 (-1,20%)",21090600,262.88,13331600,175.59,13331600,175.59,12.45,12.65,12.3
VIX,29/09/2026,12.45,12.45,"+0,05 (+0,40%)",19488600,242.35,20000,0.26,20000,0.26,12.35,12.65,12.2
VIX,28/09/2026,12.4,12.4,"-0,25 (-1,98%)",26328800,328.75,15741480,208.15,15741480,208.15,12.65,12.75,12.35
VIX,25/09/2026,12.65,12.65,"-0,10 (-0,78%)",19201700,244.5,2305000,30.0,2305000,30.0,12.75,12.9,12.65
VIX,24/09/2026,12.75,12.75,"-0,20 (-1,54%)",26613900,340.75,20128680,267.44,20128680,267.44,12.9,13.0,12.65
VIX,23/09/2026,12.95,12.95,"-0,10 (-0,77%)",17614300,230.1,3240000,42.12,3240000,42.12,13.05,13.2,12.9
VIX,22/09/2026,13.05,13.05,"+0,25 (+1,95%)",19673900,255.88,26915000,340.16,26915000,340.16,12.85,13.15,12.8
VIX,21/09/2026,12.8,12.8,"-0,35 (-2,66%)",26970400,350.84,0,0.0,0,0.0,13.3,13.45,12.8
VIX,18/09/2026,13.15,13.15,"+0,30 (+2,33%)",43747600,578.81,6205304,83.77,6205304,83.77,13.15,13.45,13.0
VIX,17/09/2026,12.85,12.85,"+0,20 (+1,58%)",39173300,509.83,2858600,36.88,2858600,36.88,12.6,13.3,12.6
VIX,16/09/2026,12.65,12.65,"-0,25 (-1,94%)",24790400,317.18,0,0.0,0,0.0,13.05,13.15,12.65
VIX,15/09/2026,12.9,12.9,"+0,30 (+2,38%)",32852700,426.1,8000000,96.0,8000000,96.0,12.65,13.35,12.65
VIX,14/09/2026,12.6,12.6,"-0,65 (-4,91%)",82875800,1056.51,13714240,184.34,13714240,184.34,13.15,13.35,12.35
VIX,11/09/2026,13.25,13.25,"-0,55 (-3,99%)",39176700,528.48,6300000,89.54,6300000,89.54,13.65,13.75,13.25
VIX,10/09/2026,13.8,13.8,"+0,20 (+1,47%)",25599500,350.87,235000,3.2,235000,3.2,13.55,13.9,13.5
VIX,09/09/2026,13.6,13.6,"-0,15 (-1,09%)",35706800,491.01,255000,3.51,255000,3.51,13.8,13.9,13.6
VJC,06/10/2026,128.8,128.8,"0 (0,00%)",931200,119.16,7487100,922.38,7487100,922.38,129.0,129.0,127.0
VJC,05/10/2026,128.8,128.8,"-0,60 (-0,46%)",809100,104.0,652000,84.37,652000,84.37,129.4,129.6,127.6
VJC,02/10/2026,129.4,129.4,"-0,20 (-0,15%)",918900,118.1,0,0.0,0,0.0,129.8,130.0,127.7
VJC,01/10/2026,129.6,129.6,"-2,40 (-1,82%)",916300,119.77,42000,5.54,42000,5.54,132.0,132.5,128.0
VJC,30/09/2026,132.0,132.0,"-1,50 (-1,12%)",836900,111.38,316000,42.19,316000,42.19,133.7,134.5,131.8
VJC,29/09/2026,133.5,133.5,"+0,60 (+0,45%)",897300,119.75,0,0.0,0,0.0,133.0,134.5,132.3
VJC,28/09/2026,132.9,132.9,"+0,10 (+0,08%)",946600,124.96,0,0.0,0,0.0,133.0,133.0,130.8
VJC,25/09/2026,132.8,132.8,"+0,80 (+0,61%)",877300,116.42,370000,48.84,370000,48.84,132.0,134.0,131.7
VJC,24/09/2026,132.0,132.0,"-3,00 (-2,22%)",939000,124.67,433000,58.46,433000,58.46,135.0,135.0,131.4
VJC,23/09/2026,135.0,135.0,"-0,90 (-0,66%)",1012600,135.91,299000,40.63,299000,40.63,135.9,135.9,133.3
VJC,22/09/2026,135.9,135.9,"-2,10 (-1,52%)",1162600,156.59,300000,41.4,300000,41.4,137.9,138.0,132.7
VJC,21/09/2026,138.0,138.0,"+9,00 (+6,98%)",1864200,242.15,315000,40.64,315000,40.64,129.0,138.0,125.1
VJC,18/09/2026,129.0,129.0,"+2,20 (+1,74%)",2012700,258.13,0,0.0,0,0.0,127.0,129.0,126.0
VJC,17/09/2026,126.8,126.8,"+2,40 (+1,93%)",1256200,157.74,70000,8.71,70000,8.71,124.0,127.0,123.9
VJC,16/09/2026,124.4,124.4,"0 (0,00%)",987700,122.47,0,0.0,0,0.0,124.3,124.9,123.3
VJC,15/09/2026,124.4,124.4,"+1,50 (+1,22%)",935400,115.72,20000,2.46,20000,2.46,123.3,124.5,122.9
VJC,14/09/2026,122.9,122.9,"-1,80 (-1,44%)",953300,117.98,0,0.0,0,0.0,124.6,124.8,122.5
VJC,11/09/2026,124.7,124.7,"-0,50 (-0,40%)",1073500,133.46,0,0.0,0,0.0,124.9,125.2,123.7
VJC,10/09/2026,125.2,125.2,"+0,20 (+0,16%)",774000,96.52,130000,16.25,130000,16.25,125.1,125.9,124.0
VJC,09/09/2026,125.0,125.0,"-1,00 (-0,79%)",892800,112.1,150000,18.9,150000,18.9,126.0,126.5,124.5
VMD,06/10/2026,14.0,14.0,"0 (0,00%)",0,0.0,0,0.0,0,0.0,14.0,14.0,14.0
VMD,05/10/2026,14.0,14.0,"+0,70 (+5,26%)",100,0.0,0,0.0,0,0.0,14.0,14.0,14.0
VMD,02/10/2026,13.3,13.3,"0 (0,00%)",100,0.0,0,0.0,0,0.0,13.3,13.3,13.3
VMD,01/10/2026,13.3,13.3,"-0,20 (-1,48%)",500,0.01,0,0.0,0,0.0,13.3,13.3,13.3
VMD,30/09/2026,13.5,13.5,"-0,50 (-3,57%)",100,0.0,0,0.0,0,0.0,13.5,13.5,13.5
VMD,29/09/2026,14.0,14.0,"0 (0,00%)",0,0.0,0,0.0,0,0.0,14.0,14.0,14.0
VMD,28/09/2026,14.0,14.0,"+0,80 (+6,06%)",200,0.0,0,0.0,0,0.0,14.0,14.0,14.0
VMD,25/09/2026,13.2,13.2,"-0,30 (-2,22%)",300,0.0,0,0.0,0,0.0,13.3,13.3,13.2
VMD,24/09/2026,13.5,13.5,"-0,75 (-5,26%)",400,0.01,0,0.0,0,0.0,13.55,13.55,13.5
VMD,23/09/2026,14.25,14.25,"-0,20 (-1,38%)",200,0.0,0,0.0,0,0.0,14.25,14.25,14.25
VMD,22/09/2026,14.45,14.45,"0 (0,00%)",0,0.0,0,0.0,0,0.0,14.45,14.45,14.45
VMD,21/09/2026,14.45,14.45,"+0,85 (+6,25%)",5700,0.07,0,0.0,0,0.0,12.65,14.45,12.65
VMD,18/09/2026,13.6,13.6,"0 (0,00%)",100,0.0,0,0.0,0,0.0,13.6,13.6,13.6
VMD,17/09/2026,13.6,13.6,"0 (0,00%)",300,0.0,0,0.0,0,0.0,13.6,13.6,13.6
VMD,16/09/2026,13.6,13.6,"+0,05 (+0,37%)",100,0.0,0,0.0,0,0.0,13.6,13.6,13.6
VMD,15/09/2026,13.55,13.55,"+0,05 (+0,37%)",100,0.0,0,0.0,0,0.0,13.55,13.55,13.55
VMD,14/09/2026,13.5,13.5,"0 (0,00%)",0,0.0,0,0.0,0,0.0,13.5,13.5,13.5
VMD,11/09/2026,13.5,13.5,"-0,30 (-2,17%)",100,0.0,0,0.0,0,0.0,13.5,13.5,13.5
VMD,10/09/2026,13.8,13.8,"-0,05 (-0,36%)",800,0.01,0,0.0,0,0.0,13.9,13.9,13.8
VMD,09/09/2026,13.85,13.85,"0 (0,00%)",2400,0.03,0,0.0,0,0.0,13.95,13.95,13.8
VND,06/10/2026,13.85,13.85,"+0,50 (+3,75%)",15438900,206.09,859000,11.42,859000,11.42,13.4,13.85,13.05
VND,05/10/2026,13.35,13.35,"+0,05 (+0,38%)",5839300,78.45,2306100,32.29,2306100,32.29,13.3,13.6,13.3
VND,02/10/2026,13.3,13.3,"-0,40 (-2,92%)",11945800,161.15,500000,6.81,500000,6.81,13.8,13.8,13.3
VND,01/10/2026,13.7,13.7,"-0,15 (-1,08%)",9082400,125.81,1668000,24.08,1668000,24.08,13.8,14.05,13.7
VND,30/09/2026,13.85,13.85,"-0,15 (-1,07%)",5043000,70.48,4777700,64.43,4777700,64.43,14.05,14.2,13.85
VND,29/09/2026,14.0,14.0,"+0,10 (+0,72%)",7179000,100.57,0,0.0,0,0.0,13.85,14.2,13.85
VND,28/09/2026,13.9,13.9,"-0,45 (-3,14%)",13643900,190.71,200000,2.67,200000,2.67,14.35,14.4,13.8
VND,25/09/2026,14.35,14.35,"-0,15 (-1,03%)",6191600,89.44,4226000,64.47,4226000,64.47,14.55,14.6,14.3
VND,24/09/2026,14.5,14.5,"-0,25 (-1,69%)",11487600,166.63,0,0.0,0,0.0,14.7,14.75,14.35
VND,23/09/2026,14.75,14.75,"-0,10 (-0,67%)",8847300,130.68,2808500,43.79,2808500,43.79,14.85,15.0,14.65
VND,22/09/2026,14.85,14.85,"+0,15 (+1,02%)",5235100,77.93,0,0.0,0,0.0,14.8,15.05,14.75
VND,21/09/2026,14.7,14.7,"-0,50 (-3,29%)",9953200,148.21,5340000,85.44,5340000,85.44,15.3,15.3,14.7
VND,18/09/2026,15.2,15.2,"+0,40 (+2,70%)",16031500,242.75,1460000,22.63,1460000,22.63,15.1,15.3,14.9
VND,17/09/2026,14.8,14.8,"+0,30 (+2,07%)",14298800,213.87,6475000,100.11,6475000,100.11,14.4,15.3,14.4
VND,16/09/2026,14.5,14.5,"-0,20 (-1,36%)",7105600,104.1,1390000,21.82,1390000,21.82,14.8,14.9,14.5
VND,15/09/2026,14.7,14.7,"+0,10 (+0,68%)",12825700,189.36,3860000,54.54,3860000,54.54,14.7,15.0,14.6
VND,14/09/2026,14.6,14.6,"-0,55 (-3,63%)",17848500,264.63,50000,0.8,50000,0.8,15.2,15.35,14.5
VND,11/09/2026,15.15,15.15,"-0,70 (-4,42%)",12527400,193.72,0,0.0,0,0.0,15.75,15.8,15.15
VND,10/09/2026,15.85,15.85,"0 (0,00%)",9677400,152.94,3440000,55.04,3440000,55.04,15.85,16.0,15.6
VND,09/09/2026,15.85,15.85,"-0,20 (-1,25%)",5956600,95.2,0,0.0,0,0.0,16.05,16.15,15.85
VNG,06/10/2026,5.12,5.12,"-0,28 (-5,19%)",100,0.0,0,0.0,0,0.0,5.12,5.12,5.12
VNG,05/10/2026,5.4,5.4,"0 (0,00%)",0,0.0,0,0.0,0,0.0,5.4,5.4,5.4
VNG,02/10/2026,5.4,5.4,"0 (0,00%)",1000,0.01,0,0.0,0,0.0,5.4,5.4,5.4
VNG,01/10/2026,5.4,5.4,"-0,03 (-0,55%)",300,0.0,0,0.0,0,0.0,5.41,5.41,5.4
VNG,30/09/2026,5.43,5.43,"+0,03 (+0,56%)",100,0.0,0,0.0,0,0.0,5.43,5.43,5.43
VNG,29/09/2026,5.4,5.4,"0 (0,00%)",0,0.0,0,0.0,0,0.0,5.4,5.4,5.4
VNG,28/09/2026,5.4,5.4,"0 (0,00%)",0,0.0,0,0.0,0,0.0,5.4,5.4,5.4
VNG,25/09/2026,5.4,5.4,"-0,19 (-3,40%)",1100,0.01,0,0.0,0,0.0,5.59,5.59,5.4
VNG,24/09/2026,5.59,5.59,"-0,37 (-6,21%)",100,0.0,0,0.0,0,0.0,5.59,5.59,5.59
VNG,23/09/2026,5.96,5.96,"+0,36 (+6,43%)",100,0.0,0,0.0,0,0.0,5.96,5.96,5.96
VNG,22/09/2026,5.6,5.6,"0 (0,00%)",800,0.0,0,0.0,0,0.0,5.6,5.6,5.6
VNG,21/09/2026,5.6,5.6,"-0,20 (-3,45%)",5100,0.03,0,0.0,0,0.0,5.8,5.8,5.6
VNG,18/09/2026,5.8,5.8,"-0,10 (-1,69%)",800,0.0,0,0.0,0,0.0,6.0,6.0,5.8
VNG,17/09/2026,5.9,5.9,"+0,01 (+0,17%)",300,0.0,0,0.0,0,0.0,6.2,6.2,5.9
VNG,16/09/2026,5.89,5.89,"0 (0,00%)",100,0.0,0,0.0,0,0.0,5.89,5.89,5.89
VNG,15/09/2026,5.89,5.89,"+0,27 (+4,80%)",200,0.0,0,0.0,0,0.0,5.94,5.94,5.89
VNG,14/09/2026,5.62,5.62,"-0,42 (-6,95%)",13400,0.08,1700000,10.98,1700000,10.98,5.67,5.99,5.62
VNG,11/09/2026,6.04,6.04,"-0,05 (-0,82%)",200,0.0,0,0.0,0,0.0,5.68,6.04,5.68
VNG,10/09/2026,6.09,6.09,"0 (0,00%)",1300,0.01,0,0.0,0,0.0,6.39,6.39,6.09
VNG,09/09/2026,6.09,6.09,"+0,39 (+6,84%)",200,0.0,0,0.0,0,0.0,6.09,6.09,6.09
VNL,06/10/2026,19.0,19.0,"+0,35 (+1,88%)",200,0.0,0,0.0,0,0.0,18.65,19.0,18.65
VNL,05/10/2026,18.65,18.65,"-0,05 (-0,27%)",1000,0.02,0,0.0,0,0.0,18.85,18.85,18.65
VNL,02/10/2026,18.7,18.7,"-0,10 (-0,53%)",4100,0.08,0,0.0,0,0.0,18.65,18.7,18.65
VNL,01/10/2026,18.8,18.8,"0 (0,00%)",200,0.0,0,0.0,0,0.0,18.8,18.8,18.8
VNL,30/09/2026,18.8,18.8,"0 (0,00%)",0,0.0,0,0.0,0,0.0,18.8,18.8,18.8
VNL,29/09/2026,18.8,18.8,"-0,05 (-0,27%)",100,0.0,0,0.0,0,0.0,18.8,18.8,18.8
VNL,28/09/2026,18.85,18.85,"0 (0,00%)",0,0.0,0,0.0,0,0.0,18.85,18.85,18.85
VNL,25/09/2026,18.85,18.85,"+0,05 (+0,27%)",2500,0.05,0,0.0,0,0.0,18.8,18.85,18.8
VNL,24/09/2026,18.8,18.8,"-0,50 (-2,59%)",2700,0.05,0,0.0,0,0.0,18.5,19.2,18.5
VNL,23/09/2026,19.3,19.3,"+0,40 (+2,12%)",12700,0.24,0,0.0,0,0.0,18.9,19.3,18.9
VNL,22/09/2026,18.9,18.9,"0 (0,00%)",0,0.0,0,0.0,0,0.0,18.9,18.9,18.9
VNL,21/09/2026,18.9,18.9,"+0,05 (+0,27%)",4400,0.08,0,0.0,0,0.0,19.25,19.35,18.9
VNL,18/09/2026,18.85,18.85,"0 (0,00%)",50500,0.95,0,0.0,0,0.0,19.1,19.1,18.85
VNL,17/09/2026,18.85,18.85,"-0,25 (-1,31%)",40800,0.77,0,0.0,0,0.0,18.85,18.85,18.85
VNL,16/09/2026,19.1,19.1,"0 (0,00%)",0,0.0,0,0.0,0,0.0,19.1,19.1,19.1
VNL,15/09/2026,19.1,19.1,"0 (0,00%)",0,0.0,0,0.0,0,0.0,19.1,19.1,19.1
VNL,14/09/2026,19.1,19.1,"-0,10 (-0,52%)",2300,0.04,0,0.0,0,0.0,19.15,19.15,19.1
VNL,11/09/2026,19.2,19.2,"+0,30 (+1,59%)",212800,4.06,0,0.0,0,0.0,18.8,19.2,18.8
VNL,10/09/2026,18.9,18.9,"0 (0,00%)",1800,0.03,0,0.0,0,0.0,18.95,19.0,18.9
VNL,09/09/2026,18.9,18.9,"-0,10 (-0,53%)",100,0.0,0,0.0,0,0.0,18.9,18.9,18.9
VNM,06/10/2026,58.4,58.4,"+1,20 (+2,10%)",3250000,187.68,0,0.0,0,0.0,57.4,58.4,57.2
VNM,05/10/2026,57.2,57.2,"-0,10 (-0,17%)",2928200,168.1,0,0.0,0,0.0,57.8,58.0,57.1
VNM,02/10/2026,57.3,57.3,"-1,30 (-2,22%)",3579300,207.53,400000,23.52,400000,23.52,59.0,59.0,57.3
VNM,01/10/2026,58.6,58.6,"-0,80 (-1,35%)",3690200,217.13,0,0.0,0,0.0,59.4,59.6,58.5
VNM,30/09/2026,59.4,59.4,"-0,90 (-1,49%)",1776100,106.25,0,0.0,0,0.0,60.8,60.8,59.4
VNM,29/09/2026,60.3,60.3,"0 (0,00%)",1268300,76.24,0,0.0,0,0.0,60.4,60.5,59.8
VNM,28/09/2026,60.3,60.3,"+0,50 (+0,84%)",1723400,102.94,0,0.0,0,0.0,59.7,60.4,59.1
VNM,25/09/2026,59.8,59.8,"-0,80 (-1,32%)",1997600,120.06,23964,1.45,23964,1.45,60.7,61.0,59.7
VNM,24/09/2026,60.6,60.6,"+0,10 (+0,17%)",1384600,84.11,0,0.0,0,0.0,60.5,61.0,60.3
VNM,23/09/2026,60.5,60.5,"-0,70 (-1,14%)",1227000,74.69,23964,1.45,23964,1.45,61.3,61.3,60.5
VNM,22/09/2026,61.2,61.2,"+0,90 (+1,49%)",1774600,108.29,0,0.0,0,0.0,60.4,61.3,60.3
VNM,21/09/2026,60.3,60.3,"-0,90 (-1,47%)",2522300,153.11,23964,1.45,23964,1.45,61.2,61.3,60.3
VNM,18/09/2026,61.2,61.2,"+1,00 (+1,66%)",4517300,275.86,0,0.0,0,0.0,60.4,61.2,60.3
VNM,17/09/2026,60.2,60.2,"+0,60 (+1,01%)",2437100,147.07,0,0.0,0,0.0,59.4,60.7,59.4
VNM,16/09/2026,59.6,59.6,"-0,10 (-0,17%)",1737400,104.18,0,0.0,0,0.0,59.8,60.3,59.6
VNM,15/09/2026,59.7,59.7,"+0,40 (+0,67%)",1835300,109.64,0,0.0,0,0.0,59.5,60.2,59.4
VNM,14/09/2026,59.3,59.3,"-0,60 (-1,00%)",3853000,227.91,0,0.0,0,0.0,59.7,60.1,58.6
VNM,11/09/2026,59.9,59.9,"-1,70 (-2,76%)",4047300,243.65,0,0.0,0,0.0,61.2,61.3,59.8
VNM,10/09/2026,61.6,61.6,"+0,30 (+0,49%)",1890400,116.39,0,0.0,0,0.0,61.3,61.9,61.1
VNM,09/09/2026,61.3,61.3,"+0,30 (+0,49%)",1620000,99.56,0,0.0,0,0.0,61.0,61.8,61.0
VNS,06/10/2026,6.5,6.5,"0 (0,00%)",5200,0.03,0,0.0,0,0.0,6.4,6.5,6.4
VNS,05/10/2026,6.5,6.5,"0 (0,00%)",1000,0.01,0,0.0,0,0.0,6.5,6.5,6.5
VNS,02/10/2026,6.5,6.5,"-0,03 (-0,46%)",3000,0.02,0,0.0,0,0.0,6.52,6.52,6.5
VNS,01/10/2026,6.53,6.53,"0 (0,00%)",1100,0.01,0,0.0,0,0.0,6.3,6.53,6.3
VNS,30/09/2026,6.53,6.53,"0 (0,00%)",0,0.0,0,0.0,0,0.0,6.53,6.53,6.53
VNS,29/09/2026,6.53,6.53,"-0,07 (-1,06%)",6400,0.04,0,0.0,0,0.0,6.5,6.53,6.5
VNS,28/09/2026,6.6,6.6,"0 (0,00%)",0,0.0,0,0.0,0,0.0,6.6,6.6,6.6
VNS,25/09/2026,6.6,6.6,"+0,25 (+3,94%)",100,0.0,0,0.0,0,0.0,6.6,6.6,6.6
VNS,24/09/2026,6.35,6.35,"+0,02 (+0,32%)",1500,0.01,0,0.0,0,0.0,6.33,6.4,6.33
VNS,23/09/2026,6.33,6.33,"0 (0,00%)",500,0.0,0,0.0,0,0.0,6.33,6.33,6.33
VNS,22/09/2026,6.33,6.33,"-0,16 (-2,47%)",8500,0.05,0,0.0,0,0.0,6.48,6.55,6.33
VNS,21/09/2026,6.49,6.49,"+0,18 (+2,85%)",400,0.0,0,0.0,0,0.0,6.15,6.49,6.15
VNS,18/09/2026,6.31,6.31,"+0,11 (+1,77%)",5200,0.03,0,0.0,0,0.0,6.29,6.31,6.29
VNS,17/09/2026,6.2,6.2,"+0,13 (+2,14%)",900,0.01,0,0.0,0,0.0,6.15,6.2,6.15
VNS,16/09/2026,6.07,6.07,"-0,08 (-1,30%)",1600,0.01,0,0.0,0,0.0,6.18,6.18,6.07
VNS,15/09/2026,6.15,6.15,"0 (0,00%)",21700,0.13,0,0.0,0,0.0,6.15,6.21,6.15
VNS,14/09/2026,6.15,6.15,"0 (0,00%)",21500,0.14,0,0.0,0,0.0,6.57,6.58,6.15
VNS,11/09/2026,6.15,6.15,"-0,04 (-0,65%)",7700,0.05,0,0.0,0,0.0,6.12,6.37,6.12
VNS,10/09/2026,6.19,6.19,"-0,21 (-3,28%)",37700,0.24,0,0.0,0,0.0,6.5,6.5,6.19
VNS,09/09/2026,6.4,6.4,"+0,10 (+1,59%)",9600,0.06,0,0.0,0,0.0,6.31,6.5,6.3
VOS,06/10/2026,11.5,11.5,"+0,20 (+1,77%)",1219400,13.9,0,0.0,0,0.0,11.3,11.65,11.2
VOS,05/10/2026,11.3,11.3,"+0,20 (+1,80%)",926900,10.49,0,0.0,0,0.0,11.1,11.55,11.1
VOS,02/10/2026,11.1,11.1,"-0,50 (-4,31%)",1045300,11.86,0,0.0,0,0.0,11.7,11.75,11.1
VOS,01/10/2026,11.6,11.6,"-0,10 (-0,85%)",1084100,12.54,0,0.0,0,0.0,11.75,11.8,11.35
VOS,30/09/2026,12.6,11.7,"-0,50 (-3,82%)",2047000,26.0,0,0.0,0,0.0,13.25,13.25,12.4
VOS,29/09/2026,13.1,12.16,"+0,40 (+3,15%)",2127900,27.6,0,0.0,0,0.0,12.9,13.2,12.7
VOS,28/09/2026,12.7,11.79,"+0,20 (+1,60%)",2167500,27.79,0,0.0,0,0.0,12.7,13.2,12.6
VOS,25/09/2026,12.5,11.61,"+0,50 (+4,17%)",851500,10.41,0,0.0,0,0.0,12.0,12.5,11.95
VOS,24/09/2026,12.0,11.14,"-0,35 (-2,83%)",937400,11.41,0,0.0,0,0.0,12.5,12.5,12.0
VOS,23/09/2026,12.35,11.47,"-0,05 (-0,40%)",898600,11.16,0,0.0,0,0.0,12.4,12.7,12.15
VOS,22/09/2026,12.4,11.51,"+0,40 (+3,33%)",1317900,16.29,0,0.0,0,0.0,12.05,12.65,12.05
VOS,21/09/2026,12.0,11.14,"+0,05 (+0,42%)",912000,11.09,0,0.0,0,0.0,12.0,12.45,11.95
VOS,18/09/2026,11.95,11.1,"-0,20 (-1,65%)",753600,9.05,0,0.0,0,0.0,12.2,12.2,11.85
VOS,17/09/2026,12.15,11.28,"-0,10 (-0,82%)",1175900,14.21,0,0.0,0,0.0,12.1,12.35,11.8
VOS,16/09/2026,12.25,11.38,"+0,15 (+1,24%)",1420300,17.4,0,0.0,0,0.0,12.2,12.5,12.0
VOS,15/09/2026,12.1,11.24,"+0,75 (+6,61%)",1819600,21.91,0,0.0,0,0.0,11.5,12.1,11.45
VOS,14/09/2026,11.35,10.54,"-0,10 (-0,87%)",573800,6.52,0,0.0,0,0.0,11.55,11.6,11.2
VOS,11/09/2026,11.45,10.63,"+0,35 (+3,15%)",1260400,14.33,0,0.0,0,0.0,11.2,11.6,11.05
VOS,10/09/2026,11.1,10.31,"+0,10 (+0,91%)",382600,4.26,0,0.0,0,0.0,11.05,11.3,11.05
VOS,09/09/2026,11.0,10.21,"-0,20 (-1,79%)",201000,2.24,0,0.0,0,0.0,11.25,11.25,11.0
VPB,06/10/2026,23.2,23.2,"+0,20 (+0,87%)",10323000,237.32,1898000,44.11,1898000,44.11,22.95,23.2,22.75
VPB,05/10/2026,23.0,23.0,"+0,10 (+0,44%)",14159200,322.71,1479900,35.27,1479900,35.27,22.8,23.0,22.2
VPB,02/10/2026,22.9,22.9,"-0,40 (-1,72%)",13941400,320.33,0,0.0,0,0.0,23.2,23.3,22.8
VPB,01/10/2026,23.3,23.3,"-0,10 (-0,43%)",11541100,269.73,10889900,245.65,10889900,245.65,23.4,23.5,23.25
VPB,30/09/2026,23.4,23.4,"+0,45 (+1,96%)",16774900,389.14,15056000,339.48,15056000,339.48,22.95,23.4,22.9
VPB,29/09/2026,22.95,22.95,"0 (0,00%)",16588300,379.64,16054000,363.97,16054000,363.97,23.0,23.0,22.7
VPB,28/09/2026,22.95,22.95,"-0,05 (-0,22%)",20503800,465.52,4238000,101.71,4238000,101.71,23.15,23.2,22.45
VPB,25/09/2026,23.0,23.0,"+0,90 (+4,07%)",46844000,1080.87,1400000,30.94,1400000,30.94,22.0,23.6,22.0
VPB,24/09/2026,22.1,22.1,"+0,05 (+0,23%)",21317700,476.06,1479700,34.6,1479700,34.6,22.25,22.55,22.1
VPB,23/09/2026,27.8,22.06,"-0,20 (-0,71%)",26013600,725.11,6400000,185.26,6400000,185.26,27.85,28.05,27.6
VPB,22/09/2026,28.0,22.22,"-0,45 (-1,58%)",16166700,452.89,362000,10.25,362000,10.25,28.35,28.4,27.85
VPB,21/09/2026,28.45,22.57,"+1,00 (+3,64%)",33290700,931.54,5582300,155.79,5582300,155.79,27.85,28.45,27.6
VPB,18/09/2026,27.45,21.78,"-0,75 (-2,66%)",49102400,1387.15,13105100,380.83,13105100,380.83,28.3,29.05,27.45
VPB,17/09/2026,28.2,22.37,"+0,60 (+2,17%)",31764100,889.66,2671000,78.79,2671000,78.79,27.35,28.2,27.35
VPB,16/09/2026,27.6,21.9,"-0,05 (-0,18%)",17558200,483.04,2599900,76.0,2599900,76.0,27.65,27.7,27.3
VPB,15/09/2026,27.65,21.94,"+0,45 (+1,65%)",22318600,614.69,1653000,47.94,1653000,47.94,27.4,27.8,27.3
VPB,14/09/2026,27.2,21.58,"+0,25 (+0,93%)",25705400,696.91,0,0.0,0,0.0,26.95,27.45,26.85
VPB,11/09/2026,26.95,21.38,"-0,55 (-2,00%)",21893700,594.32,5032000,143.0,5032000,143.0,27.45,27.6,26.85
VPB,10/09/2026,27.5,21.82,"+0,10 (+0,36%)",13222300,362.09,500000,13.7,500000,13.7,27.3,27.6,27.15
VPB,09/09/2026,27.4,21.74,"0 (0,00%)",11247800,308.36,2262000,62.22,2262000,62.22,27.35,27.55,27.25
VPD,06/10/2026,20.8,20.8,"+0,70 (+3,48%)",2200,0.05,0,0.0,0,0.0,20.4,20.9,20.4
VPD,05/10/2026,20.1,20.1,"-0,40 (-1,95%)",3400,0.07,0,0.0,0,0.0,20.5,20.5,20.1
VPD,02/10/2026,20.5,20.5,"-0,05 (-0,24%)",2100,0.04,0,0.0,0,0.0,20.55,20.95,20.5
VPD,01/10/2026,20.55,20.55,"-0,25 (-1,20%)",3200,0.07,0,0.0,0,0.0,20.6,20.8,20.55
VPD,30/09/2026,20.8,20.8,"-0,05 (-0,24%)",2500,0.05,0,0.0,0,0.0,20.65,20.8,20.5
VPD,29/09/2026,20.85,20.85,"+0,35 (+1,71%)",16600,0.34,0,0.0,0,0.0,20.55,20.85,20.55
VPD,28/09/2026,20.5,20.5,"-0,05 (-0,24%)",1800,0.04,0,0.0,0,0.0,20.5,20.6,20.45
VPD,25/09/2026,20.55,20.55,"+0,05 (+0,24%)",5700,0.12,0,0.0,0,0.0,20.5,20.55,20.45
VPD,24/09/2026,20.5,20.5,"0 (0,00%)",24800,0.51,0,0.0,0,0.0,20.55,20.7,20.35
VPD,23/09/2026,20.5,20.5,"-0,10 (-0,49%)",20700,0.42,0,0.0,0,0.0,20.5,20.6,20.45
VPD,22/09/2026,20.6,20.6,"-0,10 (-0,48%)",8700,0.18,0,0.0,0,0.0,20.65,21.0,20.6
VPD,21/09/2026,20.7,20.7,"+0,05 (+0,24%)",2400,0.05,0,0.0,0,0.0,21.0,21.0,20.65
VPD,18/09/2026,20.65,20.65,"+0,15 (+0,73%)",7500,0.15,0,0.0,0,0.0,20.6,20.7,20.6
VPD,17/09/2026,20.5,20.5,"-0,50 (-2,38%)",11700,0.24,0,0.0,0,0.0,20.65,20.7,20.5
VPD,16/09/2026,21.0,21.0,"+0,50 (+2,44%)",4600,0.1,0,0.0,0,0.0,20.4,21.0,20.4
VPD,15/09/2026,20.5,20.5,"+0,10 (+0,49%)",11400,0.23,55997,1.06,55997,1.06,20.6,20.95,20.5
VPD,14/09/2026,20.4,20.4,"0 (0,00%)",8200,0.17,0,0.0,0,0.0,20.55,20.95,20.4
VPD,11/09/2026,20.4,20.4,"-0,40 (-1,92%)",5600,0.12,0,0.0,0,0.0,20.95,20.95,20.4
VPD,10/09/2026,20.8,20.8,"-0,25 (-1,19%)",7600,0.15,0,0.0,0,0.0,20.7,20.8,19.6
VPD,09/09/2026,21.05,21.05,"+0,35 (+1,69%)",3000,0.06,0,0.0,0,0.0,21.0,21.05,21.0
VPG,06/10/2026,1.26,1.26,"-0,08 (-5,97%)",503300,0.64,0,0.0,0,0.0,1.34,1.34,1.25
VPG,05/10/2026,1.34,1.34,"-0,03 (-2,19%)",96800,0.13,0,0.0,0,0.0,1.37,1.4,1.33
VPG,02/10/2026,1.37,1.37,"+0,02 (+1,48%)",183600,0.25,0,0.0,0,0.0,1.35,1.38,1.31
VPG,01/10/2026,1.35,1.35,"-0,07 (-4,93%)",447900,0.6,0,0.0,0,0.0,1.38,1.41,1.33
VPG,30/09/2026,1.42,1.42,"-0,05 (-3,40%)",169400,0.24,0,0.0,0,0.0,1.49,1.49,1.4
VPG,29/09/2026,1.47,1.47,"-0,07 (-4,55%)",279500,0.41,0,0.0,0,0.0,1.56,1.58,1.44
VPG,28/09/2026,1.54,1.54,"+0,01 (+0,65%)",737300,1.17,0,0.0,0,0.0,1.63,1.63,1.53
VPG,25/09/2026,1.53,1.53,"+0,10 (+6,99%)",460800,0.7,0,0.0,0,0.0,1.53,1.53,1.49
VPG,24/09/2026,1.43,1.43,"+0,09 (+6,72%)",598400,0.85,0,0.0,0,0.0,1.38,1.43,1.34
VPG,23/09/2026,1.34,1.34,"+0,03 (+2,29%)",247500,0.33,0,0.0,0,0.0,1.3,1.35,1.3
VPG,22/09/2026,1.31,1.31,"-0,08 (-5,76%)",387100,0.51,0,0.0,0,0.0,1.4,1.41,1.3
VPG,21/09/2026,1.39,1.39,"-0,09 (-6,08%)",815100,1.14,0,0.0,0,0.0,1.48,1.48,1.38
VPG,18/09/2026,1.48,1.48,"-0,03 (-1,99%)",130600,0.2,0,0.0,0,0.0,1.53,1.53,1.48
VPG,17/09/2026,1.51,1.51,"-0,02 (-1,31%)",61200,0.09,0,0.0,0,0.0,1.49,1.54,1.49
VPG,16/09/2026,1.53,1.53,"0 (0,00%)",139800,0.21,0,0.0,0,0.0,1.53,1.54,1.48
VPG,15/09/2026,1.53,1.53,"-0,01 (-0,65%)",82300,0.13,0,0.0,0,0.0,1.59,1.59,1.5
VPG,14/09/2026,1.54,1.54,"-0,11 (-6,67%)",386700,0.6,0,0.0,0,0.0,1.65,1.66,1.54
VPG,11/09/2026,1.65,1.65,"-0,06 (-3,51%)",49100,0.08,0,0.0,0,0.0,1.72,1.72,1.65
VPG,10/09/2026,1.71,1.71,"-0,01 (-0,58%)",49300,0.08,0,0.0,0,0.0,1.72,1.73,1.65
VPG,09/09/2026,1.72,1.72,"+0,01 (+0,58%)",279800,0.48,0,0.0,0,0.0,1.71,1.73,1.69
VPH,06/10/2026,2.6,2.6,"-0,04 (-1,52%)",7400,0.02,0,0.0,0,0.0,2.67,2.67,2.6
VPH,05/10/2026,2.64,2.64,"+0,04 (+1,54%)",2800,0.01,0,0.0,0,0.0,2.7,2.7,2.6
VPH,02/10/2026,2.6,2.6,"0 (0,00%)",14300,0.04,0,0.0,0,0.0,2.6,2.78,2.6
VPH,01/10/2026,2.6,2.6,"-0,09 (-3,35%)",64100,0.17,0,0.0,0,0.0,2.65,2.69,2.55
VPH,30/09/2026,2.69,2.69,"-0,05 (-1,82%)",5300,0.01,0,0.0,0,0.0,2.73,2.73,2.69
VPH,29/09/2026,2.74,2.74,"-0,04 (-1,44%)",47300,0.13,0,0.0,0,0.0,2.63,2.78,2.63
VPH,28/09/2026,2.78,2.78,"-0,02 (-0,71%)",62700,0.17,0,0.0,0,0.0,2.73,2.78,2.69
VPH,25/09/2026,2.8,2.8,"+0,01 (+0,36%)",67100,0.18,0,0.0,0,0.0,2.85,2.94,2.71
VPH,24/09/2026,2.79,2.79,"-0,03 (-1,06%)",36600,0.1,0,0.0,0,0.0,2.76,2.83,2.7
VPH,23/09/2026,2.82,2.82,"-0,01 (-0,35%)",10800,0.03,0,0.0,0,0.0,2.8,2.84,2.77
VPH,22/09/2026,2.83,2.83,"+0,02 (+0,71%)",55000,0.15,0,0.0,0,0.0,2.64,2.91,2.64
VPH,21/09/2026,2.81,2.81,"-0,13 (-4,42%)",14500,0.04,0,0.0,0,0.0,2.94,2.99,2.81
VPH,18/09/2026,2.94,2.94,"+0,02 (+0,68%)",18600,0.05,0,0.0,0,0.0,2.99,2.99,2.89
VPH,17/09/2026,2.92,2.92,"+0,01 (+0,34%)",17500,0.05,0,0.0,0,0.0,2.91,3.06,2.91
VPH,16/09/2026,2.91,2.91,"+0,01 (+0,34%)",18300,0.05,0,0.0,0,0.0,2.92,2.92,2.9
VPH,15/09/2026,2.9,2.9,"0 (0,00%)",23800,0.07,0,0.0,0,0.0,2.9,2.92,2.86
VPH,14/09/2026,2.9,2.9,"-0,08 (-2,68%)",19200,0.06,0,0.0,0,0.0,3.0,3.0,2.9
VPH,11/09/2026,2.98,2.98,"-0,01 (-0,33%)",27000,0.08,0,0.0,0,0.0,2.98,2.98,2.95
VPH,10/09/2026,2.99,2.99,"+0,01 (+0,34%)",13900,0.04,0,0.0,0,0.0,3.03,3.03,2.98
VPH,09/09/2026,2.98,2.98,"-0,05 (-1,65%)",17500,0.05,0,0.0,0,0.0,3.04,3.04,2.97
VPI,06/10/2026,57.6,57.6,"+0,70 (+1,23%)",1906100,108.86,4200000,248.22,4200000,248.22,57.0,57.8,56.4
VPI,05/10/2026,56.9,56.9,"-1,90 (-3,23%)",2013200,116.38,240000,14.23,240000,14.23,58.7,59.4,56.5
VPI,02/10/2026,58.8,58.8,"+0,40 (+0,68%)",1851100,108.53,4200000,248.22,4200000,248.22,58.4,59.4,58.1
VPI,01/10/2026,58.4,58.4,"-0,90 (-1,52%)",1459900,86.07,240000,14.23,240000,14.23,59.3,59.8,58.2
VPI,30/09/2026,59.3,59.3,"-1,30 (-2,15%)",1174700,70.89,0,0.0,0,0.0,60.4,61.5,59.3
VPI,29/09/2026,60.6,60.6,"-1,40 (-2,26%)",1182600,72.74,0,0.0,0,0.0,61.9,62.0,60.3
VPI,28/09/2026,62.0,62.0,"-0,20 (-0,32%)",1124700,68.83,0,0.0,0,0.0,61.8,62.0,60.7
VPI,25/09/2026,62.2,62.2,"+0,40 (+0,65%)",1787800,110.94,2500000,150.0,2500000,150.0,61.8,62.6,61.5
VPI,24/09/2026,61.8,61.8,"+0,70 (+1,15%)",1497100,91.28,0,0.0,0,0.0,60.9,61.8,59.6
VPI,23/09/2026,61.1,61.1,"+1,50 (+2,52%)",1264900,76.14,3360000,203.32,3360000,203.32,59.0,61.3,59.0
VPI,22/09/2026,59.6,59.6,"-0,60 (-1,00%)",1160800,69.18,0,0.0,0,0.0,60.5,61.0,59.0
VPI,21/09/2026,60.2,60.2,"-2,70 (-4,29%)",1384900,85.03,860000,53.32,860000,53.32,62.9,62.9,60.0
VPI,18/09/2026,62.9,62.9,"-0,20 (-0,32%)",1268400,79.48,0,0.0,0,0.0,63.1,63.3,62.0
VPI,17/09/2026,63.1,63.1,"+1,10 (+1,77%)",1632300,102.15,0,0.0,0,0.0,62.0,63.4,61.7
VPI,16/09/2026,62.0,62.0,"+1,00 (+1,64%)",1869600,114.6,0,0.0,0,0.0,61.1,62.1,60.8
VPI,15/09/2026,61.0,61.0,"+0,70 (+1,16%)",2657200,161.1,0,0.0,0,0.0,60.3,61.5,59.9
VPI,14/09/2026,60.3,60.3,"+0,70 (+1,17%)",2701300,160.99,0,0.0,0,0.0,59.3,60.5,58.9
VPI,11/09/2026,59.6,59.6,"-1,80 (-2,93%)",2979400,177.41,0,0.0,0,0.0,61.2,61.2,58.9
VPI,10/09/2026,61.4,61.4,"+2,70 (+4,60%)",2633100,156.56,0,0.0,0,0.0,58.6,61.4,58.0
VPI,09/09/2026,58.7,58.7,"+0,10 (+0,17%)",2887000,168.76,0,0.0,0,0.0,58.6,59.0,57.2
VPL,06/10/2026,80.9,80.9,"+3,30 (+4,25%)",913300,72.04,0,0.0,0,0.0,77.1,81.0,77.1
VPL,05/10/2026,77.6,77.6,"-1,30 (-1,65%)",625600,48.71,0,0.0,0,0.0,78.8,78.8,77.5
VPL,02/10/2026,78.9,78.9,"+0,40 (+0,51%)",633000,49.34,0,0.0,0,0.0,78.0,78.9,76.2
VPL,01/10/2026,78.5,78.5,"-0,70 (-0,88%)",657800,51.43,0,0.0,0,0.0,78.5,78.7,77.3
VPL,30/09/2026,79.2,79.2,"-0,10 (-0,13%)",656500,51.79,0,0.0,0,0.0,79.8,79.8,78.5
VPL,29/09/2026,79.3,79.3,"-0,70 (-0,87%)",648600,51.29,0,0.0,0,0.0,79.8,80.0,78.5
VPL,28/09/2026,80.0,80.0,"+0,30 (+0,38%)",433200,34.43,0,0.0,0,0.0,79.6,80.0,78.2
VPL,25/09/2026,79.7,79.7,"+1,70 (+2,18%)",423000,33.46,0,0.0,0,0.0,78.0,80.1,77.7
VPL,24/09/2026,78.0,78.0,"-1,10 (-1,39%)",942400,73.08,0,0.0,0,0.0,78.3,78.8,76.6
VPL,23/09/2026,79.1,79.1,"-2,60 (-3,18%)",650700,52.13,0,0.0,0,0.0,81.7,81.7,79.1
VPL,22/09/2026,81.7,81.7,"+0,50 (+0,62%)",998500,80.93,0,0.0,0,0.0,80.5,82.0,80.5
VPL,21/09/2026,81.2,81.2,"0 (0,00%)",1279300,103.49,0,0.0,0,0.0,82.5,82.9,79.2
VPL,18/09/2026,81.2,81.2,"-4,30 (-5,03%)",3751600,308.76,0,0.0,0,0.0,86.0,87.6,81.2
VPL,17/09/2026,85.5,85.5,"+1,30 (+1,54%)",1309000,110.7,0,0.0,0,0.0,83.1,85.5,82.3
VPL,16/09/2026,84.2,84.2,"-1,40 (-1,64%)",1118400,93.86,0,0.0,0,0.0,85.0,85.4,82.8
VPL,15/09/2026,85.6,85.6,"+1,40 (+1,66%)",1185700,100.11,0,0.0,0,0.0,84.3,85.6,83.3
VPL,14/09/2026,84.2,84.2,"+1,70 (+2,06%)",1296400,107.93,0,0.0,0,0.0,83.0,84.8,81.6
VPL,11/09/2026,82.5,82.5,"-1,50 (-1,79%)",662900,55.25,0,0.0,0,0.0,83.0,85.0,82.5
VPL,10/09/2026,84.0,84.0,"-1,90 (-2,21%)",583700,49.08,0,0.0,0,0.0,85.8,85.8,83.0
VPL,09/09/2026,85.9,85.9,"+3,40 (+4,12%)",2456000,210.78,0,0.0,0,0.0,82.5,88.2,82.5
VPS,06/10/2026,8.4,8.4,"0 (0,00%)",1300,0.01,0,0.0,0,0.0,8.31,8.4,8.31
VPS,05/10/2026,8.4,8.4,"-0,01 (-0,12%)",3200,0.03,0,0.0,0,0.0,8.4,8.45,8.4
VPS,02/10/2026,8.41,8.41,"+0,01 (+0,12%)",1600,0.01,0,0.0,0,0.0,8.4,8.5,8.4
VPS,01/10/2026,8.4,8.4,"0 (0,00%)",200,0.0,0,0.0,0,0.0,8.4,8.4,8.4
VPS,30/09/2026,8.4,8.4,"-0,09 (-1,06%)",600,0.01,0,0.0,0,0.0,8.48,8.49,8.4
VPS,29/09/2026,8.49,8.49,"0 (0,00%)",100,0.0,0,0.0,0,0.0,8.49,8.49,8.49
VPS,28/09/2026,8.49,8.49,"-0,01 (-0,12%)",900,0.01,0,0.0,0,0.0,8.5,8.5,8.49
VPS,25/09/2026,8.5,8.5,"+0,21 (+2,53%)",2800,0.02,0,0.0,0,0.0,8.4,8.5,8.29
VPS,24/09/2026,8.29,8.29,"-0,22 (-2,59%)",12900,0.11,0,0.0,0,0.0,8.51,8.51,8.29
VPS,23/09/2026,8.51,8.51,"-0,24 (-2,74%)",300,0.0,0,0.0,0,0.0,8.75,8.75,8.51
VPS,22/09/2026,8.75,8.75,"0 (0,00%)",100,0.0,0,0.0,0,0.0,8.75,8.75,8.75
VPS,21/09/2026,8.75,8.75,"+0,01 (+0,11%)",200,0.0,0,0.0,0,0.0,8.78,8.78,8.75
VPS,18/09/2026,8.74,8.74,"+0,24 (+2,82%)",400,0.0,0,0.0,0,0.0,8.5,8.74,8.5
VPS,17/09/2026,8.5,8.5,"0 (0,00%)",100,0.0,0,0.0,0,0.0,8.5,8.5,8.5
VPS,16/09/2026,8.5,8.5,"+0,10 (+1,19%)",500,0.0,0,0.0,0,0.0,8.5,8.5,8.5
VPS,15/09/2026,8.4,8.4,"-0,05 (-0,59%)",15400,0.13,0,0.0,0,0.0,8.41,8.41,8.4
VPS,14/09/2026,8.45,8.45,"-0,10 (-1,17%)",3100,0.03,0,0.0,0,0.0,8.51,8.51,8.45
VPS,11/09/2026,8.55,8.55,"-0,13 (-1,50%)",7900,0.07,0,0.0,0,0.0,8.68,8.68,8.55
VPS,10/09/2026,8.68,8.68,"-0,02 (-0,23%)",1200,0.01,0,0.0,0,0.0,8.7,8.7,8.65
VPS,09/09/2026,8.7,8.7,"-0,02 (-0,23%)",6700,0.06,0,0.0,0,0.0,8.72,8.72,8.7
VPX,06/10/2026,23.5,23.5,"-0,20 (-0,84%)",848700,19.65,0,0.0,0,0.0,23.65,23.65,22.8
VPX,05/10/2026,23.7,23.7,"-0,50 (-2,07%)",713200,16.95,0,0.0,0,0.0,24.2,24.2,23.7
VPX,02/10/2026,24.2,24.2,"-1,25 (-4,91%)",2217200,53.52,0,0.0,0,0.0,25.35,25.35,23.85
VPX,01/10/2026,25.45,25.45,"-0,35 (-1,36%)",591300,14.99,0,0.0,0,0.0,25.3,25.8,25.1
VPX,30/09/2026,25.8,25.8,"+0,35 (+1,38%)",2441100,62.38,0,0.0,0,0.0,25.1,25.8,25.1
VPX,29/09/2026,25.45,25.45,"+0,50 (+2,00%)",975900,24.39,0,0.0,0,0.0,24.9,25.45,24.5
VPX,28/09/2026,24.95,24.95,"-0,50 (-1,96%)",624400,15.49,0,0.0,0,0.0,25.25,25.25,24.5
VPX,25/09/2026,25.45,25.45,"+0,25 (+0,99%)",1484600,37.86,0,0.0,0,0.0,25.15,26.0,24.85
VPX,24/09/2026,25.2,25.2,"0 (0,00%)",1288300,32.16,0,0.0,0,0.0,25.05,25.3,24.55
VPX,23/09/2026,25.2,25.2,"+0,40 (+1,61%)",1057600,26.23,0,0.0,0,0.0,24.5,25.3,24.35
VPX,22/09/2026,24.8,24.8,"+0,90 (+3,77%)",1251600,30.43,0,0.0,0,0.0,23.9,24.95,23.75
VPX,21/09/2026,23.9,23.9,"0 (0,00%)",631400,15.0,0,0.0,0,0.0,24.1,24.15,23.5
VPX,18/09/2026,23.9,23.9,"-0,05 (-0,21%)",658000,15.82,0,0.0,0,0.0,24.05,24.2,23.9
VPX,17/09/2026,23.95,23.95,"+0,75 (+3,23%)",737300,17.53,0,0.0,0,0.0,23.15,24.15,23.1
VPX,16/09/2026,23.2,23.2,"-0,25 (-1,07%)",580300,13.56,0,0.0,0,0.0,23.45,23.65,23.2
VPX,15/09/2026,23.45,23.45,"0 (0,00%)",610600,14.39,0,0.0,0,0.0,23.3,23.8,23.3
VPX,14/09/2026,23.45,23.45,"-0,55 (-2,29%)",920100,21.8,942000,24.12,942000,24.12,24.0,24.15,23.3
VPX,11/09/2026,24.0,24.0,"-0,75 (-3,03%)",1021000,24.74,0,0.0,0,0.0,24.75,24.75,24.0
VPX,10/09/2026,24.75,24.75,"+0,05 (+0,20%)",307500,7.6,0,0.0,0,0.0,24.6,24.9,24.55
VPX,09/09/2026,24.7,24.7,"-0,25 (-1,00%)",438900,10.88,0,0.0,0,0.0,24.95,25.0,24.7
VRC,06/10/2026,11.15,11.15,"-0,25 (-2,19%)",374200,4.2,0,0.0,0,0.0,11.3,11.4,11.15
VRC,05/10/2026,11.4,11.4,"+0,60 (+5,56%)",5400,0.06,0,0.0,0,0.0,11.1,11.4,10.5
VRC,02/10/2026,10.8,10.8,"-0,75 (-6,49%)",26800,0.29,0,0.0,0,0.0,11.7,11.7,10.8
VRC,01/10/2026,11.55,11.55,"-0,25 (-2,12%)",1600,0.02,0,0.0,0,0.0,11.0,11.75,11.0
VRC,30/09/2026,11.8,11.8,"0 (0,00%)",201400,2.36,0,0.0,0,0.0,11.7,11.8,11.7
VRC,29/09/2026,11.8,11.8,"0 (0,00%)",15700,0.18,0,0.0,0,0.0,11.0,11.8,11.0
VRC,28/09/2026,11.8,11.8,"+0,65 (+5,83%)",200,0.0,0,0.0,0,0.0,11.4,11.8,11.4
VRC,25/09/2026,11.15,11.15,"0 (0,00%)",0,0.0,0,0.0,0,0.0,11.15,11.15,11.15
VRC,24/09/2026,11.15,11.15,"-0,15 (-1,33%)",10300,0.11,0,0.0,0,0.0,10.65,11.2,10.65
VRC,23/09/2026,11.3,11.3,"0 (0,00%)",0,0.0,0,0.0,0,0.0,11.3,11.3,11.3
VRC,22/09/2026,11.3,11.3,"+0,50 (+4,63%)",200,0.0,0,0.0,0,0.0,11.3,11.3,11.3
VRC,21/09/2026,10.8,10.8,"-0,50 (-4,42%)",200,0.0,0,0.0,0,0.0,11.35,11.35,10.8
VRC,18/09/2026,11.3,11.3,"-0,15 (-1,31%)",2100,0.02,0,0.0,0,0.0,11.15,11.3,11.15
VRC,17/09/2026,11.45,11.45,"+0,50 (+4,57%)",200,0.0,0,0.0,0,0.0,10.95,11.45,10.95
VRC,16/09/2026,10.95,10.95,"-0,20 (-1,79%)",34700,0.38,0,0.0,0,0.0,11.0,11.0,10.95
VRC,15/09/2026,11.15,11.15,"-0,45 (-3,88%)",8100,0.09,0,0.0,0,0.0,10.9,11.25,10.9
VRC,14/09/2026,11.6,11.6,"+0,15 (+1,31%)",300,0.0,0,0.0,0,0.0,11.2,11.6,11.2
VRC,11/09/2026,11.45,11.45,"0 (0,00%)",4900,0.06,0,0.0,0,0.0,10.75,11.45,10.75
VRC,10/09/2026,11.45,11.45,"+0,45 (+4,09%)",700,0.01,0,0.0,0,0.0,10.4,11.65,10.4
VRC,09/09/2026,11.0,11.0,"-0,35 (-3,08%)",24500,0.26,0,0.0,0,0.0,10.8,11.3,10.65
VRE,06/10/2026,23.8,23.8,"0 (0,00%)",3747500,87.85,0,0.0,0,0.0,23.7,24.0,23.05
VRE,05/10/2026,23.8,23.8,"+0,20 (+0,85%)",3082000,72.89,0,0.0,0,0.0,23.6,23.85,23.45
VRE,02/10/2026,23.6,23.6,"-0,55 (-2,28%)",3226400,76.72,0,0.0,0,0.0,24.0,24.25,23.55
VRE,01/10/2026,24.15,24.15,"-0,20 (-0,82%)",3642400,87.49,0,0.0,0,0.0,24.35,24.35,23.8
VRE,30/09/2026,24.35,24.35,"+0,20 (+0,83%)",3146200,76.35,0,0.0,0,0.0,24.2,24.5,24.1
VRE,29/09/2026,24.15,24.15,"-0,25 (-1,02%)",3118700,75.8,0,0.0,0,0.0,24.2,24.6,24.15
VRE,28/09/2026,24.4,24.4,"-0,10 (-0,41%)",2486400,60.8,0,0.0,0,0.0,24.5,24.8,24.3
VRE,25/09/2026,24.5,24.5,"+0,35 (+1,45%)",3865200,94.52,0,0.0,0,0.0,24.1,24.75,24.05
VRE,24/09/2026,24.15,24.15,"-0,75 (-3,01%)",5601600,136.44,0,0.0,0,0.0,24.75,24.9,24.15
VRE,23/09/2026,24.9,24.9,"-0,20 (-0,80%)",3217300,80.26,560000,13.98,560000,13.98,25.2,25.3,24.8
VRE,22/09/2026,25.1,25.1,"+0,35 (+1,41%)",2784700,69.65,0,0.0,0,0.0,24.85,25.3,24.65
VRE,21/09/2026,24.75,24.75,"-0,75 (-2,94%)",7088000,176.8,500000,12.6,500000,12.6,25.8,25.9,24.55
VRE,18/09/2026,25.5,25.5,"-0,30 (-1,16%)",7567800,195.04,0,0.0,0,0.0,25.8,26.4,25.5
VRE,17/09/2026,25.8,25.8,"+0,30 (+1,18%)",4502700,116.51,0,0.0,0,0.0,25.45,26.2,25.4
VRE,16/09/2026,25.5,25.5,"-0,20 (-0,78%)",2915600,74.91,0,0.0,0,0.0,25.3,26.0,25.3
VRE,15/09/2026,25.7,25.7,"-0,05 (-0,19%)",3375400,86.57,0,0.0,0,0.0,25.8,25.85,25.4
VRE,14/09/2026,25.75,25.75,"+0,15 (+0,59%)",6024200,152.05,0,0.0,0,0.0,25.35,25.75,24.75
VRE,11/09/2026,25.6,25.6,"-0,85 (-3,21%)",3766700,97.45,0,0.0,0,0.0,26.15,26.3,25.6
VRE,10/09/2026,26.45,26.45,"+0,15 (+0,57%)",3903200,102.11,0,0.0,0,0.0,26.15,26.5,25.65
VRE,09/09/2026,26.3,26.3,"+0,10 (+0,38%)",4030100,107.33,0,0.0,0,0.0,26.2,27.15,26.2
VSC,06/10/2026,12.95,12.95,"-0,05 (-0,38%)",5162400,66.11,0,0.0,0,0.0,13.0,13.1,12.65
VSC,05/10/2026,13.0,13.0,"+0,30 (+2,36%)",6150000,79.48,0,0.0,0,0.0,12.9,13.05,12.7
VSC,02/10/2026,12.7,12.7,"-0,45 (-3,42%)",6161100,79.64,0,0.0,0,0.0,13.3,13.3,12.7
VSC,01/10/2026,13.15,13.15,"0 (0,00%)",9909500,128.6,0,0.0,0,0.0,13.2,13.2,12.8
VSC,30/09/2026,13.15,13.15,"-0,40 (-2,95%)",8459500,113.63,0,0.0,0,0.0,13.55,13.7,13.15
VSC,29/09/2026,13.55,13.55,"-0,05 (-0,37%)",7696700,105.0,0,0.0,0,0.0,13.75,13.8,13.5
VSC,28/09/2026,13.6,13.6,"+0,35 (+2,64%)",15027100,205.37,0,0.0,0,0.0,13.4,13.9,13.4
VSC,25/09/2026,13.25,13.25,"+0,15 (+1,15%)",5815300,77.11,0,0.0,0,0.0,13.15,13.5,13.1
VSC,24/09/2026,13.1,13.1,"-0,20 (-1,50%)",6493000,86.2,0,0.0,0,0.0,13.35,13.45,13.1
VSC,23/09/2026,13.3,13.3,"-0,10 (-0,75%)",5429300,73.24,0,0.0,0,0.0,13.5,13.7,13.25
VSC,22/09/2026,13.4,13.4,"+0,30 (+2,29%)",5726700,76.65,0,0.0,0,0.0,13.15,13.5,13.15
VSC,21/09/2026,13.1,13.1,"-0,25 (-1,87%)",4171500,55.54,0,0.0,0,0.0,13.45,13.6,13.1
VSC,18/09/2026,13.35,13.35,"+0,15 (+1,14%)",7314400,98.51,0,0.0,0,0.0,13.4,13.65,13.25
VSC,17/09/2026,13.2,13.2,"+0,15 (+1,15%)",7698200,102.19,0,0.0,0,0.0,13.0,13.45,12.95
VSC,16/09/2026,13.05,13.05,"-0,10 (-0,76%)",5226000,68.63,0,0.0,0,0.0,13.15,13.35,13.0
VSC,15/09/2026,13.15,13.15,"+0,45 (+3,54%)",6135600,80.86,0,0.0,0,0.0,12.85,13.4,12.85
VSC,14/09/2026,12.7,12.7,"-0,30 (-2,31%)",11876200,151.48,0,0.0,0,0.0,13.0,13.2,12.25
VSC,11/09/2026,13.0,13.0,"-0,55 (-4,06%)",10044500,132.6,0,0.0,0,0.0,13.55,13.55,13.0
VSC,10/09/2026,13.55,13.55,"+0,05 (+0,37%)",5301000,71.84,0,0.0,0,0.0,13.4,13.75,13.35
VSC,09/09/2026,13.5,13.5,"-0,25 (-1,82%)",5109100,69.78,0,0.0,0,0.0,13.8,13.85,13.5
VSH,06/10/2026,41.15,41.15,"-0,10 (-0,24%)",3600,0.15,0,0.0,0,0.0,41.4,41.45,41.0
VSH,05/10/2026,41.25,41.25,"-0,20 (-0,48%)",3400,0.14,0,0.0,0,0.0,41.0,41.45,40.8
VSH,02/10/2026,41.45,41.45,"0 (0,00%)",8700,0.36,0,0.0,0,0.0,40.9,41.7,40.9
VSH,01/10/2026,41.45,41.45,"+0,35 (+0,85%)",400,0.02,0,0.0,0,0.0,41.45,41.45,41.45
VSH,30/09/2026,41.1,41.1,"0 (0,00%)",14400,0.59,0,0.0,0,0.0,41.0,41.1,40.8
VSH,29/09/2026,41.1,41.1,"0 (0,00%)",7400,0.3,0,0.0,0,0.0,41.1,41.1,40.9
VSH,28/09/2026,41.1,41.1,"-0,10 (-0,24%)",9600,0.4,0,0.0,0,0.0,41.45,41.45,40.9
VSH,25/09/2026,41.2,41.2,"-0,45 (-1,08%)",5200,0.21,0,0.0,0,0.0,41.2,41.65,41.2
VSH,24/09/2026,41.65,41.65,"+0,30 (+0,73%)",2700,0.11,0,0.0,0,0.0,41.35,41.65,41.3
VSH,23/09/2026,41.35,41.35,"0 (0,00%)",3700,0.15,0,0.0,0,0.0,41.05,41.35,41.0
VSH,22/09/2026,41.35,41.35,"0 (0,00%)",1300,0.05,0,0.0,0,0.0,41.35,41.35,41.15
VSH,21/09/2026,41.35,41.35,"+0,15 (+0,36%)",1400,0.06,0,0.0,0,0.0,41.2,41.35,41.0
VSH,18/09/2026,41.2,41.2,"0 (0,00%)",14400,0.59,0,0.0,0,0.0,41.2,41.2,40.9
VSH,17/09/2026,41.2,41.2,"0 (0,00%)",4000,0.16,0,0.0,0,0.0,41.2,41.2,41.1
VSH,16/09/2026,41.2,41.2,"0 (0,00%)",4200,0.17,0,0.0,0,0.0,41.1,41.2,41.0
VSH,15/09/2026,41.2,41.2,"0 (0,00%)",8400,0.34,0,0.0,0,0.0,41.2,41.3,40.6
VSH,14/09/2026,41.2,41.2,"+0,20 (+0,49%)",1500,0.06,0,0.0,0,0.0,41.2,41.2,41.0
VSH,11/09/2026,41.0,41.0,"-0,80 (-1,91%)",7900,0.32,0,0.0,0,0.0,41.5,41.5,41.0
VSH,10/09/2026,41.8,41.8,"+0,50 (+1,21%)",1400,0.06,0,0.0,0,0.0,41.3,41.8,41.3
VSH,09/09/2026,41.3,41.3,"0 (0,00%)",12700,0.52,0,0.0,0,0.0,41.25,41.3,41.2
VSI,06/10/2026,17.35,17.35,"+0,20 (+1,17%)",200,0.0,0,0.0,0,0.0,18.35,18.35,17.35
VSI,05/10/2026,17.15,17.15,"+1,10 (+6,85%)",100,0.0,0,0.0,0,0.0,17.15,17.15,17.15
VSI,02/10/2026,16.05,16.05,"0 (0,00%)",0,0.0,0,0.0,0,0.0,16.05,16.05,16.05
VSI,01/10/2026,16.05,16.05,"0 (0,00%)",0,0.0,0,0.0,0,0.0,16.05,16.05,16.05
VSI,30/09/2026,16.05,16.05,"-1,10 (-6,41%)",100,0.0,0,0.0,0,0.0,16.05,16.05,16.05
VSI,29/09/2026,17.15,17.15,"-0,65 (-3,65%)",100,0.0,0,0.0,0,0.0,17.15,17.15,17.15
VSI,28/09/2026,17.8,17.8,"0 (0,00%)",0,0.0,0,0.0,0,0.0,17.8,17.8,17.8
VSI,25/09/2026,17.8,17.8,"0 (0,00%)",0,0.0,0,0.0,0,0.0,17.8,17.8,17.8
VSI,24/09/2026,17.8,17.8,"-1,20 (-6,32%)",100,0.0,0,0.0,0,0.0,17.8,17.8,17.8
VSI,23/09/2026,19.0,19.0,"0 (0,00%)",0,0.0,0,0.0,0,0.0,19.0,19.0,19.0
VSI,22/09/2026,19.0,19.0,"-1,35 (-6,63%)",1900,0.04,0,0.0,0,0.0,21.7,21.7,19.0
VSI,21/09/2026,20.35,20.35,"+1,25 (+6,54%)",1100,0.02,0,0.0,0,0.0,18.5,20.35,18.5
VSI,18/09/2026,19.1,19.1,"-1,40 (-6,83%)",1900,0.04,0,0.0,0,0.0,19.1,19.1,19.1
VSI,17/09/2026,20.5,20.5,"+1,25 (+6,49%)",1100,0.02,0,0.0,0,0.0,18.1,20.5,18.1
VSI,16/09/2026,19.25,19.25,"+1,20 (+6,65%)",100,0.0,0,0.0,0,0.0,19.25,19.25,19.25
VSI,15/09/2026,18.05,18.05,"-0,45 (-2,43%)",800,0.01,0,0.0,0,0.0,18.05,18.05,18.05
VSI,14/09/2026,18.5,18.5,"0 (0,00%)",0,0.0,0,0.0,0,0.0,18.5,18.5,18.5
VSI,11/09/2026,18.5,18.5,"0 (0,00%)",0,0.0,0,0.0,0,0.0,18.5,18.5,18.5
VSI,10/09/2026,18.5,18.5,"0 (0,00%)",1000,0.02,0,0.0,0,0.0,18.6,18.6,18.5
VSI,09/09/2026,18.5,18.5,"-0,10 (-0,54%)",1000,0.02,0,0.0,0,0.0,18.6,18.6,18.5
VTB,06/10/2026,10.65,10.65,"+0,02 (+0,19%)",100,0.0,0,0.0,0,0.0,10.65,10.65,10.65
VTB,05/10/2026,10.65,10.65,"+0,07 (+0,66%)",2000,0.02,0,0.0,0,0.0,10.6,10.65,10.6
VTB,02/10/2026,10.6,10.6,"-0,25 (-2,30%)",1500,0.02,0,0.0,0,0.0,10.6,10.6,10.6
VTB,01/10/2026,10.85,10.85,"0 (0,00%)",600,0.01,0,0.0,0,0.0,10.85,10.85,10.85
VTB,30/09/2026,10.85,10.85,"-0,35 (-3,12%)",500,0.01,0,0.0,0,0.0,11.2,11.2,10.85
VTB,29/09/2026,11.2,11.2,"+0,15 (+1,36%)",1900,0.02,0,0.0,0,0.0,10.6,11.2,10.6
VTB,28/09/2026,11.05,11.05,"-0,70 (-5,96%)",3100,0.04,0,0.0,0,0.0,12.1,12.1,11.05
VTB,25/09/2026,11.75,11.75,"-0,05 (-0,42%)",2700,0.03,0,0.0,0,0.0,11.75,11.75,11.75
VTB,24/09/2026,12.8,11.8,"0 (0,00%)",9300,0.12,0,0.0,0,0.0,12.8,12.8,12.8
VTB,23/09/2026,12.8,11.8,"-0,50 (-3,76%)",3700,0.05,0,0.0,0,0.0,13.3,13.3,12.8
VTB,22/09/2026,13.3,12.26,"+0,15 (+1,14%)",1300,0.02,0,0.0,0,0.0,13.3,13.3,13.3
VTB,21/09/2026,13.15,12.12,"-0,35 (-2,59%)",3100,0.04,0,0.0,0,0.0,13.2,13.2,13.1
VTB,18/09/2026,13.5,12.45,"+0,20 (+1,50%)",2500,0.03,0,0.0,0,0.0,13.5,13.5,13.5
VTB,17/09/2026,13.3,12.26,"+0,10 (+0,76%)",3100,0.04,0,0.0,0,0.0,13.3,13.5,13.3
VTB,16/09/2026,13.2,12.17,"+0,10 (+0,76%)",700,0.01,0,0.0,0,0.0,12.6,13.2,12.6
VTB,15/09/2026,13.1,12.08,"0 (0,00%)",5000,0.07,0,0.0,0,0.0,13.0,13.1,13.0
VTB,14/09/2026,13.1,12.08,"0 (0,00%)",0,0.0,0,0.0,0,0.0,13.1,13.1,13.1
VTB,11/09/2026,13.1,12.08,"-0,10 (-0,76%)",900,0.01,0,0.0,0,0.0,13.1,13.1,13.1
VTB,10/09/2026,13.2,12.17,"0 (0,00%)",0,0.0,0,0.0,0,0.0,13.2,13.2,13.2
VTB,09/09/2026,13.2,12.17,"-0,30 (-2,22%)",100,0.0,0,0.0,0,0.0,13.2,13.2,13.2
VTO,06/10/2026,11.8,11.8,"+0,10 (+0,85%)",828000,9.67,0,0.0,0,0.0,11.85,12.0,11.45
VTO,05/10/2026,11.7,11.7,"+0,45 (+4,00%)",2425900,28.62,0,0.0,0,0.0,11.4,12.0,11.3
VTO,02/10/2026,11.25,11.25,"+0,15 (+1,35%)",634200,7.17,0,0.0,0,0.0,11.2,11.4,11.2
VTO,01/10/2026,11.1,11.1,"-0,15 (-1,33%)",498600,5.57,0,0.0,0,0.0,11.25,11.4,11.05
VTO,30/09/2026,11.25,11.25,"-0,20 (-1,75%)",515400,5.88,0,0.0,0,0.0,11.45,11.6,11.25
VTO,29/09/2026,11.45,11.45,"+0,40 (+3,62%)",865900,9.72,0,0.0,0,0.0,11.1,11.45,10.95
VTO,28/09/2026,11.05,11.05,"+0,10 (+0,91%)",579000,6.37,0,0.0,0,0.0,10.9,11.15,10.8
VTO,25/09/2026,10.95,10.95,"+0,20 (+1,86%)",179900,1.96,0,0.0,0,0.0,10.7,10.95,10.7
VTO,24/09/2026,10.75,10.75,"+0,07 (+0,66%)",283700,3.06,0,0.0,0,0.0,10.7,10.95,10.7
VTO,23/09/2026,10.7,10.7,"-0,20 (-1,83%)",227800,2.47,0,0.0,0,0.0,10.85,11.0,10.65
VTO,22/09/2026,10.9,10.9,"+0,42 (+4,01%)",390300,4.16,0,0.0,0,0.0,10.55,11.0,10.4
VTO,21/09/2026,10.5,10.5,"-0,04 (-0,38%)",160500,1.69,0,0.0,0,0.0,10.65,10.65,10.5
VTO,18/09/2026,10.55,10.55,"-0,13 (-1,22%)",346100,3.71,0,0.0,0,0.0,10.6,10.9,10.55
VTO,17/09/2026,10.7,10.7,"-0,10 (-0,93%)",79500,0.85,0,0.0,0,0.0,10.8,10.8,10.65
VTO,16/09/2026,10.8,10.8,"+0,37 (+3,55%)",815300,8.77,0,0.0,0,0.0,10.5,10.85,10.5
VTO,15/09/2026,10.45,10.45,"+0,16 (+1,55%)",174100,1.81,0,0.0,0,0.0,10.4,10.5,10.3
VTO,14/09/2026,10.3,10.3,"+0,01 (+0,10%)",67800,0.7,0,0.0,0,0.0,10.5,10.5,10.3
VTO,11/09/2026,10.3,10.3,"-0,23 (-2,18%)",98000,1.02,0,0.0,0,0.0,10.55,10.6,10.3
VTO,10/09/2026,10.55,10.55,"-0,03 (-0,28%)",45100,0.48,0,0.0,0,0.0,10.6,10.6,10.45
VTO,09/09/2026,10.6,10.6,"+0,02 (+0,19%)",70300,0.74,0,0.0,0,0.0,10.6,10.65,10.45
VTP,06/10/2026,50.1,50.1,"-1,90 (-3,65%)",1271100,63.43,555200,28.87,555200,28.87,52.0,52.2,48.6
VTP,05/10/2026,52.0,52.0,"+0,10 (+0,19%)",540900,28.25,375000,19.88,375000,19.88,51.9,53.0,51.2
VTP,02/10/2026,51.9,51.9,"-1,30 (-2,44%)",710900,37.36,0,0.0,0,0.0,53.0,53.3,51.9
VTP,01/10/2026,53.2,53.2,"+0,83 (+1,58%)",1430000,76.9,0,0.0,0,0.0,52.4,55.0,52.4
VTP,30/09/2026,52.4,52.4,"-0,18 (-0,34%)",825700,43.46,0,0.0,0,0.0,52.5,53.6,51.7
VTP,29/09/2026,52.6,52.6,"+1,10 (+2,14%)",1148900,60.44,0,0.0,0,0.0,51.5,53.3,50.9
VTP,28/09/2026,51.5,51.5,"-1,27 (-2,41%)",951200,48.72,0,0.0,0,0.0,52.8,53.0,50.6
VTP,25/09/2026,52.8,52.8,"+0,22 (+0,42%)",815600,42.91,0,0.0,0,0.0,52.6,53.5,51.9
VTP,24/09/2026,52.6,52.6,"+3,38 (+6,87%)",2588800,134.76,0,0.0,0,0.0,49.5,52.6,49.25
VTP,23/09/2026,49.25,49.25,"+0,33 (+0,67%)",323100,15.87,52169,2.73,52169,2.73,48.95,49.35,48.9
VTP,22/09/2026,48.95,48.95,"+0,70 (+1,45%)",324600,15.79,295500,14.78,295500,14.78,48.5,49.0,48.3
VTP,21/09/2026,48.25,48.25,"-0,85 (-1,73%)",360300,17.53,563328,29.29,563328,29.29,49.25,49.55,48.25
VTP,18/09/2026,49.1,49.1,"-0,45 (-0,91%)",507200,25.1,1057095,53.45,1057095,53.45,49.6,50.0,49.1
VTP,17/09/2026,49.55,49.55,"-0,03 (-0,06%)",296100,14.73,190482,10.1,190482,10.1,49.0,50.3,49.0
VTP,16/09/2026,49.6,49.6,"+0,13 (+0,26%)",461200,23.01,0,0.0,0,0.0,49.7,50.6,49.5
VTP,15/09/2026,49.5,49.5,"+0,88 (+1,81%)",395100,19.44,536335,26.82,536335,26.82,48.7,49.9,48.7
VTP,14/09/2026,48.65,48.65,"-0,82 (-1,66%)",380900,18.55,256976,13.59,256976,13.59,49.0,49.4,48.1
VTP,11/09/2026,49.5,49.5,"-1,27 (-2,50%)",591000,29.52,250000,13.0,250000,13.0,50.4,50.8,49.5
VTP,10/09/2026,50.8,50.8,"+0,40 (+0,79%)",566700,28.77,256976,13.85,256976,13.85,50.2,51.4,50.2
VTP,09/09/2026,50.4,50.4,"-1,10 (-2,14%)",535900,27.25,0,0.0,0,0.0,51.2,51.8,50.4
VVS,06/10/2026,84.7,84.7,"0 (0,00%)",121600,10.34,0,0.0,0,0.0,84.7,87.0,83.5
VVS,05/10/2026,84.7,84.7,"+2,90 (+3,55%)",173900,14.52,0,0.0,0,0.0,81.8,85.0,81.8
VVS,02/10/2026,81.8,81.8,"-0,90 (-1,09%)",138400,11.31,0,0.0,0,0.0,82.0,82.9,80.8
VVS,01/10/2026,82.7,82.7,"-1,40 (-1,66%)",122100,10.11,0,0.0,0,0.0,84.1,84.1,82.2
VVS,30/09/2026,84.1,84.1,"-2,30 (-2,66%)",97600,8.38,0,0.0,0,0.0,86.2,87.7,84.1
VVS,29/09/2026,86.4,86.4,"+5,00 (+6,14%)",425500,34.89,0,0.0,0,0.0,80.2,87.0,78.5
VVS,28/09/2026,81.4,81.4,"-3,70 (-4,35%)",108300,8.87,0,0.0,0,0.0,83.8,83.9,81.4
VVS,25/09/2026,85.1,85.1,"-1,70 (-1,96%)",88600,7.51,0,0.0,0,0.0,86.3,86.6,83.0
VVS,24/09/2026,86.8,86.8,"-3,10 (-3,45%)",85400,7.46,0,0.0,0,0.0,89.9,89.9,86.1
VVS,23/09/2026,89.9,89.9,"+4,30 (+5,02%)",207400,18.5,0,0.0,0,0.0,86.9,90.9,86.1
VVS,22/09/2026,85.6,85.6,"+4,10 (+5,03%)",95300,8.01,0,0.0,0,0.0,81.5,87.0,81.0
VVS,21/09/2026,81.5,81.5,"-0,60 (-0,73%)",60700,4.98,0,0.0,0,0.0,82.1,83.0,81.1
VVS,18/09/2026,82.1,82.1,"+1,70 (+2,11%)",75400,6.15,0,0.0,0,0.0,80.3,83.2,80.2
VVS,17/09/2026,80.4,80.4,"-1,60 (-1,95%)",166400,13.4,0,0.0,0,0.0,82.0,82.0,79.5
VVS,16/09/2026,82.0,82.0,"-1,60 (-1,91%)",82600,6.8,0,0.0,0,0.0,84.0,84.3,81.2
VVS,15/09/2026,83.6,83.6,"+0,20 (+0,24%)",61700,5.17,0,0.0,0,0.0,84.0,84.5,83.0
VVS,14/09/2026,83.4,83.4,"-3,00 (-3,47%)",128500,10.85,0,0.0,0,0.0,87.0,87.0,82.0
VVS,11/09/2026,86.4,86.4,"-2,30 (-2,59%)",92500,8.03,0,0.0,0,0.0,88.7,88.7,86.0
VVS,10/09/2026,88.7,88.7,"0 (0,00%)",54400,4.8,0,0.0,0,0.0,88.8,88.9,87.5
VVS,09/09/2026,88.7,88.7,"-1,10 (-1,22%)",56800,5.09,0,0.0,0,0.0,90.0,90.9,88.7
YBM,06/10/2026,10.25,10.25,"-0,19 (-1,82%)",1400,0.01,200000,2.0,200000,2.0,10.5,10.5,9.75
YBM,05/10/2026,10.45,10.45,"+0,11 (+1,06%)",2800,0.03,0,0.0,0,0.0,10.95,10.95,9.7
YBM,02/10/2026,10.35,10.35,"-0,04 (-0,38%)",400,0.0,0,0.0,0,0.0,9.8,10.35,9.8
YBM,01/10/2026,10.4,10.4,"-0,18 (-1,70%)",1700,0.02,0,0.0,0,0.0,10.6,10.6,10.0
YBM,30/09/2026,10.6,10.6,"+0,55 (+5,47%)",4200,0.04,0,0.0,0,0.0,10.7,10.7,10.45
YBM,29/09/2026,10.05,10.05,"+0,65 (+6,91%)",1200,0.01,0,0.0,0,0.0,10.05,10.05,10.05
YBM,28/09/2026,9.4,9.4,"-0,65 (-6,47%)",500,0.0,0,0.0,0,0.0,10.05,10.05,9.4
YBM,25/09/2026,10.05,10.05,"0 (0,00%)",100,0.0,0,0.0,0,0.0,10.05,10.05,10.05
YBM,24/09/2026,10.05,10.05,"0 (0,00%)",100,0.0,0,0.0,0,0.0,10.05,10.05,10.05
YBM,23/09/2026,10.05,10.05,"-0,75 (-6,94%)",3500,0.04,0,0.0,0,0.0,10.05,10.15,10.05
YBM,22/09/2026,10.8,10.8,"+0,46 (+4,45%)",3700,0.04,0,0.0,0,0.0,10.25,10.8,10.25
YBM,21/09/2026,10.35,10.35,"+0,38 (+3,81%)",2900,0.03,0,0.0,0,0.0,10.0,10.35,10.0
YBM,18/09/2026,9.97,9.97,"+0,48 (+5,06%)",2700,0.03,0,0.0,0,0.0,9.95,9.97,9.7
YBM,17/09/2026,9.5,9.5,"-0,50 (-5,00%)",3000,0.03,0,0.0,0,0.0,9.5,9.5,9.5
YBM,16/09/2026,10.0,10.0,"0 (0,00%)",0,0.0,0,0.0,0,0.0,10.0,10.0,10.0
YBM,15/09/2026,10.0,10.0,"0 (0,00%)",0,0.0,0,0.0,0,0.0,10.0,10.0,10.0
YBM,14/09/2026,10.0,10.0,"-0,48 (-4,58%)",4300,0.05,0,0.0,0,0.0,11.2,11.2,9.8
YBM,11/09/2026,10.5,10.5,"+0,53 (+5,32%)",400,0.0,0,0.0,0,0.0,9.35,10.5,9.3
YBM,10/09/2026,9.98,9.98,"-0,26 (-2,54%)",900,0.01,0,0.0,0,0.0,9.66,9.98,9.66
YBM,09/09/2026,10.25,10.25,"+0,01 (+0,10%)",0,0.0,0,0.0,0,0.0,10.25,10.25,10.25
YEG,06/10/2026,7.18,7.18,"-0,28 (-3,75%)",537900,3.93,0,0.0,0,0.0,7.42,7.46,7.16
YEG,05/10/2026,7.46,7.46,"-0,11 (-1,45%)",455400,3.42,0,0.0,0,0.0,7.57,7.6,7.45
YEG,02/10/2026,7.57,7.57,"-0,13 (-1,69%)",542100,4.15,0,0.0,0,0.0,7.63,7.71,7.57
YEG,01/10/2026,7.7,7.7,"-0,25 (-3,14%)",652900,5.1,0,0.0,0,0.0,7.9,7.93,7.7
YEG,30/09/2026,7.95,7.95,"+0,07 (+0,89%)",1778100,14.09,0,0.0,0,0.0,7.79,8.09,7.7
YEG,29/09/2026,7.88,7.88,"+0,08 (+1,03%)",1467000,11.33,0,0.0,0,0.0,7.63,7.88,7.55
YEG,28/09/2026,7.8,7.8,"+0,09 (+1,17%)",1877900,14.21,0,0.0,0,0.0,7.72,7.8,7.35
YEG,25/09/2026,7.71,7.71,"-0,03 (-0,39%)",1017100,7.82,0,0.0,0,0.0,7.74,7.77,7.58
YEG,24/09/2026,7.74,7.74,"+0,25 (+3,34%)",2830700,21.9,0,0.0,0,0.0,7.68,7.86,7.54
YEG,23/09/2026,7.49,7.49,"+0,49 (+7,00%)",1271000,9.38,0,0.0,0,0.0,7.0,7.49,7.0
YEG,22/09/2026,7.0,7.0,"-0,07 (-0,99%)",215500,1.5,0,0.0,0,0.0,6.93,7.04,6.93
YEG,21/09/2026,7.07,7.07,"-0,02 (-0,28%)",239000,1.7,0,0.0,0,0.0,7.09,7.2,7.02
YEG,18/09/2026,7.09,7.09,"+0,06 (+0,85%)",266900,1.88,10700000,74.9,10700000,74.9,7.08,7.11,7.02
YEG,17/09/2026,7.03,7.03,"+0,15 (+2,18%)",499100,3.49,14300000,100.1,14300000,100.1,6.77,7.1,6.77
YEG,16/09/2026,6.88,6.88,"-0,12 (-1,71%)",158100,1.09,0,0.0,0,0.0,7.0,7.0,6.86
YEG,15/09/2026,7.0,7.0,"+0,11 (+1,60%)",572600,3.94,20000,0.14,20000,0.14,6.8,7.0,6.78
YEG,14/09/2026,6.89,6.89,"-0,16 (-2,27%)",492900,3.42,0,0.0,0,0.0,7.02,7.05,6.8
YEG,11/09/2026,7.05,7.05,"-0,12 (-1,67%)",932100,6.55,0,0.0,0,0.0,7.0,7.13,6.97
YEG,10/09/2026,7.17,7.17,"-0,03 (-0,42%)",442200,3.18,0,0.0,0,0.0,7.21,7.25,7.17
YEG,09/09/2026,7.2,7.2,"-0,11 (-1,50%)",531600,3.84,0,0.0,0,0.0,7.32,7.32,7.18
