Ticker,TradeDate,DayOfWeek,OpenPrice,HighPrice,LowPrice,ClosePrice,AdjClosePrice,MatchedVolume,MatchedValue,DealVolume,DealValue
AAA,2026-09-09,Wednesday,7.16,7.45,7.14,7.35,7.35,4275800,31.29,0,0.0
AAA,2026-09-10,Thursday,7.35,7.35,7.21,7.3,7.3,1136900,8.28,0,0.0
AAA,2026-09-11,Friday,7.22,7.44,7.16,7.17,7.17,2197500,15.97,0,0.0
AAA,2026-09-14,Monday,7.15,7.49,7.15,7.39,7.39,3703200,27.24,350000,2.33
AAA,2026-09-15,Tuesday,7.5,7.6,7.38,7.44,7.44,2316300,17.32,0,0.0
AAA,2026-09-16,Wednesday,7.44,7.49,7.25,7.3,7.3,2161300,15.91,0,0.0
AAA,2026-09-17,Thursday,7.25,7.37,7.25,7.3,7.3,1949900,14.23,0,0.0
AAA,2026-09-18,Friday,7.36,7.41,7.26,7.26,7.26,1322500,9.67,0,0.0
AAA,2026-09-21,Monday,7.32,7.76,7.3,7.71,7.71,6395300,48.73,0,0.0
AAA,2026-09-22,Tuesday,7.75,7.9,7.57,7.65,7.65,3171700,24.43,0,0.0
AAA,2026-09-23,Wednesday,7.65,7.69,7.45,7.51,7.51,2730800,20.52,0,0.0
AAA,2026-09-24,Thursday,7.51,7.64,7.47,7.53,7.53,2345000,17.64,0,0.0
AAA,2026-09-25,Friday,7.55,7.66,7.47,7.47,7.47,1803900,13.58,0,0.0
AAA,2026-09-28,Monday,7.47,7.47,7.15,7.17,7.17,3663000,26.55,0,0.0
AAA,2026-09-29,Tuesday,7.16,7.27,7.16,7.26,7.26,1199400,8.64,0,0.0
AAA,2026-09-30,Wednesday,7.27,7.29,7.16,7.16,7.16,1021900,7.37,0,0.0
AAA,2026-10-01,Thursday,7.2,7.22,7.13,7.16,7.16,1089400,7.81,0,0.0
AAA,2026-10-02,Friday,7.16,7.17,7.05,7.05,7.05,1540600,10.94,0,0.0
AAA,2026-10-05,Monday,7.06,7.18,7.04,7.04,7.04,912500,6.46,0,0.0
AAA,2026-10-06,Tuesday,7.06,7.13,6.92,7.03,7.03,2438000,17.04,0,0.0
AAM,2026-09-09,Wednesday,7.1,7.6,7.1,7.6,7.6,13000,0.1,0,0.0
AAM,2026-09-10,Thursday,7.6,7.8,7.48,7.8,7.8,5600,0.04,0,0.0
AAM,2026-09-11,Friday,7.7,7.7,7.29,7.5,7.5,2400,0.02,0,0.0
AAM,2026-09-14,Monday,7.5,7.5,7.48,7.48,7.48,3200,0.02,0,0.0
AAM,2026-09-15,Tuesday,7.39,7.79,7.39,7.79,7.79,400,0.0,0,0.0
AAM,2026-09-16,Wednesday,7.79,7.79,7.4,7.4,7.4,700,0.01,0,0.0
AAM,2026-09-17,Thursday,7.5,7.5,7.5,7.5,7.5,500,0.0,0,0.0
AAM,2026-09-18,Friday,7.78,7.78,7.6,7.6,7.6,4100,0.03,0,0.0
AAM,2026-09-21,Monday,7.48,7.48,7.48,7.48,7.48,5500,0.04,0,0.0
AAM,2026-09-22,Tuesday,7.5,7.5,7.5,7.5,7.5,9400,0.07,0,0.0
AAM,2026-09-23,Wednesday,7.79,7.8,7.5,7.51,7.51,21400,0.17,0,0.0
AAM,2026-09-24,Thursday,7.52,7.53,7.52,7.53,7.53,200,0.0,0,0.0
AAM,2026-09-25,Friday,7.53,7.53,7.53,7.53,7.53,1000,0.01,0,0.0
AAM,2026-09-28,Monday,7.55,7.75,7.55,7.7,7.7,31300,0.24,0,0.0
AAM,2026-09-29,Tuesday,7.75,7.8,7.6,7.8,7.8,1900,0.01,0,0.0
AAM,2026-09-30,Wednesday,7.8,7.8,7.8,7.8,7.8,0,0.0,0,0.0
AAM,2026-10-01,Thursday,7.8,7.8,7.75,7.75,7.75,700,0.01,0,0.0
AAM,2026-10-02,Friday,7.75,7.75,7.75,7.75,7.75,7200,0.06,0,0.0
AAM,2026-10-05,Monday,7.65,7.73,7.65,7.73,7.73,500,0.0,0,0.0
AAM,2026-10-06,Tuesday,7.73,7.75,7.73,7.75,7.75,2200,0.02,0,0.0
AAT,2026-09-09,Wednesday,2.23,2.25,2.18,2.2,2.2,43300,0.1,0,0.0
AAT,2026-09-10,Thursday,2.23,2.23,2.17,2.2,2.2,6700,0.01,0,0.0
AAT,2026-09-11,Friday,2.2,2.27,2.18,2.2,2.2,14600,0.03,0,0.0
AAT,2026-09-14,Monday,2.18,2.19,2.05,2.07,2.07,91100,0.19,0,0.0
AAT,2026-09-15,Tuesday,2.09,2.09,2.05,2.09,2.09,17600,0.04,0,0.0
AAT,2026-09-16,Wednesday,2.09,2.09,2.05,2.05,2.05,46100,0.1,0,0.0
AAT,2026-09-17,Thursday,2.05,2.08,2.02,2.05,2.05,29000,0.06,0,0.0
AAT,2026-09-18,Friday,2.12,2.12,2.04,2.05,2.05,13200,0.03,0,0.0
AAT,2026-09-21,Monday,2.05,2.06,2.01,2.05,2.05,26700,0.05,0,0.0
AAT,2026-09-22,Tuesday,2.02,2.05,2.0,2.05,2.05,12400,0.03,0,0.0
AAT,2026-09-23,Wednesday,2.03,2.06,1.91,2.03,2.03,41000,0.08,0,0.0
AAT,2026-09-24,Thursday,2.03,2.03,1.98,1.98,1.98,9600,0.02,0,0.0
AAT,2026-09-25,Friday,1.98,1.98,1.93,1.93,1.93,28000,0.05,0,0.0
AAT,2026-09-28,Monday,1.93,1.93,1.87,1.92,1.92,18500,0.03,0,0.0
AAT,2026-09-29,Tuesday,1.98,1.98,1.82,1.92,1.92,13800,0.03,0,0.0
AAT,2026-09-30,Wednesday,1.91,1.92,1.82,1.87,1.87,11000,0.02,0,0.0
AAT,2026-10-01,Thursday,1.87,1.87,1.82,1.87,1.87,12800,0.02,0,0.0
AAT,2026-10-02,Friday,1.87,1.87,1.82,1.82,1.82,6100,0.01,0,0.0
AAT,2026-10-05,Monday,1.82,1.85,1.81,1.82,1.82,17600,0.03,0,0.0
AAT,2026-10-06,Tuesday,1.82,1.82,1.79,1.8,1.8,16700,0.03,0,0.0
ABR,2026-09-09,Wednesday,10.9,10.9,10.9,10.9,10.9,0,0.0,0,0.0
ABR,2026-09-10,Thursday,10.65,10.65,10.6,10.6,10.6,1200,0.01,0,0.0
ABR,2026-09-11,Friday,10.6,10.6,10.6,10.6,10.6,0,0.0,0,0.0
ABR,2026-09-14,Monday,10.5,10.5,10.2,10.2,10.2,1000,0.01,0,0.0
ABR,2026-09-15,Tuesday,10.2,10.5,10.2,10.5,10.5,400,0.0,0,0.0
ABR,2026-09-16,Wednesday,10.85,10.85,10.85,10.85,10.85,300,0.0,0,0.0
ABR,2026-09-17,Thursday,10.6,10.9,10.6,10.9,10.9,300,0.0,0,0.0
ABR,2026-09-18,Friday,10.9,10.9,10.9,10.9,10.9,1200,0.01,0,0.0
ABR,2026-09-21,Monday,10.9,10.9,10.9,10.9,10.9,0,0.0,0,0.0
ABR,2026-09-22,Tuesday,10.9,10.9,10.9,10.9,10.9,0,0.0,0,0.0
ABR,2026-09-23,Wednesday,10.8,10.8,10.8,10.8,10.8,100,0.0,0,0.0
ABR,2026-09-24,Thursday,10.55,10.55,10.55,10.55,10.55,100,0.0,0,0.0
ABR,2026-09-25,Friday,10.55,10.55,10.55,10.55,10.55,0,0.0,30700,0.31
ABR,2026-09-28,Monday,10.55,10.55,10.55,10.55,10.55,0,0.0,0,0.0
ABR,2026-09-29,Tuesday,10.55,10.55,10.55,10.55,10.55,0,0.0,0,0.0
ABR,2026-09-30,Wednesday,10.9,10.9,10.9,10.9,10.9,100,0.0,0,0.0
ABR,2026-10-01,Thursday,10.9,10.9,10.9,10.9,10.9,0,0.0,0,0.0
ABR,2026-10-02,Friday,10.2,10.35,10.2,10.35,10.35,300,0.0,0,0.0
ABR,2026-10-05,Monday,10.35,10.35,10.35,10.35,10.35,100,0.0,0,0.0
ABR,2026-10-06,Tuesday,10.35,10.35,10.35,10.35,10.35,200,0.0,0,0.0
ABS,2026-09-09,Wednesday,2.9,2.94,2.9,2.9,2.9,208900,0.61,0,0.0
ABS,2026-09-10,Thursday,2.9,2.91,2.88,2.89,2.89,101600,0.29,0,0.0
ABS,2026-09-11,Friday,2.89,2.92,2.81,2.83,2.83,136300,0.39,0,0.0
ABS,2026-09-14,Monday,2.86,2.92,2.86,2.88,2.88,99500,0.29,0,0.0
ABS,2026-09-15,Tuesday,2.9,2.92,2.88,2.88,2.88,182900,0.53,0,0.0
ABS,2026-09-16,Wednesday,2.91,2.91,2.85,2.86,2.86,34200,0.1,0,0.0
ABS,2026-09-17,Thursday,2.89,2.91,2.89,2.9,2.9,51100,0.15,0,0.0
ABS,2026-09-18,Friday,2.9,2.9,2.85,2.9,2.9,33100,0.1,0,0.0
ABS,2026-09-21,Monday,2.9,2.9,2.84,2.89,2.89,41900,0.12,0,0.0
ABS,2026-09-22,Tuesday,2.9,2.9,2.87,2.9,2.9,74800,0.22,0,0.0
ABS,2026-09-23,Wednesday,2.86,2.9,2.86,2.88,2.88,74800,0.22,0,0.0
ABS,2026-09-24,Thursday,2.9,2.94,2.86,2.88,2.88,199400,0.57,0,0.0
ABS,2026-09-25,Friday,2.89,2.91,2.84,2.89,2.89,80300,0.23,0,0.0
ABS,2026-09-28,Monday,2.89,2.89,2.84,2.86,2.86,96100,0.27,0,0.0
ABS,2026-09-29,Tuesday,2.85,2.89,2.8,2.86,2.86,51200,0.15,0,0.0
ABS,2026-09-30,Wednesday,3.02,3.02,2.85,2.89,2.89,125800,0.36,0,0.0
ABS,2026-10-01,Thursday,2.8,2.92,2.8,2.89,2.89,256600,0.74,0,0.0
ABS,2026-10-02,Friday,2.89,2.89,2.69,2.69,2.69,151000,0.42,0,0.0
ABS,2026-10-05,Monday,2.69,2.87,2.69,2.87,2.87,453400,1.26,0,0.0
ABS,2026-10-06,Tuesday,2.88,2.92,2.81,2.88,2.88,109800,0.32,0,0.0
ABT,2026-09-09,Wednesday,50.3,51.0,50.3,50.3,50.3,1600,0.08,0,0.0
ABT,2026-09-10,Thursday,50.3,50.3,50.1,50.1,50.1,2200,0.11,0,0.0
ABT,2026-09-11,Friday,50.8,50.9,50.1,50.1,50.1,900,0.05,0,0.0
ABT,2026-09-14,Monday,50.4,50.4,50.1,50.3,50.3,2400,0.12,0,0.0
ABT,2026-09-15,Tuesday,50.1,50.6,50.1,50.3,50.3,2000,0.1,0,0.0
ABT,2026-09-16,Wednesday,50.2,50.5,50.1,50.5,50.5,800,0.04,0,0.0
ABT,2026-09-17,Thursday,50.1,50.9,50.1,50.9,50.9,3000,0.15,0,0.0
ABT,2026-09-18,Friday,50.8,50.9,50.5,50.5,50.5,800,0.04,0,0.0
ABT,2026-09-21,Monday,48.8,50.9,48.8,50.4,50.4,5600,0.28,0,0.0
ABT,2026-09-22,Tuesday,50.1,50.2,50.0,50.1,50.1,3400,0.17,0,0.0
ABT,2026-09-23,Wednesday,50.1,50.4,49.9,50.2,50.2,13400,0.67,0,0.0
ABT,2026-09-24,Thursday,50.2,50.2,49.9,49.95,49.95,3100,0.15,0,0.0
ABT,2026-09-25,Friday,49.9,50.0,49.8,49.9,49.9,1300,0.06,0,0.0
ABT,2026-09-28,Monday,50.4,50.4,50.0,50.0,50.0,2100,0.11,0,0.0
ABT,2026-09-29,Tuesday,50.0,50.0,49.65,49.65,49.65,2700,0.13,0,0.0
ABT,2026-09-30,Wednesday,49.8,50.0,49.8,49.9,49.9,400,0.02,0,0.0
ABT,2026-10-01,Thursday,50.2,50.2,50.0,50.0,50.0,600,0.03,0,0.0
ABT,2026-10-02,Friday,50.0,50.4,50.0,50.0,50.0,3000,0.15,0,0.0
ABT,2026-10-05,Monday,50.3,50.4,50.0,50.1,50.1,3500,0.18,0,0.0
ABT,2026-10-06,Tuesday,50.4,50.4,50.0,50.0,50.0,13600,0.68,0,0.0
ACB,2026-09-09,Wednesday,22.3,22.6,22.2,22.45,22.45,7439600,166.58,0,0.0
ACB,2026-09-10,Thursday,22.45,22.5,22.35,22.4,22.4,3925600,88.0,47000,0.98
ACB,2026-09-11,Friday,22.3,22.35,22.0,22.05,22.05,8653100,191.68,0,0.0
ACB,2026-09-14,Monday,22.05,22.15,21.95,22.05,22.05,5907500,130.31,48000,0.99
ACB,2026-09-15,Tuesday,22.2,22.3,22.0,22.1,22.1,6877300,151.93,530000,11.74
ACB,2026-09-16,Wednesday,22.1,22.6,22.05,22.6,22.6,8017800,179.27,48000,0.99
ACB,2026-09-17,Thursday,22.45,22.8,22.35,22.8,22.8,9239200,209.17,0,0.0
ACB,2026-09-18,Friday,22.8,22.85,21.9,21.9,21.9,10475900,231.92,47000,1.0
ACB,2026-09-21,Monday,22.3,22.4,21.9,22.4,22.4,9212300,204.66,0,0.0
ACB,2026-09-22,Tuesday,22.4,22.5,22.0,22.0,22.0,7237000,159.87,48000,1.0
ACB,2026-09-23,Wednesday,22.0,22.15,21.75,21.8,21.8,11013700,241.43,0,0.0
ACB,2026-09-24,Thursday,21.9,21.9,21.3,21.4,21.4,8843500,190.34,49000,0.99
ACB,2026-09-25,Friday,21.4,21.6,21.25,21.4,21.4,6080700,130.01,0,0.0
ACB,2026-09-28,Monday,21.3,21.4,21.0,21.1,21.1,8042100,170.31,50000,1.0
ACB,2026-09-29,Tuesday,21.1,21.25,21.05,21.05,21.05,7059700,149.1,111586,2.34
ACB,2026-09-30,Wednesday,21.1,21.5,21.1,21.1,21.1,5938000,126.08,0,0.0
ACB,2026-10-01,Thursday,21.1,21.25,21.05,21.1,21.1,3419400,72.3,135600,2.71
ACB,2026-10-02,Friday,21.1,21.25,21.05,21.1,21.1,6545100,138.3,0,0.0
ACB,2026-10-05,Monday,21.1,21.2,20.95,21.0,21.0,5149200,108.43,0,0.0
ACB,2026-10-06,Tuesday,21.0,21.05,20.4,20.6,20.6,12839800,264.91,0,0.0
ACC,2026-09-09,Wednesday,4.41,4.54,4.37,4.49,4.49,354300,1.57,0,0.0
ACC,2026-09-10,Thursday,4.49,4.57,4.41,4.43,4.43,92100,0.41,0,0.0
ACC,2026-09-11,Friday,4.43,4.45,4.29,4.32,4.32,311000,1.35,0,0.0
ACC,2026-09-14,Monday,4.37,4.38,4.28,4.29,4.29,193400,0.83,0,0.0
ACC,2026-09-15,Tuesday,4.34,4.37,4.28,4.3,4.3,146200,0.63,0,0.0
ACC,2026-09-16,Wednesday,4.29,4.35,4.27,4.34,4.34,165100,0.71,0,0.0
ACC,2026-09-17,Thursday,4.3,4.58,4.29,4.42,4.42,214600,0.94,0,0.0
ACC,2026-09-18,Friday,4.47,4.52,4.31,4.42,4.42,227200,1.0,0,0.0
ACC,2026-09-21,Monday,4.41,4.41,4.32,4.34,4.34,131300,0.57,0,0.0
ACC,2026-09-22,Tuesday,4.3,4.37,4.3,4.33,4.33,151700,0.66,0,0.0
ACC,2026-09-23,Wednesday,4.33,4.37,4.3,4.32,4.32,98100,0.42,0,0.0
ACC,2026-09-24,Thursday,4.31,4.32,4.27,4.27,4.27,313000,1.34,0,0.0
ACC,2026-09-25,Friday,4.33,4.33,4.26,4.28,4.28,140300,0.6,0,0.0
ACC,2026-09-28,Monday,4.32,4.32,4.25,4.28,4.28,169300,0.72,0,0.0
ACC,2026-09-29,Tuesday,4.21,4.28,4.21,4.26,4.26,102500,0.44,0,0.0
ACC,2026-09-30,Wednesday,4.26,4.28,4.23,4.23,4.23,129700,0.55,0,0.0
ACC,2026-10-01,Thursday,4.23,4.25,4.19,4.19,4.19,148200,0.62,0,0.0
ACC,2026-10-02,Friday,4.2,4.22,4.05,4.09,4.09,192500,0.79,0,0.0
ACC,2026-10-05,Monday,4.09,4.09,3.85,3.89,3.89,287900,1.13,0,0.0
ACC,2026-10-06,Tuesday,3.89,3.9,3.62,3.65,3.65,382300,1.41,0,0.0
ACG,2026-09-09,Wednesday,31.95,31.95,31.1,31.9,30.9,1800,0.06,0,0.0
ACG,2026-09-10,Thursday,31.8,31.8,31.8,31.8,30.81,1500,0.05,0,0.0
ACG,2026-09-11,Friday,31.8,32.3,31.1,32.3,31.29,6200,0.19,0,0.0
ACG,2026-09-14,Monday,32.2,32.2,30.6,32.0,31.0,1700,0.05,0,0.0
ACG,2026-09-15,Tuesday,31.3,32.2,30.8,32.0,31.0,45600,1.42,0,0.0
ACG,2026-09-16,Wednesday,31.0,31.8,30.6,31.8,31.8,1300,0.04,0,0.0
ACG,2026-09-17,Thursday,31.0,31.8,30.0,31.7,31.7,44200,1.34,0,0.0
ACG,2026-09-18,Friday,31.7,31.7,31.7,31.7,31.7,0,0.0,0,0.0
ACG,2026-09-21,Monday,31.5,31.5,30.6,31.2,31.2,2200,0.07,0,0.0
ACG,2026-09-22,Tuesday,31.2,31.2,31.2,31.2,31.2,100,0.0,0,0.0
ACG,2026-09-23,Wednesday,31.2,31.2,30.05,30.05,30.05,14500,0.44,0,0.0
ACG,2026-09-24,Thursday,31.5,31.5,30.2,31.25,31.25,3600,0.11,0,0.0
ACG,2026-09-25,Friday,31.15,31.15,31.15,31.15,31.15,200,0.01,0,0.0
ACG,2026-09-28,Monday,32.3,32.3,30.0,31.5,31.5,1100,0.03,0,0.0
ACG,2026-09-29,Tuesday,30.5,31.5,30.5,31.5,31.5,200,0.01,0,0.0
ACG,2026-09-30,Wednesday,31.5,31.5,30.2,31.4,31.4,500,0.02,0,0.0
ACG,2026-10-01,Thursday,30.5,31.3,30.5,31.3,31.3,400,0.01,0,0.0
ACG,2026-10-02,Friday,31.3,31.3,29.9,29.9,29.9,1300,0.04,0,0.0
ACG,2026-10-05,Monday,29.85,31.3,29.85,31.0,31.0,800,0.02,0,0.0
ACG,2026-10-06,Tuesday,31.0,31.0,31.0,31.0,31.0,600,0.02,0,0.0
ACL,2026-09-09,Wednesday,12.0,12.0,12.0,12.0,12.0,0,0.0,0,0.0
ACL,2026-09-10,Thursday,11.9,11.9,11.9,11.9,11.9,100,0.0,0,0.0
ACL,2026-09-11,Friday,11.3,11.65,11.2,11.2,11.2,4800,0.05,0,0.0
ACL,2026-09-14,Monday,11.2,11.4,10.8,11.0,11.0,7300,0.08,0,0.0
ACL,2026-09-15,Tuesday,10.55,11.45,10.55,11.0,11.0,9900,0.1,0,0.0
ACL,2026-09-16,Wednesday,10.65,11.25,10.65,10.95,10.95,7400,0.08,0,0.0
ACL,2026-09-17,Thursday,10.7,11.45,10.7,11.3,11.3,6800,0.07,0,0.0
ACL,2026-09-18,Friday,10.65,11.5,10.65,11.0,11.0,7800,0.08,0,0.0
ACL,2026-09-21,Monday,11.0,11.1,11.0,11.0,11.0,1600,0.02,0,0.0
ACL,2026-09-22,Tuesday,10.65,10.9,10.65,10.65,10.65,3300,0.04,0,0.0
ACL,2026-09-23,Wednesday,10.7,11.25,10.7,11.25,11.25,4500,0.05,0,0.0
ACL,2026-09-24,Thursday,11.95,11.95,11.8,11.8,11.8,300,0.0,0,0.0
ACL,2026-09-25,Friday,11.0,11.7,11.0,11.1,11.1,11700,0.13,0,0.0
ACL,2026-09-28,Monday,11.05,11.05,10.55,11.05,11.05,1000,0.01,0,0.0
ACL,2026-09-29,Tuesday,11.15,11.7,11.15,11.7,11.7,700,0.01,0,0.0
ACL,2026-09-30,Wednesday,10.95,11.4,10.9,11.4,11.4,5600,0.06,0,0.0
ACL,2026-10-01,Thursday,11.95,11.95,11.2,11.2,11.2,200,0.0,0,0.0
ACL,2026-10-02,Friday,11.2,11.2,11.2,11.2,11.2,0,0.0,0,0.0
ACL,2026-10-05,Monday,11.0,11.0,11.0,11.0,11.0,300,0.0,0,0.0
ACL,2026-10-06,Tuesday,11.0,11.4,11.0,11.0,11.0,6200,0.07,0,0.0
ADG,2026-09-09,Wednesday,8.39,8.39,8.39,8.39,8.39,0,0.0,0,0.0
ADG,2026-09-10,Thursday,8.39,8.39,8.39,8.39,8.39,0,0.0,0,0.0
ADG,2026-09-11,Friday,8.39,8.39,8.39,8.39,8.39,0,0.0,0,0.0
ADG,2026-09-14,Monday,8.0,8.0,8.0,8.0,8.0,100,0.0,0,0.0
ADG,2026-09-15,Tuesday,8.0,8.0,8.0,8.0,8.0,300,0.0,0,0.0
ADG,2026-09-16,Wednesday,7.9,8.51,7.5,8.51,8.51,2200,0.02,0,0.0
ADG,2026-09-17,Thursday,8.51,8.51,8.51,8.51,8.51,0,0.0,0,0.0
ADG,2026-09-18,Friday,7.92,8.0,7.92,8.0,8.0,700,0.01,0,0.0
ADG,2026-09-21,Monday,8.0,8.0,8.0,8.0,8.0,0,0.0,0,0.0
ADG,2026-09-22,Tuesday,8.0,8.0,8.0,8.0,8.0,0,0.0,0,0.0
ADG,2026-09-23,Wednesday,7.5,8.32,7.44,8.2,8.2,2600,0.02,0,0.0
ADG,2026-09-24,Thursday,8.2,8.2,8.2,8.2,8.2,0,0.0,0,0.0
ADG,2026-09-25,Friday,8.2,8.2,8.2,8.2,8.2,0,0.0,0,0.0
ADG,2026-09-28,Monday,8.2,8.2,8.2,8.2,8.2,0,0.0,0,0.0
ADG,2026-09-29,Tuesday,8.2,8.2,8.2,8.2,8.2,0,0.0,0,0.0
ADG,2026-09-30,Wednesday,8.2,8.2,8.2,8.2,8.2,0,0.0,0,0.0
ADG,2026-10-01,Thursday,7.65,8.63,7.63,8.62,8.62,3800,0.03,0,0.0
ADG,2026-10-02,Friday,8.02,8.5,8.02,8.5,8.5,2000,0.02,0,0.0
ADG,2026-10-05,Monday,8.5,8.5,8.5,8.5,8.5,0,0.0,0,0.0
ADG,2026-10-06,Tuesday,8.5,8.5,8.5,8.5,8.5,0,0.0,0,0.0
ADP,2026-09-09,Wednesday,23.8,24.0,23.8,23.9,23.22,3500,0.08,0,0.0
ADP,2026-09-10,Thursday,23.6,23.8,23.55,23.8,23.12,2700,0.06,0,0.0
ADP,2026-09-11,Friday,23.5,23.8,23.5,23.8,23.12,600,0.01,0,0.0
ADP,2026-09-14,Monday,23.8,23.8,23.0,23.5,22.83,7900,0.19,0,0.0
ADP,2026-09-15,Tuesday,24.0,24.0,23.55,23.55,22.88,1000,0.02,0,0.0
ADP,2026-09-16,Wednesday,24.0,24.8,23.65,23.7,23.02,5000,0.12,0,0.0
ADP,2026-09-17,Thursday,24.0,24.0,24.0,24.0,23.31,1200,0.03,0,0.0
ADP,2026-09-18,Friday,24.0,24.0,23.85,23.85,23.17,3000,0.07,0,0.0
ADP,2026-09-21,Monday,23.9,23.9,23.7,23.9,23.22,1500,0.04,0,0.0
ADP,2026-09-22,Tuesday,24.0,24.3,23.9,24.2,23.51,2400,0.06,0,0.0
ADP,2026-09-23,Wednesday,24.0,24.4,24.0,24.2,23.51,6600,0.16,0,0.0
ADP,2026-09-24,Thursday,24.2,24.5,24.15,24.3,23.6,6300,0.15,0,0.0
ADP,2026-09-25,Friday,24.6,24.6,24.25,24.25,23.56,1200,0.03,0,0.0
ADP,2026-09-28,Monday,24.3,24.5,24.3,24.5,23.8,2600,0.06,0,0.0
ADP,2026-09-29,Tuesday,24.5,24.6,24.3,24.5,23.8,8100,0.2,0,0.0
ADP,2026-09-30,Wednesday,24.5,24.55,24.5,24.5,23.8,27300,0.67,0,0.0
ADP,2026-10-01,Thursday,23.2,24.0,23.2,23.6,23.6,400,0.01,0,0.0
ADP,2026-10-02,Friday,24.0,24.0,23.55,23.65,23.65,2400,0.06,0,0.0
ADP,2026-10-05,Monday,23.65,23.95,23.65,23.95,23.95,3600,0.09,0,0.0
ADP,2026-10-06,Tuesday,23.95,23.95,23.1,23.55,23.55,2400,0.06,0,0.0
ADS,2026-09-09,Wednesday,8.06,8.16,8.0,8.09,8.09,46500,0.37,0,0.0
ADS,2026-09-10,Thursday,8.05,8.09,7.98,8.09,8.09,41600,0.33,0,0.0
ADS,2026-09-11,Friday,8.09,8.2,8.04,8.04,8.04,49400,0.4,0,0.0
ADS,2026-09-14,Monday,8.04,8.09,8.0,8.0,8.0,59900,0.48,0,0.0
ADS,2026-09-15,Tuesday,8.0,8.0,7.8,7.98,7.98,38800,0.31,0,0.0
ADS,2026-09-16,Wednesday,7.95,7.96,7.9,7.92,7.92,24600,0.2,158000,1.27
ADS,2026-09-17,Thursday,7.92,8.24,7.89,7.95,7.95,19600,0.16,0,0.0
ADS,2026-09-18,Friday,8.1,8.1,7.91,7.95,7.95,7200,0.06,0,0.0
ADS,2026-09-21,Monday,7.91,8.03,7.9,7.93,7.93,5200,0.04,0,0.0
ADS,2026-09-22,Tuesday,7.9,7.99,7.9,7.9,7.9,20400,0.16,0,0.0
ADS,2026-09-23,Wednesday,7.87,7.98,7.87,7.87,7.87,67100,0.53,0,0.0
ADS,2026-09-24,Thursday,7.88,7.94,7.8,7.89,7.89,24500,0.19,0,0.0
ADS,2026-09-25,Friday,7.89,7.89,7.86,7.89,7.89,5500,0.04,0,0.0
ADS,2026-09-28,Monday,7.89,7.89,7.75,7.82,7.82,26100,0.2,0,0.0
ADS,2026-09-29,Tuesday,7.85,7.85,7.72,7.73,7.73,28700,0.22,0,0.0
ADS,2026-09-30,Wednesday,7.8,7.8,7.6,7.79,7.79,28200,0.22,0,0.0
ADS,2026-10-01,Thursday,7.76,7.8,7.7,7.78,7.78,16800,0.13,0,0.0
ADS,2026-10-02,Friday,7.58,7.86,7.58,7.78,7.78,14700,0.11,0,0.0
ADS,2026-10-05,Monday,7.79,7.8,7.5,7.5,7.5,26100,0.2,0,0.0
ADS,2026-10-06,Tuesday,7.79,7.79,7.5,7.5,7.5,26600,0.2,0,0.0
AFX,2026-09-09,Wednesday,10.05,10.1,9.9,10.0,10.0,121500,1.21,740000,7.92
AFX,2026-09-10,Thursday,9.99,10.0,9.9,9.98,9.98,126100,1.26,0,0.0
AFX,2026-09-11,Friday,10.0,10.0,9.5,9.9,9.9,186500,1.84,1017000,10.83
AFX,2026-09-14,Monday,9.9,10.0,9.55,9.8,9.8,171600,1.69,0,0.0
AFX,2026-09-15,Tuesday,9.8,9.95,9.78,9.8,9.8,122100,1.2,0,0.0
AFX,2026-09-16,Wednesday,9.85,9.9,9.8,9.86,9.86,112900,1.11,0,0.0
AFX,2026-09-17,Thursday,9.86,9.88,9.8,9.86,9.86,145800,1.44,0,0.0
AFX,2026-09-18,Friday,9.85,9.86,9.71,9.86,9.86,117300,1.15,0,0.0
AFX,2026-09-21,Monday,9.86,10.0,9.86,9.9,9.9,209800,2.07,0,0.0
AFX,2026-09-22,Tuesday,9.9,9.99,9.84,9.98,9.98,116400,1.15,0,0.0
AFX,2026-09-23,Wednesday,9.98,9.98,9.9,9.95,9.95,135500,1.35,0,0.0
AFX,2026-09-24,Thursday,9.99,9.99,9.88,9.89,9.89,94900,0.94,0,0.0
AFX,2026-09-25,Friday,9.9,10.05,9.88,9.95,9.95,138000,1.37,0,0.0
AFX,2026-09-28,Monday,9.95,9.99,9.61,9.87,9.87,136800,1.35,0,0.0
AFX,2026-09-29,Tuesday,9.93,9.93,9.62,9.85,9.85,190300,1.88,0,0.0
AFX,2026-09-30,Wednesday,9.84,9.85,9.62,9.8,9.8,131000,1.29,0,0.0
AFX,2026-10-01,Thursday,9.78,9.83,9.72,9.78,9.78,173600,1.7,0,0.0
AFX,2026-10-02,Friday,9.78,9.78,9.55,9.73,9.73,131100,1.26,0,0.0
AFX,2026-10-05,Monday,9.72,9.73,9.69,9.73,9.73,98500,0.96,0,0.0
AFX,2026-10-06,Tuesday,9.73,9.73,9.66,9.72,9.72,89200,0.87,0,0.0
AGG,2026-09-09,Wednesday,10.4,10.55,10.2,10.4,10.4,199500,2.06,0,0.0
AGG,2026-09-10,Thursday,10.5,10.5,10.25,10.4,10.4,151600,1.57,1385000,15.23
AGG,2026-09-11,Friday,10.3,10.3,10.1,10.3,10.3,267100,2.73,0,0.0
AGG,2026-09-14,Monday,10.1,10.25,10.0,10.15,10.15,256000,2.59,680000,7.48
AGG,2026-09-15,Tuesday,10.1,10.15,9.97,10.1,10.1,349000,3.5,45000,0.49
AGG,2026-09-16,Wednesday,10.1,10.1,9.96,9.98,9.98,211700,2.11,2535000,27.38
AGG,2026-09-17,Thursday,9.82,10.05,9.82,10.0,10.0,295900,2.95,0,0.0
AGG,2026-09-18,Friday,10.0,10.1,9.98,10.0,10.0,197600,1.97,40000,0.42
AGG,2026-09-21,Monday,10.0,10.0,9.93,9.96,9.96,139400,1.39,133401,1.24
AGG,2026-09-22,Tuesday,9.98,9.98,9.93,9.96,9.96,220900,2.2,0,0.0
AGG,2026-09-23,Wednesday,9.96,9.98,9.91,9.94,9.94,280600,2.79,0,0.0
AGG,2026-09-24,Thursday,9.92,9.94,9.82,9.86,9.86,165600,1.63,666300,6.16
AGG,2026-09-25,Friday,9.81,9.86,9.17,9.17,9.17,590500,5.62,0,0.0
AGG,2026-09-28,Monday,9.1,9.18,8.53,9.18,9.18,1516200,13.32,475000,4.28
AGG,2026-09-29,Tuesday,9.08,9.15,8.72,9.15,9.15,194300,1.76,0,0.0
AGG,2026-09-30,Wednesday,9.02,9.15,8.8,9.0,9.0,243200,2.18,592000,5.33
AGG,2026-10-01,Thursday,8.87,9.0,8.83,9.0,9.0,124000,1.11,315000,2.84
AGG,2026-10-02,Friday,8.83,9.0,8.8,9.0,9.0,187700,1.68,392000,3.51
AGG,2026-10-05,Monday,8.73,8.99,8.73,8.99,8.99,165000,1.47,0,0.0
AGG,2026-10-06,Tuesday,9.0,9.0,8.8,8.99,8.99,135300,1.21,0,0.0
AGR,2026-09-09,Wednesday,13.05,13.1,12.85,12.85,12.85,104200,1.35,0,0.0
AGR,2026-09-10,Thursday,12.95,13.0,12.8,13.0,13.0,118900,1.54,0,0.0
AGR,2026-09-11,Friday,12.85,12.95,12.65,12.65,12.65,250900,3.2,0,0.0
AGR,2026-09-14,Monday,12.65,12.75,12.35,12.65,12.65,239100,2.99,0,0.0
AGR,2026-09-15,Tuesday,12.75,12.75,12.6,12.65,12.65,213200,2.7,0,0.0
AGR,2026-09-16,Wednesday,12.65,12.8,12.55,12.6,12.6,119200,1.5,0,0.0
AGR,2026-09-17,Thursday,12.6,13.15,12.5,12.9,12.9,336700,4.34,0,0.0
AGR,2026-09-18,Friday,13.05,13.05,12.85,12.9,12.9,228200,2.95,0,0.0
AGR,2026-09-21,Monday,13.05,13.05,12.6,12.65,12.65,218600,2.79,0,0.0
AGR,2026-09-22,Tuesday,12.75,12.8,12.6,12.6,12.6,212200,2.69,0,0.0
AGR,2026-09-23,Wednesday,12.6,12.75,12.55,12.6,12.6,181700,2.29,0,0.0
AGR,2026-09-24,Thursday,12.55,12.6,12.45,12.55,12.55,224700,2.82,0,0.0
AGR,2026-09-25,Friday,12.55,12.6,12.45,12.45,12.45,136900,1.72,0,0.0
AGR,2026-09-28,Monday,12.45,12.5,12.0,12.25,12.25,277900,3.38,0,0.0
AGR,2026-09-29,Tuesday,12.2,12.3,12.0,12.2,12.2,220200,2.68,0,0.0
AGR,2026-09-30,Wednesday,12.2,12.35,11.95,11.95,11.95,147000,1.77,0,0.0
AGR,2026-10-01,Thursday,11.8,12.0,11.8,11.9,11.9,272400,3.25,0,0.0
AGR,2026-10-02,Friday,11.9,11.95,11.65,11.65,11.65,323000,3.81,0,0.0
AGR,2026-10-05,Monday,11.75,11.85,11.7,11.7,11.7,116400,1.37,0,0.0
AGR,2026-10-06,Tuesday,11.85,11.85,11.35,11.6,11.6,265500,3.06,0,0.0
ANT,2026-09-09,Wednesday,18.2,18.5,18.15,18.15,18.15,19100,0.35,0,0.0
ANT,2026-09-10,Thursday,16.9,18.6,16.9,18.6,18.6,25900,0.46,0,0.0
ANT,2026-09-11,Friday,18.4,18.6,17.4,18.0,18.0,12200,0.22,0,0.0
ANT,2026-09-14,Monday,18.0,18.0,17.4,18.0,18.0,17400,0.31,0,0.0
ANT,2026-09-15,Tuesday,18.0,18.1,17.7,18.0,18.0,2600,0.05,0,0.0
ANT,2026-09-16,Wednesday,18.0,18.55,17.55,18.0,18.0,13300,0.24,0,0.0
ANT,2026-09-17,Thursday,17.5,18.0,17.5,17.95,17.95,15700,0.28,0,0.0
ANT,2026-09-18,Friday,17.6,17.95,17.35,17.95,17.95,18400,0.32,0,0.0
ANT,2026-09-21,Monday,17.9,17.95,17.45,17.95,17.95,19400,0.34,0,0.0
ANT,2026-09-22,Tuesday,17.9,17.9,17.4,17.4,17.4,6300,0.11,0,0.0
ANT,2026-09-23,Wednesday,17.4,17.8,17.35,17.7,17.7,10800,0.19,0,0.0
ANT,2026-09-24,Thursday,17.15,17.95,17.15,17.95,17.95,78400,1.37,0,0.0
ANT,2026-09-25,Friday,17.9,18.55,17.9,18.35,18.35,39200,0.72,0,0.0
ANT,2026-09-28,Monday,18.35,18.5,18.0,18.5,18.5,14600,0.27,0,0.0
ANT,2026-09-29,Tuesday,17.65,18.6,17.65,18.45,18.45,29100,0.54,0,0.0
ANT,2026-09-30,Wednesday,18.5,18.8,18.5,18.75,18.75,14800,0.28,0,0.0
ANT,2026-10-01,Thursday,18.25,19.3,18.25,18.85,18.85,21800,0.41,0,0.0
ANT,2026-10-02,Friday,18.95,18.95,18.5,18.95,18.95,8900,0.17,0,0.0
ANT,2026-10-05,Monday,18.6,19.0,18.4,18.65,18.65,20500,0.38,0,0.0
ANT,2026-10-06,Tuesday,18.5,18.7,17.4,17.4,17.4,17500,0.31,0,0.0
ANV,2026-09-09,Wednesday,16.3,16.55,16.2,16.3,16.3,393400,6.46,0,0.0
ANV,2026-09-10,Thursday,16.2,16.35,16.15,16.2,16.2,261500,4.24,0,0.0
ANV,2026-09-11,Friday,16.1,16.1,15.65,15.65,15.65,627900,9.95,0,0.0
ANV,2026-09-14,Monday,15.5,15.7,15.3,15.3,15.3,342000,5.3,0,0.0
ANV,2026-09-15,Tuesday,15.25,16.2,15.25,15.95,15.95,597000,9.44,0,0.0
ANV,2026-09-16,Wednesday,15.9,16.1,15.65,15.8,15.8,200200,3.17,0,0.0
ANV,2026-09-17,Thursday,15.6,16.25,15.6,16.0,16.0,476800,7.65,0,0.0
ANV,2026-09-18,Friday,16.05,16.1,15.85,16.0,16.0,331200,5.31,0,0.0
ANV,2026-09-21,Monday,16.1,16.35,15.9,16.0,16.0,389700,6.27,0,0.0
ANV,2026-09-22,Tuesday,16.05,16.1,15.95,16.1,16.1,255000,4.09,0,0.0
ANV,2026-09-23,Wednesday,16.4,16.7,16.2,16.25,16.25,577000,9.46,0,0.0
ANV,2026-09-24,Thursday,16.25,16.3,16.1,16.2,16.2,207500,3.36,0,0.0
ANV,2026-09-25,Friday,16.2,16.2,15.9,15.95,15.95,246100,3.94,0,0.0
ANV,2026-09-28,Monday,16.1,16.1,15.3,15.3,15.3,669300,10.43,0,0.0
ANV,2026-09-29,Tuesday,15.2,15.75,15.1,15.65,15.65,422900,6.54,0,0.0
ANV,2026-09-30,Wednesday,15.65,15.85,15.5,15.55,15.55,231600,3.63,0,0.0
ANV,2026-10-01,Thursday,15.55,15.95,15.55,15.9,15.9,432500,6.84,0,0.0
ANV,2026-10-02,Friday,16.0,17.0,16.0,17.0,17.0,2821200,47.76,0,0.0
ANV,2026-10-05,Monday,17.0,17.75,17.0,17.4,17.4,1202900,20.95,0,0.0
ANV,2026-10-06,Tuesday,17.5,17.5,16.7,17.2,17.2,1273600,21.65,0,0.0
APG,2026-09-09,Wednesday,4.86,4.86,4.73,4.73,4.73,147500,0.7,0,0.0
APG,2026-09-10,Thursday,4.73,4.78,4.6,4.73,4.73,266100,1.25,0,0.0
APG,2026-09-11,Friday,4.7,4.75,4.65,4.65,4.65,110200,0.52,0,0.0
APG,2026-09-14,Monday,4.65,4.68,4.54,4.54,4.54,93700,0.43,0,0.0
APG,2026-09-15,Tuesday,4.54,4.66,4.51,4.55,4.55,71400,0.32,0,0.0
APG,2026-09-16,Wednesday,4.58,4.6,4.5,4.51,4.51,73200,0.33,0,0.0
APG,2026-09-17,Thursday,4.5,4.62,4.44,4.57,4.57,189900,0.87,0,0.0
APG,2026-09-18,Friday,4.58,4.68,4.5,4.6,4.6,240700,1.11,0,0.0
APG,2026-09-21,Monday,4.5,4.61,4.5,4.53,4.53,95500,0.43,0,0.0
APG,2026-09-22,Tuesday,4.59,4.59,4.45,4.53,4.53,130700,0.59,0,0.0
APG,2026-09-23,Wednesday,4.44,4.56,4.44,4.5,4.5,139600,0.63,0,0.0
APG,2026-09-24,Thursday,4.45,4.5,4.39,4.46,4.46,205500,0.91,0,0.0
APG,2026-09-25,Friday,4.44,4.5,4.41,4.43,4.43,59000,0.26,0,0.0
APG,2026-09-28,Monday,4.43,4.49,4.3,4.3,4.3,139900,0.61,0,0.0
APG,2026-09-29,Tuesday,4.29,4.4,4.23,4.3,4.3,75000,0.32,0,0.0
APG,2026-09-30,Wednesday,4.3,4.44,4.3,4.35,4.35,54500,0.24,0,0.0
APG,2026-10-01,Thursday,4.35,4.38,4.25,4.3,4.3,82900,0.36,0,0.0
APG,2026-10-02,Friday,4.3,4.35,4.15,4.22,4.22,149100,0.63,0,0.0
APG,2026-10-05,Monday,4.23,4.3,4.23,4.27,4.27,110400,0.47,0,0.0
APG,2026-10-06,Tuesday,4.23,4.27,4.11,4.17,4.17,104400,0.44,0,0.0
APH,2026-09-09,Wednesday,6.35,6.54,6.25,6.4,6.4,424600,2.73,0,0.0
APH,2026-09-10,Thursday,6.4,6.47,6.25,6.4,6.4,233500,1.49,0,0.0
APH,2026-09-11,Friday,6.41,6.55,6.4,6.43,6.43,472000,3.06,0,0.0
APH,2026-09-14,Monday,6.5,6.84,6.4,6.7,6.7,997600,6.71,0,0.0
APH,2026-09-15,Tuesday,7.13,7.13,6.82,6.97,6.97,820500,5.74,0,0.0
APH,2026-09-16,Wednesday,6.98,6.98,6.78,6.8,6.8,491100,3.39,1368000,8.89
APH,2026-09-17,Thursday,6.73,6.95,6.73,6.84,6.84,305000,2.08,0,0.0
APH,2026-09-18,Friday,6.84,7.05,6.81,6.91,6.91,648000,4.47,0,0.0
APH,2026-09-21,Monday,6.95,7.39,6.95,7.39,7.39,1522900,11.13,0,0.0
APH,2026-09-22,Tuesday,7.58,7.58,7.31,7.32,7.32,615600,4.59,0,0.0
APH,2026-09-23,Wednesday,7.23,7.33,7.0,7.06,7.06,752900,5.37,0,0.0
APH,2026-09-24,Thursday,7.06,7.2,6.9,7.11,7.11,755100,5.3,1265000,8.86
APH,2026-09-25,Friday,7.11,7.18,6.99,7.0,7.0,229400,1.61,0,0.0
APH,2026-09-28,Monday,7.05,7.05,6.75,6.89,6.89,806900,5.55,0,0.0
APH,2026-09-29,Tuesday,6.67,6.86,6.67,6.8,6.8,434700,2.95,0,0.0
APH,2026-09-30,Wednesday,6.97,6.97,6.75,6.76,6.76,247800,1.68,0,0.0
APH,2026-10-01,Thursday,6.76,6.99,6.75,6.96,6.96,302300,2.08,0,0.0
APH,2026-10-02,Friday,7.0,7.0,6.9,6.98,6.98,166500,1.16,0,0.0
APH,2026-10-05,Monday,7.07,7.18,6.98,7.0,7.0,544800,3.87,100950,0.66
APH,2026-10-06,Tuesday,7.02,7.08,6.86,6.98,6.98,340200,2.36,0,0.0
ASG,2026-09-09,Wednesday,16.5,16.5,16.0,16.0,16.0,1100,0.02,0,0.0
ASG,2026-09-10,Thursday,16.0,16.0,16.0,16.0,16.0,1000,0.02,0,0.0
ASG,2026-09-11,Friday,16.1,16.1,15.7,16.1,16.1,700,0.01,0,0.0
ASG,2026-09-14,Monday,16.0,16.0,16.0,16.0,16.0,500,0.01,0,0.0
ASG,2026-09-15,Tuesday,16.0,16.0,16.0,16.0,16.0,0,0.0,0,0.0
ASG,2026-09-16,Wednesday,16.3,16.3,16.3,16.3,16.3,200,0.0,0,0.0
ASG,2026-09-17,Thursday,16.3,16.3,16.3,16.3,16.3,0,0.0,0,0.0
ASG,2026-09-18,Friday,16.0,16.0,16.0,16.0,16.0,200,0.0,0,0.0
ASG,2026-09-21,Monday,16.0,16.0,16.0,16.0,16.0,0,0.0,0,0.0
ASG,2026-09-22,Tuesday,16.0,16.0,16.0,16.0,16.0,100,0.0,3361050,50.42
ASG,2026-09-23,Wednesday,16.0,16.0,16.0,16.0,16.0,200,0.0,0,0.0
ASG,2026-09-24,Thursday,16.0,16.0,16.0,16.0,16.0,0,0.0,0,0.0
ASG,2026-09-25,Friday,15.5,15.5,15.5,15.5,15.5,100,0.0,0,0.0
ASG,2026-09-28,Monday,15.8,15.8,15.8,15.8,15.8,100,0.0,0,0.0
ASG,2026-09-29,Tuesday,15.8,15.8,15.8,15.8,15.8,0,0.0,3296032,49.77
ASG,2026-09-30,Wednesday,15.8,15.8,15.8,15.8,15.8,0,0.0,0,0.0
ASG,2026-10-01,Thursday,15.8,15.8,15.8,15.8,15.8,0,0.0,0,0.0
ASG,2026-10-02,Friday,16.0,16.0,16.0,16.0,16.0,400,0.01,0,0.0
ASG,2026-10-05,Monday,16.0,16.0,16.0,16.0,16.0,0,0.0,4507418,74.82
ASG,2026-10-06,Tuesday,16.45,16.45,16.45,16.45,16.45,100,0.0,0,0.0
ASM,2026-09-09,Wednesday,5.35,5.42,5.25,5.29,5.29,327000,1.74,0,0.0
ASM,2026-09-10,Thursday,5.29,5.34,5.29,5.32,5.32,199200,1.06,0,0.0
ASM,2026-09-11,Friday,5.37,5.37,5.2,5.2,5.2,153600,0.81,0,0.0
ASM,2026-09-14,Monday,5.16,5.19,5.03,5.09,5.09,244800,1.25,0,0.0
ASM,2026-09-15,Tuesday,5.09,5.24,5.09,5.21,5.21,104700,0.54,0,0.0
ASM,2026-09-16,Wednesday,5.21,5.26,5.14,5.16,5.16,52400,0.27,0,0.0
ASM,2026-09-17,Thursday,5.11,5.2,5.11,5.16,5.16,58800,0.3,0,0.0
ASM,2026-09-18,Friday,5.19,5.26,5.19,5.22,5.22,90900,0.47,0,0.0
ASM,2026-09-21,Monday,5.24,5.27,5.2,5.23,5.23,92000,0.48,0,0.0
ASM,2026-09-22,Tuesday,5.23,5.27,5.04,5.24,5.24,74900,0.39,0,0.0
ASM,2026-09-23,Wednesday,5.24,5.26,5.1,5.21,5.21,284800,1.49,0,0.0
ASM,2026-09-24,Thursday,5.18,5.23,5.11,5.11,5.11,130700,0.68,0,0.0
ASM,2026-09-25,Friday,5.11,5.19,5.1,5.11,5.11,87300,0.45,0,0.0
ASM,2026-09-28,Monday,5.11,5.11,4.98,5.0,5.0,186400,0.94,0,0.0
ASM,2026-09-29,Tuesday,5.01,5.01,4.9,4.97,4.97,112900,0.56,0,0.0
ASM,2026-09-30,Wednesday,4.97,5.03,4.92,4.97,4.97,62400,0.31,0,0.0
ASM,2026-10-01,Thursday,4.97,5.06,4.97,5.02,5.02,59500,0.3,0,0.0
ASM,2026-10-02,Friday,5.02,5.18,5.0,5.01,5.01,115000,0.58,0,0.0
ASM,2026-10-05,Monday,5.01,5.03,4.89,4.95,4.95,103400,0.51,0,0.0
ASM,2026-10-06,Tuesday,4.98,4.98,4.69,4.79,4.79,246900,1.18,0,0.0
ASP,2026-09-09,Wednesday,13.6,13.9,13.3,13.5,13.5,220200,2.99,0,0.0
ASP,2026-09-10,Thursday,13.2,14.0,13.2,14.0,14.0,125700,1.72,0,0.0
ASP,2026-09-11,Friday,14.5,14.7,14.15,14.3,14.3,129300,1.87,0,0.0
ASP,2026-09-14,Monday,14.3,15.3,14.3,15.2,15.2,292400,4.37,0,0.0
ASP,2026-09-15,Tuesday,15.0,15.6,15.0,15.5,15.5,285800,4.4,20000,0.31
ASP,2026-09-16,Wednesday,15.3,15.95,15.3,15.5,15.5,230200,3.61,0,0.0
ASP,2026-09-17,Thursday,15.35,15.5,15.25,15.25,15.25,191800,2.95,0,0.0
ASP,2026-09-18,Friday,15.45,15.45,14.85,15.15,15.15,175600,2.65,0,0.0
ASP,2026-09-21,Monday,15.45,16.2,15.2,16.1,16.1,623700,10.03,0,0.0
ASP,2026-09-22,Tuesday,16.25,17.0,15.7,16.1,16.1,220900,3.56,0,0.0
ASP,2026-09-23,Wednesday,16.0,16.3,15.8,16.15,16.15,181900,2.92,0,0.0
ASP,2026-09-24,Thursday,16.0,16.5,15.75,16.35,16.35,275100,4.45,0,0.0
ASP,2026-09-25,Friday,16.2,16.6,15.9,16.2,16.2,159300,2.56,0,0.0
ASP,2026-09-28,Monday,16.2,16.4,15.95,16.3,16.3,92500,1.49,0,0.0
ASP,2026-09-29,Tuesday,16.3,16.3,15.65,16.15,16.15,167300,2.66,0,0.0
ASP,2026-09-30,Wednesday,16.15,16.2,15.8,16.1,16.1,109500,1.75,0,0.0
ASP,2026-10-01,Thursday,16.6,16.6,15.85,16.2,16.2,209300,3.39,0,0.0
ASP,2026-10-02,Friday,16.05,16.5,15.9,16.0,16.0,87700,1.41,0,0.0
ASP,2026-10-05,Monday,16.1,16.1,15.5,15.55,15.55,173700,2.72,0,0.0
ASP,2026-10-06,Tuesday,15.55,15.9,14.55,14.75,14.75,293300,4.41,0,0.0
AST,2026-09-09,Wednesday,63.3,64.9,62.6,64.9,64.9,16200,1.04,0,0.0
AST,2026-09-10,Thursday,64.0,64.0,63.5,63.5,63.5,5000,0.32,0,0.0
AST,2026-09-11,Friday,63.5,67.9,63.4,67.9,67.9,37400,2.52,0,0.0
AST,2026-09-14,Monday,64.0,65.0,63.7,63.7,63.7,29700,1.91,14927160,1052.85
AST,2026-09-15,Tuesday,64.5,64.5,62.8,63.1,63.1,18800,1.19,0,0.0
AST,2026-09-16,Wednesday,63.0,63.0,62.7,62.7,62.7,5400,0.34,0,0.0
AST,2026-09-17,Thursday,62.0,62.9,61.0,61.9,61.9,26300,1.64,0,0.0
AST,2026-09-18,Friday,61.9,63.7,61.8,63.7,63.7,18200,1.14,0,0.0
AST,2026-09-21,Monday,63.7,63.7,63.7,63.7,63.7,300,0.02,0,0.0
AST,2026-09-22,Tuesday,62.1,62.5,62.0,62.5,62.5,5300,0.33,0,0.0
AST,2026-09-23,Wednesday,62.5,63.7,62.5,63.3,63.3,85500,5.4,0,0.0
AST,2026-09-24,Thursday,63.3,63.7,63.0,63.7,63.7,2900,0.18,0,0.0
AST,2026-09-25,Friday,63.7,63.7,62.5,63.1,63.1,3700,0.24,0,0.0
AST,2026-09-28,Monday,63.1,63.3,63.1,63.1,63.1,1900,0.12,0,0.0
AST,2026-09-29,Tuesday,63.0,63.5,63.0,63.5,63.5,1500,0.09,0,0.0
AST,2026-09-30,Wednesday,63.5,67.8,59.4,59.4,59.4,16400,1.04,0,0.0
AST,2026-10-01,Thursday,60.5,61.0,60.5,60.5,60.5,2200,0.13,0,0.0
AST,2026-10-02,Friday,60.7,60.7,60.5,60.5,60.5,10200,0.62,0,0.0
AST,2026-10-05,Monday,60.5,62.0,60.5,62.0,62.0,11100,0.69,0,0.0
AST,2026-10-06,Tuesday,62.0,62.0,62.0,62.0,62.0,500,0.03,0,0.0
BAF,2026-09-09,Wednesday,32.1,32.15,31.95,32.1,32.1,1359800,43.56,0,0.0
BAF,2026-09-10,Thursday,32.0,32.2,31.9,32.2,32.2,1125900,36.07,0,0.0
BAF,2026-09-11,Friday,32.1,32.2,31.85,32.05,32.05,1287500,41.24,0,0.0
BAF,2026-09-14,Monday,31.95,32.2,31.65,31.85,31.85,1406000,44.86,0,0.0
BAF,2026-09-15,Tuesday,31.85,32.15,31.8,32.1,32.1,1536800,49.11,635000,20.32
BAF,2026-09-16,Wednesday,32.15,32.25,31.8,32.1,32.1,1020700,32.64,0,0.0
BAF,2026-09-17,Thursday,32.0,32.2,31.85,32.05,32.05,1268700,40.64,3147000,100.56
BAF,2026-09-18,Friday,31.9,32.15,31.8,32.05,32.05,1627700,52.06,21000,0.67
BAF,2026-09-21,Monday,32.1,32.15,31.8,32.0,32.0,909300,29.04,0,0.0
BAF,2026-09-22,Tuesday,31.9,32.0,31.4,31.6,31.6,1945300,61.52,0,0.0
BAF,2026-09-23,Wednesday,31.65,31.75,31.3,31.6,31.6,1389500,43.73,0,0.0
BAF,2026-09-24,Thursday,31.5,31.7,31.3,31.65,31.65,1645100,51.86,0,0.0
BAF,2026-09-25,Friday,31.65,31.9,31.35,31.85,31.85,1807700,57.22,0,0.0
BAF,2026-09-28,Monday,31.95,32.0,31.4,31.75,31.75,1538200,48.62,0,0.0
BAF,2026-09-29,Tuesday,31.55,31.75,31.1,31.6,31.6,1898000,59.74,155000,4.96
BAF,2026-09-30,Wednesday,31.6,31.7,30.85,31.5,31.5,1538100,48.14,0,0.0
BAF,2026-10-01,Thursday,31.3,31.6,30.85,31.2,31.2,1498600,46.76,0,0.0
BAF,2026-10-02,Friday,31.2,31.2,30.15,30.8,30.8,1323200,40.46,0,0.0
BAF,2026-10-05,Monday,30.75,31.05,30.5,31.05,31.05,2877000,88.26,0,0.0
BAF,2026-10-06,Tuesday,30.8,31.15,30.6,31.15,31.15,2555300,78.73,396380,11.46
BCE,2026-09-09,Wednesday,5.7,5.7,5.4,5.62,5.62,24700,0.14,0,0.0
BCE,2026-09-10,Thursday,5.43,5.69,5.43,5.69,5.69,62100,0.35,0,0.0
BCE,2026-09-11,Friday,5.68,5.68,5.45,5.62,5.62,11600,0.06,0,0.0
BCE,2026-09-14,Monday,5.52,5.52,5.46,5.46,5.46,3400,0.02,0,0.0
BCE,2026-09-15,Tuesday,5.62,5.62,5.44,5.49,5.49,39800,0.22,0,0.0
BCE,2026-09-16,Wednesday,5.56,5.59,5.45,5.56,5.56,61800,0.34,0,0.0
BCE,2026-09-17,Thursday,5.59,5.61,5.45,5.58,5.58,87500,0.48,0,0.0
BCE,2026-09-18,Friday,5.59,5.61,5.56,5.61,5.61,14400,0.08,0,0.0
BCE,2026-09-21,Monday,5.61,5.61,5.5,5.5,5.5,9300,0.05,0,0.0
BCE,2026-09-22,Tuesday,5.5,5.5,5.46,5.5,5.5,6800,0.04,0,0.0
BCE,2026-09-23,Wednesday,5.5,5.61,5.4,5.57,5.57,39900,0.22,0,0.0
BCE,2026-09-24,Thursday,5.57,5.6,5.4,5.57,5.57,9700,0.05,0,0.0
BCE,2026-09-25,Friday,5.5,5.56,5.5,5.56,5.56,6000,0.03,0,0.0
BCE,2026-09-28,Monday,5.45,5.45,5.4,5.43,5.43,18100,0.1,0,0.0
BCE,2026-09-29,Tuesday,5.4,5.48,5.25,5.48,5.48,17700,0.1,0,0.0
BCE,2026-09-30,Wednesday,5.57,5.57,5.24,5.4,5.4,135200,0.72,0,0.0
BCE,2026-10-01,Thursday,5.4,5.4,5.28,5.28,5.28,34600,0.18,0,0.0
BCE,2026-10-02,Friday,5.28,5.4,5.28,5.38,5.38,9700,0.05,0,0.0
BCE,2026-10-05,Monday,5.38,5.42,5.12,5.15,5.15,1400,0.01,0,0.0
BCE,2026-10-06,Tuesday,5.15,5.15,4.95,5.1,5.1,32800,0.17,0,0.0
BCG,2026-07-07,Tuesday,2.53,2.53,2.53,2.53,2.53,0,0.0,0,0.0
BCG,2026-07-08,Wednesday,2.53,2.53,2.53,2.53,2.53,0,0.0,0,0.0
BCG,2026-07-09,Thursday,2.53,2.53,2.53,2.53,2.53,0,0.0,0,0.0
BCG,2026-07-10,Friday,2.53,2.53,2.53,2.53,2.53,0,0.0,0,0.0
BCG,2026-07-13,Monday,2.53,2.53,2.53,2.53,2.53,0,0.0,0,0.0
BCG,2026-07-14,Tuesday,2.53,2.53,2.53,2.53,2.53,0,0.0,0,0.0
BCM,2026-09-09,Wednesday,42.4,42.75,41.0,41.3,41.3,760700,31.74,0,0.0
BCM,2026-09-10,Thursday,41.6,41.7,40.3,40.7,40.7,702700,28.6,0,0.0
BCM,2026-09-11,Friday,40.7,41.05,38.8,38.85,38.85,930400,36.93,0,0.0
BCM,2026-09-14,Monday,39.0,39.55,38.6,39.0,39.0,384400,15.0,0,0.0
BCM,2026-09-15,Tuesday,39.0,40.0,39.0,40.0,40.0,438700,17.34,0,0.0
BCM,2026-09-16,Wednesday,40.0,41.4,39.6,40.4,40.4,672500,27.39,0,0.0
BCM,2026-09-17,Thursday,40.05,40.9,40.0,40.45,40.45,342700,13.9,0,0.0
BCM,2026-09-18,Friday,40.6,40.95,40.25,40.25,40.25,312500,12.67,0,0.0
BCM,2026-09-21,Monday,40.5,40.85,39.7,39.8,39.8,406600,16.23,0,0.0
BCM,2026-09-22,Tuesday,39.65,40.85,39.6,40.2,40.2,367800,14.82,0,0.0
BCM,2026-09-23,Wednesday,40.4,41.05,40.3,40.55,40.55,350400,14.23,0,0.0
BCM,2026-09-24,Thursday,40.7,41.95,40.45,40.95,40.95,1161100,48.07,0,0.0
BCM,2026-09-25,Friday,41.25,41.3,40.2,40.2,40.2,417500,16.99,0,0.0
BCM,2026-09-28,Monday,40.5,40.5,38.5,39.05,39.05,840300,32.94,0,0.0
BCM,2026-09-29,Tuesday,39.2,39.65,38.85,39.6,39.6,344100,13.55,0,0.0
BCM,2026-09-30,Wednesday,39.4,40.5,39.4,39.7,39.7,548300,21.96,0,0.0
BCM,2026-10-01,Thursday,39.65,40.35,39.25,39.5,39.5,362200,14.42,0,0.0
BCM,2026-10-02,Friday,39.5,40.15,38.5,38.7,38.7,477700,18.7,0,0.0
BCM,2026-10-05,Monday,38.8,39.0,38.4,38.5,38.5,308700,11.92,0,0.0
BCM,2026-10-06,Tuesday,38.5,38.5,36.5,38.15,38.15,885100,33.07,0,0.0
BFC,2026-09-09,Wednesday,47.3,47.3,46.85,47.1,47.1,45000,2.11,0,0.0
BFC,2026-09-10,Thursday,46.9,47.2,46.6,47.2,47.2,18500,0.87,0,0.0
BFC,2026-09-11,Friday,47.0,47.4,46.0,46.75,46.75,54400,2.54,0,0.0
BFC,2026-09-14,Monday,46.7,46.7,46.1,46.2,46.2,42700,1.98,0,0.0
BFC,2026-09-15,Tuesday,45.45,48.0,45.45,47.9,47.9,137200,6.48,0,0.0
BFC,2026-09-16,Wednesday,48.5,50.1,47.9,48.6,48.6,378300,18.41,0,0.0
BFC,2026-09-17,Thursday,49.3,49.3,47.9,47.9,47.9,148800,7.18,0,0.0
BFC,2026-09-18,Friday,47.9,48.1,47.45,47.6,47.6,142600,6.8,0,0.0
BFC,2026-09-21,Monday,47.6,47.85,46.7,47.1,47.1,290600,13.79,0,0.0
BFC,2026-09-22,Tuesday,47.2,47.25,46.8,46.8,46.8,30800,1.45,0,0.0
BFC,2026-09-23,Wednesday,46.8,48.35,46.5,48.2,48.2,212800,10.11,0,0.0
BFC,2026-09-24,Thursday,48.0,48.3,47.2,47.8,47.8,182500,8.72,0,0.0
BFC,2026-09-25,Friday,47.8,48.9,47.8,48.35,48.35,241200,11.64,0,0.0
BFC,2026-09-28,Monday,48.35,51.2,48.35,49.9,49.9,330200,16.34,0,0.0
BFC,2026-09-29,Tuesday,51.0,51.4,50.0,50.5,50.5,147900,7.52,0,0.0
BFC,2026-09-30,Wednesday,50.4,51.0,50.2,50.4,50.4,159600,8.08,0,0.0
BFC,2026-10-01,Thursday,50.4,53.9,50.4,53.9,53.9,500300,26.37,0,0.0
BFC,2026-10-02,Friday,54.0,56.0,54.0,54.6,54.6,315300,17.32,0,0.0
BFC,2026-10-05,Monday,54.0,57.6,54.0,57.5,57.5,313300,17.66,0,0.0
BFC,2026-10-06,Tuesday,57.5,58.9,55.7,58.8,58.8,302400,17.39,0,0.0
BHN,2026-09-09,Wednesday,31.2,31.75,30.05,31.4,28.49,3400,0.11,0,0.0
BHN,2026-09-10,Thursday,31.45,31.7,31.25,31.7,28.76,1600,0.05,0,0.0
BHN,2026-09-11,Friday,31.65,31.65,30.45,31.5,28.58,3000,0.09,0,0.0
BHN,2026-09-14,Monday,31.8,31.8,30.65,30.65,27.81,1600,0.05,0,0.0
BHN,2026-09-15,Tuesday,28.65,28.65,28.15,28.5,28.5,2800,0.08,0,0.0
BHN,2026-09-16,Wednesday,28.5,28.5,27.8,27.8,27.8,3500,0.1,0,0.0
BHN,2026-09-17,Thursday,27.1,27.3,27.1,27.3,27.3,400,0.01,0,0.0
BHN,2026-09-18,Friday,27.5,27.5,27.5,27.5,27.5,1100,0.03,0,0.0
BHN,2026-09-21,Monday,27.5,27.6,27.5,27.6,27.6,2300,0.06,0,0.0
BHN,2026-09-22,Tuesday,27.6,27.95,27.6,27.95,27.95,200,0.01,0,0.0
BHN,2026-09-23,Wednesday,27.2,27.2,27.2,27.2,27.2,1300,0.04,0,0.0
BHN,2026-09-24,Thursday,27.2,27.2,27.2,27.2,27.2,500,0.01,0,0.0
BHN,2026-09-25,Friday,27.2,27.2,26.5,26.55,26.55,600,0.02,0,0.0
BHN,2026-09-28,Monday,27.9,28.0,27.05,27.05,27.05,1800,0.05,0,0.0
BHN,2026-09-29,Tuesday,28.0,28.0,27.9,27.9,27.9,300,0.01,0,0.0
BHN,2026-09-30,Wednesday,27.95,27.95,26.5,27.6,27.6,3300,0.09,0,0.0
BHN,2026-10-01,Thursday,27.6,27.6,27.6,27.6,27.6,900,0.02,0,0.0
BHN,2026-10-02,Friday,26.7,26.7,26.7,26.7,26.7,1900,0.05,0,0.0
BHN,2026-10-05,Monday,26.7,26.7,26.2,26.2,26.2,500,0.01,0,0.0
BHN,2026-10-06,Tuesday,26.5,27.25,26.5,27.25,27.25,300,0.01,0,0.0
BIC,2026-09-09,Wednesday,21.5,21.7,21.5,21.55,21.55,6200,0.13,0,0.0
BIC,2026-09-10,Thursday,21.55,21.55,21.45,21.45,21.45,13200,0.28,0,0.0
BIC,2026-09-11,Friday,21.45,21.45,21.25,21.25,21.25,4900,0.1,0,0.0
BIC,2026-09-14,Monday,21.4,21.4,21.1,21.1,21.1,6700,0.14,0,0.0
BIC,2026-09-15,Tuesday,21.35,21.35,21.1,21.1,21.1,111500,2.36,0,0.0
BIC,2026-09-16,Wednesday,21.1,21.1,20.95,20.95,20.95,11000,0.23,0,0.0
BIC,2026-09-17,Thursday,20.9,21.15,20.9,21.05,21.05,16200,0.34,0,0.0
BIC,2026-09-18,Friday,21.05,21.5,21.0,21.4,21.4,20500,0.44,0,0.0
BIC,2026-09-21,Monday,21.5,21.8,21.3,21.7,21.7,46600,1.01,0,0.0
BIC,2026-09-22,Tuesday,21.65,21.75,21.2,21.65,21.65,10900,0.24,0,0.0
BIC,2026-09-23,Wednesday,21.7,22.0,21.65,21.9,21.9,57300,1.25,0,0.0
BIC,2026-09-24,Thursday,21.85,21.9,21.5,21.55,21.55,14200,0.31,0,0.0
BIC,2026-09-25,Friday,21.95,21.95,21.5,21.5,21.5,10600,0.23,0,0.0
BIC,2026-09-28,Monday,21.4,21.9,21.4,21.8,21.8,62000,1.35,0,0.0
BIC,2026-09-29,Tuesday,21.95,21.95,21.55,21.6,21.6,18500,0.4,0,0.0
BIC,2026-09-30,Wednesday,21.95,21.95,21.5,21.55,21.55,50400,1.1,0,0.0
BIC,2026-10-01,Thursday,21.55,21.7,21.45,21.55,21.55,13300,0.29,0,0.0
BIC,2026-10-02,Friday,21.55,21.8,21.55,21.6,21.6,55500,1.2,0,0.0
BIC,2026-10-05,Monday,21.6,21.9,20.9,21.7,21.7,47200,1.03,0,0.0
BIC,2026-10-06,Tuesday,21.8,21.8,21.4,21.65,21.65,32000,0.69,0,0.0
BID,2026-09-09,Wednesday,36.2,36.7,36.15,36.4,36.4,2459100,89.62,1490000,50.66
BID,2026-09-10,Thursday,36.4,36.55,36.05,36.35,36.35,2388800,86.82,0,0.0
BID,2026-09-11,Friday,36.2,36.25,35.6,35.6,35.6,4969500,178.12,0,0.0
BID,2026-09-14,Monday,35.25,35.85,35.2,35.75,35.75,3603300,127.98,0,0.0
BID,2026-09-15,Tuesday,35.8,37.0,35.8,36.8,36.8,5810000,212.75,70000,2.49
BID,2026-09-16,Wednesday,36.95,36.95,36.3,36.35,36.35,2256300,82.38,0,0.0
BID,2026-09-17,Thursday,36.2,36.95,36.15,36.7,36.7,3397000,124.49,0,0.0
BID,2026-09-18,Friday,36.85,37.85,35.75,35.75,35.75,12526600,459.98,0,0.0
BID,2026-09-21,Monday,36.5,36.85,36.15,36.2,36.2,3989700,145.28,0,0.0
BID,2026-09-22,Tuesday,36.4,36.55,35.9,36.2,36.2,3157800,114.23,200000,7.3
BID,2026-09-23,Wednesday,36.2,36.65,36.1,36.35,36.35,2874600,104.36,0,0.0
BID,2026-09-24,Thursday,36.3,36.3,35.8,35.9,35.9,3027800,108.87,200000,7.62
BID,2026-09-25,Friday,35.9,36.15,35.6,35.75,35.75,2971000,106.38,200000,7.12
BID,2026-09-28,Monday,35.75,35.9,35.0,35.75,35.75,4726700,166.92,0,0.0
BID,2026-09-29,Tuesday,35.75,36.1,35.4,35.9,35.9,2212500,79.12,319800,11.43
BID,2026-09-30,Wednesday,35.95,36.45,35.85,35.95,35.95,2679100,96.68,30000,1.15
BID,2026-10-01,Thursday,35.9,36.0,35.45,35.45,35.45,2302900,82.14,225000,8.02
BID,2026-10-02,Friday,35.55,35.65,34.8,34.8,34.8,4064500,142.64,30000,0.99
BID,2026-10-05,Monday,34.85,35.15,34.55,34.6,34.6,2267600,78.92,0,0.0
BID,2026-10-06,Tuesday,34.6,34.75,33.95,34.6,34.6,5007700,171.66,0,0.0
BKG,2026-09-09,Wednesday,1.91,1.92,1.89,1.91,1.91,33200,0.06,0,0.0
BKG,2026-09-10,Thursday,1.91,1.91,1.88,1.9,1.9,56000,0.11,0,0.0
BKG,2026-09-11,Friday,1.9,1.9,1.82,1.86,1.86,109200,0.2,0,0.0
BKG,2026-09-14,Monday,1.86,1.88,1.8,1.85,1.85,66100,0.12,0,0.0
BKG,2026-09-15,Tuesday,1.85,1.85,1.73,1.84,1.84,380400,0.68,0,0.0
BKG,2026-09-16,Wednesday,1.77,1.84,1.77,1.78,1.78,164000,0.29,0,0.0
BKG,2026-09-17,Thursday,1.79,1.8,1.77,1.78,1.78,321500,0.57,770000,1.28
BKG,2026-09-18,Friday,1.78,1.82,1.75,1.78,1.78,124900,0.22,0,0.0
BKG,2026-09-21,Monday,1.78,1.8,1.76,1.78,1.78,76200,0.13,0,0.0
BKG,2026-09-22,Tuesday,1.77,1.79,1.75,1.75,1.75,54600,0.1,0,0.0
BKG,2026-09-23,Wednesday,1.75,1.76,1.73,1.74,1.74,61300,0.11,0,0.0
BKG,2026-09-24,Thursday,1.74,1.74,1.68,1.7,1.7,292500,0.5,0,0.0
BKG,2026-09-25,Friday,1.72,1.74,1.7,1.72,1.72,124000,0.21,360000,0.58
BKG,2026-09-28,Monday,1.75,1.75,1.7,1.73,1.73,82600,0.14,0,0.0
BKG,2026-09-29,Tuesday,1.7,1.73,1.68,1.69,1.69,57100,0.1,0,0.0
BKG,2026-09-30,Wednesday,1.7,1.71,1.67,1.68,1.68,133400,0.22,0,0.0
BKG,2026-10-01,Thursday,1.68,1.7,1.66,1.68,1.68,216600,0.36,0,0.0
BKG,2026-10-02,Friday,1.7,1.71,1.65,1.66,1.66,104500,0.18,0,0.0
BKG,2026-10-05,Monday,1.65,1.67,1.63,1.63,1.63,412900,0.68,0,0.0
BKG,2026-10-06,Tuesday,1.68,1.68,1.62,1.66,1.66,127000,0.21,0,0.0
BMC,2026-09-09,Wednesday,11.05,11.05,11.0,11.0,11.0,3000,0.03,0,0.0
BMC,2026-09-10,Thursday,11.0,11.0,11.0,11.0,11.0,3400,0.04,0,0.0
BMC,2026-09-11,Friday,10.85,11.15,10.85,10.95,10.95,1000,0.01,0,0.0
BMC,2026-09-14,Monday,11.25,11.25,10.85,10.85,10.85,6100,0.07,0,0.0
BMC,2026-09-15,Tuesday,10.8,10.95,10.75,10.95,10.95,10800,0.12,0,0.0
BMC,2026-09-16,Wednesday,11.0,11.0,10.9,10.9,10.9,2300,0.03,0,0.0
BMC,2026-09-17,Thursday,10.9,10.9,10.3,10.6,10.6,33000,0.34,0,0.0
BMC,2026-09-18,Friday,10.4,10.9,10.4,10.8,10.8,11700,0.12,0,0.0
BMC,2026-09-21,Monday,10.8,11.55,10.7,11.0,11.0,18200,0.2,0,0.0
BMC,2026-09-22,Tuesday,11.3,11.3,11.1,11.1,11.1,1100,0.01,0,0.0
BMC,2026-09-23,Wednesday,11.0,11.0,10.35,10.7,10.7,14800,0.16,0,0.0
BMC,2026-09-24,Thursday,10.7,10.7,10.5,10.65,10.65,6800,0.07,0,0.0
BMC,2026-09-25,Friday,10.4,10.85,10.35,10.7,10.7,8900,0.09,0,0.0
BMC,2026-09-28,Monday,10.7,10.7,10.3,10.55,10.55,4700,0.05,0,0.0
BMC,2026-09-29,Tuesday,10.25,10.75,10.2,10.3,10.3,8800,0.09,0,0.0
BMC,2026-09-30,Wednesday,10.25,10.5,10.0,10.5,10.5,12600,0.13,0,0.0
BMC,2026-10-01,Thursday,10.5,10.5,9.9,10.0,10.0,8400,0.08,0,0.0
BMC,2026-10-02,Friday,10.05,10.2,9.4,10.2,10.2,7100,0.07,0,0.0
BMC,2026-10-05,Monday,10.2,10.2,10.05,10.15,10.15,900,0.01,0,0.0
BMC,2026-10-06,Tuesday,10.0,10.15,9.44,9.9,9.9,25500,0.24,0,0.0
BMI,2026-09-09,Wednesday,13.85,14.2,13.7,13.95,13.95,107700,1.51,0,0.0
BMI,2026-09-10,Thursday,13.95,14.0,13.6,13.7,13.7,29600,0.41,0,0.0
BMI,2026-09-11,Friday,13.7,13.8,13.5,13.5,13.5,43600,0.59,0,0.0
BMI,2026-09-14,Monday,13.55,13.55,13.2,13.35,13.35,50000,0.67,0,0.0
BMI,2026-09-15,Tuesday,13.85,13.85,13.35,13.55,13.55,26300,0.36,0,0.0
BMI,2026-09-16,Wednesday,13.6,13.6,13.3,13.55,13.55,12500,0.17,0,0.0
BMI,2026-09-17,Thursday,13.45,14.15,13.45,14.15,14.15,166700,2.31,0,0.0
BMI,2026-09-18,Friday,14.1,14.2,13.8,13.95,13.95,50200,0.7,0,0.0
BMI,2026-09-21,Monday,14.1,14.15,13.75,13.85,13.85,66800,0.93,0,0.0
BMI,2026-09-22,Tuesday,13.95,14.05,13.7,13.85,13.85,26600,0.37,0,0.0
BMI,2026-09-23,Wednesday,13.75,14.05,13.75,14.0,14.0,84400,1.17,0,0.0
BMI,2026-09-24,Thursday,13.8,14.0,13.75,13.8,13.8,41000,0.57,0,0.0
BMI,2026-09-25,Friday,13.85,14.0,13.65,13.95,13.95,37000,0.51,0,0.0
BMI,2026-09-28,Monday,13.95,14.5,13.8,14.15,14.15,134700,1.92,0,0.0
BMI,2026-09-29,Tuesday,14.25,14.3,14.0,14.15,14.15,79600,1.13,0,0.0
BMI,2026-09-30,Wednesday,14.15,14.25,13.95,14.05,14.05,130800,1.84,300000,4.5
BMI,2026-10-01,Thursday,14.1,14.15,13.75,13.75,13.75,141000,1.96,0,0.0
BMI,2026-10-02,Friday,13.75,13.85,13.5,13.65,13.65,108000,1.47,0,0.0
BMI,2026-10-05,Monday,13.65,13.65,13.5,13.5,13.5,51000,0.69,0,0.0
BMI,2026-10-06,Tuesday,13.5,13.55,13.4,13.55,13.55,99800,1.34,0,0.0
BMP,2026-09-09,Wednesday,140.6,141.2,140.1,140.2,140.2,89500,12.57,0,0.0
BMP,2026-09-10,Thursday,140.3,143.5,140.3,142.0,142.0,59600,8.47,0,0.0
BMP,2026-09-11,Friday,142.0,142.0,140.3,140.3,140.3,42600,6.0,0,0.0
BMP,2026-09-14,Monday,140.0,140.5,138.0,138.2,138.2,93200,12.96,0,0.0
BMP,2026-09-15,Tuesday,138.2,147.6,138.2,147.6,147.6,113300,16.45,0,0.0
BMP,2026-09-16,Wednesday,145.0,146.9,143.4,146.9,146.9,133700,19.47,0,0.0
BMP,2026-09-17,Thursday,143.7,145.4,143.6,143.7,143.7,51200,7.37,0,0.0
BMP,2026-09-18,Friday,143.7,144.3,143.5,143.5,143.5,41700,6.0,0,0.0
BMP,2026-09-21,Monday,143.5,144.6,143.5,143.5,143.5,46400,6.68,0,0.0
BMP,2026-09-22,Tuesday,143.2,144.4,143.2,144.1,144.1,30300,4.36,0,0.0
BMP,2026-09-23,Wednesday,144.0,146.4,144.0,145.3,145.3,106500,15.48,0,0.0
BMP,2026-09-24,Thursday,145.2,146.5,145.0,146.0,146.0,98100,14.32,0,0.0
BMP,2026-09-25,Friday,146.1,146.9,144.7,145.0,145.0,47100,6.85,0,0.0
BMP,2026-09-28,Monday,145.1,145.2,142.3,143.1,143.1,78600,11.25,0,0.0
BMP,2026-09-29,Tuesday,143.1,143.8,142.6,142.9,142.9,35400,5.07,0,0.0
BMP,2026-09-30,Wednesday,142.9,144.2,142.9,143.1,143.1,50000,7.17,0,0.0
BMP,2026-10-01,Thursday,143.0,143.9,142.9,143.1,143.1,23800,3.41,0,0.0
BMP,2026-10-02,Friday,143.1,143.1,141.0,141.0,141.0,94600,13.39,0,0.0
BMP,2026-10-05,Monday,141.0,142.9,141.0,142.5,142.5,32500,4.62,0,0.0
BMP,2026-10-06,Tuesday,143.1,143.1,141.5,141.9,141.9,25800,3.67,0,0.0
BRC,2026-09-09,Wednesday,11.1,11.1,11.1,11.1,11.1,100,0.0,0,0.0
BRC,2026-09-10,Thursday,11.1,11.15,11.1,11.1,11.1,1600,0.02,0,0.0
BRC,2026-09-11,Friday,11.1,11.1,11.1,11.1,11.1,1100,0.01,0,0.0
BRC,2026-09-14,Monday,11.1,11.1,10.95,10.95,10.95,2300,0.03,0,0.0
BRC,2026-09-15,Tuesday,11.1,11.1,11.0,11.0,11.0,200,0.0,0,0.0
BRC,2026-09-16,Wednesday,10.9,11.1,10.9,11.1,11.1,200,0.0,0,0.0
BRC,2026-09-17,Thursday,11.0,11.1,10.9,11.1,11.1,900,0.01,0,0.0
BRC,2026-09-18,Friday,11.1,11.1,11.1,11.1,11.1,0,0.0,0,0.0
BRC,2026-09-21,Monday,11.1,11.1,11.1,11.1,11.1,0,0.0,0,0.0
BRC,2026-09-22,Tuesday,11.1,11.1,11.1,11.1,11.1,0,0.0,0,0.0
BRC,2026-09-23,Wednesday,11.1,11.1,11.1,11.1,11.1,100,0.0,0,0.0
BRC,2026-09-24,Thursday,11.1,11.1,11.1,11.1,11.1,800,0.01,0,0.0
BRC,2026-09-25,Friday,11.0,11.0,11.0,11.0,11.0,800,0.01,0,0.0
BRC,2026-09-28,Monday,11.0,11.0,11.0,11.0,11.0,200,0.0,0,0.0
BRC,2026-09-29,Tuesday,11.0,11.0,11.0,11.0,11.0,200,0.0,0,0.0
BRC,2026-09-30,Wednesday,11.0,11.0,11.0,11.0,11.0,400,0.0,0,0.0
BRC,2026-10-01,Thursday,10.95,11.0,10.95,11.0,11.0,1700,0.02,0,0.0
BRC,2026-10-02,Friday,11.0,11.0,11.0,11.0,11.0,0,0.0,0,0.0
BRC,2026-10-05,Monday,11.0,11.0,11.0,11.0,11.0,200,0.0,0,0.0
BRC,2026-10-06,Tuesday,11.0,11.0,11.0,11.0,11.0,0,0.0,0,0.0
BSI,2026-09-09,Wednesday,28.65,28.7,28.3,28.3,28.3,166800,4.74,245232,7.04
BSI,2026-09-10,Thursday,28.2,28.45,27.85,28.0,28.0,271500,7.64,0,0.0
BSI,2026-09-11,Friday,27.9,28.0,26.8,26.8,26.8,463000,12.66,0,0.0
BSI,2026-09-14,Monday,26.4,26.95,26.0,26.5,26.5,371700,9.83,0,0.0
BSI,2026-09-15,Tuesday,26.5,26.95,26.4,26.7,26.7,359900,9.6,245232,6.5
BSI,2026-09-16,Wednesday,26.7,26.75,26.2,26.25,26.25,202300,5.35,0,0.0
BSI,2026-09-17,Thursday,26.3,27.6,26.25,27.0,27.0,440600,11.89,0,0.0
BSI,2026-09-18,Friday,27.7,27.7,27.1,27.35,27.35,239900,6.58,0,0.0
BSI,2026-09-21,Monday,27.5,27.5,26.8,26.85,26.85,251600,6.78,0,0.0
BSI,2026-09-22,Tuesday,26.85,27.3,26.8,26.85,26.85,165700,4.47,0,0.0
BSI,2026-09-23,Wednesday,27.15,27.15,26.5,26.5,26.5,202800,5.43,0,0.0
BSI,2026-09-24,Thursday,26.8,26.9,26.3,26.55,26.55,238300,6.32,0,0.0
BSI,2026-09-25,Friday,26.55,26.65,26.15,26.6,26.6,210900,5.56,0,0.0
BSI,2026-09-28,Monday,26.6,26.6,25.75,25.9,25.9,275200,7.15,0,0.0
BSI,2026-09-29,Tuesday,26.1,26.1,25.6,25.9,25.9,184500,4.76,0,0.0
BSI,2026-09-30,Wednesday,25.7,26.15,25.7,25.75,25.75,119400,3.09,0,0.0
BSI,2026-10-01,Thursday,25.5,25.9,25.45,25.6,25.6,213700,5.47,0,0.0
BSI,2026-10-02,Friday,25.6,25.65,24.65,24.65,24.65,260400,6.52,0,0.0
BSI,2026-10-05,Monday,24.55,25.25,24.55,24.7,24.7,234500,5.86,0,0.0
BSI,2026-10-06,Tuesday,25.15,25.15,24.25,25.05,25.05,255700,6.3,0,0.0
BSR,2026-09-09,Wednesday,27.4,28.2,27.15,27.35,27.35,15693100,434.28,20000,0.5
BSR,2026-09-10,Thursday,27.7,27.85,27.05,27.1,27.1,8543000,234.05,100000,2.9
BSR,2026-09-11,Friday,27.6,28.2,27.45,27.55,27.55,17225900,478.86,0,0.0
BSR,2026-09-14,Monday,27.65,28.9,27.65,28.5,28.5,16508000,467.18,0,0.0
BSR,2026-09-15,Tuesday,28.65,30.45,28.25,30.45,30.45,23749800,704.96,0,0.0
BSR,2026-09-16,Wednesday,30.95,31.8,30.6,30.6,30.6,16487100,513.33,0,0.0
BSR,2026-09-17,Thursday,30.2,31.75,29.9,30.7,30.7,21326200,656.84,0,0.0
BSR,2026-09-18,Friday,30.8,31.2,29.8,30.2,30.2,16845300,509.9,0,0.0
BSR,2026-09-21,Monday,30.4,31.85,30.05,31.55,31.55,14290400,445.93,0,0.0
BSR,2026-09-22,Tuesday,31.55,31.75,30.85,31.35,31.35,10946100,342.98,30000,0.91
BSR,2026-09-23,Wednesday,31.2,31.95,30.8,31.3,31.3,10388100,326.13,950000,29.37
BSR,2026-09-24,Thursday,31.55,32.1,29.85,30.0,30.0,15219500,470.93,220000,6.6
BSR,2026-09-25,Friday,30.25,31.2,30.05,30.4,30.4,13380000,409.87,870000,26.97
BSR,2026-09-28,Monday,30.65,32.4,30.4,32.4,32.4,13905500,435.86,0,0.0
BSR,2026-09-29,Tuesday,32.7,33.45,32.05,32.5,32.5,14126000,461.68,0,0.0
BSR,2026-09-30,Wednesday,32.1,32.25,31.15,31.4,31.4,13078700,413.61,910000,29.76
BSR,2026-10-01,Thursday,31.4,32.1,31.2,31.35,31.35,7773500,245.25,195000,6.04
BSR,2026-10-02,Friday,31.75,32.0,30.05,30.45,30.45,15005500,464.98,1210900,38.95
BSR,2026-10-05,Monday,30.35,30.8,30.2,30.4,30.4,5887800,179.41,195000,6.04
BSR,2026-10-06,Tuesday,30.7,31.1,29.95,31.1,31.1,9880100,302.0,280000,8.68
BTP,2026-09-09,Wednesday,7.35,7.37,7.31,7.31,7.31,6500,0.05,0,0.0
BTP,2026-09-10,Thursday,7.09,7.31,7.09,7.2,7.2,37800,0.27,0,0.0
BTP,2026-09-11,Friday,7.15,7.26,7.15,7.2,7.2,135000,0.97,0,0.0
BTP,2026-09-14,Monday,7.2,7.2,7.15,7.16,7.16,144300,1.04,0,0.0
BTP,2026-09-15,Tuesday,7.16,7.31,7.16,7.28,7.28,63300,0.46,0,0.0
BTP,2026-09-16,Wednesday,7.28,7.28,7.15,7.15,7.15,15600,0.11,0,0.0
BTP,2026-09-17,Thursday,7.18,7.25,7.17,7.23,7.23,4000,0.03,0,0.0
BTP,2026-09-18,Friday,7.2,7.28,7.2,7.25,7.25,14800,0.11,0,0.0
BTP,2026-09-21,Monday,7.25,7.25,7.2,7.2,7.2,14600,0.11,0,0.0
BTP,2026-09-22,Tuesday,7.29,7.29,7.2,7.27,7.27,40300,0.29,0,0.0
BTP,2026-09-23,Wednesday,7.28,7.3,7.27,7.27,7.27,6900,0.05,0,0.0
BTP,2026-09-24,Thursday,7.27,7.31,7.25,7.26,7.26,29700,0.22,0,0.0
BTP,2026-09-25,Friday,7.26,7.26,7.22,7.23,7.23,31400,0.23,0,0.0
BTP,2026-09-28,Monday,7.26,7.51,7.2,7.39,7.39,20400,0.15,0,0.0
BTP,2026-09-29,Tuesday,7.3,7.39,7.3,7.32,7.32,10900,0.08,0,0.0
BTP,2026-09-30,Wednesday,7.32,7.33,7.3,7.3,7.3,43100,0.31,0,0.0
BTP,2026-10-01,Thursday,7.35,7.4,7.28,7.29,7.29,4400,0.03,0,0.0
BTP,2026-10-02,Friday,7.35,7.35,7.27,7.29,7.29,15300,0.11,0,0.0
BTP,2026-10-05,Monday,7.28,7.42,7.28,7.42,7.42,39700,0.29,0,0.0
BTP,2026-10-06,Tuesday,7.42,7.45,7.37,7.44,7.44,39300,0.29,0,0.0
BTT,2026-09-09,Wednesday,40.0,40.0,40.0,40.0,40.0,0,0.0,0,0.0
BTT,2026-09-10,Thursday,40.0,40.0,40.0,40.0,40.0,0,0.0,0,0.0
BTT,2026-09-11,Friday,40.0,40.0,40.0,40.0,40.0,0,0.0,0,0.0
BTT,2026-09-14,Monday,40.0,40.0,40.0,40.0,40.0,0,0.0,0,0.0
BTT,2026-09-15,Tuesday,40.0,40.0,40.0,40.0,40.0,0,0.0,0,0.0
BTT,2026-09-16,Wednesday,40.0,40.0,40.0,40.0,40.0,0,0.0,0,0.0
BTT,2026-09-17,Thursday,40.0,40.0,40.0,40.0,40.0,0,0.0,0,0.0
BTT,2026-09-18,Friday,40.0,40.0,40.0,40.0,40.0,0,0.0,0,0.0
BTT,2026-09-21,Monday,40.0,40.0,40.0,40.0,40.0,0,0.0,0,0.0
BTT,2026-09-22,Tuesday,40.0,40.0,40.0,40.0,40.0,0,0.0,0,0.0
BTT,2026-09-23,Wednesday,40.0,40.0,40.0,40.0,40.0,0,0.0,0,0.0
BTT,2026-09-24,Thursday,40.0,40.0,40.0,40.0,40.0,100,0.0,0,0.0
BTT,2026-09-25,Friday,40.0,40.0,40.0,40.0,40.0,900,0.04,0,0.0
BTT,2026-09-28,Monday,39.5,39.5,39.5,39.5,39.5,100,0.0,0,0.0
BTT,2026-09-29,Tuesday,39.5,39.5,39.5,39.5,39.5,0,0.0,0,0.0
BTT,2026-09-30,Wednesday,39.5,39.5,39.5,39.5,39.5,0,0.0,0,0.0
BTT,2026-10-01,Thursday,39.5,39.5,39.5,39.5,39.5,100,0.0,0,0.0
BTT,2026-10-02,Friday,39.5,39.5,39.5,39.5,39.5,0,0.0,0,0.0
BTT,2026-10-05,Monday,39.5,39.5,39.5,39.5,39.5,0,0.0,0,0.0
BTT,2026-10-06,Tuesday,39.5,39.5,39.5,39.5,39.5,0,0.0,0,0.0
BVH,2026-09-09,Wednesday,62.8,64.1,62.8,63.5,63.5,219400,13.91,0,0.0
BVH,2026-09-10,Thursday,63.4,63.9,62.8,63.0,63.0,197400,12.45,0,0.0
BVH,2026-09-11,Friday,63.1,65.9,63.1,64.0,64.0,770400,49.85,0,0.0
BVH,2026-09-14,Monday,63.7,68.0,63.7,68.0,68.0,1405500,93.11,0,0.0
BVH,2026-09-15,Tuesday,68.0,70.2,67.0,70.2,70.2,1229800,84.17,0,0.0
BVH,2026-09-16,Wednesday,69.9,71.0,68.9,71.0,71.0,988000,69.32,0,0.0
BVH,2026-09-17,Thursday,70.6,71.7,69.4,69.4,69.4,1054700,74.17,0,0.0
BVH,2026-09-18,Friday,69.4,69.9,68.2,68.5,68.5,682600,46.94,0,0.0
BVH,2026-09-21,Monday,68.5,71.6,68.5,70.5,70.5,1014500,71.49,0,0.0
BVH,2026-09-22,Tuesday,70.5,70.5,68.8,69.7,69.7,678500,47.07,300000,21.15
BVH,2026-09-23,Wednesday,69.7,69.7,68.4,69.3,69.3,736900,50.81,0,0.0
BVH,2026-09-24,Thursday,69.0,70.4,69.0,69.2,69.2,793000,55.04,200000,13.86
BVH,2026-09-25,Friday,69.1,69.6,68.2,68.8,68.8,585400,40.41,0,0.0
BVH,2026-09-28,Monday,69.0,73.6,68.8,73.6,73.6,3430700,246.44,500000,35.25
BVH,2026-09-29,Tuesday,74.3,75.9,73.6,74.2,74.2,1086400,80.71,0,0.0
BVH,2026-09-30,Wednesday,73.9,76.2,73.8,74.5,74.5,1461300,109.62,0,0.0
BVH,2026-10-01,Thursday,74.2,75.3,73.2,74.5,74.5,620100,46.09,0,0.0
BVH,2026-10-02,Friday,74.4,76.9,74.4,75.8,75.8,1069400,80.79,0,0.0
BVH,2026-10-05,Monday,75.3,76.4,74.6,75.8,75.8,444000,33.54,0,0.0
BVH,2026-10-06,Tuesday,75.8,77.4,74.2,75.0,75.0,749800,56.94,0,0.0
BWE,2026-09-09,Wednesday,41.95,42.05,41.8,42.05,42.05,4500,0.19,0,0.0
BWE,2026-09-10,Thursday,41.9,42.15,41.7,41.75,41.75,22700,0.95,0,0.0
BWE,2026-09-11,Friday,41.75,42.2,41.6,41.65,41.65,34300,1.44,35000,1.56
BWE,2026-09-14,Monday,41.65,41.9,41.35,41.85,41.85,12500,0.52,0,0.0
BWE,2026-09-15,Tuesday,41.85,42.1,41.55,42.0,42.0,12900,0.54,0,0.0
BWE,2026-09-16,Wednesday,42.0,42.1,41.5,42.0,42.0,5400,0.23,35000,1.37
BWE,2026-09-17,Thursday,42.0,42.0,41.5,41.9,41.9,9100,0.38,0,0.0
BWE,2026-09-18,Friday,41.8,42.1,41.8,42.1,42.1,17300,0.73,0,0.0
BWE,2026-09-21,Monday,42.25,42.25,40.8,40.85,40.85,66600,2.73,1698700,72.02
BWE,2026-09-22,Tuesday,41.0,41.5,41.0,41.5,41.5,8900,0.37,0,0.0
BWE,2026-09-23,Wednesday,41.1,41.6,40.5,41.4,41.4,49100,2.0,0,0.0
BWE,2026-09-24,Thursday,40.65,41.25,40.65,40.85,40.85,37300,1.53,0,0.0
BWE,2026-09-25,Friday,40.6,41.15,39.65,40.25,40.25,88500,3.56,0,0.0
BWE,2026-09-28,Monday,40.5,40.5,39.9,40.45,40.45,20100,0.8,0,0.0
BWE,2026-09-29,Tuesday,40.45,40.5,40.0,40.5,40.5,56900,2.29,0,0.0
BWE,2026-09-30,Wednesday,40.5,40.9,40.45,40.8,40.8,8500,0.35,0,0.0
BWE,2026-10-01,Thursday,40.8,41.5,40.7,40.95,40.95,428900,17.51,0,0.0
BWE,2026-10-02,Friday,40.95,40.95,40.55,40.8,40.8,5900,0.24,30000,1.31
BWE,2026-10-05,Monday,40.5,40.8,40.0,40.75,40.75,56500,2.3,0,0.0
BWE,2026-10-06,Tuesday,40.75,40.75,40.0,40.05,40.05,35100,1.41,0,0.0
C32,2026-09-09,Wednesday,15.1,16.9,15.0,16.9,16.9,20000,0.3,0,0.0
C32,2026-09-10,Thursday,16.9,16.9,16.9,16.9,16.9,0,0.0,0,0.0
C32,2026-09-11,Friday,16.9,16.9,16.9,16.9,16.9,0,0.0,0,0.0
C32,2026-09-14,Monday,15.8,15.8,15.75,15.75,15.75,200,0.0,0,0.0
C32,2026-09-15,Tuesday,15.75,15.75,15.75,15.75,15.75,0,0.0,0,0.0
C32,2026-09-16,Wednesday,14.65,15.6,14.65,15.6,15.6,14100,0.21,0,0.0
C32,2026-09-17,Thursday,15.6,15.6,15.0,15.0,15.0,2800,0.04,0,0.0
C32,2026-09-18,Friday,15.0,15.9,15.0,15.05,15.05,400,0.01,0,0.0
C32,2026-09-21,Monday,15.05,15.8,15.05,15.8,15.8,7100,0.11,0,0.0
C32,2026-09-22,Tuesday,15.05,15.75,15.0,15.75,15.75,11300,0.17,0,0.0
C32,2026-09-23,Wednesday,15.1,15.1,15.0,15.05,15.05,6000,0.09,0,0.0
C32,2026-09-24,Thursday,15.6,15.6,15.05,15.05,15.05,500,0.01,0,0.0
C32,2026-09-25,Friday,15.05,15.05,15.05,15.05,15.05,0,0.0,1249000,19.98
C32,2026-09-28,Monday,15.0,15.0,15.0,15.0,15.0,3700,0.06,0,0.0
C32,2026-09-29,Tuesday,15.0,15.05,15.0,15.0,15.0,7300,0.11,0,0.0
C32,2026-09-30,Wednesday,15.0,15.0,15.0,15.0,15.0,400,0.01,0,0.0
C32,2026-10-01,Thursday,15.0,15.05,15.0,15.05,15.05,1700,0.03,0,0.0
C32,2026-10-02,Friday,14.9,15.0,14.9,15.0,15.0,3600,0.05,0,0.0
C32,2026-10-05,Monday,15.0,15.0,15.0,15.0,15.0,1500,0.02,0,0.0
C32,2026-10-06,Tuesday,15.1,15.25,15.0,15.25,15.25,14500,0.22,0,0.0
C47,2026-09-09,Wednesday,8.9,8.9,8.5,8.88,8.88,18500,0.16,0,0.0
C47,2026-09-10,Thursday,8.7,8.8,8.7,8.8,8.8,1000,0.01,0,0.0
C47,2026-09-11,Friday,8.22,8.75,8.22,8.75,8.75,6700,0.06,0,0.0
C47,2026-09-14,Monday,8.95,8.95,8.95,8.95,8.95,100,0.0,0,0.0
C47,2026-09-15,Tuesday,8.95,8.95,8.95,8.95,8.95,0,0.0,0,0.0
C47,2026-09-16,Wednesday,8.6,8.88,8.6,8.88,8.88,400,0.0,0,0.0
C47,2026-09-17,Thursday,8.3,8.86,8.27,8.27,8.27,55400,0.46,0,0.0
C47,2026-09-18,Friday,8.2,8.5,8.2,8.5,8.5,1400,0.01,0,0.0
C47,2026-09-21,Monday,8.35,8.35,8.25,8.29,8.29,4100,0.03,0,0.0
C47,2026-09-22,Tuesday,8.27,8.29,8.23,8.25,8.25,5600,0.05,0,0.0
C47,2026-09-23,Wednesday,8.25,8.26,8.21,8.25,8.25,7700,0.06,0,0.0
C47,2026-09-24,Thursday,8.2,8.44,8.2,8.25,8.25,1500,0.01,0,0.0
C47,2026-09-25,Friday,8.2,8.35,8.2,8.35,8.35,1600,0.01,0,0.0
C47,2026-09-28,Monday,8.3,8.3,8.0,8.0,8.0,20100,0.17,0,0.0
C47,2026-09-29,Tuesday,8.0,8.35,8.0,8.25,8.25,38800,0.32,0,0.0
C47,2026-09-30,Wednesday,8.3,8.33,8.25,8.25,8.25,12900,0.11,0,0.0
C47,2026-10-01,Thursday,8.25,8.25,8.0,8.25,8.25,20300,0.16,0,0.0
C47,2026-10-02,Friday,8.25,8.25,8.0,8.25,8.25,12900,0.1,0,0.0
C47,2026-10-05,Monday,8.25,8.25,8.1,8.1,8.1,4900,0.04,0,0.0
C47,2026-10-06,Tuesday,8.1,8.2,8.1,8.1,8.1,4000,0.03,0,0.0
CCC,2026-09-09,Wednesday,6.93,7.11,6.92,7.11,7.11,2600,0.02,0,0.0
CCC,2026-09-10,Thursday,7.2,7.2,7.05,7.06,7.06,500,0.0,0,0.0
CCC,2026-09-11,Friday,7.06,7.06,6.57,6.57,6.57,2600,0.02,0,0.0
CCC,2026-09-14,Monday,6.61,6.62,6.6,6.6,6.6,600,0.0,0,0.0
CCC,2026-09-15,Tuesday,6.6,6.6,6.6,6.6,6.6,800,0.01,0,0.0
CCC,2026-09-16,Wednesday,6.16,6.67,6.16,6.6,6.6,5400,0.04,0,0.0
CCC,2026-09-17,Thursday,6.23,6.69,6.22,6.69,6.69,8500,0.05,106000,0.7
CCC,2026-09-18,Friday,6.25,6.78,6.25,6.78,6.78,1200,0.01,0,0.0
CCC,2026-09-21,Monday,6.41,6.78,6.37,6.37,6.37,5300,0.03,0,0.0
CCC,2026-09-22,Tuesday,6.35,6.5,6.3,6.5,6.5,1500,0.01,0,0.0
CCC,2026-09-23,Wednesday,6.4,6.6,6.4,6.5,6.5,400,0.0,0,0.0
CCC,2026-09-24,Thursday,6.79,6.79,6.31,6.5,6.5,1400,0.01,0,0.0
CCC,2026-09-25,Friday,6.4,6.4,6.4,6.4,6.4,1900,0.01,0,0.0
CCC,2026-09-28,Monday,6.01,6.39,5.96,6.39,6.39,9800,0.06,0,0.0
CCC,2026-09-29,Tuesday,6.39,6.39,6.39,6.39,6.39,0,0.0,0,0.0
CCC,2026-09-30,Wednesday,6.35,6.35,6.33,6.33,6.33,400,0.0,0,0.0
CCC,2026-10-01,Thursday,6.3,6.3,5.89,5.89,5.89,7700,0.05,0,0.0
CCC,2026-10-02,Friday,5.89,6.19,5.89,6.18,6.18,600,0.0,0,0.0
CCC,2026-10-05,Monday,6.18,6.2,5.9,5.95,5.95,5000,0.03,0,0.0
CCC,2026-10-06,Tuesday,5.66,5.96,5.66,5.95,5.95,2900,0.02,0,0.0
CCI,2026-09-09,Wednesday,16.5,16.5,16.5,16.5,16.5,0,0.0,0,0.0
CCI,2026-09-10,Thursday,16.5,16.5,16.5,16.5,16.5,0,0.0,0,0.0
CCI,2026-09-11,Friday,16.5,17.65,16.5,17.65,17.65,3400,0.06,0,0.0
CCI,2026-09-14,Monday,17.65,17.65,17.65,17.65,17.65,0,0.0,0,0.0
CCI,2026-09-15,Tuesday,17.65,17.65,17.65,17.65,17.65,600,0.01,0,0.0
CCI,2026-09-16,Wednesday,16.8,16.8,16.8,16.8,16.8,200,0.0,0,0.0
CCI,2026-09-17,Thursday,17.95,17.95,17.95,17.95,17.95,1300,0.02,0,0.0
CCI,2026-09-18,Friday,16.9,16.9,16.9,16.9,16.9,100,0.0,0,0.0
CCI,2026-09-21,Monday,16.85,16.85,16.85,16.85,16.85,100,0.0,0,0.0
CCI,2026-09-22,Tuesday,18.0,18.0,16.85,16.9,16.9,3400,0.06,0,0.0
CCI,2026-09-23,Wednesday,16.9,16.9,16.9,16.9,16.9,0,0.0,0,0.0
CCI,2026-09-24,Thursday,15.85,18.0,15.85,18.0,18.0,600,0.01,0,0.0
CCI,2026-09-25,Friday,18.0,18.0,18.0,18.0,18.0,0,0.0,0,0.0
CCI,2026-09-28,Monday,16.8,16.8,16.8,16.8,16.8,100,0.0,0,0.0
CCI,2026-09-29,Tuesday,16.15,16.15,16.15,16.15,16.15,100,0.0,0,0.0
CCI,2026-09-30,Wednesday,16.15,16.15,16.15,16.15,16.15,0,0.0,0,0.0
CCI,2026-10-01,Thursday,16.15,16.15,16.15,16.15,16.15,0,0.0,0,0.0
CCI,2026-10-02,Friday,16.15,16.15,16.15,16.15,16.15,0,0.0,0,0.0
CCI,2026-10-05,Monday,16.15,16.15,16.15,16.15,16.15,0,0.0,0,0.0
CCI,2026-10-06,Tuesday,16.15,16.15,16.15,16.15,16.15,0,0.0,0,0.0
CCL,2026-09-09,Wednesday,3.53,3.55,3.5,3.53,3.53,58500,0.21,0,0.0
CCL,2026-09-10,Thursday,3.53,3.56,3.51,3.51,3.51,60800,0.21,0,0.0
CCL,2026-09-11,Friday,3.52,3.58,3.49,3.49,3.49,38500,0.14,0,0.0
CCL,2026-09-14,Monday,3.5,3.52,3.45,3.48,3.48,25500,0.09,0,0.0
CCL,2026-09-15,Tuesday,3.37,3.49,3.37,3.41,3.41,33900,0.12,0,0.0
CCL,2026-09-16,Wednesday,3.45,3.45,3.35,3.41,3.41,29800,0.1,0,0.0
CCL,2026-09-17,Thursday,3.43,3.48,3.4,3.48,3.48,67000,0.23,0,0.0
CCL,2026-09-18,Friday,3.48,3.48,3.42,3.47,3.47,9100,0.03,0,0.0
CCL,2026-09-21,Monday,3.42,3.48,3.42,3.47,3.47,107900,0.37,0,0.0
CCL,2026-09-22,Tuesday,3.46,3.48,3.45,3.47,3.47,16700,0.06,0,0.0
CCL,2026-09-23,Wednesday,3.47,3.5,3.45,3.5,3.5,15200,0.05,0,0.0
CCL,2026-09-24,Thursday,3.5,3.5,3.44,3.44,3.44,12100,0.04,0,0.0
CCL,2026-09-25,Friday,3.43,3.44,3.31,3.41,3.41,20500,0.07,0,0.0
CCL,2026-09-28,Monday,3.42,3.42,3.35,3.4,3.4,4600,0.02,0,0.0
CCL,2026-09-29,Tuesday,3.39,3.39,3.36,3.36,3.36,1900,0.01,0,0.0
CCL,2026-09-30,Wednesday,3.36,3.38,3.29,3.34,3.34,19000,0.06,0,0.0
CCL,2026-10-01,Thursday,3.3,3.36,3.29,3.3,3.3,24000,0.08,0,0.0
CCL,2026-10-02,Friday,3.3,3.33,3.25,3.31,3.31,58900,0.2,0,0.0
CCL,2026-10-05,Monday,3.31,3.33,3.3,3.32,3.32,17200,0.06,0,0.0
CCL,2026-10-06,Tuesday,3.3,3.3,3.26,3.28,3.28,37300,0.12,0,0.0
CDC,2026-09-09,Wednesday,19.4,19.5,19.1,19.3,19.3,125600,2.42,1400000,27.3
CDC,2026-09-10,Thursday,19.3,19.4,19.0,19.3,19.3,179000,3.44,0,0.0
CDC,2026-09-11,Friday,19.2,19.4,19.0,19.3,19.3,144200,2.76,0,0.0
CDC,2026-09-14,Monday,19.2,19.3,18.9,19.1,19.1,102200,1.95,1637200,31.13
CDC,2026-09-15,Tuesday,19.0,19.4,19.0,19.25,19.25,119300,2.29,0,0.0
CDC,2026-09-16,Wednesday,19.2,19.5,19.2,19.4,19.4,142800,2.76,0,0.0
CDC,2026-09-17,Thursday,19.4,20.0,19.4,20.0,20.0,165000,3.26,0,0.0
CDC,2026-09-18,Friday,20.0,20.6,19.8,20.6,20.6,173400,3.5,0,0.0
CDC,2026-09-21,Monday,20.5,20.8,20.2,20.2,20.2,146100,2.98,450000,8.78
CDC,2026-09-22,Tuesday,20.3,20.6,20.1,20.6,20.6,154900,3.16,1171600,22.89
CDC,2026-09-23,Wednesday,20.7,21.1,20.5,21.0,21.0,151100,3.15,1615400,31.75
CDC,2026-09-24,Thursday,20.7,21.25,20.6,21.2,21.2,231500,4.83,400000,7.98
CDC,2026-09-25,Friday,21.0,21.4,20.5,20.7,20.7,291600,6.09,0,0.0
CDC,2026-09-28,Monday,20.6,20.6,19.6,20.4,20.4,173600,3.46,0,0.0
CDC,2026-09-29,Tuesday,20.7,21.0,19.95,20.7,20.7,271600,5.54,80000,1.57
CDC,2026-09-30,Wednesday,20.8,21.3,20.7,21.1,21.1,257700,5.41,610000,12.63
CDC,2026-10-01,Thursday,21.0,21.3,20.6,20.7,20.7,176600,3.7,0,0.0
CDC,2026-10-02,Friday,20.7,20.95,20.3,20.5,20.5,224900,4.63,2600000,53.82
CDC,2026-10-05,Monday,20.7,21.0,20.5,20.9,20.9,272700,5.65,815000,16.23
CDC,2026-10-06,Tuesday,20.9,21.2,20.4,20.8,20.8,313100,6.47,4870000,96.76
CHP,2026-09-09,Wednesday,25.8,26.0,25.7,26.0,26.0,2500,0.06,0,0.0
CHP,2026-09-10,Thursday,26.0,26.0,26.0,26.0,26.0,1600,0.04,0,0.0
CHP,2026-09-11,Friday,26.0,26.0,25.95,25.95,25.95,2300,0.06,0,0.0
CHP,2026-09-14,Monday,25.95,26.0,25.75,25.9,25.9,3800,0.1,0,0.0
CHP,2026-09-15,Tuesday,25.9,26.0,25.75,26.0,26.0,1500,0.04,0,0.0
CHP,2026-09-16,Wednesday,26.05,26.05,26.0,26.0,26.0,2200,0.06,0,0.0
CHP,2026-09-17,Thursday,26.0,26.15,26.0,26.15,26.15,19300,0.5,0,0.0
CHP,2026-09-18,Friday,26.1,26.1,25.9,25.9,25.9,7000,0.18,0,0.0
CHP,2026-09-21,Monday,25.9,26.0,25.9,26.0,26.0,400,0.01,0,0.0
CHP,2026-09-22,Tuesday,26.5,26.5,26.05,26.05,26.05,3100,0.08,0,0.0
CHP,2026-09-23,Wednesday,26.5,26.6,26.25,26.25,26.25,32000,0.85,0,0.0
CHP,2026-09-24,Thursday,26.3,26.5,26.25,26.25,26.25,7900,0.21,0,0.0
CHP,2026-09-25,Friday,26.45,26.45,26.3,26.3,26.3,11400,0.3,0,0.0
CHP,2026-09-28,Monday,26.4,26.5,26.3,26.5,26.5,22900,0.6,0,0.0
CHP,2026-09-29,Tuesday,26.45,26.45,26.45,26.45,26.45,1500,0.04,0,0.0
CHP,2026-09-30,Wednesday,26.5,26.5,26.25,26.45,26.45,10200,0.27,0,0.0
CHP,2026-10-01,Thursday,26.45,26.5,26.45,26.5,26.5,1300,0.03,0,0.0
CHP,2026-10-02,Friday,26.75,26.75,26.45,26.45,26.45,4600,0.12,0,0.0
CHP,2026-10-05,Monday,26.5,26.5,26.5,26.5,26.5,2000,0.05,0,0.0
CHP,2026-10-06,Tuesday,26.5,26.6,26.5,26.5,26.5,2800,0.07,0,0.0
CIG,2026-09-09,Wednesday,7.5,7.5,7.01,7.36,7.36,65400,0.48,0,0.0
CIG,2026-09-10,Thursday,7.36,7.36,7.0,7.01,7.01,35600,0.25,0,0.0
CIG,2026-09-11,Friday,6.9,7.48,6.9,7.26,7.26,13600,0.1,0,0.0
CIG,2026-09-14,Monday,7.26,7.5,7.05,7.17,7.17,18600,0.13,0,0.0
CIG,2026-09-15,Tuesday,7.0,7.59,7.0,7.59,7.59,189800,1.4,0,0.0
CIG,2026-09-16,Wednesday,7.59,7.9,7.59,7.8,7.8,196800,1.52,0,0.0
CIG,2026-09-17,Thursday,7.75,7.75,7.3,7.47,7.47,61800,0.46,0,0.0
CIG,2026-09-18,Friday,7.22,7.67,7.21,7.21,7.21,107800,0.79,0,0.0
CIG,2026-09-21,Monday,7.21,7.21,6.8,6.8,6.8,40700,0.29,0,0.0
CIG,2026-09-22,Tuesday,6.5,7.12,6.5,6.8,6.8,34900,0.24,0,0.0
CIG,2026-09-23,Wednesday,6.81,6.98,6.81,6.93,6.93,19200,0.13,0,0.0
CIG,2026-09-24,Thursday,6.8,7.12,6.8,7.08,7.08,123400,0.87,0,0.0
CIG,2026-09-25,Friday,7.07,7.27,7.07,7.1,7.1,24700,0.18,0,0.0
CIG,2026-09-28,Monday,7.09,7.48,7.01,7.01,7.01,23700,0.17,0,0.0
CIG,2026-09-29,Tuesday,7.02,7.25,7.02,7.08,7.08,72100,0.51,0,0.0
CIG,2026-09-30,Wednesday,7.08,7.29,7.0,7.09,7.09,92000,0.66,0,0.0
CIG,2026-10-01,Thursday,7.07,7.13,7.07,7.1,7.1,166300,1.18,0,0.0
CIG,2026-10-02,Friday,7.09,7.13,6.85,7.09,7.09,89500,0.64,0,0.0
CIG,2026-10-05,Monday,7.05,7.11,6.84,6.99,6.99,26700,0.19,0,0.0
CIG,2026-10-06,Tuesday,7.0,7.0,6.83,7.0,7.0,572600,3.95,0,0.0
CII,2026-09-09,Wednesday,14.4,14.7,14.3,14.35,14.35,7616900,110.16,0,0.0
CII,2026-09-10,Thursday,14.35,14.4,14.05,14.05,14.05,7914800,111.92,0,0.0
CII,2026-09-11,Friday,14.05,14.05,13.25,13.25,13.25,15173200,205.54,0,0.0
CII,2026-09-14,Monday,13.35,13.45,12.75,12.95,12.95,11136800,144.77,0,0.0
CII,2026-09-15,Tuesday,13.0,13.15,12.85,12.95,12.95,6652800,86.39,100000,1.2
CII,2026-09-16,Wednesday,12.95,13.0,12.55,12.7,12.7,8909100,113.37,0,0.0
CII,2026-09-17,Thursday,12.6,13.15,12.55,12.85,12.85,8061900,104.15,120000,1.44
CII,2026-09-18,Friday,13.0,13.1,12.9,12.9,12.9,5017700,65.28,50000,0.6
CII,2026-09-21,Monday,13.1,13.3,12.85,12.85,12.85,6148900,80.17,0,0.0
CII,2026-09-22,Tuesday,12.95,13.1,12.85,12.9,12.9,3809400,49.35,0,0.0
CII,2026-09-23,Wednesday,12.9,13.1,12.85,12.9,12.9,3697000,47.82,0,0.0
CII,2026-09-24,Thursday,12.9,12.9,12.6,12.65,12.65,5856200,74.45,0,0.0
CII,2026-09-25,Friday,12.65,12.85,12.6,12.6,12.6,4738000,60.17,0,0.0
CII,2026-09-28,Monday,12.6,12.7,11.95,12.25,12.25,9463000,115.52,0,0.0
CII,2026-09-29,Tuesday,12.15,12.7,12.15,12.4,12.4,6221600,77.21,0,0.0
CII,2026-09-30,Wednesday,12.4,12.6,12.15,12.15,12.15,5137500,63.52,5300000,70.22
CII,2026-10-01,Thursday,12.45,12.45,12.15,12.25,12.25,6227700,76.25,50000,0.65
CII,2026-10-02,Friday,12.25,12.35,11.75,11.75,11.75,8524700,102.26,0,0.0
CII,2026-10-05,Monday,11.7,12.0,11.7,11.75,11.75,4871500,57.49,0,0.0
CII,2026-10-06,Tuesday,11.8,12.35,11.35,12.35,12.35,11908900,141.3,0,0.0
CKG,2026-09-09,Wednesday,5.73,5.82,5.73,5.75,5.75,21400,0.12,0,0.0
CKG,2026-09-10,Thursday,5.84,5.84,5.65,5.73,5.73,46300,0.26,0,0.0
CKG,2026-09-11,Friday,5.61,5.69,5.6,5.6,5.6,34600,0.19,0,0.0
CKG,2026-09-14,Monday,5.6,5.76,5.5,5.6,5.6,32900,0.18,66000,0.37
CKG,2026-09-15,Tuesday,5.57,5.85,5.56,5.85,5.85,7500,0.04,0,0.0
CKG,2026-09-16,Wednesday,5.7,5.83,5.7,5.75,5.75,16500,0.1,0,0.0
CKG,2026-09-17,Thursday,5.78,5.8,5.78,5.8,5.8,32900,0.19,0,0.0
CKG,2026-09-18,Friday,5.8,5.8,5.7,5.78,5.78,19100,0.11,0,0.0
CKG,2026-09-21,Monday,5.8,5.8,5.77,5.78,5.78,25100,0.15,40260,0.22
CKG,2026-09-22,Tuesday,5.61,5.75,5.61,5.65,5.65,14200,0.08,0,0.0
CKG,2026-09-23,Wednesday,5.65,5.8,5.65,5.66,5.66,18300,0.1,102000,0.56
CKG,2026-09-24,Thursday,5.66,5.69,5.66,5.69,5.69,1400,0.01,0,0.0
CKG,2026-09-25,Friday,5.61,5.8,5.61,5.78,5.78,5500,0.03,0,0.0
CKG,2026-09-28,Monday,5.8,5.8,5.4,5.55,5.55,11200,0.06,100000,0.58
CKG,2026-09-29,Tuesday,5.55,5.55,5.35,5.55,5.55,14600,0.08,69400,0.36
CKG,2026-09-30,Wednesday,5.55,5.6,5.55,5.6,5.6,10800,0.06,0,0.0
CKG,2026-10-01,Thursday,5.59,5.6,5.58,5.6,5.6,3300,0.02,0,0.0
CKG,2026-10-02,Friday,5.62,5.62,5.6,5.6,5.6,24500,0.14,1182000,6.86
CKG,2026-10-05,Monday,5.5,5.5,5.45,5.45,5.45,6400,0.04,300000,1.74
CKG,2026-10-06,Tuesday,5.45,5.45,5.35,5.38,5.38,8100,0.04,550000,3.12
CLC,2026-09-09,Wednesday,56.0,56.0,56.0,56.0,56.0,0,0.0,0,0.0
CLC,2026-09-10,Thursday,54.0,54.0,54.0,54.0,54.0,500,0.03,0,0.0
CLC,2026-09-11,Friday,54.7,54.7,53.0,54.0,54.0,1700,0.09,0,0.0
CLC,2026-09-14,Monday,54.0,54.0,54.0,54.0,54.0,600,0.03,0,0.0
CLC,2026-09-15,Tuesday,54.0,54.0,54.0,54.0,54.0,300,0.02,0,0.0
CLC,2026-09-16,Wednesday,54.0,54.0,54.0,54.0,54.0,300,0.02,0,0.0
CLC,2026-09-17,Thursday,54.0,54.0,54.0,54.0,54.0,100,0.01,0,0.0
CLC,2026-09-18,Friday,54.0,54.0,54.0,54.0,54.0,500,0.03,0,0.0
CLC,2026-09-21,Monday,54.1,54.1,54.0,54.0,54.0,400,0.02,0,0.0
CLC,2026-09-22,Tuesday,54.0,54.0,54.0,54.0,54.0,0,0.0,0,0.0
CLC,2026-09-23,Wednesday,54.0,54.0,54.0,54.0,54.0,0,0.0,0,0.0
CLC,2026-09-24,Thursday,54.0,54.0,54.0,54.0,54.0,0,0.0,0,0.0
CLC,2026-09-25,Friday,54.0,54.0,54.0,54.0,54.0,0,0.0,0,0.0
CLC,2026-09-28,Monday,54.1,54.1,54.1,54.1,54.1,200,0.01,0,0.0
CLC,2026-09-29,Tuesday,54.1,54.1,54.1,54.1,54.1,500,0.03,0,0.0
CLC,2026-09-30,Wednesday,54.0,54.0,54.0,54.0,54.0,700,0.04,0,0.0
CLC,2026-10-01,Thursday,53.9,54.1,53.9,54.0,54.0,1700,0.09,0,0.0
CLC,2026-10-02,Friday,53.0,53.0,53.0,53.0,53.0,100,0.01,0,0.0
CLC,2026-10-05,Monday,53.0,53.0,53.0,53.0,53.0,0,0.0,0,0.0
CLC,2026-10-06,Tuesday,53.0,53.0,53.0,53.0,53.0,300,0.02,0,0.0
CLL,2026-09-09,Wednesday,27.4,27.45,27.4,27.45,27.45,600,0.02,0,0.0
CLL,2026-09-10,Thursday,27.45,27.45,27.0,27.45,27.45,1600,0.04,0,0.0
CLL,2026-09-11,Friday,27.15,27.2,27.15,27.2,27.2,1800,0.05,0,0.0
CLL,2026-09-14,Monday,27.25,27.25,27.0,27.0,27.0,4100,0.11,0,0.0
CLL,2026-09-15,Tuesday,27.0,27.05,27.0,27.05,27.05,900,0.02,0,0.0
CLL,2026-09-16,Wednesday,27.05,27.15,27.0,27.05,27.05,11800,0.32,0,0.0
CLL,2026-09-17,Thursday,27.0,27.2,27.0,27.0,27.0,4600,0.12,0,0.0
CLL,2026-09-18,Friday,27.0,27.25,27.0,27.25,27.25,1200,0.03,0,0.0
CLL,2026-09-21,Monday,27.0,27.0,26.95,26.95,26.95,5900,0.16,0,0.0
CLL,2026-09-22,Tuesday,26.95,27.0,26.9,26.9,26.9,2400,0.06,0,0.0
CLL,2026-09-23,Wednesday,26.95,27.0,26.9,26.9,26.9,6100,0.16,0,0.0
CLL,2026-09-24,Thursday,26.95,27.0,26.9,26.9,26.9,2000,0.05,0,0.0
CLL,2026-09-25,Friday,26.9,26.9,26.85,26.85,26.85,1500,0.04,0,0.0
CLL,2026-09-28,Monday,26.85,26.85,26.55,26.8,26.8,3100,0.08,0,0.0
CLL,2026-09-29,Tuesday,26.8,26.85,26.8,26.85,26.85,1000,0.03,0,0.0
CLL,2026-09-30,Wednesday,26.85,26.95,26.85,26.95,26.95,700,0.02,0,0.0
CLL,2026-10-01,Thursday,26.95,26.95,26.9,26.95,26.95,5900,0.16,0,0.0
CLL,2026-10-02,Friday,26.95,27.1,26.9,26.9,26.9,4000,0.11,0,0.0
CLL,2026-10-05,Monday,26.9,27.0,26.85,27.0,27.0,1000,0.03,0,0.0
CLL,2026-10-06,Tuesday,27.05,27.05,26.9,26.9,26.9,300,0.01,0,0.0
CLW,2026-09-09,Wednesday,44.8,44.8,44.8,44.8,44.8,100,0.0,0,0.0
CLW,2026-09-10,Thursday,44.8,44.8,44.8,44.8,44.8,0,0.0,0,0.0
CLW,2026-09-11,Friday,44.8,44.8,44.8,44.8,44.8,0,0.0,0,0.0
CLW,2026-09-14,Monday,44.8,44.8,44.8,44.8,44.8,0,0.0,0,0.0
CLW,2026-09-15,Tuesday,44.8,44.8,44.8,44.8,44.8,0,0.0,0,0.0
CLW,2026-09-16,Wednesday,44.8,44.8,44.8,44.8,44.8,0,0.0,0,0.0
CLW,2026-09-17,Thursday,44.8,44.8,44.8,44.8,44.8,0,0.0,0,0.0
CLW,2026-09-18,Friday,41.8,41.8,41.8,41.8,41.8,100,0.0,0,0.0
CLW,2026-09-21,Monday,41.8,41.8,41.8,41.8,41.8,0,0.0,195220,7.59
CLW,2026-09-22,Tuesday,41.8,41.8,41.8,41.8,41.8,0,0.0,0,0.0
CLW,2026-09-23,Wednesday,44.7,44.7,44.7,44.7,44.7,3000,0.13,193000,7.51
CLW,2026-09-24,Thursday,44.7,44.7,44.7,44.7,44.7,0,0.0,0,0.0
CLW,2026-09-25,Friday,41.6,41.6,41.6,41.6,41.6,100,0.0,0,0.0
CLW,2026-09-28,Monday,44.5,44.5,44.5,44.5,44.5,300,0.01,0,0.0
CLW,2026-09-29,Tuesday,44.5,44.5,44.5,44.5,44.5,0,0.0,131780,5.46
CLW,2026-09-30,Wednesday,47.6,47.6,47.6,47.6,47.6,100,0.0,0,0.0
CLW,2026-10-01,Thursday,47.6,47.6,47.6,47.6,47.6,0,0.0,0,0.0
CLW,2026-10-02,Friday,47.6,47.6,47.6,47.6,47.6,0,0.0,0,0.0
CLW,2026-10-05,Monday,47.6,47.6,47.6,47.6,47.6,0,0.0,0,0.0
CLW,2026-10-06,Tuesday,47.6,47.6,47.6,47.6,47.6,0,0.0,0,0.0
CMG,2026-09-09,Wednesday,23.3,23.4,23.1,23.1,23.1,134400,3.12,0,0.0
CMG,2026-09-10,Thursday,23.1,23.9,23.0,23.75,23.75,208200,4.88,0,0.0
CMG,2026-09-11,Friday,23.7,23.7,23.15,23.35,23.35,88600,2.07,0,0.0
CMG,2026-09-14,Monday,23.35,23.4,22.5,22.5,22.5,152000,3.51,0,0.0
CMG,2026-09-15,Tuesday,22.55,23.65,22.55,22.8,22.8,124400,2.86,0,0.0
CMG,2026-09-16,Wednesday,22.8,23.1,22.8,22.8,22.8,72000,1.65,0,0.0
CMG,2026-09-17,Thursday,22.85,23.2,22.85,23.0,23.0,75200,1.73,0,0.0
CMG,2026-09-18,Friday,23.15,23.55,23.0,23.1,23.1,90500,2.1,0,0.0
CMG,2026-09-21,Monday,23.0,23.15,22.5,22.7,22.7,142100,3.24,0,0.0
CMG,2026-09-22,Tuesday,23.7,23.7,23.0,23.1,23.1,136400,3.19,0,0.0
CMG,2026-09-23,Wednesday,23.0,23.45,22.8,22.8,22.8,95600,2.19,0,0.0
CMG,2026-09-24,Thursday,22.8,23.2,22.65,22.65,22.65,97600,2.24,0,0.0
CMG,2026-09-25,Friday,22.65,22.95,22.45,22.45,22.45,169800,3.83,0,0.0
CMG,2026-09-28,Monday,22.35,22.95,21.95,22.0,22.0,216400,4.78,0,0.0
CMG,2026-09-29,Tuesday,21.8,22.0,21.6,22.0,22.0,205300,4.47,0,0.0
CMG,2026-09-30,Wednesday,22.0,22.95,21.2,21.2,21.2,247900,5.37,0,0.0
CMG,2026-10-01,Thursday,21.2,21.5,21.2,21.2,21.2,98500,2.09,0,0.0
CMG,2026-10-02,Friday,21.05,21.45,21.05,21.1,21.1,93000,1.97,0,0.0
CMG,2026-10-05,Monday,21.0,21.35,21.0,21.0,21.0,145500,3.06,0,0.0
CMG,2026-10-06,Tuesday,21.0,21.5,20.1,20.4,20.4,306900,6.3,0,0.0
CMV,2026-09-09,Wednesday,8.98,8.98,8.98,8.98,8.98,200,0.0,0,0.0
CMV,2026-09-10,Thursday,8.98,8.98,8.98,8.98,8.98,0,0.0,0,0.0
CMV,2026-09-11,Friday,8.98,8.98,8.98,8.98,8.98,0,0.0,0,0.0
CMV,2026-09-14,Monday,8.98,8.98,8.98,8.98,8.98,0,0.0,0,0.0
CMV,2026-09-15,Tuesday,8.98,8.98,8.98,8.98,8.98,0,0.0,0,0.0
CMV,2026-09-16,Wednesday,8.98,8.98,8.98,8.98,8.98,0,0.0,0,0.0
CMV,2026-09-17,Thursday,8.98,8.98,8.98,8.98,8.98,0,0.0,0,0.0
CMV,2026-09-18,Friday,8.97,8.98,8.36,8.36,8.36,5700,0.05,0,0.0
CMV,2026-09-21,Monday,8.36,8.36,8.36,8.36,8.36,0,0.0,0,0.0
CMV,2026-09-22,Tuesday,8.36,8.36,8.36,8.36,8.36,0,0.0,0,0.0
CMV,2026-09-23,Wednesday,8.36,8.36,8.36,8.36,8.36,0,0.0,0,0.0
CMV,2026-09-24,Thursday,7.78,7.78,7.78,7.78,7.78,2800,0.02,0,0.0
CMV,2026-09-25,Friday,7.26,7.26,7.24,7.26,7.26,400,0.0,0,0.0
CMV,2026-09-28,Monday,7.26,7.26,7.26,7.26,7.26,0,0.0,0,0.0
CMV,2026-09-29,Tuesday,7.53,7.53,7.53,7.53,7.53,100,0.0,0,0.0
CMV,2026-09-30,Wednesday,7.55,7.55,7.55,7.55,7.55,600,0.0,0,0.0
CMV,2026-10-01,Thursday,7.55,7.55,7.55,7.55,7.55,0,0.0,0,0.0
CMV,2026-10-02,Friday,7.55,7.55,7.55,7.55,7.55,0,0.0,0,0.0
CMV,2026-10-05,Monday,7.55,7.55,7.55,7.55,7.55,0,0.0,0,0.0
CMV,2026-10-06,Tuesday,7.55,7.55,7.55,7.55,7.55,700,0.01,0,0.0
CMX,2026-09-09,Wednesday,4.65,4.7,4.59,4.61,4.61,63700,0.29,0,0.0
CMX,2026-09-10,Thursday,4.65,4.65,4.57,4.57,4.57,38600,0.18,0,0.0
CMX,2026-09-11,Friday,4.58,4.65,4.56,4.56,4.56,29100,0.13,0,0.0
CMX,2026-09-14,Monday,4.51,4.62,4.51,4.56,4.56,61300,0.28,0,0.0
CMX,2026-09-15,Tuesday,4.56,4.63,4.56,4.62,4.62,67000,0.31,0,0.0
CMX,2026-09-16,Wednesday,4.62,4.7,4.62,4.7,4.7,25500,0.12,0,0.0
CMX,2026-09-17,Thursday,4.68,4.7,4.65,4.68,4.68,17100,0.08,0,0.0
CMX,2026-09-18,Friday,4.71,4.8,4.69,4.69,4.69,18100,0.09,0,0.0
CMX,2026-09-21,Monday,4.66,4.7,4.65,4.7,4.7,15800,0.07,0,0.0
CMX,2026-09-22,Tuesday,4.58,4.71,4.58,4.63,4.63,43600,0.2,0,0.0
CMX,2026-09-23,Wednesday,4.65,4.73,4.62,4.64,4.64,41800,0.2,0,0.0
CMX,2026-09-24,Thursday,4.7,4.7,4.63,4.63,4.63,10500,0.05,0,0.0
CMX,2026-09-25,Friday,4.63,4.63,4.61,4.62,4.62,14100,0.07,0,0.0
CMX,2026-09-28,Monday,4.63,4.65,4.6,4.61,4.61,11800,0.05,0,0.0
CMX,2026-09-29,Tuesday,4.6,4.64,4.59,4.62,4.62,7200,0.03,0,0.0
CMX,2026-09-30,Wednesday,4.62,4.62,4.51,4.62,4.62,10500,0.05,0,0.0
CMX,2026-10-01,Thursday,4.5,4.55,4.5,4.54,4.54,16000,0.07,0,0.0
CMX,2026-10-02,Friday,4.59,4.78,4.54,4.58,4.58,49700,0.23,0,0.0
CMX,2026-10-05,Monday,4.36,4.6,4.36,4.5,4.5,37900,0.17,0,0.0
CMX,2026-10-06,Tuesday,4.5,4.58,4.44,4.48,4.48,27700,0.12,0,0.0
CNG,2026-09-09,Wednesday,22.3,22.35,22.0,22.0,22.0,1400,0.03,0,0.0
CNG,2026-09-10,Thursday,21.9,22.4,21.55,22.3,22.3,1600,0.04,0,0.0
CNG,2026-09-11,Friday,22.3,22.3,22.0,22.0,22.0,2400,0.05,0,0.0
CNG,2026-09-14,Monday,22.2,22.2,21.5,22.0,22.0,4800,0.1,0,0.0
CNG,2026-09-15,Tuesday,21.2,22.35,21.2,22.35,22.35,1700,0.04,0,0.0
CNG,2026-09-16,Wednesday,22.0,22.3,22.0,22.3,22.3,1100,0.02,0,0.0
CNG,2026-09-17,Thursday,22.0,22.25,22.0,22.1,22.1,700,0.02,0,0.0
CNG,2026-09-18,Friday,21.4,22.3,20.75,22.2,22.2,2200,0.05,0,0.0
CNG,2026-09-21,Monday,22.2,22.2,21.3,22.1,22.1,1100,0.02,0,0.0
CNG,2026-09-22,Tuesday,22.5,22.5,21.9,21.9,21.9,2800,0.06,0,0.0
CNG,2026-09-23,Wednesday,21.85,21.85,21.4,21.85,21.85,2700,0.06,0,0.0
CNG,2026-09-24,Thursday,21.05,21.8,20.35,21.7,21.7,9500,0.2,0,0.0
CNG,2026-09-25,Friday,21.7,21.7,20.8,21.65,21.65,2200,0.05,0,0.0
CNG,2026-09-28,Monday,21.65,21.65,21.65,21.65,21.65,0,0.0,0,0.0
CNG,2026-09-29,Tuesday,21.65,21.65,20.8,20.95,20.95,2100,0.04,0,0.0
CNG,2026-09-30,Wednesday,21.4,21.4,20.95,21.4,21.4,3300,0.07,0,0.0
CNG,2026-10-01,Thursday,20.85,21.4,20.85,21.4,21.4,200,0.0,0,0.0
CNG,2026-10-02,Friday,21.1,21.1,20.6,21.0,21.0,3600,0.08,0,0.0
CNG,2026-10-05,Monday,20.4,21.3,20.4,21.3,21.3,2200,0.05,0,0.0
CNG,2026-10-06,Tuesday,20.6,21.25,20.55,21.25,21.25,9800,0.2,0,0.0
COM,2026-09-09,Wednesday,28.65,28.65,24.95,24.95,24.95,500,0.01,0,0.0
COM,2026-09-10,Thursday,24.95,24.95,24.95,24.95,24.95,0,0.0,0,0.0
COM,2026-09-11,Friday,24.95,24.95,24.95,24.95,24.95,0,0.0,0,0.0
COM,2026-09-14,Monday,24.95,24.95,24.95,24.95,24.95,0,0.0,0,0.0
COM,2026-09-15,Tuesday,24.95,24.95,24.95,24.95,24.95,0,0.0,0,0.0
COM,2026-09-16,Wednesday,24.95,24.95,24.95,24.95,24.95,0,0.0,0,0.0
COM,2026-09-17,Thursday,24.95,24.95,24.95,24.95,24.95,0,0.0,0,0.0
COM,2026-09-18,Friday,24.95,24.95,24.95,24.95,24.95,0,0.0,0,0.0
COM,2026-09-21,Monday,26.65,26.65,26.65,26.65,26.65,400,0.01,0,0.0
COM,2026-09-22,Tuesday,25.0,28.5,25.0,28.5,28.5,300,0.01,0,0.0
COM,2026-09-23,Wednesday,27.1,28.55,27.1,28.55,28.55,200,0.01,0,0.0
COM,2026-09-24,Thursday,26.75,26.75,26.75,26.75,26.75,100,0.0,0,0.0
COM,2026-09-25,Friday,26.75,26.75,26.75,26.75,26.75,0,0.0,0,0.0
COM,2026-09-28,Monday,26.75,26.75,26.75,26.75,26.75,0,0.0,0,0.0
COM,2026-09-29,Tuesday,28.6,28.6,24.9,24.9,24.9,500,0.01,0,0.0
COM,2026-09-30,Wednesday,24.9,24.9,24.9,24.9,24.9,0,0.0,0,0.0
COM,2026-10-01,Thursday,24.9,24.9,24.9,24.9,24.9,0,0.0,0,0.0
COM,2026-10-02,Friday,24.9,24.9,24.9,24.9,24.9,0,0.0,0,0.0
COM,2026-10-05,Monday,24.9,24.9,24.9,24.9,24.9,0,0.0,0,0.0
COM,2026-10-06,Tuesday,24.9,24.9,24.9,24.9,24.9,0,0.0,0,0.0
CRC,2026-09-09,Wednesday,5.26,5.26,5.18,5.23,5.23,76600,0.4,0,0.0
CRC,2026-09-10,Thursday,5.23,5.23,5.15,5.22,5.22,32900,0.17,0,0.0
CRC,2026-09-11,Friday,5.22,5.22,5.07,5.18,5.18,135500,0.7,0,0.0
CRC,2026-09-14,Monday,5.17,5.17,5.05,5.17,5.17,97900,0.5,0,0.0
CRC,2026-09-15,Tuesday,5.17,5.17,5.1,5.16,5.16,131800,0.68,0,0.0
CRC,2026-09-16,Wednesday,5.2,5.2,5.12,5.17,5.17,84800,0.44,0,0.0
CRC,2026-09-17,Thursday,5.18,5.18,5.07,5.16,5.16,805400,4.15,0,0.0
CRC,2026-09-18,Friday,5.16,5.19,5.09,5.16,5.16,182500,0.94,0,0.0
CRC,2026-09-21,Monday,5.15,5.16,5.05,5.15,5.15,235300,1.2,0,0.0
CRC,2026-09-22,Tuesday,5.06,5.19,5.06,5.16,5.16,40500,0.21,0,0.0
CRC,2026-09-23,Wednesday,5.15,5.18,5.1,5.16,5.16,307300,1.59,0,0.0
CRC,2026-09-24,Thursday,5.08,5.15,5.06,5.14,5.14,317500,1.63,0,0.0
CRC,2026-09-25,Friday,5.08,5.15,5.05,5.14,5.14,540900,2.77,0,0.0
CRC,2026-09-28,Monday,5.13,5.13,5.0,5.11,5.11,259000,1.32,0,0.0
CRC,2026-09-29,Tuesday,5.05,5.11,5.03,5.11,5.11,433500,2.2,0,0.0
CRC,2026-09-30,Wednesday,5.1,5.1,5.03,5.1,5.1,91700,0.47,0,0.0
CRC,2026-10-01,Thursday,5.08,5.12,5.01,5.1,5.1,159800,0.81,0,0.0
CRC,2026-10-02,Friday,5.03,5.09,5.0,5.0,5.0,379500,1.91,0,0.0
CRC,2026-10-05,Monday,5.01,5.06,4.93,5.0,5.0,142300,0.71,0,0.0
CRC,2026-10-06,Tuesday,4.91,5.0,4.84,5.0,5.0,497800,2.45,0,0.0
CRE,2026-09-09,Wednesday,6.4,6.45,6.3,6.35,6.35,274900,1.74,3095000,18.94
CRE,2026-09-10,Thursday,6.35,6.6,6.3,6.35,6.35,197400,1.27,2575000,15.22
CRE,2026-09-11,Friday,6.35,6.4,6.1,6.1,6.1,182800,1.14,0,0.0
CRE,2026-09-14,Monday,6.1,6.2,6.05,6.2,6.2,144300,0.89,0,0.0
CRE,2026-09-15,Tuesday,6.2,6.3,6.09,6.28,6.28,172700,1.06,0,0.0
CRE,2026-09-16,Wednesday,6.28,6.3,6.2,6.29,6.29,146700,0.92,0,0.0
CRE,2026-09-17,Thursday,6.25,6.55,6.25,6.4,6.4,228600,1.46,0,0.0
CRE,2026-09-18,Friday,6.4,6.46,6.31,6.41,6.41,111900,0.72,0,0.0
CRE,2026-09-21,Monday,6.3,6.5,6.3,6.5,6.5,129400,0.83,0,0.0
CRE,2026-09-22,Tuesday,6.6,6.6,6.36,6.5,6.5,218700,1.4,0,0.0
CRE,2026-09-23,Wednesday,6.45,6.5,6.37,6.49,6.49,165200,1.06,0,0.0
CRE,2026-09-24,Thursday,6.49,6.49,6.32,6.48,6.48,88700,0.57,0,0.0
CRE,2026-09-25,Friday,6.48,6.48,6.4,6.48,6.48,110500,0.71,0,0.0
CRE,2026-09-28,Monday,6.48,6.48,6.3,6.34,6.34,97700,0.62,0,0.0
CRE,2026-09-29,Tuesday,6.4,6.4,6.25,6.32,6.32,126800,0.8,0,0.0
CRE,2026-09-30,Wednesday,6.32,6.32,6.23,6.3,6.3,124300,0.78,0,0.0
CRE,2026-10-01,Thursday,6.3,6.35,6.23,6.34,6.34,137300,0.86,0,0.0
CRE,2026-10-02,Friday,6.34,6.34,6.15,6.2,6.2,168300,1.05,0,0.0
CRE,2026-10-05,Monday,6.2,6.2,6.05,6.2,6.2,254100,1.56,0,0.0
CRE,2026-10-06,Tuesday,6.19,6.19,5.9,6.0,6.0,75300,0.45,0,0.0
CRV,2026-09-09,Wednesday,22.75,22.75,22.75,22.75,22.75,300,0.01,0,0.0
CRV,2026-09-10,Thursday,22.0,23.3,22.0,23.3,23.3,800,0.02,0,0.0
CRV,2026-09-11,Friday,23.3,23.3,23.3,23.3,23.3,0,0.0,0,0.0
CRV,2026-09-14,Monday,23.3,23.3,23.3,23.3,23.3,0,0.0,0,0.0
CRV,2026-09-15,Tuesday,23.3,23.35,22.1,22.1,22.1,6600,0.15,0,0.0
CRV,2026-09-16,Wednesday,22.1,22.1,22.1,22.1,22.1,500,0.01,0,0.0
CRV,2026-09-17,Thursday,22.1,22.1,22.1,22.1,22.1,200,0.0,0,0.0
CRV,2026-09-18,Friday,22.1,22.1,22.1,22.1,22.1,300,0.01,0,0.0
CRV,2026-09-21,Monday,22.1,22.1,22.1,22.1,22.1,0,0.0,0,0.0
CRV,2026-09-22,Tuesday,22.1,22.1,22.1,22.1,22.1,0,0.0,0,0.0
CRV,2026-09-23,Wednesday,22.1,22.1,22.1,22.1,22.1,0,0.0,0,0.0
CRV,2026-09-24,Thursday,22.1,22.1,22.1,22.1,22.1,0,0.0,0,0.0
CRV,2026-09-25,Friday,22.05,22.1,22.05,22.1,22.1,400,0.01,0,0.0
CRV,2026-09-28,Monday,22.1,22.1,22.1,22.1,22.1,0,0.0,0,0.0
CRV,2026-09-29,Tuesday,21.05,22.7,21.05,22.7,22.7,1100,0.02,0,0.0
CRV,2026-09-30,Wednesday,22.7,22.7,22.7,22.7,22.7,0,0.0,0,0.0
CRV,2026-10-01,Thursday,22.7,22.7,22.7,22.7,22.7,0,0.0,0,0.0
CRV,2026-10-02,Friday,22.7,22.7,22.7,22.7,22.7,0,0.0,0,0.0
CRV,2026-10-05,Monday,22.7,22.7,22.7,22.7,22.7,0,0.0,0,0.0
CRV,2026-10-06,Tuesday,22.7,22.7,22.7,22.7,22.7,0,0.0,0,0.0
CSM,2026-09-09,Wednesday,12.9,13.25,12.8,13.15,13.15,22300,0.29,0,0.0
CSM,2026-09-10,Thursday,13.2,13.2,12.8,13.05,13.05,62500,0.81,0,0.0
CSM,2026-09-11,Friday,12.8,13.05,12.2,12.75,12.75,45000,0.57,0,0.0
CSM,2026-09-14,Monday,12.75,13.0,12.4,12.5,12.5,39400,0.5,0,0.0
CSM,2026-09-15,Tuesday,12.6,13.0,12.45,12.65,12.65,16200,0.2,0,0.0
CSM,2026-09-16,Wednesday,12.65,12.65,12.35,12.55,12.55,16900,0.21,0,0.0
CSM,2026-09-17,Thursday,12.1,12.6,12.1,12.5,12.5,34700,0.43,0,0.0
CSM,2026-09-18,Friday,12.5,12.5,12.1,12.45,12.45,132100,1.61,0,0.0
CSM,2026-09-21,Monday,12.5,13.3,12.4,13.2,13.2,164900,2.17,0,0.0
CSM,2026-09-22,Tuesday,13.2,13.45,13.0,13.15,13.15,51600,0.68,0,0.0
CSM,2026-09-23,Wednesday,13.15,13.35,13.0,13.25,13.25,53500,0.71,0,0.0
CSM,2026-09-24,Thursday,13.25,13.3,12.65,13.1,13.1,69200,0.89,0,0.0
CSM,2026-09-25,Friday,12.6,13.1,12.5,13.1,13.1,44700,0.58,0,0.0
CSM,2026-09-28,Monday,12.6,13.05,12.55,13.05,13.05,77400,0.99,0,0.0
CSM,2026-09-29,Tuesday,12.6,12.95,12.45,12.45,12.45,162700,2.04,0,0.0
CSM,2026-09-30,Wednesday,12.45,12.9,12.45,12.7,12.7,27400,0.35,0,0.0
CSM,2026-10-01,Thursday,12.6,13.5,12.6,12.85,12.85,148000,1.92,0,0.0
CSM,2026-10-02,Friday,12.95,12.95,12.5,12.85,12.85,41400,0.53,0,0.0
CSM,2026-10-05,Monday,13.05,13.05,12.65,12.75,12.75,16100,0.2,0,0.0
CSM,2026-10-06,Tuesday,12.9,12.9,12.0,12.85,12.85,61400,0.77,400000,5.28
CSV,2026-09-09,Wednesday,21.25,21.45,21.2,21.3,21.3,203000,4.34,0,0.0
CSV,2026-09-10,Thursday,21.3,21.65,21.2,21.3,21.3,194200,4.15,0,0.0
CSV,2026-09-11,Friday,21.25,21.45,20.75,20.85,20.85,287400,6.07,0,0.0
CSV,2026-09-14,Monday,20.8,20.9,20.05,20.25,20.25,304600,6.21,0,0.0
CSV,2026-09-15,Tuesday,20.15,20.8,20.15,20.8,20.8,156400,3.2,311500,6.31
CSV,2026-09-16,Wednesday,20.55,20.95,20.55,20.75,20.75,131500,2.73,0,0.0
CSV,2026-09-17,Thursday,20.75,21.2,20.55,20.9,20.9,220900,4.6,0,0.0
CSV,2026-09-18,Friday,20.95,21.35,20.8,20.9,20.9,176500,3.72,0,0.0
CSV,2026-09-21,Monday,20.85,21.05,20.7,20.7,20.7,109500,2.28,0,0.0
CSV,2026-09-22,Tuesday,20.7,20.9,20.5,20.7,20.7,188000,3.89,0,0.0
CSV,2026-09-23,Wednesday,20.7,20.7,20.4,20.5,20.5,129900,2.67,311500,6.45
CSV,2026-09-24,Thursday,20.45,20.7,20.2,20.4,20.4,185300,3.78,0,0.0
CSV,2026-09-25,Friday,20.4,20.5,20.25,20.25,20.25,93900,1.91,0,0.0
CSV,2026-09-28,Monday,20.3,20.3,19.9,20.05,20.05,192200,3.85,0,0.0
CSV,2026-09-29,Tuesday,20.0,20.4,20.0,20.05,20.05,130000,2.62,0,0.0
CSV,2026-09-30,Wednesday,20.05,20.25,20.0,20.0,20.0,116800,2.34,0,0.0
CSV,2026-10-01,Thursday,20.0,20.05,19.8,19.95,19.95,75600,1.51,311500,6.23
CSV,2026-10-02,Friday,19.6,20.5,19.6,20.05,20.05,285800,5.78,0,0.0
CSV,2026-10-05,Monday,20.0,20.45,20.0,20.0,20.0,96000,1.93,0,0.0
CSV,2026-10-06,Tuesday,20.25,20.25,19.7,19.8,19.8,176100,3.51,0,0.0
CTD,2026-09-09,Wednesday,61.1,61.6,60.1,60.1,60.1,228100,13.87,0,0.0
CTD,2026-09-10,Thursday,60.6,60.6,58.8,59.0,59.0,396100,23.48,0,0.0
CTD,2026-09-11,Friday,58.8,58.9,57.5,58.0,58.0,298700,17.35,0,0.0
CTD,2026-09-14,Monday,57.3,58.5,57.3,58.0,58.0,131000,7.6,0,0.0
CTD,2026-09-15,Tuesday,58.8,58.8,57.9,58.3,58.3,198500,11.56,0,0.0
CTD,2026-09-16,Wednesday,58.4,58.4,57.4,57.5,57.5,175100,10.1,0,0.0
CTD,2026-09-17,Thursday,56.8,59.1,56.8,58.8,58.8,157100,9.19,0,0.0
CTD,2026-09-18,Friday,58.8,59.9,58.8,59.0,59.0,171500,10.16,0,0.0
CTD,2026-09-21,Monday,59.2,59.6,58.2,58.7,58.7,143900,8.46,0,0.0
CTD,2026-09-22,Tuesday,58.6,58.7,57.5,58.5,58.5,251300,14.59,0,0.0
CTD,2026-09-23,Wednesday,58.1,59.4,58.1,58.5,58.5,141400,8.3,0,0.0
CTD,2026-09-24,Thursday,58.5,58.9,58.2,58.5,58.5,189200,11.08,0,0.0
CTD,2026-09-25,Friday,58.5,58.8,58.2,58.2,58.2,179700,10.51,0,0.0
CTD,2026-09-28,Monday,58.4,60.7,58.4,59.4,59.4,533800,31.59,0,0.0
CTD,2026-09-29,Tuesday,59.4,60.4,59.1,59.7,59.7,319500,19.15,0,0.0
CTD,2026-09-30,Wednesday,59.6,60.4,58.6,58.6,58.6,329600,19.58,0,0.0
CTD,2026-10-01,Thursday,58.6,59.3,58.6,59.3,59.3,218200,12.86,0,0.0
CTD,2026-10-02,Friday,59.3,59.3,57.3,57.8,57.8,387900,22.43,0,0.0
CTD,2026-10-05,Monday,58.0,58.8,57.4,58.1,58.1,179700,10.42,0,0.0
CTD,2026-10-06,Tuesday,57.9,58.9,57.6,58.8,58.8,232000,13.54,0,0.0
CTF,2026-09-09,Wednesday,21.1,21.1,20.95,21.1,21.1,273900,5.75,0,0.0
CTF,2026-09-10,Thursday,21.3,21.3,21.05,21.1,21.1,353900,7.47,0,0.0
CTF,2026-09-11,Friday,21.3,21.3,21.0,21.25,21.25,287900,6.06,0,0.0
CTF,2026-09-14,Monday,21.4,21.4,21.05,21.15,21.15,199300,4.22,0,0.0
CTF,2026-09-15,Tuesday,21.35,21.35,20.75,21.2,21.2,331400,6.94,0,0.0
CTF,2026-09-16,Wednesday,21.2,21.2,20.4,21.0,21.0,317900,6.57,0,0.0
CTF,2026-09-17,Thursday,21.1,21.1,20.45,21.1,21.1,353200,7.38,0,0.0
CTF,2026-09-18,Friday,20.75,21.1,20.5,21.1,21.1,284300,5.91,142000,2.84
CTF,2026-09-21,Monday,20.85,20.85,20.55,20.85,20.85,329100,6.78,0,0.0
CTF,2026-09-22,Tuesday,20.95,20.95,19.4,19.4,19.4,111300,2.23,61400,1.22
CTF,2026-09-23,Wednesday,18.05,19.5,18.05,19.5,19.5,265800,5.12,0,0.0
CTF,2026-09-24,Thursday,19.5,19.5,19.05,19.2,19.2,245600,4.75,0,0.0
CTF,2026-09-25,Friday,19.2,19.4,18.7,19.2,19.2,267100,5.1,0,0.0
CTF,2026-09-28,Monday,18.95,19.35,18.5,19.2,19.2,236600,4.52,0,0.0
CTF,2026-09-29,Tuesday,18.9,19.15,18.1,18.35,18.35,267700,5.02,0,0.0
CTF,2026-09-30,Wednesday,17.45,18.35,17.1,18.2,18.2,173600,3.03,0,0.0
CTF,2026-10-01,Thursday,18.2,18.25,17.1,18.2,18.2,179000,3.15,0,0.0
CTF,2026-10-02,Friday,18.2,18.45,17.65,18.35,18.35,272700,4.96,0,0.0
CTF,2026-10-05,Monday,18.25,18.4,17.8,18.2,18.2,237100,4.28,0,0.0
CTF,2026-10-06,Tuesday,18.25,18.3,17.65,18.3,18.3,273700,4.96,0,0.0
CTG,2026-09-09,Wednesday,30.95,31.0,30.6,30.7,30.7,8789800,270.13,78000,2.48
CTG,2026-09-10,Thursday,30.65,30.7,30.5,30.55,30.55,6515200,199.27,114000,3.5
CTG,2026-09-11,Friday,30.45,30.5,29.9,29.95,29.95,11049200,332.78,33000,1.05
CTG,2026-09-14,Monday,30.0,30.25,29.7,29.85,29.85,8579100,256.76,289000,9.03
CTG,2026-09-15,Tuesday,30.0,30.65,30.0,30.55,30.55,7704000,234.79,438000,13.2
CTG,2026-09-16,Wednesday,30.65,30.85,30.2,30.85,30.85,4346000,132.72,244000,7.52
CTG,2026-09-17,Thursday,30.4,31.4,30.35,31.4,31.4,11251200,349.56,30000,0.89
CTG,2026-09-18,Friday,31.4,31.7,30.25,30.25,30.25,14170000,436.65,107000,3.32
CTG,2026-09-21,Monday,30.75,31.0,30.3,31.0,31.0,7931900,243.68,0,0.0
CTG,2026-09-22,Tuesday,30.9,31.1,30.7,30.95,30.95,3819100,117.94,173000,5.56
CTG,2026-09-23,Wednesday,30.75,31.0,30.65,30.7,30.7,6309400,194.42,472200,15.38
CTG,2026-09-24,Thursday,30.6,30.65,30.15,30.15,30.15,7640300,231.58,144000,4.49
CTG,2026-09-25,Friday,30.15,30.55,30.0,30.15,30.15,6540400,197.43,300000,9.66
CTG,2026-09-28,Monday,30.2,30.3,29.7,29.85,29.85,12451800,371.76,0,0.0
CTG,2026-09-29,Tuesday,29.95,30.05,29.7,29.75,29.75,7504100,224.03,144636,4.27
CTG,2026-09-30,Wednesday,30.0,30.25,29.9,30.0,30.0,4672200,140.54,189000,5.86
CTG,2026-10-01,Thursday,30.05,30.25,29.9,30.05,30.05,5685400,170.95,0,0.0
CTG,2026-10-02,Friday,30.1,30.1,29.6,29.75,29.75,5575400,166.41,227000,6.91
CTG,2026-10-05,Monday,29.8,29.9,29.6,29.65,29.65,3052100,90.68,0,0.0
CTG,2026-10-06,Tuesday,29.65,29.8,28.9,29.8,29.8,9633400,282.31,0,0.0
CTI,2026-09-09,Wednesday,16.55,16.7,16.35,16.45,16.45,171100,2.83,0,0.0
CTI,2026-09-10,Thursday,16.6,16.6,16.35,16.4,16.4,152300,2.5,0,0.0
CTI,2026-09-11,Friday,16.45,16.45,15.9,16.1,16.1,292500,4.72,0,0.0
CTI,2026-09-14,Monday,15.85,16.1,15.5,15.5,15.5,230000,3.64,0,0.0
CTI,2026-09-15,Tuesday,15.15,16.0,15.15,15.5,15.5,371200,5.73,0,0.0
CTI,2026-09-16,Wednesday,15.5,15.6,15.4,15.4,15.4,152600,2.36,0,0.0
CTI,2026-09-17,Thursday,15.4,15.95,15.35,15.85,15.85,412700,6.46,0,0.0
CTI,2026-09-18,Friday,15.85,16.0,15.6,15.65,15.65,377600,5.93,0,0.0
CTI,2026-09-21,Monday,15.8,15.8,15.5,15.55,15.55,99000,1.54,0,0.0
CTI,2026-09-22,Tuesday,15.35,15.55,15.35,15.55,15.55,251000,3.88,0,0.0
CTI,2026-09-23,Wednesday,15.55,15.75,15.5,15.75,15.75,314300,4.89,0,0.0
CTI,2026-09-24,Thursday,15.7,15.75,15.45,15.65,15.65,281700,4.39,0,0.0
CTI,2026-09-25,Friday,15.5,15.6,15.45,15.6,15.6,125700,1.95,0,0.0
CTI,2026-09-28,Monday,15.4,15.45,15.05,15.3,15.3,317700,4.83,0,0.0
CTI,2026-09-29,Tuesday,15.3,15.4,15.3,15.35,15.35,121000,1.86,0,0.0
CTI,2026-09-30,Wednesday,15.35,15.45,15.25,15.45,15.45,143500,2.21,0,0.0
CTI,2026-10-01,Thursday,15.3,15.5,15.3,15.5,15.5,79900,1.23,0,0.0
CTI,2026-10-02,Friday,15.4,15.4,15.1,15.3,15.3,127800,1.95,0,0.0
CTI,2026-10-05,Monday,15.3,15.4,14.85,15.4,15.4,254300,3.85,0,0.0
CTI,2026-10-06,Tuesday,15.35,15.35,14.9,15.35,15.35,409200,6.2,0,0.0
CTR,2026-09-09,Wednesday,73.6,74.2,73.3,74.2,74.2,118000,8.7,0,0.0
CTR,2026-09-10,Thursday,74.0,74.2,73.3,73.6,73.6,85300,6.29,0,0.0
CTR,2026-09-11,Friday,73.6,74.0,72.6,74.0,74.0,188100,13.77,0,0.0
CTR,2026-09-14,Monday,72.6,74.0,72.0,72.5,72.5,167500,12.14,0,0.0
CTR,2026-09-15,Tuesday,72.1,73.1,72.1,73.0,73.0,131200,9.54,0,0.0
CTR,2026-09-16,Wednesday,73.0,73.3,72.5,72.7,72.7,152700,11.12,0,0.0
CTR,2026-09-17,Thursday,72.2,73.2,72.2,73.1,73.1,160300,11.69,0,0.0
CTR,2026-09-18,Friday,73.2,73.6,73.0,73.0,73.0,118400,8.67,0,0.0
CTR,2026-09-21,Monday,73.0,73.0,71.6,72.2,72.2,172300,12.44,0,0.0
CTR,2026-09-22,Tuesday,72.2,72.5,71.8,71.8,71.8,68400,4.93,0,0.0
CTR,2026-09-23,Wednesday,71.8,72.7,71.3,72.5,72.5,204000,14.64,0,0.0
CTR,2026-09-24,Thursday,72.4,75.5,72.3,74.1,74.1,541100,40.12,0,0.0
CTR,2026-09-25,Friday,74.1,74.1,72.2,72.7,72.7,214000,15.61,0,0.0
CTR,2026-09-28,Monday,73.3,73.3,70.0,71.5,71.5,284900,20.25,0,0.0
CTR,2026-09-29,Tuesday,71.0,71.6,70.1,71.6,71.6,334200,23.75,0,0.0
CTR,2026-09-30,Wednesday,71.5,72.0,70.2,71.6,71.6,254100,18.09,0,0.0
CTR,2026-10-01,Thursday,71.6,72.6,70.5,71.5,71.5,269900,19.24,0,0.0
CTR,2026-10-02,Friday,71.5,71.5,70.2,71.2,71.2,167000,11.8,0,0.0
CTR,2026-10-05,Monday,71.0,71.2,70.2,70.8,70.8,168200,11.86,0,0.0
CTR,2026-10-06,Tuesday,70.2,70.7,68.4,70.3,70.3,306900,21.32,0,0.0
CTS,2026-09-09,Wednesday,22.45,22.55,21.95,22.0,22.0,1141200,25.3,0,0.0
CTS,2026-09-10,Thursday,21.9,22.6,21.8,22.25,22.25,960100,21.25,0,0.0
CTS,2026-09-11,Friday,22.15,22.15,21.5,21.5,21.5,1940500,42.21,0,0.0
CTS,2026-09-14,Monday,21.4,22.0,20.8,21.45,21.45,1368700,29.22,0,0.0
CTS,2026-09-15,Tuesday,21.45,21.8,21.45,21.7,21.7,901900,19.54,0,0.0
CTS,2026-09-16,Wednesday,21.75,21.75,21.25,21.3,21.3,1122300,24.01,0,0.0
CTS,2026-09-17,Thursday,21.1,22.65,21.1,21.95,21.95,2146200,47.35,0,0.0
CTS,2026-09-18,Friday,22.35,22.65,21.95,21.95,21.95,1016100,22.63,0,0.0
CTS,2026-09-21,Monday,22.15,22.25,21.55,21.6,21.6,1115000,24.26,0,0.0
CTS,2026-09-22,Tuesday,21.7,22.05,21.55,21.8,21.8,596400,12.98,0,0.0
CTS,2026-09-23,Wednesday,21.9,21.95,21.4,21.45,21.45,708100,15.34,0,0.0
CTS,2026-09-24,Thursday,21.4,21.85,21.15,21.55,21.55,866400,18.51,0,0.0
CTS,2026-09-25,Friday,21.5,21.6,21.2,21.2,21.2,632300,13.52,0,0.0
CTS,2026-09-28,Monday,21.05,21.2,20.4,20.5,20.5,1407300,29.02,0,0.0
CTS,2026-09-29,Tuesday,20.7,20.9,20.45,20.45,20.45,547600,11.3,0,0.0
CTS,2026-09-30,Wednesday,20.55,20.8,20.4,20.4,20.4,609100,12.52,0,0.0
CTS,2026-10-01,Thursday,20.4,20.8,20.15,20.2,20.2,883900,17.98,0,0.0
CTS,2026-10-02,Friday,20.1,20.45,19.85,19.9,19.9,957600,19.22,0,0.0
CTS,2026-10-05,Monday,19.9,20.3,19.9,19.9,19.9,607600,12.2,0,0.0
CTS,2026-10-06,Tuesday,19.85,20.3,19.2,20.25,20.25,1437300,28.22,0,0.0
CVT,2026-09-09,Wednesday,26.65,26.65,26.65,26.65,26.65,0,0.0,0,0.0
CVT,2026-09-10,Thursday,26.65,26.65,26.65,26.65,26.65,0,0.0,0,0.0
CVT,2026-09-11,Friday,26.65,26.65,26.65,26.65,26.65,0,0.0,0,0.0
CVT,2026-09-14,Monday,26.65,26.65,26.65,26.65,26.65,0,0.0,0,0.0
CVT,2026-09-15,Tuesday,26.65,26.65,26.65,26.65,26.65,0,0.0,0,0.0
CVT,2026-09-16,Wednesday,26.65,26.65,26.65,26.65,26.65,0,0.0,0,0.0
CVT,2026-09-17,Thursday,26.65,26.65,26.65,26.65,26.65,0,0.0,0,0.0
CVT,2026-09-18,Friday,26.65,26.65,26.65,26.65,26.65,0,0.0,0,0.0
CVT,2026-09-21,Monday,25.0,25.95,25.0,25.95,25.95,7600,0.19,0,0.0
CVT,2026-09-22,Tuesday,25.9,26.45,25.9,26.45,26.45,500,0.01,0,0.0
CVT,2026-09-23,Wednesday,26.4,26.4,26.4,26.4,26.4,100,0.0,0,0.0
CVT,2026-09-24,Thursday,24.6,26.4,24.6,24.6,24.6,1900,0.05,0,0.0
CVT,2026-09-25,Friday,26.3,26.3,25.0,25.0,25.0,1100,0.03,0,0.0
CVT,2026-09-28,Monday,25.95,25.95,25.0,25.65,25.65,10800,0.28,0,0.0
CVT,2026-09-29,Tuesday,25.7,27.15,25.7,25.8,25.8,3800,0.1,0,0.0
CVT,2026-09-30,Wednesday,24.8,26.15,24.8,26.05,26.05,2300,0.06,0,0.0
CVT,2026-10-01,Thursday,26.35,26.35,26.35,26.35,26.35,100,0.0,0,0.0
CVT,2026-10-02,Friday,25.8,26.45,25.8,26.45,26.45,500,0.01,0,0.0
CVT,2026-10-05,Monday,26.45,26.45,26.45,26.45,26.45,0,0.0,0,0.0
CVT,2026-10-06,Tuesday,26.45,26.45,26.45,26.45,26.45,0,0.0,0,0.0
D2D,2026-09-09,Wednesday,29.5,30.8,29.4,29.5,24.52,93700,2.78,0,0.0
D2D,2026-09-10,Thursday,29.5,30.2,29.5,29.75,24.73,46100,1.37,0,0.0
D2D,2026-09-11,Friday,29.7,30.6,29.3,29.95,24.89,108700,3.27,0,0.0
D2D,2026-09-14,Monday,30.35,30.7,30.05,30.15,25.06,138600,4.2,0,0.0
D2D,2026-09-15,Tuesday,30.2,30.45,30.1,30.3,25.18,66900,2.02,0,0.0
D2D,2026-09-16,Wednesday,30.5,30.6,29.8,30.1,25.02,55200,1.67,0,0.0
D2D,2026-09-17,Thursday,30.1,30.5,30.0,30.5,25.35,117800,3.57,0,0.0
D2D,2026-09-18,Friday,30.6,30.65,30.35,30.6,25.43,97000,2.96,0,0.0
D2D,2026-09-21,Monday,30.7,30.7,30.15,30.15,25.06,124100,3.77,0,0.0
D2D,2026-09-22,Tuesday,30.45,30.45,30.0,30.1,25.02,97000,2.93,0,0.0
D2D,2026-09-23,Wednesday,30.2,30.25,29.9,29.9,24.85,183900,5.53,0,0.0
D2D,2026-09-24,Thursday,29.9,30.0,29.0,29.5,24.52,115700,3.42,0,0.0
D2D,2026-09-25,Friday,29.2,29.5,28.95,29.05,24.14,186500,5.43,0,0.0
D2D,2026-09-28,Monday,29.3,29.9,29.1,29.6,24.6,372200,10.94,0,0.0
D2D,2026-09-29,Tuesday,24.55,24.55,23.7,23.75,23.75,174500,4.16,0,0.0
D2D,2026-09-30,Wednesday,23.65,23.8,22.7,22.85,22.85,116900,2.73,0,0.0
D2D,2026-10-01,Thursday,22.45,22.8,22.25,22.4,22.4,101700,2.28,0,0.0
D2D,2026-10-02,Friday,22.45,22.45,21.55,22.1,22.1,87100,1.92,0,0.0
D2D,2026-10-05,Monday,22.15,22.35,22.15,22.25,22.25,36100,0.8,0,0.0
D2D,2026-10-06,Tuesday,22.25,22.25,22.0,22.0,22.0,72100,1.6,0,0.0
DAH,2026-09-09,Wednesday,2.26,2.27,2.23,2.26,2.26,253900,0.57,0,0.0
DAH,2026-09-10,Thursday,2.28,2.29,2.22,2.24,2.24,241300,0.55,0,0.0
DAH,2026-09-11,Friday,2.31,2.38,2.23,2.24,2.24,16500,0.04,0,0.0
DAH,2026-09-14,Monday,2.27,2.27,2.13,2.2,2.2,51200,0.11,0,0.0
DAH,2026-09-15,Tuesday,2.17,2.24,2.14,2.23,2.23,52700,0.11,0,0.0
DAH,2026-09-16,Wednesday,2.28,2.28,2.18,2.22,2.22,24200,0.05,0,0.0
DAH,2026-09-17,Thursday,2.22,2.23,2.15,2.16,2.16,106700,0.23,0,0.0
DAH,2026-09-18,Friday,2.16,2.17,2.14,2.15,2.15,35100,0.08,0,0.0
DAH,2026-09-21,Monday,2.15,2.21,2.14,2.14,2.14,19000,0.04,0,0.0
DAH,2026-09-22,Tuesday,2.14,2.16,2.07,2.12,2.12,26700,0.06,0,0.0
DAH,2026-09-23,Wednesday,2.12,2.13,2.09,2.13,2.13,48800,0.1,0,0.0
DAH,2026-09-24,Thursday,2.13,2.13,2.1,2.1,2.1,12200,0.03,0,0.0
DAH,2026-09-25,Friday,2.1,2.14,2.07,2.07,2.07,92400,0.19,0,0.0
DAH,2026-09-28,Monday,2.07,2.07,2.0,2.03,2.03,50200,0.1,0,0.0
DAH,2026-09-29,Tuesday,2.03,2.17,2.03,2.16,2.16,406800,0.88,0,0.0
DAH,2026-09-30,Wednesday,2.25,2.31,2.19,2.26,2.26,181000,0.41,0,0.0
DAH,2026-10-01,Thursday,2.26,2.26,2.14,2.18,2.18,88700,0.2,1078200,2.44
DAH,2026-10-02,Friday,2.25,2.26,2.11,2.18,2.18,67100,0.15,0,0.0
DAH,2026-10-05,Monday,2.24,2.33,2.18,2.33,2.33,199900,0.46,0,0.0
DAH,2026-10-06,Tuesday,2.4,2.49,2.32,2.4,2.4,119400,0.29,0,0.0
DAT,2026-09-09,Wednesday,7.94,7.94,7.94,7.94,7.94,100,0.0,0,0.0
DAT,2026-09-10,Thursday,7.94,7.94,7.94,7.94,7.94,0,0.0,0,0.0
DAT,2026-09-11,Friday,7.94,7.94,7.94,7.94,7.94,0,0.0,0,0.0
DAT,2026-09-14,Monday,7.75,8.0,7.39,8.0,8.0,5100,0.04,0,0.0
DAT,2026-09-15,Tuesday,7.9,7.9,7.77,7.77,7.77,3000,0.02,0,0.0
DAT,2026-09-16,Wednesday,7.62,7.79,7.41,7.41,7.41,1000,0.01,0,0.0
DAT,2026-09-17,Thursday,7.51,7.92,7.4,7.4,7.4,1100,0.01,0,0.0
DAT,2026-09-18,Friday,7.7,7.8,7.2,7.8,7.8,16200,0.12,0,0.0
DAT,2026-09-21,Monday,7.7,7.8,7.7,7.8,7.8,300,0.0,0,0.0
DAT,2026-09-22,Tuesday,7.8,7.8,7.8,7.8,7.8,0,0.0,0,0.0
DAT,2026-09-23,Wednesday,7.8,7.8,7.8,7.8,7.8,0,0.0,0,0.0
DAT,2026-09-24,Thursday,7.8,7.8,7.8,7.8,7.8,0,0.0,0,0.0
DAT,2026-09-25,Friday,7.8,7.8,7.8,7.8,7.8,0,0.0,0,0.0
DAT,2026-09-28,Monday,7.26,7.9,7.26,7.9,7.9,6600,0.05,0,0.0
DAT,2026-09-29,Tuesday,7.9,7.9,7.9,7.9,7.9,0,0.0,0,0.0
DAT,2026-09-30,Wednesday,7.9,8.05,7.9,8.05,8.05,200,0.0,0,0.0
DAT,2026-10-01,Thursday,8.05,8.05,8.05,8.05,8.05,0,0.0,0,0.0
DAT,2026-10-02,Friday,8.05,8.05,8.05,8.05,8.05,0,0.0,0,0.0
DAT,2026-10-05,Monday,8.05,8.2,8.05,8.05,8.05,4400,0.04,0,0.0
DAT,2026-10-06,Tuesday,8.05,8.05,8.05,8.05,8.05,0,0.0,0,0.0
DBC,2026-09-09,Wednesday,16.75,16.85,16.6,16.6,16.6,742700,12.42,1103000,19.17
DBC,2026-09-10,Thursday,16.55,16.7,16.4,16.5,16.5,833700,13.78,420000,6.97
DBC,2026-09-11,Friday,16.55,16.55,16.0,16.0,16.0,2720300,44.14,310000,5.12
DBC,2026-09-14,Monday,16.05,16.1,15.55,15.85,15.85,1458400,23.15,420000,6.93
DBC,2026-09-15,Tuesday,15.8,16.05,15.8,16.0,16.0,852600,13.57,310000,5.08
DBC,2026-09-16,Wednesday,16.0,16.05,15.85,15.85,15.85,717500,11.44,440000,7.04
DBC,2026-09-17,Thursday,15.85,16.25,15.85,16.05,16.05,1170900,18.77,0,0.0
DBC,2026-09-18,Friday,16.1,16.2,16.0,16.05,16.05,1079100,17.38,440000,7.0
DBC,2026-09-21,Monday,16.2,16.2,15.95,16.0,16.0,679800,10.93,0,0.0
DBC,2026-09-22,Tuesday,16.05,16.1,15.95,15.95,15.95,622600,9.96,0,0.0
DBC,2026-09-23,Wednesday,15.95,16.05,15.9,15.9,15.9,741600,11.84,0,0.0
DBC,2026-09-24,Thursday,15.9,15.9,15.75,15.75,15.75,1012500,16.04,0,0.0
DBC,2026-09-25,Friday,15.7,15.8,15.6,15.7,15.7,888500,13.96,0,0.0
DBC,2026-09-28,Monday,15.55,15.75,15.4,15.55,15.55,997700,15.47,0,0.0
DBC,2026-09-29,Tuesday,15.35,15.55,15.35,15.5,15.5,485000,7.51,0,0.0
DBC,2026-09-30,Wednesday,15.4,15.55,15.3,15.3,15.3,791100,12.2,0,0.0
DBC,2026-10-01,Thursday,15.2,15.35,15.0,15.0,15.0,1801800,27.29,0,0.0
DBC,2026-10-02,Friday,14.9,15.55,14.9,15.4,15.4,2820200,43.14,0,0.0
DBC,2026-10-05,Monday,15.4,15.5,15.3,15.35,15.35,1132400,17.42,1290000,21.22
DBC,2026-10-06,Tuesday,15.3,15.5,15.0,15.25,15.25,1711700,26.07,0,0.0
DBD,2026-09-09,Wednesday,47.15,47.15,46.5,46.5,46.5,10200,0.48,0,0.0
DBD,2026-09-10,Thursday,46.6,46.95,46.5,46.5,46.5,10300,0.48,0,0.0
DBD,2026-09-11,Friday,46.4,46.95,45.55,46.95,46.95,12700,0.59,0,0.0
DBD,2026-09-14,Monday,45.2,46.85,45.2,46.85,46.85,5400,0.25,0,0.0
DBD,2026-09-15,Tuesday,45.55,47.0,45.55,47.0,47.0,5500,0.26,0,0.0
DBD,2026-09-16,Wednesday,46.1,46.65,45.8,46.65,46.65,11100,0.51,0,0.0
DBD,2026-09-17,Thursday,46.4,46.45,45.3,46.0,46.0,67000,3.07,150000,6.72
DBD,2026-09-18,Friday,46.9,47.0,45.9,46.75,46.75,44000,2.06,0,0.0
DBD,2026-09-21,Monday,46.75,47.8,46.4,46.95,46.95,70200,3.32,0,0.0
DBD,2026-09-22,Tuesday,46.6,47.0,46.15,46.9,46.9,56200,2.64,0,0.0
DBD,2026-09-23,Wednesday,46.4,46.9,46.25,46.25,46.25,20700,0.96,0,0.0
DBD,2026-09-24,Thursday,46.25,47.3,46.25,46.35,46.35,64800,3.05,0,0.0
DBD,2026-09-25,Friday,46.1,46.95,46.1,46.95,46.95,1000,0.05,0,0.0
DBD,2026-09-28,Monday,46.2,46.25,46.2,46.2,46.2,20600,0.95,0,0.0
DBD,2026-09-29,Tuesday,46.25,46.25,46.2,46.2,46.2,700,0.03,186000,8.61
DBD,2026-09-30,Wednesday,46.2,46.95,45.6,45.6,45.6,41900,1.94,0,0.0
DBD,2026-10-01,Thursday,46.25,46.75,45.2,46.75,46.75,12700,0.58,0,0.0
DBD,2026-10-02,Friday,46.7,46.8,46.0,46.75,46.75,2300,0.11,0,0.0
DBD,2026-10-05,Monday,45.5,46.7,45.5,46.7,46.7,4600,0.21,0,0.0
DBD,2026-10-06,Tuesday,46.5,46.65,45.5,46.65,46.65,4000,0.18,0,0.0
DBT,2026-09-09,Wednesday,13.8,13.85,13.0,13.0,13.0,6200,0.09,0,0.0
DBT,2026-09-10,Thursday,13.0,13.0,13.0,13.0,13.0,0,0.0,0,0.0
DBT,2026-09-11,Friday,13.0,13.85,13.0,13.0,13.0,22200,0.3,0,0.0
DBT,2026-09-14,Monday,13.1,13.1,13.1,13.1,13.1,400,0.01,0,0.0
DBT,2026-09-15,Tuesday,13.1,13.1,13.0,13.0,13.0,1100,0.01,0,0.0
DBT,2026-09-16,Wednesday,13.05,13.05,13.0,13.0,13.0,200,0.0,0,0.0
DBT,2026-09-17,Thursday,13.0,13.05,13.0,13.05,13.05,300,0.0,0,0.0
DBT,2026-09-18,Friday,13.0,13.0,13.0,13.0,13.0,1600,0.02,0,0.0
DBT,2026-09-21,Monday,13.5,13.5,13.5,13.5,13.5,500,0.01,0,0.0
DBT,2026-09-22,Tuesday,13.5,13.5,13.5,13.5,13.5,500,0.01,0,0.0
DBT,2026-09-23,Wednesday,13.5,13.5,13.5,13.5,13.5,0,0.0,0,0.0
DBT,2026-09-24,Thursday,12.6,13.0,12.6,13.0,13.0,6000,0.08,0,0.0
DBT,2026-09-25,Friday,13.0,13.0,13.0,13.0,13.0,4200,0.05,0,0.0
DBT,2026-09-28,Monday,13.0,13.0,13.0,13.0,13.0,5000,0.06,0,0.0
DBT,2026-09-29,Tuesday,13.0,13.0,13.0,13.0,13.0,0,0.0,0,0.0
DBT,2026-09-30,Wednesday,13.1,13.3,13.1,13.2,13.2,7000,0.09,0,0.0
DBT,2026-10-01,Thursday,13.1,13.2,13.1,13.2,13.2,4000,0.05,0,0.0
DBT,2026-10-02,Friday,13.2,13.2,13.2,13.2,13.2,0,0.0,0,0.0
DBT,2026-10-05,Monday,13.2,13.2,13.2,13.2,13.2,5200,0.07,0,0.0
DBT,2026-10-06,Tuesday,13.2,13.2,13.2,13.2,13.2,0,0.0,0,0.0
DC4,2026-09-09,Wednesday,6.61,6.66,6.6,6.63,6.63,52200,0.35,0,0.0
DC4,2026-09-10,Thursday,6.63,6.63,6.45,6.57,6.57,70900,0.47,0,0.0
DC4,2026-09-11,Friday,6.56,6.59,6.46,6.54,6.54,43100,0.28,0,0.0
DC4,2026-09-14,Monday,6.5,6.52,6.42,6.47,6.47,41200,0.27,0,0.0
DC4,2026-09-15,Tuesday,6.5,6.6,6.43,6.5,6.5,30400,0.2,0,0.0
DC4,2026-09-16,Wednesday,6.59,6.59,6.41,6.5,6.5,136300,0.89,0,0.0
DC4,2026-09-17,Thursday,6.49,6.55,6.48,6.5,6.5,53900,0.35,0,0.0
DC4,2026-09-18,Friday,6.53,6.56,6.49,6.49,6.49,138800,0.91,0,0.0
DC4,2026-09-21,Monday,6.51,6.54,6.48,6.48,6.48,142200,0.93,0,0.0
DC4,2026-09-22,Tuesday,6.5,6.56,6.49,6.51,6.51,131800,0.86,0,0.0
DC4,2026-09-23,Wednesday,6.53,6.53,6.47,6.49,6.49,31300,0.2,0,0.0
DC4,2026-09-24,Thursday,6.5,6.5,6.28,6.3,6.3,289500,1.84,0,0.0
DC4,2026-09-25,Friday,6.31,6.34,6.26,6.31,6.31,432700,2.73,0,0.0
DC4,2026-09-28,Monday,6.31,6.35,6.2,6.22,6.22,44200,0.28,0,0.0
DC4,2026-09-29,Tuesday,6.22,6.3,6.17,6.17,6.17,255200,1.59,0,0.0
DC4,2026-09-30,Wednesday,6.18,6.27,6.18,6.21,6.21,389600,2.43,0,0.0
DC4,2026-10-01,Thursday,6.16,6.27,6.16,6.2,6.2,169000,1.05,0,0.0
DC4,2026-10-02,Friday,6.21,6.24,6.16,6.2,6.2,40100,0.25,0,0.0
DC4,2026-10-05,Monday,6.18,6.2,6.15,6.15,6.15,62600,0.39,0,0.0
DC4,2026-10-06,Tuesday,6.15,6.17,5.86,6.14,6.14,57200,0.35,0,0.0
DCL,2026-09-09,Wednesday,38.5,38.6,37.95,38.0,38.0,206300,7.91,0,0.0
DCL,2026-09-10,Thursday,38.0,39.7,38.0,39.0,39.0,1788000,69.63,0,0.0
DCL,2026-09-11,Friday,37.0,39.1,37.0,38.35,38.35,651700,24.98,0,0.0
DCL,2026-09-14,Monday,38.35,38.4,36.3,38.0,38.0,523300,19.86,50000,1.88
DCL,2026-09-15,Tuesday,38.2,39.0,36.65,38.95,38.95,2271900,87.83,150000,5.66
DCL,2026-09-16,Wednesday,38.95,41.65,38.95,41.65,41.65,4214500,171.21,0,0.0
DCL,2026-09-17,Thursday,41.35,43.35,41.35,42.45,42.45,2018800,85.85,0,0.0
DCL,2026-09-18,Friday,41.2,42.1,39.5,40.5,40.5,2911200,117.31,0,0.0
DCL,2026-09-21,Monday,40.55,43.3,40.5,43.3,43.3,4105500,173.92,0,0.0
DCL,2026-09-22,Tuesday,43.3,46.3,43.3,45.9,45.9,3541500,160.89,0,0.0
DCL,2026-09-23,Wednesday,45.9,46.05,43.0,44.95,44.95,588600,26.42,0,0.0
DCL,2026-09-24,Thursday,44.95,45.9,43.5,45.0,45.0,2045700,92.64,0,0.0
DCL,2026-09-25,Friday,44.95,46.65,44.5,46.45,46.45,2723000,124.28,0,0.0
DCL,2026-09-28,Monday,46.7,46.9,43.75,46.1,46.1,1664300,76.52,0,0.0
DCL,2026-09-29,Tuesday,46.1,46.85,44.5,45.75,45.75,915700,42.11,0,0.0
DCL,2026-09-30,Wednesday,45.75,45.8,43.5,43.5,43.5,643500,28.94,0,0.0
DCL,2026-10-01,Thursday,44.9,46.5,44.0,46.5,46.5,1510700,69.34,0,0.0
DCL,2026-10-02,Friday,46.0,47.7,46.0,46.5,46.5,1039000,48.9,0,0.0
DCL,2026-10-05,Monday,45.5,47.4,45.5,47.0,47.0,985500,46.01,0,0.0
DCL,2026-10-06,Tuesday,47.0,47.6,46.0,47.0,47.0,824800,38.89,50000,2.35
DCM,2026-09-09,Wednesday,33.2,33.25,32.65,32.65,32.65,3045500,100.06,0,0.0
DCM,2026-09-10,Thursday,32.8,33.15,32.4,32.5,32.5,2906900,95.15,0,0.0
DCM,2026-09-11,Friday,32.8,33.3,32.4,32.5,32.5,4512500,147.97,0,0.0
DCM,2026-09-14,Monday,32.6,32.9,31.9,32.45,32.45,2600900,84.02,0,0.0
DCM,2026-09-15,Tuesday,32.4,33.95,32.3,33.8,33.8,4913100,163.98,0,0.0
DCM,2026-09-16,Wednesday,33.9,34.25,33.4,33.4,33.4,3447000,116.35,0,0.0
DCM,2026-09-17,Thursday,33.0,33.45,32.75,32.8,32.8,2800200,92.52,0,0.0
DCM,2026-09-18,Friday,32.8,33.6,32.75,33.05,33.05,3695500,122.42,0,0.0
DCM,2026-09-21,Monday,33.1,33.75,32.85,33.7,33.7,3145900,105.24,0,0.0
DCM,2026-09-22,Tuesday,33.6,34.4,33.2,33.95,33.95,2762100,93.39,0,0.0
DCM,2026-09-23,Wednesday,33.95,34.5,33.6,34.5,34.5,3782500,129.09,0,0.0
DCM,2026-09-24,Thursday,34.5,34.9,34.0,34.0,34.0,3446700,118.72,0,0.0
DCM,2026-09-25,Friday,33.8,34.75,33.65,34.3,34.3,3200400,109.46,0,0.0
DCM,2026-09-28,Monday,34.55,35.25,33.6,35.2,35.2,4506800,155.65,0,0.0
DCM,2026-09-29,Tuesday,34.9,35.4,34.85,34.85,34.85,1915000,67.25,0,0.0
DCM,2026-09-30,Wednesday,34.6,34.7,33.45,33.5,33.5,3637300,123.95,0,0.0
DCM,2026-10-01,Thursday,33.5,33.95,33.5,33.7,33.7,1621700,54.65,0,0.0
DCM,2026-10-02,Friday,33.9,33.9,32.65,32.75,32.75,3095500,102.21,260000,8.58
DCM,2026-10-05,Monday,32.75,32.95,32.4,32.5,32.5,1846700,60.27,50000,1.68
DCM,2026-10-06,Tuesday,32.5,33.7,32.1,33.7,33.7,3397300,111.4,260000,8.58
DGC,2026-09-09,Wednesday,46.3,46.8,46.3,46.6,38.63,664300,30.93,0,0.0
DGC,2026-09-10,Thursday,46.7,47.0,46.45,47.0,38.96,528900,24.7,0,0.0
DGC,2026-09-11,Friday,47.45,47.45,46.75,46.75,38.75,1158600,54.54,0,0.0
DGC,2026-09-14,Monday,38.6,38.6,37.0,37.4,37.4,811700,30.48,0,0.0
DGC,2026-09-15,Tuesday,37.2,37.2,36.0,36.05,36.05,1227700,44.66,0,0.0
DGC,2026-09-16,Wednesday,36.1,36.2,34.85,35.0,35.0,912600,32.27,0,0.0
DGC,2026-09-17,Thursday,34.8,36.35,34.8,35.3,35.3,957500,34.02,0,0.0
DGC,2026-09-18,Friday,35.5,36.0,35.5,35.95,35.95,861300,30.89,0,0.0
DGC,2026-09-21,Monday,36.35,36.35,35.35,35.35,35.35,579700,20.64,0,0.0
DGC,2026-09-22,Tuesday,35.35,35.8,35.35,35.8,35.8,550500,19.62,0,0.0
DGC,2026-09-23,Wednesday,35.8,35.8,35.35,35.45,35.45,427700,15.19,0,0.0
DGC,2026-09-24,Thursday,35.45,35.45,35.2,35.3,35.3,402800,14.21,0,0.0
DGC,2026-09-25,Friday,35.65,35.95,35.25,35.95,35.95,529000,18.85,0,0.0
DGC,2026-09-28,Monday,36.65,36.85,36.2,36.55,36.55,1157900,42.31,0,0.0
DGC,2026-09-29,Tuesday,36.6,36.6,36.15,36.4,36.4,427400,15.56,0,0.0
DGC,2026-09-30,Wednesday,36.5,36.5,36.0,36.0,36.0,480600,17.37,0,0.0
DGC,2026-10-01,Thursday,35.9,35.9,35.4,35.4,35.4,618500,21.97,0,0.0
DGC,2026-10-02,Friday,35.35,35.95,35.25,35.5,35.5,489600,17.4,0,0.0
DGC,2026-10-05,Monday,35.6,35.6,35.05,35.1,35.1,319700,11.26,0,0.0
DGC,2026-10-06,Tuesday,35.05,35.15,34.25,34.35,34.35,504600,17.46,0,0.0
DGW,2026-09-09,Wednesday,41.9,41.9,41.05,41.85,40.93,996100,41.17,0,0.0
DGW,2026-09-10,Thursday,41.8,44.75,41.6,44.75,43.77,5022100,219.11,0,0.0
DGW,2026-09-11,Friday,44.9,47.0,43.9,44.4,43.43,3781000,171.61,0,0.0
DGW,2026-09-14,Monday,44.2,46.0,43.25,46.0,44.99,3096900,138.38,0,0.0
DGW,2026-09-15,Tuesday,45.6,46.7,45.4,46.3,45.29,1622400,74.56,0,0.0
DGW,2026-09-16,Wednesday,45.65,46.2,44.6,44.7,43.72,1486900,66.81,0,0.0
DGW,2026-09-17,Thursday,44.7,45.7,44.1,45.4,44.41,869700,39.28,0,0.0
DGW,2026-09-18,Friday,45.6,47.0,45.45,45.5,44.5,1615600,74.64,0,0.0
DGW,2026-09-21,Monday,45.5,46.25,44.8,45.0,44.01,1194100,53.95,0,0.0
DGW,2026-09-22,Tuesday,45.35,46.65,45.0,45.1,44.11,1499000,68.39,0,0.0
DGW,2026-09-23,Wednesday,44.9,47.0,44.9,46.55,45.53,3343500,154.59,0,0.0
DGW,2026-09-24,Thursday,46.6,46.9,44.9,45.8,44.8,1275200,58.16,0,0.0
DGW,2026-09-25,Friday,45.3,45.85,44.5,44.5,43.53,1420700,63.8,0,0.0
DGW,2026-09-28,Monday,44.8,45.95,43.55,45.55,44.55,2054800,92.24,0,0.0
DGW,2026-09-29,Tuesday,45.6,46.5,45.3,45.8,44.8,1544700,70.88,0,0.0
DGW,2026-09-30,Wednesday,46.15,47.5,44.4,45.2,44.21,3225500,148.52,0,0.0
DGW,2026-10-01,Thursday,45.0,45.9,44.65,45.2,44.21,1110100,50.2,0,0.0
DGW,2026-10-02,Friday,45.2,46.3,44.85,45.6,44.6,1642200,75.03,0,0.0
DGW,2026-10-05,Monday,45.2,47.45,44.9,47.4,47.4,3672300,171.58,0,0.0
DGW,2026-10-06,Tuesday,47.95,48.9,46.75,47.75,47.75,1993300,94.94,0,0.0
DHA,2026-09-09,Wednesday,50.0,52.1,50.0,51.9,51.9,67700,3.5,0,0.0
DHA,2026-09-10,Thursday,51.9,52.8,51.9,52.0,52.0,14000,0.73,0,0.0
DHA,2026-09-11,Friday,52.0,52.0,51.9,52.0,52.0,18900,0.98,0,0.0
DHA,2026-09-14,Monday,51.8,52.0,51.8,52.0,52.0,9600,0.5,0,0.0
DHA,2026-09-15,Tuesday,52.0,52.6,51.9,52.2,52.2,9200,0.48,0,0.0
DHA,2026-09-16,Wednesday,52.8,54.5,52.1,54.5,54.5,65500,3.51,0,0.0
DHA,2026-09-17,Thursday,54.0,54.5,53.7,53.7,53.7,9300,0.5,0,0.0
DHA,2026-09-18,Friday,54.0,55.2,51.2,51.2,51.2,31300,1.69,0,0.0
DHA,2026-09-21,Monday,53.9,53.9,52.1,53.7,53.7,14900,0.79,0,0.0
DHA,2026-09-22,Tuesday,53.2,54.0,53.0,53.0,53.0,12000,0.64,0,0.0
DHA,2026-09-23,Wednesday,53.1,54.0,53.1,54.0,54.0,7800,0.42,0,0.0
DHA,2026-09-24,Thursday,55.3,55.3,53.5,53.5,53.5,25100,1.37,0,0.0
DHA,2026-09-25,Friday,54.9,55.0,53.6,55.0,55.0,39600,2.18,0,0.0
DHA,2026-09-28,Monday,52.1,54.2,52.1,54.1,54.1,5300,0.28,0,0.0
DHA,2026-09-29,Tuesday,54.1,54.1,52.9,53.4,53.4,7300,0.39,0,0.0
DHA,2026-09-30,Wednesday,53.1,53.3,52.6,53.3,53.3,5300,0.28,0,0.0
DHA,2026-10-01,Thursday,52.2,52.9,52.2,52.6,52.6,5500,0.29,0,0.0
DHA,2026-10-02,Friday,53.0,55.5,53.0,55.0,55.0,30000,1.62,0,0.0
DHA,2026-10-05,Monday,53.4,54.4,52.0,54.4,54.4,26100,1.39,0,0.0
DHA,2026-10-06,Tuesday,53.2,54.4,53.0,53.1,53.1,27400,1.48,0,0.0
DHC,2026-09-09,Wednesday,36.2,37.3,35.9,36.3,35.37,708600,26.05,0,0.0
DHC,2026-09-10,Thursday,36.55,36.9,36.05,36.6,35.66,320000,11.65,0,0.0
DHC,2026-09-11,Friday,36.6,36.6,35.6,35.75,34.83,525300,18.87,0,0.0
DHC,2026-09-14,Monday,35.75,36.5,35.45,36.5,35.57,461200,16.56,0,0.0
DHC,2026-09-15,Tuesday,36.7,37.6,36.45,37.1,36.15,955200,35.51,0,0.0
DHC,2026-09-16,Wednesday,37.35,37.35,35.9,36.0,35.08,477200,17.35,0,0.0
DHC,2026-09-17,Thursday,36.3,36.35,35.55,35.8,34.88,356800,12.81,100000,3.45
DHC,2026-09-18,Friday,36.25,36.75,35.8,36.55,35.61,260100,9.44,0,0.0
DHC,2026-09-21,Monday,36.55,36.75,36.05,36.4,35.47,157900,5.72,0,0.0
DHC,2026-09-22,Tuesday,36.4,37.1,36.15,37.1,36.15,331100,12.19,0,0.0
DHC,2026-09-23,Wednesday,37.3,39.15,36.8,38.8,37.81,774800,29.58,0,0.0
DHC,2026-09-24,Thursday,38.8,39.25,38.65,38.8,37.81,690700,26.93,0,0.0
DHC,2026-09-25,Friday,38.8,39.25,38.1,39.0,38.0,214800,8.31,0,0.0
DHC,2026-09-28,Monday,39.0,39.35,37.9,38.7,37.71,370600,14.31,0,0.0
DHC,2026-09-29,Tuesday,38.7,39.95,38.7,39.9,38.88,612600,24.07,0,0.0
DHC,2026-09-30,Wednesday,40.0,40.0,39.0,39.65,38.64,441300,17.38,0,0.0
DHC,2026-10-01,Thursday,39.65,39.8,39.05,39.05,38.05,301200,11.88,0,0.0
DHC,2026-10-02,Friday,39.0,39.9,38.9,39.0,38.0,391700,15.46,0,0.0
DHC,2026-10-05,Monday,38.1,38.55,37.7,38.55,38.55,223700,8.52,0,0.0
DHC,2026-10-06,Tuesday,38.8,39.5,38.35,39.5,39.5,657800,25.72,0,0.0
DHG,2026-09-09,Wednesday,95.7,95.8,95.0,95.7,90.69,7900,0.75,0,0.0
DHG,2026-09-10,Thursday,95.7,95.9,95.4,95.8,90.78,5800,0.56,0,0.0
DHG,2026-09-11,Friday,95.9,95.9,95.3,95.5,90.5,12600,1.2,0,0.0
DHG,2026-09-14,Monday,89.7,91.1,89.7,90.1,90.1,7600,0.69,0,0.0
DHG,2026-09-15,Tuesday,90.5,90.8,89.6,90.5,90.5,12200,1.1,0,0.0
DHG,2026-09-16,Wednesday,90.5,90.5,90.1,90.1,90.1,6200,0.56,0,0.0
DHG,2026-09-17,Thursday,90.1,90.8,89.9,90.0,90.0,10300,0.93,0,0.0
DHG,2026-09-18,Friday,90.5,90.5,90.0,90.5,90.5,4300,0.39,0,0.0
DHG,2026-09-21,Monday,90.7,90.7,90.1,90.5,90.5,5700,0.52,0,0.0
DHG,2026-09-22,Tuesday,90.5,90.6,90.0,90.5,90.5,5200,0.47,0,0.0
DHG,2026-09-23,Wednesday,90.1,90.9,90.1,90.6,90.6,6300,0.57,0,0.0
DHG,2026-09-24,Thursday,90.6,90.6,90.1,90.3,90.3,1400,0.13,0,0.0
DHG,2026-09-25,Friday,90.2,90.3,90.1,90.1,90.1,2500,0.23,0,0.0
DHG,2026-09-28,Monday,90.1,90.5,89.9,90.0,90.0,5200,0.47,0,0.0
DHG,2026-09-29,Tuesday,89.9,90.0,89.7,89.7,89.7,6700,0.6,0,0.0
DHG,2026-09-30,Wednesday,89.7,90.1,89.7,89.9,89.9,4500,0.4,0,0.0
DHG,2026-10-01,Thursday,90.0,90.0,89.5,89.5,89.5,6100,0.55,0,0.0
DHG,2026-10-02,Friday,89.7,89.7,89.2,89.4,89.4,8500,0.76,0,0.0
DHG,2026-10-05,Monday,89.6,90.5,89.4,89.6,89.6,4700,0.42,0,0.0
DHG,2026-10-06,Tuesday,89.6,89.6,89.1,89.5,89.5,5900,0.53,0,0.0
DHM,2026-09-09,Wednesday,6.99,6.99,6.99,6.99,6.99,100,0.0,0,0.0
DHM,2026-09-10,Thursday,6.98,6.98,6.98,6.98,6.98,2100,0.01,0,0.0
DHM,2026-09-11,Friday,6.98,7.04,6.8,6.99,6.99,10000,0.07,0,0.0
DHM,2026-09-14,Monday,6.85,7.0,6.8,6.99,6.99,6200,0.04,420000,2.94
DHM,2026-09-15,Tuesday,6.99,6.99,6.51,6.95,6.95,10100,0.07,0,0.0
DHM,2026-09-16,Wednesday,6.6,6.94,6.6,6.94,6.94,6100,0.04,260000,1.81
DHM,2026-09-17,Thursday,6.94,6.94,6.5,6.92,6.92,18000,0.12,0,0.0
DHM,2026-09-18,Friday,6.91,6.91,6.52,6.9,6.9,8000,0.05,0,0.0
DHM,2026-09-21,Monday,6.9,6.9,6.55,6.89,6.89,2800,0.02,0,0.0
DHM,2026-09-22,Tuesday,6.89,6.89,6.89,6.89,6.89,100,0.0,0,0.0
DHM,2026-09-23,Wednesday,6.88,6.88,6.6,6.85,6.85,1300,0.01,0,0.0
DHM,2026-09-24,Thursday,6.86,6.86,6.55,6.56,6.56,4300,0.03,0,0.0
DHM,2026-09-25,Friday,6.55,6.79,6.47,6.79,6.79,8700,0.06,0,0.0
DHM,2026-09-28,Monday,6.79,6.79,6.4,6.74,6.74,12000,0.08,0,0.0
DHM,2026-09-29,Tuesday,6.69,6.69,6.4,6.64,6.64,3300,0.02,0,0.0
DHM,2026-09-30,Wednesday,6.63,6.64,6.63,6.64,6.64,600,0.0,0,0.0
DHM,2026-10-01,Thursday,6.64,6.7,6.64,6.7,6.7,5700,0.04,0,0.0
DHM,2026-10-02,Friday,6.7,6.7,6.3,6.67,6.67,4700,0.03,0,0.0
DHM,2026-10-05,Monday,6.88,6.88,6.45,6.88,6.88,4300,0.03,0,0.0
DHM,2026-10-06,Tuesday,6.88,6.88,6.88,6.88,6.88,0,0.0,0,0.0
DIG,2026-09-09,Wednesday,10.25,10.25,10.1,10.25,10.25,4080000,41.53,0,0.0
DIG,2026-09-10,Thursday,10.25,10.25,10.1,10.25,10.25,1832100,18.67,0,0.0
DIG,2026-09-11,Friday,10.2,10.2,9.97,10.05,10.05,5101700,51.19,0,0.0
DIG,2026-09-14,Monday,9.94,10.1,9.85,10.0,10.0,3817800,38.06,0,0.0
DIG,2026-09-15,Tuesday,9.95,10.1,9.94,10.0,10.0,2291000,22.88,0,0.0
DIG,2026-09-16,Wednesday,9.96,10.0,9.92,9.99,9.99,1546000,15.4,61600,0.62
DIG,2026-09-17,Thursday,9.9,10.3,9.87,10.1,10.1,3108900,31.49,0,0.0
DIG,2026-09-18,Friday,10.1,10.2,10.05,10.2,10.2,3009000,30.49,0,0.0
DIG,2026-09-21,Monday,10.2,10.3,10.05,10.1,10.1,2426100,24.71,0,0.0
DIG,2026-09-22,Tuesday,10.05,10.25,10.0,10.1,10.1,1838000,18.6,0,0.0
DIG,2026-09-23,Wednesday,10.15,10.2,9.95,9.95,9.95,2743100,27.44,0,0.0
DIG,2026-09-24,Thursday,9.94,9.98,9.83,9.83,9.83,2714800,26.87,0,0.0
DIG,2026-09-25,Friday,9.87,9.87,9.55,9.63,9.63,4131500,39.97,0,0.0
DIG,2026-09-28,Monday,9.6,9.61,9.17,9.23,9.23,5574800,51.86,0,0.0
DIG,2026-09-29,Tuesday,9.23,9.87,9.21,9.53,9.53,4322700,41.11,0,0.0
DIG,2026-09-30,Wednesday,9.6,9.72,9.56,9.57,9.57,2702400,25.97,0,0.0
DIG,2026-10-01,Thursday,9.7,9.7,9.34,9.55,9.55,2761500,26.21,0,0.0
DIG,2026-10-02,Friday,9.53,9.53,9.25,9.25,9.25,3194500,29.79,0,0.0
DIG,2026-10-05,Monday,9.22,9.35,9.02,9.02,9.02,2793500,25.65,0,0.0
DIG,2026-10-06,Tuesday,9.0,9.4,8.71,9.3,9.3,7969600,71.67,0,0.0
DLG,2026-09-09,Wednesday,2.19,2.2,2.12,2.15,2.15,467600,1.01,0,0.0
DLG,2026-09-10,Thursday,2.15,2.15,2.1,2.14,2.14,555500,1.18,0,0.0
DLG,2026-09-11,Friday,2.14,2.14,2.09,2.1,2.1,344000,0.72,0,0.0
DLG,2026-09-14,Monday,1.98,2.08,1.98,2.02,2.02,611600,1.23,2080500,4.37
DLG,2026-09-15,Tuesday,2.02,2.07,2.01,2.03,2.03,507900,1.03,0,0.0
DLG,2026-09-16,Wednesday,2.03,2.05,2.0,2.01,2.01,564600,1.14,0,0.0
DLG,2026-09-17,Thursday,2.01,2.03,2.0,2.02,2.02,603000,1.21,0,0.0
DLG,2026-09-18,Friday,2.05,2.06,2.01,2.05,2.05,395700,0.81,0,0.0
DLG,2026-09-21,Monday,2.05,2.05,1.98,1.98,1.98,742100,1.49,0,0.0
DLG,2026-09-22,Tuesday,2.0,2.04,1.99,2.03,2.03,659300,1.33,0,0.0
DLG,2026-09-23,Wednesday,2.03,2.03,2.0,2.02,2.02,307200,0.62,0,0.0
DLG,2026-09-24,Thursday,2.02,2.02,1.98,2.0,2.0,435900,0.87,0,0.0
DLG,2026-09-25,Friday,2.0,2.1,1.98,2.03,2.03,604900,1.21,0,0.0
DLG,2026-09-28,Monday,2.03,2.06,1.98,1.99,1.99,494400,0.99,0,0.0
DLG,2026-09-29,Tuesday,1.99,2.03,1.99,1.99,1.99,198600,0.4,0,0.0
DLG,2026-09-30,Wednesday,2.0,2.03,1.99,1.99,1.99,262300,0.53,0,0.0
DLG,2026-10-01,Thursday,2.01,2.02,1.98,2.0,2.0,495300,0.99,0,0.0
DLG,2026-10-02,Friday,1.97,2.0,1.97,1.99,1.99,556200,1.11,0,0.0
DLG,2026-10-05,Monday,1.99,2.02,1.97,1.98,1.98,320900,0.64,0,0.0
DLG,2026-10-06,Tuesday,1.96,1.98,1.9,1.95,1.95,732600,1.41,0,0.0
DMC,2026-09-09,Wednesday,59.7,59.7,59.6,59.6,57.11,400,0.02,0,0.0
DMC,2026-09-10,Thursday,59.6,60.0,59.6,60.0,57.5,2800,0.17,0,0.0
DMC,2026-09-11,Friday,60.0,60.0,60.0,60.0,57.5,0,0.0,0,0.0
DMC,2026-09-14,Monday,57.0,58.0,54.0,58.0,58.0,1100,0.06,0,0.0
DMC,2026-09-15,Tuesday,57.5,57.5,57.5,57.5,57.5,500,0.03,0,0.0
DMC,2026-09-16,Wednesday,55.5,55.5,54.5,54.5,54.5,2700,0.15,0,0.0
DMC,2026-09-17,Thursday,54.5,54.5,54.5,54.5,54.5,0,0.0,0,0.0
DMC,2026-09-18,Friday,58.0,58.0,57.9,57.9,57.9,300,0.02,0,0.0
DMC,2026-09-21,Monday,55.5,55.5,55.5,55.5,55.5,200,0.01,0,0.0
DMC,2026-09-22,Tuesday,58.4,58.5,58.4,58.5,58.5,2200,0.13,0,0.0
DMC,2026-09-23,Wednesday,55.3,55.3,55.3,55.3,55.3,400,0.02,0,0.0
DMC,2026-09-24,Thursday,55.3,55.3,55.3,55.3,55.3,0,0.0,0,0.0
DMC,2026-09-25,Friday,58.0,58.0,58.0,58.0,58.0,200,0.01,0,0.0
DMC,2026-09-28,Monday,57.5,57.5,57.5,57.5,57.5,100,0.01,0,0.0
DMC,2026-09-29,Tuesday,55.8,57.2,55.8,57.2,57.2,200,0.01,0,0.0
DMC,2026-09-30,Wednesday,57.2,57.2,57.2,57.2,57.2,0,0.0,0,0.0
DMC,2026-10-01,Thursday,55.8,56.5,55.8,56.5,56.5,400,0.02,0,0.0
DMC,2026-10-02,Friday,55.8,55.8,54.8,54.8,54.8,600,0.03,0,0.0
DMC,2026-10-05,Monday,53.9,55.3,53.6,55.3,55.3,900,0.05,0,0.0
DMC,2026-10-06,Tuesday,54.1,54.1,53.5,53.5,53.5,3200,0.17,0,0.0
DPG,2026-09-09,Wednesday,28.5,28.5,27.6,27.75,27.75,388200,10.83,0,0.0
DPG,2026-09-10,Thursday,27.75,27.95,27.2,27.7,27.7,198000,5.45,0,0.0
DPG,2026-09-11,Friday,27.85,27.85,26.9,27.05,27.05,264800,7.17,0,0.0
DPG,2026-09-14,Monday,26.75,27.0,26.4,27.0,27.0,304400,8.13,0,0.0
DPG,2026-09-15,Tuesday,26.55,27.2,26.55,27.2,27.2,184200,4.98,0,0.0
DPG,2026-09-16,Wednesday,27.2,27.35,26.7,27.2,27.2,255600,6.88,0,0.0
DPG,2026-09-17,Thursday,27.0,27.6,26.8,27.45,27.45,317400,8.66,0,0.0
DPG,2026-09-18,Friday,27.75,27.75,26.8,27.1,27.1,354600,9.6,0,0.0
DPG,2026-09-21,Monday,27.15,27.15,26.65,26.8,26.8,235600,6.31,0,0.0
DPG,2026-09-22,Tuesday,26.8,27.3,26.6,27.2,27.2,157800,4.27,0,0.0
DPG,2026-09-23,Wednesday,27.25,28.35,27.25,27.9,27.9,531200,14.81,0,0.0
DPG,2026-09-24,Thursday,28.0,28.0,27.5,27.9,27.9,324500,9.01,0,0.0
DPG,2026-09-25,Friday,27.95,28.0,27.6,28.0,28.0,258700,7.21,0,0.0
DPG,2026-09-28,Monday,28.05,28.05,26.8,27.8,27.8,538300,14.7,0,0.0
DPG,2026-09-29,Tuesday,27.5,27.65,27.1,27.5,27.5,177900,4.87,0,0.0
DPG,2026-09-30,Wednesday,27.35,27.65,27.2,27.4,27.4,227400,6.23,0,0.0
DPG,2026-10-01,Thursday,27.1,27.4,26.5,26.6,26.6,364100,9.75,0,0.0
DPG,2026-10-02,Friday,26.7,26.7,25.8,25.9,25.9,320700,8.34,0,0.0
DPG,2026-10-05,Monday,25.9,26.1,25.75,26.1,26.1,253100,6.57,0,0.0
DPG,2026-10-06,Tuesday,25.7,26.5,25.7,26.3,26.3,221700,5.79,0,0.0
DPM,2026-09-09,Wednesday,23.0,23.2,22.75,22.8,22.8,3238600,74.37,0,0.0
DPM,2026-09-10,Thursday,22.9,23.05,22.55,22.6,22.6,2681800,61.12,0,0.0
DPM,2026-09-11,Friday,22.8,23.15,22.35,22.4,22.4,4268600,97.41,0,0.0
DPM,2026-09-14,Monday,22.1,22.6,21.8,22.05,22.05,3459700,76.75,0,0.0
DPM,2026-09-15,Tuesday,22.15,23.2,22.1,23.05,23.05,5203800,118.56,0,0.0
DPM,2026-09-16,Wednesday,23.15,23.75,22.95,23.0,23.0,6232700,145.16,0,0.0
DPM,2026-09-17,Thursday,22.9,23.1,22.65,22.9,22.9,4300700,98.25,0,0.0
DPM,2026-09-18,Friday,23.1,23.1,22.75,22.85,22.85,3176500,72.76,0,0.0
DPM,2026-09-21,Monday,23.0,23.1,22.65,22.8,22.8,2889100,66.1,0,0.0
DPM,2026-09-22,Tuesday,22.8,23.05,22.65,22.9,22.9,1889900,43.2,0,0.0
DPM,2026-09-23,Wednesday,22.85,23.25,22.75,23.1,23.1,3859600,88.63,0,0.0
DPM,2026-09-24,Thursday,23.15,23.2,22.7,22.7,22.7,3141500,72.07,0,0.0
DPM,2026-09-25,Friday,22.75,23.05,22.6,22.6,22.6,3281800,74.79,0,0.0
DPM,2026-09-28,Monday,22.65,22.9,22.15,22.9,22.9,3629700,81.54,0,0.0
DPM,2026-09-29,Tuesday,22.95,23.1,22.75,23.0,23.0,3289900,75.5,0,0.0
DPM,2026-09-30,Wednesday,23.0,23.05,22.4,22.4,22.4,2592600,58.83,0,0.0
DPM,2026-10-01,Thursday,22.45,22.75,22.35,22.4,22.4,2247700,50.59,0,0.0
DPM,2026-10-02,Friday,22.45,22.5,21.85,21.85,21.85,4266800,94.29,0,0.0
DPM,2026-10-05,Monday,21.75,21.95,21.6,21.6,21.6,1984200,43.14,0,0.0
DPM,2026-10-06,Tuesday,21.6,21.85,21.0,21.65,21.65,3181900,68.03,0,0.0
DPR,2026-09-09,Wednesday,37.5,38.65,37.5,38.4,38.4,428500,16.35,0,0.0
DPR,2026-09-10,Thursday,38.85,39.0,38.2,38.55,38.55,190200,7.34,0,0.0
DPR,2026-09-11,Friday,37.9,38.55,37.5,37.5,37.5,367300,13.95,0,0.0
DPR,2026-09-14,Monday,37.5,38.1,37.0,37.0,37.0,259200,9.72,0,0.0
DPR,2026-09-15,Tuesday,37.15,37.9,37.0,37.75,37.75,211700,7.93,305000,11.44
DPR,2026-09-16,Wednesday,37.65,38.75,37.65,38.1,38.1,299700,11.45,0,0.0
DPR,2026-09-17,Thursday,38.5,38.5,37.9,37.95,37.95,120600,4.59,305000,11.42
DPR,2026-09-18,Friday,37.95,38.2,37.75,37.85,37.85,142300,5.39,0,0.0
DPR,2026-09-21,Monday,38.0,38.0,37.5,37.5,37.5,159600,6.02,0,0.0
DPR,2026-09-22,Tuesday,37.55,37.85,37.2,37.6,37.6,131300,4.92,0,0.0
DPR,2026-09-23,Wednesday,38.15,38.7,38.15,38.45,38.45,511400,19.69,0,0.0
DPR,2026-09-24,Thursday,38.45,39.4,38.4,38.7,38.7,386200,15.04,0,0.0
DPR,2026-09-25,Friday,38.5,39.25,37.85,37.9,37.9,631000,24.22,0,0.0
DPR,2026-09-28,Monday,38.15,38.2,37.3,37.55,37.55,321600,12.09,0,0.0
DPR,2026-09-29,Tuesday,37.65,38.75,37.5,38.75,38.75,1133800,43.35,0,0.0
DPR,2026-09-30,Wednesday,39.0,39.8,38.6,38.6,38.6,998300,39.15,0,0.0
DPR,2026-10-01,Thursday,38.7,39.05,38.3,38.45,38.45,407400,15.75,0,0.0
DPR,2026-10-02,Friday,38.5,39.1,38.05,38.15,38.15,681000,26.27,0,0.0
DPR,2026-10-05,Monday,38.4,38.5,38.05,38.05,38.05,232600,8.89,0,0.0
DPR,2026-10-06,Tuesday,38.25,38.5,37.25,37.6,37.6,819400,30.89,0,0.0
DQC,2026-09-09,Wednesday,9.69,9.7,9.52,9.66,9.66,4300,0.04,0,0.0
DQC,2026-09-10,Thursday,9.64,9.64,9.35,9.35,9.35,8200,0.08,0,0.0
DQC,2026-09-11,Friday,9.4,9.4,9.4,9.4,9.4,1900,0.02,0,0.0
DQC,2026-09-14,Monday,9.4,9.69,9.4,9.4,9.4,7700,0.07,0,0.0
DQC,2026-09-15,Tuesday,9.67,9.68,9.65,9.68,9.68,4000,0.04,0,0.0
DQC,2026-09-16,Wednesday,9.4,9.7,9.4,9.7,9.7,2800,0.03,0,0.0
DQC,2026-09-17,Thursday,9.41,9.7,9.41,9.69,9.69,4100,0.04,0,0.0
DQC,2026-09-18,Friday,9.99,9.99,9.8,9.8,9.8,2500,0.02,0,0.0
DQC,2026-09-21,Monday,9.79,10.0,9.5,9.98,9.98,24500,0.24,0,0.0
DQC,2026-09-22,Tuesday,9.89,9.89,9.6,9.89,9.89,800,0.01,0,0.0
DQC,2026-09-23,Wednesday,9.89,9.89,9.89,9.89,9.89,0,0.0,0,0.0
DQC,2026-09-24,Thursday,9.85,9.85,9.51,9.52,9.52,3300,0.03,0,0.0
DQC,2026-09-25,Friday,9.78,9.78,9.49,9.75,9.75,3900,0.04,0,0.0
DQC,2026-09-28,Monday,9.75,9.75,9.5,9.5,9.5,8800,0.08,0,0.0
DQC,2026-09-29,Tuesday,9.5,9.5,9.5,9.5,9.5,10200,0.1,0,0.0
DQC,2026-09-30,Wednesday,9.5,9.66,9.5,9.66,9.66,3800,0.04,0,0.0
DQC,2026-10-01,Thursday,9.66,9.66,9.66,9.66,9.66,0,0.0,0,0.0
DQC,2026-10-02,Friday,9.39,9.6,9.39,9.6,9.6,5600,0.05,0,0.0
DQC,2026-10-05,Monday,9.6,9.6,9.6,9.6,9.6,0,0.0,0,0.0
DQC,2026-10-06,Tuesday,9.6,9.6,9.2,9.5,9.5,15700,0.15,0,0.0
DRC,2026-09-09,Wednesday,10.1,10.2,9.99,10.0,10.0,341800,3.42,0,0.0
DRC,2026-09-10,Thursday,10.05,10.05,9.99,10.05,10.05,58200,0.58,0,0.0
DRC,2026-09-11,Friday,10.05,10.05,9.92,9.92,9.92,211600,2.11,0,0.0
DRC,2026-09-14,Monday,9.91,9.99,9.8,9.8,9.8,190000,1.88,0,0.0
DRC,2026-09-15,Tuesday,9.78,9.9,9.78,9.9,9.9,119000,1.17,0,0.0
DRC,2026-09-16,Wednesday,9.85,10.1,9.85,10.0,10.0,150500,1.5,0,0.0
DRC,2026-09-17,Thursday,9.92,10.05,9.92,10.0,10.0,182900,1.83,0,0.0
DRC,2026-09-18,Friday,10.0,10.05,9.98,10.05,10.05,87600,0.88,0,0.0
DRC,2026-09-21,Monday,10.05,10.35,10.0,10.05,10.05,151200,1.53,0,0.0
DRC,2026-09-22,Tuesday,10.15,10.15,10.0,10.15,10.15,107500,1.08,0,0.0
DRC,2026-09-23,Wednesday,10.15,10.2,10.0,10.05,10.05,79500,0.8,0,0.0
DRC,2026-09-24,Thursday,10.05,10.1,9.99,10.05,10.05,61200,0.61,0,0.0
DRC,2026-09-25,Friday,10.05,10.1,9.89,9.89,9.89,278600,2.76,0,0.0
DRC,2026-09-28,Monday,9.95,10.0,9.67,9.77,9.77,208000,2.03,0,0.0
DRC,2026-09-29,Tuesday,9.76,9.99,9.76,9.89,9.89,85500,0.85,0,0.0
DRC,2026-09-30,Wednesday,9.96,9.96,9.8,9.87,9.87,56400,0.56,0,0.0
DRC,2026-10-01,Thursday,9.97,9.97,9.84,9.9,9.9,35900,0.35,0,0.0
DRC,2026-10-02,Friday,9.88,9.95,9.74,9.74,9.74,74700,0.74,0,0.0
DRC,2026-10-05,Monday,9.8,9.87,9.75,9.78,9.78,63000,0.62,40000,0.36
DRC,2026-10-06,Tuesday,9.78,9.85,9.65,9.78,9.78,141000,1.38,0,0.0
DRH,2026-09-09,Wednesday,1.72,1.72,1.67,1.7,1.7,54300,0.09,0,0.0
DRH,2026-09-10,Thursday,1.74,1.74,1.68,1.68,1.68,72900,0.12,0,0.0
DRH,2026-09-11,Friday,1.69,1.69,1.65,1.67,1.67,130300,0.22,0,0.0
DRH,2026-09-14,Monday,1.68,1.68,1.59,1.6,1.6,158100,0.25,0,0.0
DRH,2026-09-15,Tuesday,1.6,1.71,1.6,1.68,1.68,126700,0.21,0,0.0
DRH,2026-09-16,Wednesday,1.75,1.75,1.64,1.7,1.7,193400,0.32,0,0.0
DRH,2026-09-17,Thursday,1.69,1.69,1.64,1.67,1.67,153400,0.25,0,0.0
DRH,2026-09-18,Friday,1.68,1.7,1.66,1.66,1.66,109900,0.18,0,0.0
DRH,2026-09-21,Monday,1.7,1.7,1.65,1.65,1.65,30600,0.05,0,0.0
DRH,2026-09-22,Tuesday,1.65,1.66,1.62,1.63,1.63,80200,0.13,0,0.0
DRH,2026-09-23,Wednesday,1.64,1.64,1.62,1.63,1.63,44300,0.07,0,0.0
DRH,2026-09-24,Thursday,1.61,1.63,1.6,1.63,1.63,51400,0.08,0,0.0
DRH,2026-09-25,Friday,1.63,1.65,1.61,1.62,1.62,80600,0.13,0,0.0
DRH,2026-09-28,Monday,1.68,1.68,1.59,1.59,1.59,118700,0.19,0,0.0
DRH,2026-09-29,Tuesday,1.5,1.61,1.5,1.58,1.58,335200,0.52,0,0.0
DRH,2026-09-30,Wednesday,1.58,1.58,1.55,1.57,1.57,245300,0.39,0,0.0
DRH,2026-10-01,Thursday,1.57,1.57,1.5,1.5,1.5,112400,0.17,0,0.0
DRH,2026-10-02,Friday,1.51,1.56,1.49,1.5,1.5,162200,0.24,0,0.0
DRH,2026-10-05,Monday,1.41,1.5,1.4,1.4,1.4,283700,0.41,0,0.0
DRH,2026-10-06,Tuesday,1.31,1.31,1.31,1.31,1.31,354900,0.46,0,0.0
DRL,2026-09-09,Wednesday,41.5,42.0,41.5,41.65,41.65,8500,0.35,0,0.0
DRL,2026-09-10,Thursday,41.5,41.7,41.5,41.6,41.6,17800,0.74,0,0.0
DRL,2026-09-11,Friday,41.6,42.5,41.6,42.5,42.5,17100,0.71,0,0.0
DRL,2026-09-14,Monday,42.5,42.5,42.4,42.4,42.4,2000,0.08,0,0.0
DRL,2026-09-15,Tuesday,42.0,42.4,41.6,42.4,42.4,1800,0.08,0,0.0
DRL,2026-09-16,Wednesday,42.4,42.4,42.35,42.35,42.35,14400,0.61,0,0.0
DRL,2026-09-17,Thursday,42.3,42.3,42.2,42.2,42.2,600,0.03,0,0.0
DRL,2026-09-18,Friday,42.2,43.95,42.2,43.0,43.0,5000,0.22,0,0.0
DRL,2026-09-21,Monday,43.0,43.0,41.8,42.0,42.0,11600,0.49,0,0.0
DRL,2026-09-22,Tuesday,42.5,42.5,42.2,42.4,42.4,600,0.03,0,0.0
DRL,2026-09-23,Wednesday,42.3,42.3,42.2,42.3,42.3,2100,0.09,0,0.0
DRL,2026-09-24,Thursday,42.5,43.0,42.2,42.9,42.9,800,0.03,0,0.0
DRL,2026-09-25,Friday,42.9,42.9,42.9,42.9,42.9,3000,0.13,0,0.0
DRL,2026-09-28,Monday,42.9,43.0,42.9,42.9,42.9,1600,0.07,0,0.0
DRL,2026-09-29,Tuesday,42.8,42.9,42.3,42.6,42.6,1800,0.08,0,0.0
DRL,2026-09-30,Wednesday,42.7,43.0,42.7,42.9,42.9,7800,0.33,0,0.0
DRL,2026-10-01,Thursday,42.9,43.1,42.9,42.9,42.9,7200,0.31,0,0.0
DRL,2026-10-02,Friday,42.5,42.7,42.5,42.7,42.7,3600,0.15,0,0.0
DRL,2026-10-05,Monday,42.7,43.15,42.5,42.95,42.95,6100,0.26,0,0.0
DRL,2026-10-06,Tuesday,43.0,43.0,42.9,42.9,42.9,3200,0.14,0,0.0
DSC,2026-09-09,Wednesday,10.35,10.5,10.35,10.5,10.5,1800,0.02,0,0.0
DSC,2026-09-10,Thursday,10.4,10.5,10.2,10.3,10.3,10800,0.11,0,0.0
DSC,2026-09-11,Friday,10.25,10.5,10.0,10.0,10.0,38800,0.4,0,0.0
DSC,2026-09-14,Monday,9.56,10.3,9.56,9.73,9.73,33800,0.33,0,0.0
DSC,2026-09-15,Tuesday,10.05,10.05,9.7,9.9,9.9,16700,0.16,0,0.0
DSC,2026-09-16,Wednesday,10.05,10.35,9.9,10.1,10.1,18500,0.19,0,0.0
DSC,2026-09-17,Thursday,10.3,10.3,10.05,10.15,10.15,13300,0.14,0,0.0
DSC,2026-09-18,Friday,10.3,10.3,9.9,10.2,10.2,22000,0.22,0,0.0
DSC,2026-09-21,Monday,10.4,10.4,10.0,10.2,10.2,5400,0.05,0,0.0
DSC,2026-09-22,Tuesday,10.1,10.25,9.96,9.96,9.96,11200,0.11,0,0.0
DSC,2026-09-23,Wednesday,10.0,10.0,9.96,10.0,10.0,3200,0.03,0,0.0
DSC,2026-09-24,Thursday,10.0,10.0,9.78,9.8,9.8,4900,0.05,0,0.0
DSC,2026-09-25,Friday,9.97,9.97,9.95,9.96,9.96,1400,0.01,0,0.0
DSC,2026-09-28,Monday,9.96,9.96,9.5,9.93,9.93,17800,0.17,0,0.0
DSC,2026-09-29,Tuesday,9.92,9.92,9.55,9.86,9.86,1300,0.01,0,0.0
DSC,2026-09-30,Wednesday,9.8,9.8,9.75,9.76,9.76,1400,0.01,0,0.0
DSC,2026-10-01,Thursday,9.7,9.94,9.5,9.87,9.87,4400,0.04,0,0.0
DSC,2026-10-02,Friday,9.65,9.87,9.47,9.47,9.47,15000,0.14,0,0.0
DSC,2026-10-05,Monday,9.3,9.96,9.3,9.52,9.52,10800,0.1,0,0.0
DSC,2026-10-06,Tuesday,9.55,9.65,9.4,9.63,9.63,46000,0.44,0,0.0
DSE,2026-09-09,Wednesday,22.4,22.4,22.2,22.3,22.3,353100,7.87,0,0.0
DSE,2026-09-10,Thursday,22.3,22.35,22.05,22.3,22.3,457400,10.14,0,0.0
DSE,2026-09-11,Friday,22.2,22.2,21.8,21.8,21.8,480900,10.57,0,0.0
DSE,2026-09-14,Monday,21.75,21.9,21.7,21.75,21.75,406600,8.86,0,0.0
DSE,2026-09-15,Tuesday,21.8,22.1,21.8,22.0,22.0,430200,9.44,0,0.0
DSE,2026-09-16,Wednesday,21.95,22.15,21.95,22.1,22.1,447100,9.86,0,0.0
DSE,2026-09-17,Thursday,22.0,22.5,21.95,22.4,22.4,607200,13.54,0,0.0
DSE,2026-09-18,Friday,22.4,22.65,22.4,22.5,22.5,532000,11.98,0,0.0
DSE,2026-09-21,Monday,22.5,22.6,22.25,22.25,22.25,576100,12.93,0,0.0
DSE,2026-09-22,Tuesday,22.35,22.45,22.2,22.25,22.25,505000,11.26,0,0.0
DSE,2026-09-23,Wednesday,22.2,22.3,22.1,22.1,22.1,547400,12.15,0,0.0
DSE,2026-09-24,Thursday,22.05,22.1,21.9,22.0,22.0,547000,12.04,0,0.0
DSE,2026-09-25,Friday,22.0,22.1,21.6,21.75,21.75,766500,16.76,0,0.0
DSE,2026-09-28,Monday,21.75,21.85,21.6,21.75,21.75,327500,7.13,0,0.0
DSE,2026-09-29,Tuesday,21.75,21.85,21.65,21.75,21.75,436000,9.49,0,0.0
DSE,2026-09-30,Wednesday,21.8,21.9,21.75,21.8,21.8,345400,7.54,0,0.0
DSE,2026-10-01,Thursday,21.8,21.9,21.65,21.75,21.75,359800,7.85,0,0.0
DSE,2026-10-02,Friday,21.75,21.85,21.65,21.75,21.75,465300,10.12,0,0.0
DSE,2026-10-05,Monday,21.7,21.85,21.65,21.65,21.65,461000,10.02,0,0.0
DSE,2026-10-06,Tuesday,21.7,21.7,21.35,21.65,21.65,483000,10.4,0,0.0
DSN,2026-09-09,Wednesday,36.95,36.95,36.9,36.95,36.95,6200,0.23,0,0.0
DSN,2026-09-10,Thursday,36.9,36.9,36.65,36.7,36.7,2100,0.08,0,0.0
DSN,2026-09-11,Friday,36.7,36.7,36.7,36.7,36.7,900,0.03,0,0.0
DSN,2026-09-14,Monday,36.7,36.7,36.6,36.7,36.7,9300,0.34,0,0.0
DSN,2026-09-15,Tuesday,36.5,36.9,36.5,36.8,36.8,1200,0.04,0,0.0
DSN,2026-09-16,Wednesday,36.8,36.95,36.8,36.95,36.95,2700,0.1,0,0.0
DSN,2026-09-17,Thursday,37.0,37.4,37.0,37.3,37.3,1400,0.05,0,0.0
DSN,2026-09-18,Friday,36.65,37.3,36.6,37.25,37.25,2700,0.1,0,0.0
DSN,2026-09-21,Monday,37.25,37.3,37.2,37.2,37.2,1300,0.05,81500,3.04
DSN,2026-09-22,Tuesday,36.8,37.5,36.8,37.35,37.35,6900,0.26,0,0.0
DSN,2026-09-23,Wednesday,37.05,37.1,37.05,37.05,37.05,400,0.01,0,0.0
DSN,2026-09-24,Thursday,37.05,37.4,37.05,37.4,37.4,1500,0.06,0,0.0
DSN,2026-09-25,Friday,37.0,37.05,37.0,37.05,37.05,600,0.02,0,0.0
DSN,2026-09-28,Monday,37.05,37.05,37.0,37.0,37.0,5100,0.19,0,0.0
DSN,2026-09-29,Tuesday,37.3,37.45,36.4,36.4,36.4,6000,0.22,0,0.0
DSN,2026-09-30,Wednesday,36.55,37.2,36.55,37.2,37.2,1800,0.07,0,0.0
DSN,2026-10-01,Thursday,37.2,37.2,36.8,36.8,36.8,3900,0.14,0,0.0
DSN,2026-10-02,Friday,36.8,36.8,36.8,36.8,36.8,700,0.03,0,0.0
DSN,2026-10-05,Monday,36.8,36.85,36.0,36.8,36.8,4500,0.16,0,0.0
DSN,2026-10-06,Tuesday,36.5,36.5,36.5,36.5,36.5,1300,0.05,0,0.0
DTA,2026-09-09,Wednesday,3.35,3.35,3.35,3.35,3.35,2000,0.01,0,0.0
DTA,2026-09-10,Thursday,3.35,3.48,3.35,3.48,3.48,2000,0.01,0,0.0
DTA,2026-09-11,Friday,3.42,3.45,3.24,3.41,3.41,13400,0.04,0,0.0
DTA,2026-09-14,Monday,3.22,3.4,3.22,3.4,3.4,300,0.0,0,0.0
DTA,2026-09-15,Tuesday,3.42,3.42,3.2,3.4,3.4,1000,0.0,0,0.0
DTA,2026-09-16,Wednesday,3.56,3.56,3.56,3.56,3.56,100,0.0,0,0.0
DTA,2026-09-17,Thursday,3.5,3.5,3.32,3.4,3.4,12600,0.04,0,0.0
DTA,2026-09-18,Friday,3.22,3.38,3.22,3.38,3.38,4300,0.01,0,0.0
DTA,2026-09-21,Monday,3.55,3.55,3.21,3.37,3.37,800,0.0,0,0.0
DTA,2026-09-22,Tuesday,3.23,3.42,3.23,3.42,3.42,2900,0.01,0,0.0
DTA,2026-09-23,Wednesday,3.53,3.53,3.53,3.53,3.53,100,0.0,0,0.0
DTA,2026-09-24,Thursday,3.3,3.4,3.29,3.29,3.29,94400,0.31,0,0.0
DTA,2026-09-25,Friday,3.38,3.38,3.2,3.2,3.2,11900,0.04,0,0.0
DTA,2026-09-28,Monday,3.2,3.29,3.18,3.18,3.18,6200,0.02,0,0.0
DTA,2026-09-29,Tuesday,3.27,3.27,3.27,3.27,3.27,100,0.0,0,0.0
DTA,2026-09-30,Wednesday,3.25,3.49,3.25,3.4,3.4,4500,0.01,0,0.0
DTA,2026-10-01,Thursday,3.2,3.37,3.2,3.37,3.37,300,0.0,0,0.0
DTA,2026-10-02,Friday,3.44,3.44,3.3,3.38,3.38,11100,0.04,0,0.0
DTA,2026-10-05,Monday,3.44,3.45,3.17,3.45,3.45,6200,0.02,0,0.0
DTA,2026-10-06,Tuesday,3.21,3.48,3.21,3.44,3.44,33500,0.12,0,0.0
DTL,2026-09-09,Wednesday,10.6,10.65,10.6,10.6,10.6,500,0.01,0,0.0
DTL,2026-09-10,Thursday,10.6,10.6,10.6,10.6,10.6,300,0.0,0,0.0
DTL,2026-09-11,Friday,10.6,10.6,10.6,10.6,10.6,0,0.0,0,0.0
DTL,2026-09-14,Monday,10.6,10.6,10.6,10.6,10.6,700,0.01,0,0.0
DTL,2026-09-15,Tuesday,10.9,10.9,10.9,10.9,10.9,200,0.0,0,0.0
DTL,2026-09-16,Wednesday,10.9,10.9,10.9,10.9,10.9,0,0.0,0,0.0
DTL,2026-09-17,Thursday,10.8,10.8,10.75,10.75,10.75,800,0.01,0,0.0
DTL,2026-09-18,Friday,10.9,10.9,10.75,10.75,10.75,700,0.01,0,0.0
DTL,2026-09-21,Monday,10.75,10.75,10.75,10.75,10.75,500,0.01,0,0.0
DTL,2026-09-22,Tuesday,10.75,10.75,10.75,10.75,10.75,0,0.0,0,0.0
DTL,2026-09-23,Wednesday,10.75,10.75,10.75,10.75,10.75,0,0.0,0,0.0
DTL,2026-09-24,Thursday,10.75,10.75,10.75,10.75,10.75,0,0.0,0,0.0
DTL,2026-09-25,Friday,10.75,10.75,10.75,10.75,10.75,0,0.0,0,0.0
DTL,2026-09-28,Monday,10.9,10.9,10.9,10.9,10.9,500,0.01,0,0.0
DTL,2026-09-29,Tuesday,10.9,10.9,10.9,10.9,10.9,500,0.01,0,0.0
DTL,2026-09-30,Wednesday,10.9,10.9,10.9,10.9,10.9,0,0.0,0,0.0
DTL,2026-10-01,Thursday,10.9,10.9,10.9,10.9,10.9,0,0.0,0,0.0
DTL,2026-10-02,Friday,10.9,10.9,10.9,10.9,10.9,0,0.0,0,0.0
DTL,2026-10-05,Monday,10.95,10.95,10.95,10.95,10.95,500,0.01,0,0.0
DTL,2026-10-06,Tuesday,11.0,11.0,10.95,11.0,11.0,1100,0.01,0,0.0
DTT,2026-09-09,Wednesday,15.8,15.8,15.8,15.8,15.8,0,0.0,0,0.0
DTT,2026-09-10,Thursday,15.8,15.8,15.8,15.8,15.8,0,0.0,0,0.0
DTT,2026-09-11,Friday,15.8,15.8,15.8,15.8,15.8,0,0.0,0,0.0
DTT,2026-09-14,Monday,15.8,15.8,15.8,15.8,15.8,0,0.0,0,0.0
DTT,2026-09-15,Tuesday,15.8,15.8,15.8,15.8,15.8,0,0.0,0,0.0
DTT,2026-09-16,Wednesday,15.8,15.8,15.8,15.8,15.8,0,0.0,0,0.0
DTT,2026-09-17,Thursday,15.8,15.8,15.8,15.8,15.8,0,0.0,0,0.0
DTT,2026-09-18,Friday,15.8,15.8,15.8,15.8,15.8,0,0.0,0,0.0
DTT,2026-09-21,Monday,15.8,15.8,15.8,15.8,15.8,0,0.0,0,0.0
DTT,2026-09-22,Tuesday,15.8,15.8,15.8,15.8,15.8,0,0.0,0,0.0
DTT,2026-09-23,Wednesday,15.8,15.8,15.8,15.8,15.8,0,0.0,0,0.0
DTT,2026-09-24,Thursday,15.8,15.8,15.8,15.8,15.8,0,0.0,0,0.0
DTT,2026-09-25,Friday,15.8,15.8,15.8,15.8,15.8,100,0.0,0,0.0
DTT,2026-09-28,Monday,15.8,15.8,15.8,15.8,15.8,0,0.0,0,0.0
DTT,2026-09-29,Tuesday,15.8,15.8,15.8,15.8,15.8,0,0.0,0,0.0
DTT,2026-09-30,Wednesday,15.8,15.8,15.8,15.8,15.8,0,0.0,0,0.0
DTT,2026-10-01,Thursday,15.8,15.8,15.8,15.8,15.8,0,0.0,0,0.0
DTT,2026-10-02,Friday,15.8,15.8,15.8,15.8,15.8,0,0.0,0,0.0
DTT,2026-10-05,Monday,15.8,15.8,15.8,15.8,15.8,0,0.0,0,0.0
DTT,2026-10-06,Tuesday,15.8,15.8,15.8,15.8,15.8,0,0.0,0,0.0
DVP,2026-09-09,Wednesday,74.1,74.5,73.5,74.0,74.0,15700,1.16,0,0.0
DVP,2026-09-10,Thursday,73.9,74.1,73.0,73.8,73.8,23300,1.71,0,0.0
DVP,2026-09-11,Friday,73.9,74.2,73.5,73.8,73.8,11200,0.83,0,0.0
DVP,2026-09-14,Monday,73.8,74.0,73.4,73.4,73.4,8900,0.66,0,0.0
DVP,2026-09-15,Tuesday,72.7,73.6,72.7,73.4,73.4,7600,0.56,0,0.0
DVP,2026-09-16,Wednesday,73.4,73.6,72.7,73.2,73.2,6200,0.45,0,0.0
DVP,2026-09-17,Thursday,73.0,73.9,72.8,73.2,73.2,15800,1.16,0,0.0
DVP,2026-09-18,Friday,73.0,74.0,73.0,73.4,73.4,36700,2.69,0,0.0
DVP,2026-09-21,Monday,73.9,73.9,73.3,73.5,73.5,4600,0.34,0,0.0
DVP,2026-09-22,Tuesday,75.0,75.0,73.4,74.0,74.0,14900,1.1,0,0.0
DVP,2026-09-23,Wednesday,74.0,74.5,73.7,74.1,74.1,14300,1.06,0,0.0
DVP,2026-09-24,Thursday,74.1,74.4,73.7,74.4,74.4,14000,1.04,0,0.0
DVP,2026-09-25,Friday,74.8,74.8,74.0,74.0,74.0,5400,0.4,0,0.0
DVP,2026-09-28,Monday,74.7,74.7,73.8,73.8,73.8,9100,0.68,0,0.0
DVP,2026-09-29,Tuesday,74.5,76.8,73.9,76.3,76.3,30000,2.27,0,0.0
DVP,2026-09-30,Wednesday,76.8,76.8,75.4,75.5,75.5,15800,1.2,0,0.0
DVP,2026-10-01,Thursday,75.5,76.5,75.2,75.3,75.3,5300,0.4,0,0.0
DVP,2026-10-02,Friday,76.1,76.1,74.8,74.9,74.9,12000,0.9,0,0.0
DVP,2026-10-05,Monday,74.9,76.0,74.9,76.0,76.0,8700,0.66,0,0.0
DVP,2026-10-06,Tuesday,75.5,77.2,75.5,75.7,75.7,30500,2.33,0,0.0
DXG,2026-09-09,Wednesday,11.35,11.45,11.1,11.3,11.3,10703400,120.31,0,0.0
DXG,2026-09-10,Thursday,11.2,11.35,11.1,11.25,11.25,7339600,82.31,0,0.0
DXG,2026-09-11,Friday,11.1,11.15,10.7,10.75,10.75,15177400,164.63,0,0.0
DXG,2026-09-14,Monday,10.65,10.9,10.5,10.75,10.75,7583500,81.18,0,0.0
DXG,2026-09-15,Tuesday,10.75,10.85,10.6,10.75,10.75,5332600,57.13,0,0.0
DXG,2026-09-16,Wednesday,10.6,10.7,10.3,10.55,10.55,10689800,111.76,0,0.0
DXG,2026-09-17,Thursday,10.3,11.2,10.3,10.8,10.8,14399100,155.97,0,0.0
DXG,2026-09-18,Friday,10.9,10.9,10.6,10.6,10.6,10509500,112.47,0,0.0
DXG,2026-09-21,Monday,10.8,10.8,10.5,10.55,10.55,5454100,58.07,0,0.0
DXG,2026-09-22,Tuesday,10.55,10.7,10.45,10.6,10.6,5315000,56.07,0,0.0
DXG,2026-09-23,Wednesday,10.6,10.7,10.35,10.6,10.6,5687100,59.62,0,0.0
DXG,2026-09-24,Thursday,10.45,10.55,10.1,10.15,10.15,13581500,138.89,0,0.0
DXG,2026-09-25,Friday,10.15,10.25,10.05,10.1,10.1,7013900,71.23,962000,10.44
DXG,2026-09-28,Monday,10.1,10.25,9.82,10.2,10.2,15049900,150.79,0,0.0
DXG,2026-09-29,Tuesday,10.15,10.35,10.0,10.15,10.15,7320400,74.25,0,0.0
DXG,2026-09-30,Wednesday,10.2,10.25,10.1,10.15,10.15,6864700,69.78,0,0.0
DXG,2026-10-01,Thursday,10.15,10.25,10.0,10.2,10.2,4662900,47.31,912000,9.58
DXG,2026-10-02,Friday,10.1,10.2,9.98,9.99,9.99,5063100,50.81,0,0.0
DXG,2026-10-05,Monday,9.96,10.05,9.75,9.98,9.98,11810300,117.34,1062000,11.12
DXG,2026-10-06,Tuesday,9.91,9.98,9.3,9.91,9.91,16707700,161.86,2100000,19.64
DXS,2026-09-09,Wednesday,5.76,5.76,5.61,5.62,5.62,1323300,7.51,0,0.0
DXS,2026-09-10,Thursday,5.63,5.66,5.56,5.62,5.62,1298800,7.27,0,0.0
DXS,2026-09-11,Friday,5.61,5.62,5.4,5.4,5.4,2469200,13.54,0,0.0
DXS,2026-09-14,Monday,5.29,5.6,5.25,5.6,5.6,1990100,10.73,0,0.0
DXS,2026-09-15,Tuesday,5.5,5.61,5.44,5.48,5.48,1030800,5.68,0,0.0
DXS,2026-09-16,Wednesday,5.48,5.52,5.34,5.35,5.35,756800,4.08,0,0.0
DXS,2026-09-17,Thursday,5.3,5.6,5.29,5.42,5.42,1313100,7.19,0,0.0
DXS,2026-09-18,Friday,5.45,5.51,5.45,5.5,5.5,1158000,6.35,0,0.0
DXS,2026-09-21,Monday,5.51,5.63,5.45,5.45,5.45,1341000,7.44,0,0.0
DXS,2026-09-22,Tuesday,5.43,5.51,5.43,5.48,5.48,636500,3.48,0,0.0
DXS,2026-09-23,Wednesday,5.5,5.7,5.39,5.7,5.7,1844700,10.22,0,0.0
DXS,2026-09-24,Thursday,5.56,5.63,5.4,5.63,5.63,2402100,13.3,0,0.0
DXS,2026-09-25,Friday,5.51,5.57,5.42,5.46,5.46,1701400,9.36,0,0.0
DXS,2026-09-28,Monday,5.41,5.5,5.23,5.3,5.3,1859000,9.87,0,0.0
DXS,2026-09-29,Tuesday,5.37,5.37,5.21,5.21,5.21,1279600,6.75,0,0.0
DXS,2026-09-30,Wednesday,5.21,5.29,5.1,5.11,5.11,1740700,8.99,0,0.0
DXS,2026-10-01,Thursday,5.11,5.18,5.07,5.07,5.07,1144400,5.86,0,0.0
DXS,2026-10-02,Friday,5.1,5.12,4.88,4.88,4.88,1461500,7.29,0,0.0
DXS,2026-10-05,Monday,4.81,4.95,4.78,4.8,4.8,1360400,6.58,0,0.0
DXS,2026-10-06,Tuesday,4.8,4.89,4.61,4.89,4.89,1722100,8.16,0,0.0
DXV,2026-09-09,Wednesday,3.2,3.2,3.2,3.2,3.2,100,0.0,0,0.0
DXV,2026-09-10,Thursday,3.39,3.39,3.37,3.39,3.39,1700,0.01,0,0.0
DXV,2026-09-11,Friday,3.17,3.36,3.16,3.36,3.36,500,0.0,0,0.0
DXV,2026-09-14,Monday,3.36,3.36,3.36,3.36,3.36,0,0.0,0,0.0
DXV,2026-09-15,Tuesday,3.36,3.36,3.36,3.36,3.36,0,0.0,0,0.0
DXV,2026-09-16,Wednesday,3.16,3.16,3.16,3.16,3.16,100,0.0,0,0.0
DXV,2026-09-17,Thursday,3.2,3.2,3.2,3.2,3.2,200,0.0,0,0.0
DXV,2026-09-18,Friday,3.2,3.2,3.2,3.2,3.2,0,0.0,0,0.0
DXV,2026-09-21,Monday,3.2,3.2,3.2,3.2,3.2,1600,0.01,0,0.0
DXV,2026-09-22,Tuesday,3.2,3.2,3.2,3.2,3.2,0,0.0,0,0.0
DXV,2026-09-23,Wednesday,3.2,3.2,3.2,3.2,3.2,0,0.0,0,0.0
DXV,2026-09-24,Thursday,3.2,3.2,3.2,3.2,3.2,0,0.0,0,0.0
DXV,2026-09-25,Friday,3.2,3.2,3.2,3.2,3.2,0,0.0,0,0.0
DXV,2026-09-28,Monday,3.15,3.15,3.15,3.15,3.15,100,0.0,0,0.0
DXV,2026-09-29,Tuesday,3.15,3.15,3.15,3.15,3.15,0,0.0,0,0.0
DXV,2026-09-30,Wednesday,2.93,3.36,2.93,3.36,3.36,5100,0.02,0,0.0
DXV,2026-10-01,Thursday,3.36,3.36,3.36,3.36,3.36,0,0.0,0,0.0
DXV,2026-10-02,Friday,3.36,3.36,3.36,3.36,3.36,0,0.0,0,0.0
DXV,2026-10-05,Monday,3.2,3.2,3.2,3.2,3.2,100,0.0,0,0.0
DXV,2026-10-06,Tuesday,3.2,3.2,3.0,3.0,3.0,200,0.0,0,0.0
EIB,2026-09-09,Wednesday,16.75,16.9,16.7,16.75,16.75,3171500,53.3,8350000,141.14
EIB,2026-09-10,Thursday,16.7,16.9,16.7,16.85,16.85,2054700,34.54,766000,12.84
EIB,2026-09-11,Friday,16.85,16.85,16.6,16.8,16.8,3902500,65.31,3370000,57.48
EIB,2026-09-14,Monday,16.7,16.8,15.8,16.0,16.0,9148500,148.18,6690000,119.65
EIB,2026-09-15,Tuesday,16.05,16.5,16.05,16.1,16.1,6973500,113.43,3520000,60.01
EIB,2026-09-16,Wednesday,16.25,16.4,16.05,16.05,16.05,4117200,66.75,740000,12.4
EIB,2026-09-17,Thursday,16.45,16.6,16.25,16.25,16.25,5553400,91.15,11821000,198.1
EIB,2026-09-18,Friday,16.5,16.65,16.3,16.4,16.4,4889000,80.56,300000,4.59
EIB,2026-09-21,Monday,16.75,16.75,16.2,16.2,16.2,3879700,63.58,13410000,225.19
EIB,2026-09-22,Tuesday,16.3,16.6,16.2,16.45,16.45,3933500,64.63,10465000,170.51
EIB,2026-09-23,Wednesday,16.5,16.7,16.4,16.5,16.5,2066300,34.2,11310000,190.91
EIB,2026-09-24,Thursday,16.4,16.5,16.3,16.5,16.5,2851800,46.82,17570000,306.65
EIB,2026-09-25,Friday,16.5,16.7,16.4,16.7,16.7,3506400,58.06,46764300,780.73
EIB,2026-09-28,Monday,16.7,17.0,16.4,16.75,16.75,4453100,74.13,14370000,245.38
EIB,2026-09-29,Tuesday,16.55,17.1,16.55,17.1,17.1,6965500,117.75,9525000,162.29
EIB,2026-09-30,Wednesday,17.1,17.1,16.9,17.05,17.05,4578200,77.91,870000,14.78
EIB,2026-10-01,Thursday,16.9,16.95,16.6,16.6,16.6,3422600,57.1,17940000,305.88
EIB,2026-10-02,Friday,16.75,16.75,16.45,16.5,16.5,2939100,48.65,850000,14.53
EIB,2026-10-05,Monday,16.5,16.55,16.4,16.4,16.4,1518400,25.0,16680530,284.53
EIB,2026-10-06,Tuesday,16.4,16.65,16.25,16.4,16.4,3387200,55.41,1590000,26.6
ELC,2026-09-09,Wednesday,15.0,15.0,14.25,14.65,13.69,205200,3.0,0,0.0
ELC,2026-09-10,Thursday,13.75,13.8,13.45,13.8,13.8,174100,2.38,0,0.0
ELC,2026-09-11,Friday,13.6,13.6,13.05,13.2,13.2,479400,6.34,0,0.0
ELC,2026-09-14,Monday,12.95,13.3,12.6,13.3,13.3,420400,5.45,0,0.0
ELC,2026-09-15,Tuesday,13.3,13.35,13.0,13.35,13.35,314500,4.14,0,0.0
ELC,2026-09-16,Wednesday,13.45,13.5,12.9,13.5,13.5,378700,5.01,0,0.0
ELC,2026-09-17,Thursday,13.2,13.5,13.1,13.5,13.5,299300,3.97,0,0.0
ELC,2026-09-18,Friday,13.35,13.45,13.15,13.45,13.45,304900,4.05,0,0.0
ELC,2026-09-21,Monday,13.55,13.55,13.1,13.1,13.1,273700,3.6,0,0.0
ELC,2026-09-22,Tuesday,13.25,13.25,12.75,13.0,13.0,357100,4.62,0,0.0
ELC,2026-09-23,Wednesday,12.85,13.5,12.8,13.5,13.5,299800,3.98,0,0.0
ELC,2026-09-24,Thursday,13.1,13.85,13.1,13.7,13.7,1024800,14.03,0,0.0
ELC,2026-09-25,Friday,13.7,13.7,13.3,13.6,13.6,335600,4.52,0,0.0
ELC,2026-09-28,Monday,13.2,13.45,12.9,13.25,13.25,593300,7.76,0,0.0
ELC,2026-09-29,Tuesday,12.9,13.2,12.65,13.2,13.2,671100,8.63,0,0.0
ELC,2026-09-30,Wednesday,13.15,13.15,12.7,13.1,13.1,700500,8.99,0,0.0
ELC,2026-10-01,Thursday,12.8,12.9,12.5,12.5,12.5,482300,6.08,0,0.0
ELC,2026-10-02,Friday,12.35,12.5,11.65,12.25,12.25,768000,9.3,0,0.0
ELC,2026-10-05,Monday,11.8,12.25,11.6,11.6,11.6,685100,8.04,0,0.0
ELC,2026-10-06,Tuesday,11.2,12.0,10.85,12.0,12.0,1047800,11.88,463300,5.37
EVE,2026-09-09,Wednesday,8.39,8.4,8.2,8.35,8.35,11200,0.09,0,0.0
EVE,2026-09-10,Thursday,8.3,8.34,8.21,8.33,8.33,3600,0.03,0,0.0
EVE,2026-09-11,Friday,8.3,8.32,8.3,8.32,8.32,15000,0.12,0,0.0
EVE,2026-09-14,Monday,8.32,8.42,8.25,8.32,8.32,22600,0.19,0,0.0
EVE,2026-09-15,Tuesday,8.31,8.31,8.31,8.31,8.31,100,0.0,0,0.0
EVE,2026-09-16,Wednesday,8.6,8.6,8.32,8.47,8.47,2900,0.02,0,0.0
EVE,2026-09-17,Thursday,8.47,8.47,8.3,8.3,8.3,37900,0.31,0,0.0
EVE,2026-09-18,Friday,8.18,8.38,8.18,8.28,8.28,24600,0.2,0,0.0
EVE,2026-09-21,Monday,8.29,8.4,8.29,8.4,8.4,1400,0.01,0,0.0
EVE,2026-09-22,Tuesday,8.38,8.49,8.3,8.44,8.44,37700,0.32,0,0.0
EVE,2026-09-23,Wednesday,8.44,8.44,8.35,8.4,8.4,3500,0.03,0,0.0
EVE,2026-09-24,Thursday,8.4,8.4,8.4,8.4,8.4,200,0.0,0,0.0
EVE,2026-09-25,Friday,8.16,8.39,8.16,8.39,8.39,15700,0.13,0,0.0
EVE,2026-09-28,Monday,8.3,8.5,8.2,8.42,8.42,2800,0.02,0,0.0
EVE,2026-09-29,Tuesday,8.41,8.49,8.24,8.24,8.24,32400,0.27,0,0.0
EVE,2026-09-30,Wednesday,8.48,8.6,8.3,8.55,8.55,20600,0.18,0,0.0
EVE,2026-10-01,Thursday,8.4,8.56,8.4,8.5,8.5,3900,0.03,0,0.0
EVE,2026-10-02,Friday,8.45,8.49,8.4,8.49,8.49,8400,0.07,0,0.0
EVE,2026-10-05,Monday,8.5,8.5,8.4,8.5,8.5,7200,0.06,0,0.0
EVE,2026-10-06,Tuesday,8.4,8.5,8.39,8.5,8.5,6400,0.05,0,0.0
EVF,2026-09-09,Wednesday,12.0,12.1,11.85,11.95,11.95,1261100,15.05,0,0.0
EVF,2026-09-10,Thursday,11.95,11.95,11.85,11.85,11.85,1126300,13.39,0,0.0
EVF,2026-09-11,Friday,11.85,11.9,11.5,11.7,11.7,1561200,18.23,0,0.0
EVF,2026-09-14,Monday,11.5,11.7,10.9,11.65,11.65,4950700,55.48,0,0.0
EVF,2026-09-15,Tuesday,11.55,11.65,11.4,11.5,11.5,1529600,17.59,3318335,38.16
EVF,2026-09-16,Wednesday,11.5,11.65,11.4,11.5,11.5,1590200,18.35,0,0.0
EVF,2026-09-17,Thursday,11.5,11.8,11.5,11.7,11.7,1692200,19.8,500000,5.75
EVF,2026-09-18,Friday,11.75,11.9,11.7,11.8,11.8,1017100,12.01,0,0.0
EVF,2026-09-21,Monday,11.9,11.9,11.4,11.45,11.45,1595800,18.39,0,0.0
EVF,2026-09-22,Tuesday,11.5,11.6,11.4,11.45,11.45,1419300,16.29,0,0.0
EVF,2026-09-23,Wednesday,11.45,11.6,11.35,11.45,11.45,1053600,12.07,3950000,42.07
EVF,2026-09-24,Thursday,11.5,11.7,11.35,11.65,11.65,2114400,24.39,0,0.0
EVF,2026-09-25,Friday,11.65,11.8,11.55,11.6,11.6,1061900,12.37,6100000,73.2
EVF,2026-09-28,Monday,11.55,11.75,11.35,11.45,11.45,1092900,12.56,0,0.0
EVF,2026-09-29,Tuesday,11.45,11.5,11.4,11.5,11.5,917000,10.5,0,0.0
EVF,2026-09-30,Wednesday,11.5,11.75,11.5,11.6,11.6,1220800,14.17,0,0.0
EVF,2026-10-01,Thursday,11.5,11.7,11.3,11.5,11.5,927300,10.68,0,0.0
EVF,2026-10-02,Friday,11.5,11.5,11.3,11.45,11.45,1024900,11.69,0,0.0
EVF,2026-10-05,Monday,11.35,11.6,11.35,11.45,11.45,940100,10.78,0,0.0
EVF,2026-10-06,Tuesday,11.45,11.5,11.25,11.45,11.45,1284500,14.59,0,0.0
EVG,2026-09-09,Wednesday,4.19,4.24,4.12,4.13,4.13,405800,1.69,0,0.0
EVG,2026-09-10,Thursday,4.17,4.17,4.1,4.13,4.13,370600,1.53,0,0.0
EVG,2026-09-11,Friday,4.1,4.15,4.05,4.09,4.09,552000,2.26,0,0.0
EVG,2026-09-14,Monday,4.09,4.09,3.9,4.05,4.05,815100,3.26,0,0.0
EVG,2026-09-15,Tuesday,3.94,4.08,3.94,4.01,4.01,264600,1.06,0,0.0
EVG,2026-09-16,Wednesday,4.0,4.05,3.97,3.98,3.98,244500,0.98,0,0.0
EVG,2026-09-17,Thursday,3.96,4.1,3.96,4.07,4.07,368600,1.49,0,0.0
EVG,2026-09-18,Friday,4.09,4.18,4.09,4.16,4.16,353100,1.46,0,0.0
EVG,2026-09-21,Monday,4.16,4.18,4.1,4.12,4.12,561400,2.32,0,0.0
EVG,2026-09-22,Tuesday,4.12,4.16,4.09,4.12,4.12,539200,2.22,0,0.0
EVG,2026-09-23,Wednesday,4.12,4.13,4.07,4.11,4.11,426000,1.74,0,0.0
EVG,2026-09-24,Thursday,4.11,4.11,4.0,4.1,4.1,331100,1.34,0,0.0
EVG,2026-09-25,Friday,4.02,4.1,3.99,3.99,3.99,431800,1.73,0,0.0
EVG,2026-09-28,Monday,4.06,4.06,3.8,3.87,3.87,343400,1.34,0,0.0
EVG,2026-09-29,Tuesday,3.9,3.94,3.84,3.88,3.88,253300,0.98,0,0.0
EVG,2026-09-30,Wednesday,3.94,3.95,3.88,3.88,3.88,192200,0.75,0,0.0
EVG,2026-10-01,Thursday,3.89,3.91,3.85,3.89,3.89,191500,0.74,0,0.0
EVG,2026-10-02,Friday,3.89,3.89,3.8,3.81,3.81,331900,1.27,0,0.0
EVG,2026-10-05,Monday,3.8,3.82,3.7,3.7,3.7,223900,0.84,0,0.0
EVG,2026-10-06,Tuesday,3.71,3.76,3.46,3.62,3.62,643600,2.28,0,0.0
FCM,2026-09-09,Wednesday,3.05,3.05,3.0,3.03,3.03,34000,0.1,0,0.0
FCM,2026-09-10,Thursday,3.02,3.03,3.0,3.03,3.03,31400,0.09,0,0.0
FCM,2026-09-11,Friday,3.03,3.03,2.82,2.96,2.96,262200,0.74,0,0.0
FCM,2026-09-14,Monday,2.95,2.97,2.9,2.96,2.96,32500,0.1,0,0.0
FCM,2026-09-15,Tuesday,2.96,2.96,2.89,2.93,2.93,52500,0.15,0,0.0
FCM,2026-09-16,Wednesday,2.91,2.91,2.87,2.87,2.87,18800,0.05,0,0.0
FCM,2026-09-17,Thursday,2.88,2.94,2.86,2.89,2.89,16700,0.05,0,0.0
FCM,2026-09-18,Friday,2.9,2.92,2.86,2.92,2.92,44600,0.13,0,0.0
FCM,2026-09-21,Monday,2.92,2.93,2.89,2.92,2.92,5700,0.02,0,0.0
FCM,2026-09-22,Tuesday,2.92,2.94,2.87,2.93,2.93,10400,0.03,0,0.0
FCM,2026-09-23,Wednesday,2.93,2.93,2.86,2.9,2.9,19600,0.06,0,0.0
FCM,2026-09-24,Thursday,2.89,2.91,2.89,2.9,2.9,11100,0.03,0,0.0
FCM,2026-09-25,Friday,2.93,2.94,2.89,2.89,2.89,29900,0.09,0,0.0
FCM,2026-09-28,Monday,2.84,2.9,2.84,2.89,2.89,30000,0.09,0,0.0
FCM,2026-09-29,Tuesday,2.9,2.92,2.86,2.89,2.89,13600,0.04,0,0.0
FCM,2026-09-30,Wednesday,2.9,2.9,2.77,2.8,2.8,20500,0.06,0,0.0
FCM,2026-10-01,Thursday,2.88,2.88,2.77,2.85,2.85,11700,0.03,0,0.0
FCM,2026-10-02,Friday,2.85,2.85,2.73,2.79,2.79,5500,0.02,0,0.0
FCM,2026-10-05,Monday,2.83,2.83,2.77,2.82,2.82,4000,0.01,0,0.0
FCM,2026-10-06,Tuesday,2.82,2.82,2.63,2.8,2.8,14500,0.04,0,0.0
FCN,2026-09-09,Wednesday,11.25,11.3,11.1,11.25,11.25,470500,5.26,0,0.0
FCN,2026-09-10,Thursday,11.2,11.25,11.0,11.05,11.05,672900,7.47,0,0.0
FCN,2026-09-11,Friday,11.05,11.1,10.7,11.0,11.0,556300,6.06,0,0.0
FCN,2026-09-14,Monday,11.0,11.0,10.6,11.0,11.0,576900,6.24,0,0.0
FCN,2026-09-15,Tuesday,10.95,10.95,10.7,10.9,10.9,477900,5.17,0,0.0
FCN,2026-09-16,Wednesday,10.9,10.95,10.6,10.85,10.85,485900,5.22,0,0.0
FCN,2026-09-17,Thursday,10.8,10.95,10.55,10.9,10.9,1115700,11.98,0,0.0
FCN,2026-09-18,Friday,10.9,11.2,10.6,11.2,11.2,1069300,11.58,0,0.0
FCN,2026-09-21,Monday,11.15,11.15,10.7,11.1,11.1,692400,7.59,0,0.0
FCN,2026-09-22,Tuesday,10.85,11.0,10.8,11.0,11.0,464000,5.06,0,0.0
FCN,2026-09-23,Wednesday,10.9,10.9,10.75,10.75,10.75,430700,4.65,0,0.0
FCN,2026-09-24,Thursday,10.75,10.8,10.5,10.75,10.75,808000,8.6,0,0.0
FCN,2026-09-25,Friday,10.65,10.75,10.5,10.75,10.75,692500,7.36,0,0.0
FCN,2026-09-28,Monday,10.7,10.75,10.25,10.75,10.75,1165100,12.32,0,0.0
FCN,2026-09-29,Tuesday,10.75,10.75,10.45,10.7,10.7,1019700,10.81,0,0.0
FCN,2026-09-30,Wednesday,10.65,10.65,10.4,10.65,10.65,743500,7.84,0,0.0
FCN,2026-10-01,Thursday,10.4,10.6,10.35,10.6,10.6,754300,7.9,0,0.0
FCN,2026-10-02,Friday,10.5,10.55,10.3,10.3,10.3,548800,5.68,0,0.0
FCN,2026-10-05,Monday,10.4,10.4,10.0,10.25,10.25,850700,8.67,0,0.0
FCN,2026-10-06,Tuesday,10.1,10.3,9.94,10.2,10.2,936100,9.43,0,0.0
FDC,2026-09-09,Wednesday,21.4,21.4,21.4,21.4,21.4,0,0.0,0,0.0
FDC,2026-09-10,Thursday,22.65,22.65,22.65,22.65,22.65,100,0.0,0,0.0
FDC,2026-09-11,Friday,22.65,22.65,22.65,22.65,22.65,0,0.0,0,0.0
FDC,2026-09-14,Monday,22.65,22.65,22.65,22.65,22.65,0,0.0,0,0.0
FDC,2026-09-15,Tuesday,22.65,22.65,22.65,22.65,22.65,0,0.0,0,0.0
FDC,2026-09-16,Wednesday,22.65,22.65,22.65,22.65,22.65,0,0.0,0,0.0
FDC,2026-09-17,Thursday,22.65,22.65,22.65,22.65,22.65,0,0.0,0,0.0
FDC,2026-09-18,Friday,22.65,22.65,22.65,22.65,22.65,0,0.0,0,0.0
FDC,2026-09-21,Monday,22.65,22.65,22.65,22.65,22.65,0,0.0,0,0.0
FDC,2026-09-22,Tuesday,22.65,22.65,22.65,22.65,22.65,0,0.0,0,0.0
FDC,2026-09-23,Wednesday,22.65,22.65,22.65,22.65,22.65,0,0.0,0,0.0
FDC,2026-09-24,Thursday,22.65,22.65,22.65,22.65,22.65,0,0.0,0,0.0
FDC,2026-09-25,Friday,22.65,22.65,22.65,22.65,22.65,0,0.0,0,0.0
FDC,2026-09-28,Monday,22.65,22.65,22.65,22.65,22.65,0,0.0,0,0.0
FDC,2026-09-29,Tuesday,22.65,22.65,22.65,22.65,22.65,0,0.0,0,0.0
FDC,2026-09-30,Wednesday,22.65,22.65,22.65,22.65,22.65,0,0.0,0,0.0
FDC,2026-10-01,Thursday,22.65,22.65,22.65,22.65,22.65,0,0.0,0,0.0
FDC,2026-10-02,Friday,22.65,22.65,22.65,22.65,22.65,0,0.0,0,0.0
FDC,2026-10-05,Monday,22.65,22.65,22.65,22.65,22.65,0,0.0,0,0.0
FDC,2026-10-06,Tuesday,22.65,22.65,22.65,22.65,22.65,0,0.0,0,0.0
FIR,2026-09-09,Wednesday,3.59,3.6,3.48,3.5,3.5,159300,0.56,0,0.0
FIR,2026-09-10,Thursday,3.38,3.46,3.26,3.26,3.26,333600,1.11,0,0.0
FIR,2026-09-11,Friday,3.24,3.24,3.04,3.04,3.04,436400,1.34,0,0.0
FIR,2026-09-14,Monday,2.86,3.0,2.83,2.85,2.85,658000,1.87,200000,0.61
FIR,2026-09-15,Tuesday,2.72,2.95,2.7,2.84,2.84,182300,0.51,1195000,3.63
FIR,2026-09-16,Wednesday,2.85,3.03,2.75,2.85,2.85,185600,0.54,0,0.0
FIR,2026-09-17,Thursday,2.85,2.9,2.8,2.84,2.84,27800,0.08,0,0.0
FIR,2026-09-18,Friday,2.84,2.89,2.7,2.89,2.89,94100,0.26,0,0.0
FIR,2026-09-21,Monday,2.89,2.9,2.85,2.85,2.85,30800,0.09,0,0.0
FIR,2026-09-22,Tuesday,2.84,2.86,2.78,2.85,2.85,85700,0.24,0,0.0
FIR,2026-09-23,Wednesday,2.85,2.86,2.81,2.81,2.81,33800,0.1,0,0.0
FIR,2026-09-24,Thursday,2.81,2.81,2.73,2.8,2.8,48200,0.13,0,0.0
FIR,2026-09-25,Friday,2.78,2.8,2.7,2.7,2.7,19500,0.05,0,0.0
FIR,2026-09-28,Monday,2.7,2.7,2.53,2.57,2.57,99700,0.26,0,0.0
FIR,2026-09-29,Tuesday,2.57,2.57,2.47,2.48,2.48,53700,0.13,0,0.0
FIR,2026-09-30,Wednesday,2.47,2.6,2.42,2.52,2.52,58700,0.15,0,0.0
FIR,2026-10-01,Thursday,2.59,2.59,2.52,2.52,2.52,24800,0.06,0,0.0
FIR,2026-10-02,Friday,2.52,2.56,2.5,2.5,2.5,44600,0.11,0,0.0
FIR,2026-10-05,Monday,2.5,2.56,2.5,2.53,2.53,49800,0.13,0,0.0
FIR,2026-10-06,Tuesday,2.47,2.51,2.37,2.5,2.5,39100,0.1,0,0.0
FIT,2026-09-09,Wednesday,2.94,2.94,2.9,2.91,2.91,152100,0.44,0,0.0
FIT,2026-09-10,Thursday,2.94,2.94,2.9,2.9,2.9,132000,0.39,0,0.0
FIT,2026-09-11,Friday,2.9,2.96,2.88,2.89,2.89,178800,0.52,0,0.0
FIT,2026-09-14,Monday,2.89,2.91,2.82,2.88,2.88,238000,0.68,248000,0.74
FIT,2026-09-15,Tuesday,2.88,2.91,2.81,2.91,2.91,304400,0.88,0,0.0
FIT,2026-09-16,Wednesday,2.91,3.08,2.91,3.03,3.03,542300,1.63,250000,0.78
FIT,2026-09-17,Thursday,3.03,3.08,3.03,3.04,3.04,290500,0.89,0,0.0
FIT,2026-09-18,Friday,3.05,3.07,3.01,3.03,3.03,153800,0.47,0,0.0
FIT,2026-09-21,Monday,3.03,3.07,3.0,3.03,3.03,188400,0.57,0,0.0
FIT,2026-09-22,Tuesday,3.0,3.05,3.0,3.0,3.0,142000,0.43,0,0.0
FIT,2026-09-23,Wednesday,3.0,3.03,2.95,2.95,2.95,232500,0.69,0,0.0
FIT,2026-09-24,Thursday,2.95,2.95,2.85,2.85,2.85,287500,0.83,0,0.0
FIT,2026-09-25,Friday,2.87,2.92,2.85,2.88,2.88,252200,0.73,0,0.0
FIT,2026-09-28,Monday,2.88,2.89,2.81,2.84,2.84,429700,1.22,0,0.0
FIT,2026-09-29,Tuesday,2.84,3.0,2.8,2.94,2.94,407600,1.17,0,0.0
FIT,2026-09-30,Wednesday,2.87,2.99,2.87,2.91,2.91,659200,1.93,0,0.0
FIT,2026-10-01,Thursday,2.88,2.97,2.88,2.94,2.94,823500,2.41,0,0.0
FIT,2026-10-02,Friday,2.89,3.12,2.89,3.0,3.0,1729900,5.26,0,0.0
FIT,2026-10-05,Monday,3.01,3.06,2.99,3.0,3.0,947500,2.86,0,0.0
FIT,2026-10-06,Tuesday,3.0,3.0,2.86,2.9,2.9,522900,1.53,0,0.0
FMC,2026-09-09,Wednesday,33.55,33.55,33.4,33.4,33.4,8900,0.3,0,0.0
FMC,2026-09-10,Thursday,33.4,33.4,33.25,33.3,33.3,6100,0.2,0,0.0
FMC,2026-09-11,Friday,33.3,33.5,32.6,33.45,33.45,24200,0.8,0,0.0
FMC,2026-09-14,Monday,33.0,33.7,33.0,33.1,33.1,2700,0.09,0,0.0
FMC,2026-09-15,Tuesday,33.0,33.5,33.0,33.45,33.45,3600,0.12,0,0.0
FMC,2026-09-16,Wednesday,33.3,33.3,33.0,33.25,33.25,6200,0.21,0,0.0
FMC,2026-09-17,Thursday,33.0,33.25,32.9,32.9,32.9,13200,0.44,0,0.0
FMC,2026-09-18,Friday,32.9,32.95,32.8,32.8,32.8,10400,0.34,0,0.0
FMC,2026-09-21,Monday,32.4,32.6,32.3,32.4,32.4,13300,0.43,0,0.0
FMC,2026-09-22,Tuesday,32.4,33.2,32.4,32.6,32.6,2200,0.07,0,0.0
FMC,2026-09-23,Wednesday,32.7,33.0,32.7,32.9,32.9,2100,0.07,0,0.0
FMC,2026-09-24,Thursday,32.9,32.9,32.85,32.85,32.85,12100,0.4,0,0.0
FMC,2026-09-25,Friday,32.85,33.0,32.8,32.8,32.8,12800,0.42,0,0.0
FMC,2026-09-28,Monday,32.8,32.9,32.75,32.85,32.85,6200,0.2,0,0.0
FMC,2026-09-29,Tuesday,32.85,33.0,32.8,33.0,33.0,6600,0.22,0,0.0
FMC,2026-09-30,Wednesday,33.1,33.1,32.9,33.0,33.0,10400,0.34,0,0.0
FMC,2026-10-01,Thursday,33.0,33.0,32.75,32.75,32.75,6400,0.21,0,0.0
FMC,2026-10-02,Friday,33.2,34.5,32.8,32.8,32.8,72500,2.42,0,0.0
FMC,2026-10-05,Monday,32.85,35.0,32.85,33.15,33.15,35700,1.19,0,0.0
FMC,2026-10-06,Tuesday,33.15,33.85,32.8,33.2,33.2,26900,0.89,0,0.0
FPT,2026-09-09,Wednesday,72.3,73.0,72.1,72.4,65.82,3680300,267.33,2413000,174.51
FPT,2026-09-10,Thursday,72.3,74.8,72.2,74.5,67.73,11936600,882.2,202710,15.69
FPT,2026-09-11,Friday,74.4,74.4,72.7,72.7,66.09,5655200,414.37,1289000,102.73
FPT,2026-09-14,Monday,72.8,73.6,72.0,72.4,65.82,4860300,352.47,1718000,131.04
FPT,2026-09-15,Tuesday,72.7,73.4,72.5,72.7,66.09,3977500,289.88,942900,68.16
FPT,2026-09-16,Wednesday,72.8,73.8,71.5,73.8,67.09,7748100,562.72,21000,1.53
FPT,2026-09-17,Thursday,73.3,74.3,72.6,74.3,67.55,6626700,488.64,1224395,96.6
FPT,2026-09-18,Friday,74.5,74.8,71.7,71.7,65.18,15500700,1129.62,2903000,230.66
FPT,2026-09-21,Monday,66.5,66.8,65.0,66.4,66.4,8401600,554.46,1224395,85.34
FPT,2026-09-22,Tuesday,66.6,67.0,66.2,66.6,66.6,4905000,326.51,1528000,108.49
FPT,2026-09-23,Wednesday,66.6,67.0,66.1,66.1,66.1,3557500,236.22,1297000,91.72
FPT,2026-09-24,Thursday,66.0,66.2,65.1,65.3,65.3,4350900,284.36,1431463,101.2
FPT,2026-09-25,Friday,65.5,65.9,64.6,64.7,64.7,3543900,230.47,1678900,117.0
FPT,2026-09-28,Monday,64.7,64.8,63.0,63.7,63.7,5148700,327.08,1020000,63.2
FPT,2026-09-29,Tuesday,63.7,64.1,63.1,63.2,63.2,3118000,197.67,0,0.0
FPT,2026-09-30,Wednesday,63.4,64.0,63.0,63.0,63.0,3041400,192.72,728210,49.05
FPT,2026-10-01,Thursday,63.0,63.1,62.6,62.7,62.7,3413000,214.49,2134765,143.88
FPT,2026-10-02,Friday,62.7,63.2,62.1,62.1,62.1,3199600,200.3,60000,3.5
FPT,2026-10-05,Monday,62.2,62.8,61.9,61.9,61.9,2513400,156.52,0,0.0
FPT,2026-10-06,Tuesday,62.0,62.2,60.0,60.4,60.4,8214700,497.64,20000,1.15
FRT,2026-09-09,Wednesday,139.5,142.5,137.5,140.5,140.5,230500,32.59,0,0.0
FRT,2026-09-10,Thursday,140.4,143.0,140.0,140.0,140.0,455100,64.45,472815,71.0
FRT,2026-09-11,Friday,139.8,139.8,136.0,137.0,137.0,274600,37.66,92000,13.06
FRT,2026-09-14,Monday,137.0,138.5,127.5,133.0,133.0,831700,109.66,0,0.0
FRT,2026-09-15,Tuesday,131.6,136.0,129.0,129.0,129.0,285700,37.5,0,0.0
FRT,2026-09-16,Wednesday,129.5,133.3,128.0,128.0,128.0,401800,52.17,128966,17.54
FRT,2026-09-17,Thursday,128.1,132.3,128.1,130.0,130.0,408100,53.12,1114818,151.84
FRT,2026-09-18,Friday,131.5,133.7,130.1,130.9,130.9,443800,58.28,128966,17.8
FRT,2026-09-21,Monday,131.0,132.0,130.0,130.1,130.1,237300,31.0,0,0.0
FRT,2026-09-22,Tuesday,130.3,133.5,129.3,131.0,131.0,416300,54.65,296966,39.72
FRT,2026-09-23,Wednesday,131.2,140.1,131.2,140.1,140.1,1647100,224.87,0,0.0
FRT,2026-09-24,Thursday,142.0,143.1,137.3,142.0,142.0,837500,118.17,0,0.0
FRT,2026-09-25,Friday,141.9,143.0,138.7,141.9,141.9,755900,106.59,434437,63.52
FRT,2026-09-28,Monday,141.6,141.6,137.0,140.0,140.0,458000,63.91,0,0.0
FRT,2026-09-29,Tuesday,139.0,143.0,138.0,142.0,142.0,759800,106.93,0,0.0
FRT,2026-09-30,Wednesday,142.0,148.2,140.3,147.0,147.0,1274300,184.8,402958,58.84
FRT,2026-10-01,Thursday,147.0,149.8,145.0,146.6,146.6,849900,125.35,1046153,156.54
FRT,2026-10-02,Friday,145.6,146.0,141.0,142.9,142.9,552100,79.22,122000,17.32
FRT,2026-10-05,Monday,142.9,147.6,142.9,147.0,147.0,618800,89.74,203153,29.65
FRT,2026-10-06,Tuesday,147.1,149.9,143.5,145.0,145.0,547000,79.97,0,0.0
FTS,2026-09-09,Wednesday,21.75,21.8,21.4,21.4,21.4,479100,10.35,0,0.0
FTS,2026-09-10,Thursday,21.3,21.7,21.15,21.4,21.4,511500,10.95,0,0.0
FTS,2026-09-11,Friday,21.2,21.3,20.4,20.55,20.55,1407000,29.14,0,0.0
FTS,2026-09-14,Monday,20.55,20.85,20.0,20.1,20.1,713200,14.49,0,0.0
FTS,2026-09-15,Tuesday,20.35,20.55,20.2,20.4,20.4,578200,11.76,0,0.0
FTS,2026-09-16,Wednesday,20.35,20.4,20.0,20.15,20.15,410000,8.28,0,0.0
FTS,2026-09-17,Thursday,20.1,21.15,20.0,20.6,20.6,951900,19.78,0,0.0
FTS,2026-09-18,Friday,20.8,21.15,20.8,21.0,21.0,655300,13.74,0,0.0
FTS,2026-09-21,Monday,21.2,21.2,20.55,20.6,20.6,568000,11.77,0,0.0
FTS,2026-09-22,Tuesday,20.65,21.0,20.6,20.7,20.7,311900,6.47,0,0.0
FTS,2026-09-23,Wednesday,20.95,20.95,20.55,20.55,20.55,390800,8.07,0,0.0
FTS,2026-09-24,Thursday,20.55,20.65,20.05,20.05,20.05,580300,11.76,0,0.0
FTS,2026-09-25,Friday,20.05,20.3,20.0,20.1,20.1,322100,6.49,0,0.0
FTS,2026-09-28,Monday,20.2,20.2,19.2,19.3,19.3,945600,18.38,0,0.0
FTS,2026-09-29,Tuesday,19.1,19.6,19.1,19.3,19.3,559800,10.81,0,0.0
FTS,2026-09-30,Wednesday,19.4,19.55,19.1,19.15,19.15,439600,8.47,0,0.0
FTS,2026-10-01,Thursday,18.7,19.25,18.7,18.9,18.9,665000,12.61,220000,4.29
FTS,2026-10-02,Friday,18.7,19.0,18.5,18.5,18.5,641700,12.03,0,0.0
FTS,2026-10-05,Monday,18.55,18.85,18.45,18.5,18.5,467800,8.74,220000,4.27
FTS,2026-10-06,Tuesday,18.45,18.75,17.55,18.65,18.65,1127800,20.35,0,0.0
GAS,2026-09-09,Wednesday,85.3,87.6,85.2,85.7,83.28,2290400,198.06,20000,1.57
GAS,2026-09-10,Thursday,86.4,87.5,84.5,84.6,82.21,1143100,98.01,0,0.0
GAS,2026-09-11,Friday,85.8,86.7,82.9,82.9,80.56,1451400,122.88,0,0.0
GAS,2026-09-14,Monday,85.1,86.8,84.0,85.7,83.28,1634100,139.92,0,0.0
GAS,2026-09-15,Tuesday,86.5,91.5,85.3,91.4,88.82,3733200,333.16,0,0.0
GAS,2026-09-16,Wednesday,91.6,93.0,89.4,89.4,86.88,2653700,241.48,0,0.0
GAS,2026-09-17,Thursday,89.3,90.7,87.5,88.6,86.1,2621500,232.89,0,0.0
GAS,2026-09-18,Friday,88.5,88.7,87.2,88.0,85.52,1412000,123.97,0,0.0
GAS,2026-09-21,Monday,87.5,89.7,87.4,88.6,86.1,1452700,128.92,0,0.0
GAS,2026-09-22,Tuesday,86.2,87.4,85.0,86.0,86.0,812900,69.81,0,0.0
GAS,2026-09-23,Wednesday,86.5,86.5,84.8,84.8,84.8,1174600,100.22,193000,16.6
GAS,2026-09-24,Thursday,84.6,85.7,81.3,82.0,82.0,2013200,167.32,0,0.0
GAS,2026-09-25,Friday,82.4,82.8,80.5,80.5,80.5,1042700,84.91,193000,16.6
GAS,2026-09-28,Monday,81.8,83.5,80.3,83.5,83.5,1158100,94.49,0,0.0
GAS,2026-09-29,Tuesday,84.0,85.7,83.5,84.9,84.9,1601600,135.62,0,0.0
GAS,2026-09-30,Wednesday,84.9,84.9,82.0,82.0,82.0,1176800,97.78,0,0.0
GAS,2026-10-01,Thursday,82.0,83.8,81.5,82.0,82.0,650400,53.52,190000,15.58
GAS,2026-10-02,Friday,82.3,83.0,78.8,78.8,78.8,1643400,131.71,0,0.0
GAS,2026-10-05,Monday,78.8,81.0,78.4,79.0,79.0,728300,57.66,190000,15.58
GAS,2026-10-06,Tuesday,79.7,79.7,77.5,79.3,79.3,684400,53.92,0,0.0
GDT,2026-09-09,Wednesday,15.85,15.9,15.75,15.9,15.9,26000,0.41,0,0.0
GDT,2026-09-10,Thursday,16.0,16.0,15.9,15.9,15.9,4300,0.07,0,0.0
GDT,2026-09-11,Friday,15.85,16.0,15.8,15.8,15.8,13600,0.22,0,0.0
GDT,2026-09-14,Monday,15.8,15.95,15.75,15.8,15.8,8100,0.13,0,0.0
GDT,2026-09-15,Tuesday,15.8,15.85,15.75,15.75,15.75,10500,0.17,0,0.0
GDT,2026-09-16,Wednesday,15.75,15.8,15.75,15.75,15.75,44600,0.7,0,0.0
GDT,2026-09-17,Thursday,15.85,15.85,15.4,15.5,15.5,17700,0.28,164213,2.41
GDT,2026-09-18,Friday,15.5,15.9,15.5,15.75,15.75,5800,0.09,0,0.0
GDT,2026-09-21,Monday,15.8,15.8,15.75,15.8,15.8,7100,0.11,0,0.0
GDT,2026-09-22,Tuesday,15.8,15.8,15.75,15.8,15.8,10700,0.17,83127,1.22
GDT,2026-09-23,Wednesday,15.75,15.8,15.7,15.8,15.8,26500,0.42,0,0.0
GDT,2026-09-24,Thursday,15.75,15.8,15.75,15.75,15.75,4100,0.06,0,0.0
GDT,2026-09-25,Friday,15.8,15.85,15.75,15.85,15.85,7100,0.11,180000,2.65
GDT,2026-09-28,Monday,15.85,15.85,15.75,15.8,15.8,2300,0.04,0,0.0
GDT,2026-09-29,Tuesday,15.75,15.85,15.75,15.8,15.8,14700,0.23,170000,2.5
GDT,2026-09-30,Wednesday,15.85,15.9,15.8,15.8,15.8,6300,0.1,0,0.0
GDT,2026-10-01,Thursday,15.7,15.9,15.7,15.9,15.9,5900,0.09,0,0.0
GDT,2026-10-02,Friday,15.7,15.7,15.7,15.7,15.7,600,0.01,0,0.0
GDT,2026-10-05,Monday,15.7,15.8,15.7,15.7,15.7,1700,0.03,0,0.0
GDT,2026-10-06,Tuesday,15.7,15.7,15.7,15.7,15.7,41400,0.65,0,0.0
GEE,2026-09-09,Wednesday,60.5,63.4,60.4,62.9,62.4,1135600,70.66,0,0.0
GEE,2026-09-10,Thursday,63.0,64.8,63.0,63.9,63.4,971300,62.14,0,0.0
GEE,2026-09-11,Friday,63.8,64.2,62.0,62.0,61.51,948200,59.61,0,0.0
GEE,2026-09-14,Monday,61.5,61.9,57.7,57.7,57.24,2793500,164.14,0,0.0
GEE,2026-09-15,Tuesday,57.0,61.7,57.0,61.7,61.21,2255500,137.01,0,0.0
GEE,2026-09-16,Wednesday,62.0,64.4,62.0,62.9,62.4,1660700,105.2,0,0.0
GEE,2026-09-17,Thursday,62.8,65.5,62.1,65.0,65.0,1564900,100.44,0,0.0
GEE,2026-09-18,Friday,65.4,67.1,63.9,63.9,63.9,1192200,78.05,0,0.0
GEE,2026-09-21,Monday,65.0,65.0,61.8,62.2,62.2,791300,49.54,922500,58.95
GEE,2026-09-22,Tuesday,62.8,66.5,62.2,66.5,66.5,2706700,177.7,0,0.0
GEE,2026-09-23,Wednesday,68.3,71.1,67.8,70.9,70.9,3454600,242.58,0,0.0
GEE,2026-09-24,Thursday,70.9,72.3,68.0,70.9,70.9,2096400,148.46,1039000,78.02
GEE,2026-09-25,Friday,72.3,74.0,71.6,73.9,73.9,2012600,146.41,922500,61.25
GEE,2026-09-28,Monday,75.5,75.5,70.3,72.8,72.8,1563100,112.81,0,0.0
GEE,2026-09-29,Tuesday,73.0,73.0,70.3,72.0,72.0,1343800,95.85,0,0.0
GEE,2026-09-30,Wednesday,72.0,76.6,71.5,75.7,75.7,3058600,230.23,0,0.0
GEE,2026-10-01,Thursday,75.2,75.2,70.5,71.5,71.5,1344800,97.13,0,0.0
GEE,2026-10-02,Friday,72.0,72.0,68.2,68.5,68.5,1365200,94.08,0,0.0
GEE,2026-10-05,Monday,69.0,73.0,68.6,71.3,71.3,1569600,112.33,0,0.0
GEE,2026-10-06,Tuesday,71.6,72.0,68.7,70.3,70.3,945700,66.76,0,0.0
GEG,2026-09-09,Wednesday,12.7,12.7,12.55,12.7,12.7,123700,1.56,0,0.0
GEG,2026-09-10,Thursday,12.5,12.65,12.5,12.5,12.5,134000,1.68,12000000,151.2
GEG,2026-09-11,Friday,12.5,12.5,12.3,12.4,12.4,142400,1.76,0,0.0
GEG,2026-09-14,Monday,12.3,12.4,12.2,12.4,12.4,62700,0.77,3000000,38.7
GEG,2026-09-15,Tuesday,12.3,12.4,12.3,12.35,12.35,93300,1.15,0,0.0
GEG,2026-09-16,Wednesday,12.4,12.4,12.3,12.3,12.3,112200,1.38,0,0.0
GEG,2026-09-17,Thursday,12.3,12.35,12.25,12.3,12.3,42800,0.53,0,0.0
GEG,2026-09-18,Friday,12.3,12.35,12.3,12.35,12.35,355600,4.37,0,0.0
GEG,2026-09-21,Monday,12.3,12.4,12.25,12.35,12.35,133700,1.65,0,0.0
GEG,2026-09-22,Tuesday,12.35,12.35,12.25,12.35,12.35,106400,1.31,0,0.0
GEG,2026-09-23,Wednesday,12.35,12.35,12.2,12.2,12.2,201500,2.47,0,0.0
GEG,2026-09-24,Thursday,12.2,12.2,12.05,12.1,12.1,127600,1.55,0,0.0
GEG,2026-09-25,Friday,12.1,12.15,12.05,12.1,12.1,265400,3.21,0,0.0
GEG,2026-09-28,Monday,12.05,12.1,11.9,11.95,11.95,197700,2.37,8000000,100.8
GEG,2026-09-29,Tuesday,11.95,11.95,11.85,11.95,11.95,69200,0.82,0,0.0
GEG,2026-09-30,Wednesday,12.1,12.1,11.9,11.9,11.9,152700,1.82,0,0.0
GEG,2026-10-01,Thursday,12.0,12.0,11.85,11.9,11.9,99800,1.19,0,0.0
GEG,2026-10-02,Friday,11.85,11.9,11.8,11.8,11.8,131300,1.55,0,0.0
GEG,2026-10-05,Monday,12.0,12.0,11.7,11.8,11.8,102400,1.21,0,0.0
GEG,2026-10-06,Tuesday,11.75,11.8,11.65,11.75,11.75,152700,1.79,0,0.0
GEX,2026-09-09,Wednesday,24.6,25.1,24.5,24.6,24.6,4677300,115.58,580445,14.25
GEX,2026-09-10,Thursday,24.6,25.1,24.5,25.05,25.05,3968100,98.71,550000,13.53
GEX,2026-09-11,Friday,24.9,24.9,23.95,23.95,23.95,8173800,198.91,892060,23.91
GEX,2026-09-14,Monday,23.8,24.1,22.3,22.3,22.3,24534400,556.51,1280000,30.49
GEX,2026-09-15,Tuesday,22.75,23.8,22.65,23.0,23.0,11464600,265.41,21425800,491.65
GEX,2026-09-16,Wednesday,23.45,23.6,22.85,22.95,22.95,6704300,154.55,6000000,138.0
GEX,2026-09-17,Thursday,22.95,24.1,22.9,23.5,23.5,9787600,231.38,14131500,324.97
GEX,2026-09-18,Friday,23.85,25.05,23.8,24.4,24.4,18394700,450.45,0,0.0
GEX,2026-09-21,Monday,25.0,25.0,23.65,23.65,23.65,7011100,168.93,1270500,31.0
GEX,2026-09-22,Tuesday,23.9,24.55,23.8,24.4,24.4,5578300,135.29,6753027,159.71
GEX,2026-09-23,Wednesday,24.55,24.95,24.3,24.35,24.35,5251000,129.02,4120000,106.14
GEX,2026-09-24,Thursday,24.4,24.5,24.0,24.1,24.1,5103700,123.76,6250000,156.69
GEX,2026-09-25,Friday,24.2,24.55,24.0,24.0,24.0,4300200,104.01,2035500,50.91
GEX,2026-09-28,Monday,24.05,24.15,23.4,23.9,23.9,5891900,139.68,2876000,69.02
GEX,2026-09-29,Tuesday,23.9,24.15,23.55,23.9,23.9,4051600,96.61,213000,5.22
GEX,2026-09-30,Wednesday,24.0,24.65,23.95,24.1,24.1,8264000,200.89,2050000,49.0
GEX,2026-10-01,Thursday,24.2,24.2,23.3,23.75,23.75,7787300,184.66,749900,18.24
GEX,2026-10-02,Friday,23.7,23.7,22.8,22.9,22.9,9715000,224.39,12050000,273.75
GEX,2026-10-05,Monday,23.05,23.5,23.0,23.2,23.2,4877700,113.62,0,0.0
GEX,2026-10-06,Tuesday,23.3,23.35,22.4,22.95,22.95,7078900,161.29,112000,2.78
GIL,2026-09-09,Wednesday,7.4,7.66,7.4,7.55,7.55,288000,2.15,0,0.0
GIL,2026-09-10,Thursday,7.55,7.72,7.55,7.7,7.7,140100,1.07,0,0.0
GIL,2026-09-11,Friday,7.7,7.79,7.6,7.6,7.6,144000,1.1,0,0.0
GIL,2026-09-14,Monday,7.55,7.6,7.48,7.55,7.55,226800,1.71,0,0.0
GIL,2026-09-15,Tuesday,7.6,7.7,7.56,7.61,7.61,125000,0.95,0,0.0
GIL,2026-09-16,Wednesday,7.61,7.92,7.6,7.9,7.9,201800,1.57,0,0.0
GIL,2026-09-17,Thursday,7.91,8.45,7.8,8.45,8.45,477500,3.96,0,0.0
GIL,2026-09-18,Friday,8.5,8.65,8.31,8.37,8.37,129200,1.1,0,0.0
GIL,2026-09-21,Monday,8.28,8.35,8.03,8.11,8.11,245500,2.01,0,0.0
GIL,2026-09-22,Tuesday,8.0,8.3,8.0,8.1,8.1,221000,1.79,0,0.0
GIL,2026-09-23,Wednesday,8.34,8.34,8.1,8.19,8.19,59300,0.48,0,0.0
GIL,2026-09-24,Thursday,8.17,8.2,8.1,8.16,8.16,122000,0.99,0,0.0
GIL,2026-09-25,Friday,8.2,8.38,8.1,8.12,8.12,130200,1.07,0,0.0
GIL,2026-09-28,Monday,8.12,8.12,7.8,7.83,7.83,176400,1.41,0,0.0
GIL,2026-09-29,Tuesday,7.81,7.99,7.81,7.87,7.87,91600,0.72,0,0.0
GIL,2026-09-30,Wednesday,7.83,8.05,7.83,7.92,7.92,33800,0.27,0,0.0
GIL,2026-10-01,Thursday,7.92,8.1,7.91,7.94,7.94,47500,0.38,0,0.0
GIL,2026-10-02,Friday,7.94,8.01,7.94,7.96,7.96,125400,1.0,0,0.0
GIL,2026-10-05,Monday,8.1,8.14,7.96,8.13,8.13,182400,1.48,0,0.0
GIL,2026-10-06,Tuesday,8.13,8.15,7.85,7.87,7.87,156700,1.25,0,0.0
GMD,2026-09-09,Wednesday,75.0,76.5,75.0,75.6,75.6,492700,37.39,0,0.0
GMD,2026-09-10,Thursday,75.7,76.0,75.1,75.2,75.2,289500,21.83,30000,2.27
GMD,2026-09-11,Friday,75.2,76.0,74.2,74.6,74.6,1080800,80.94,0,0.0
GMD,2026-09-14,Monday,74.6,75.5,73.5,74.6,74.6,518100,38.43,0,0.0
GMD,2026-09-15,Tuesday,75.0,76.5,74.9,76.5,76.5,835700,63.55,0,0.0
GMD,2026-09-16,Wednesday,76.5,76.7,75.8,76.6,76.6,867100,66.26,0,0.0
GMD,2026-09-17,Thursday,76.3,77.0,76.1,76.6,76.6,620500,47.53,0,0.0
GMD,2026-09-18,Friday,76.8,77.6,76.7,77.3,77.3,778100,60.11,0,0.0
GMD,2026-09-21,Monday,77.3,77.8,76.5,77.0,77.0,644500,49.77,228000,18.24
GMD,2026-09-22,Tuesday,76.8,77.6,76.6,77.4,77.4,489000,37.78,200000,15.4
GMD,2026-09-23,Wednesday,77.6,79.2,77.1,77.8,77.8,865500,67.38,0,0.0
GMD,2026-09-24,Thursday,77.8,78.4,76.3,76.3,76.3,803100,62.01,2200000,175.4
GMD,2026-09-25,Friday,77.1,77.7,76.2,77.4,77.4,770900,59.33,0,0.0
GMD,2026-09-28,Monday,77.8,79.0,77.1,77.3,77.3,576500,44.89,200000,16.2
GMD,2026-09-29,Tuesday,77.5,78.2,76.8,77.2,77.2,495700,38.36,3000000,216.0
GMD,2026-09-30,Wednesday,77.9,79.0,77.6,78.1,78.1,1035100,80.98,1025540,81.35
GMD,2026-10-01,Thursday,78.1,79.0,77.7,78.5,78.5,1298700,101.84,166000,12.96
GMD,2026-10-02,Friday,78.7,78.7,77.6,77.6,77.6,1073400,83.7,280540,21.6
GMD,2026-10-05,Monday,78.0,78.5,77.8,77.8,77.8,1169000,91.24,2450000,196.45
GMD,2026-10-06,Tuesday,78.0,78.4,77.2,78.0,78.0,1585300,123.3,320000,24.9
GMH,2026-09-09,Wednesday,6.92,6.92,6.92,6.92,6.92,100,0.0,0,0.0
GMH,2026-09-10,Thursday,6.92,6.92,6.92,6.92,6.92,0,0.0,0,0.0
GMH,2026-09-11,Friday,6.7,6.86,6.49,6.86,6.86,400,0.0,0,0.0
GMH,2026-09-14,Monday,6.86,6.86,6.86,6.86,6.86,0,0.0,0,0.0
GMH,2026-09-15,Tuesday,6.8,6.8,6.8,6.8,6.8,200,0.0,0,0.0
GMH,2026-09-16,Wednesday,6.8,6.8,6.8,6.8,6.8,100,0.0,0,0.0
GMH,2026-09-17,Thursday,6.8,6.8,6.7,6.7,6.7,1200,0.01,0,0.0
GMH,2026-09-18,Friday,6.86,6.86,6.7,6.8,6.8,600,0.0,0,0.0
GMH,2026-09-21,Monday,6.75,6.8,6.7,6.8,6.8,300,0.0,0,0.0
GMH,2026-09-22,Tuesday,6.7,6.8,6.7,6.75,6.75,300,0.0,0,0.0
GMH,2026-09-23,Wednesday,6.75,6.75,6.75,6.75,6.75,200,0.0,0,0.0
GMH,2026-09-24,Thursday,6.8,6.8,6.75,6.8,6.8,300,0.0,0,0.0
GMH,2026-09-25,Friday,6.8,6.8,6.8,6.8,6.8,0,0.0,0,0.0
GMH,2026-09-28,Monday,6.36,6.7,6.36,6.7,6.7,1300,0.01,0,0.0
GMH,2026-09-29,Tuesday,6.7,6.79,6.36,6.58,6.58,500,0.0,0,0.0
GMH,2026-09-30,Wednesday,6.7,6.78,6.58,6.58,6.58,800,0.01,0,0.0
GMH,2026-10-01,Thursday,6.58,6.79,6.5,6.79,6.79,900,0.01,0,0.0
GMH,2026-10-02,Friday,6.7,6.7,6.7,6.7,6.7,100,0.0,0,0.0
GMH,2026-10-05,Monday,6.7,6.71,6.7,6.71,6.71,3200,0.02,0,0.0
GMH,2026-10-06,Tuesday,6.7,6.7,6.53,6.69,6.69,2000,0.01,0,0.0
GSP,2026-09-09,Wednesday,9.85,9.88,9.8,9.8,9.8,22700,0.22,0,0.0
GSP,2026-09-10,Thursday,9.8,9.9,9.8,9.87,9.87,48800,0.48,0,0.0
GSP,2026-09-11,Friday,9.87,9.95,9.87,9.87,9.87,27700,0.27,0,0.0
GSP,2026-09-14,Monday,9.87,9.87,9.68,9.68,9.68,6300,0.06,0,0.0
GSP,2026-09-15,Tuesday,9.68,9.87,9.68,9.86,9.86,43200,0.42,0,0.0
GSP,2026-09-16,Wednesday,9.84,10.0,9.84,9.87,9.87,38600,0.38,0,0.0
GSP,2026-09-17,Thursday,9.8,9.9,9.8,9.87,9.87,12000,0.12,0,0.0
GSP,2026-09-18,Friday,9.87,9.87,9.75,9.83,9.83,45500,0.45,0,0.0
GSP,2026-09-21,Monday,9.79,9.83,9.72,9.8,9.8,13500,0.13,0,0.0
GSP,2026-09-22,Tuesday,9.73,9.9,9.73,9.82,9.82,59700,0.59,0,0.0
GSP,2026-09-23,Wednesday,9.9,9.9,9.79,9.83,9.83,14800,0.15,0,0.0
GSP,2026-09-24,Thursday,9.89,9.9,9.7,9.8,9.8,22500,0.22,0,0.0
GSP,2026-09-25,Friday,9.8,9.83,9.71,9.77,9.77,8700,0.08,0,0.0
GSP,2026-09-28,Monday,9.78,9.83,9.5,9.77,9.77,35500,0.34,0,0.0
GSP,2026-09-29,Tuesday,9.7,10.0,9.7,10.0,10.0,93000,0.92,0,0.0
GSP,2026-09-30,Wednesday,9.9,10.0,9.9,9.96,9.96,88800,0.88,0,0.0
GSP,2026-10-01,Thursday,10.0,10.0,9.94,9.99,9.99,57900,0.58,0,0.0
GSP,2026-10-02,Friday,10.05,10.1,9.97,10.0,10.0,58600,0.59,0,0.0
GSP,2026-10-05,Monday,9.93,10.5,9.93,10.3,10.3,302400,3.1,0,0.0
GSP,2026-10-06,Tuesday,10.45,10.6,10.3,10.6,10.6,357400,3.75,0,0.0
GTA,2026-09-09,Wednesday,8.97,8.99,8.97,8.99,8.64,400,0.0,0,0.0
GTA,2026-09-10,Thursday,8.99,8.99,8.99,8.99,8.64,0,0.0,0,0.0
GTA,2026-09-11,Friday,8.99,8.99,8.99,8.99,8.64,0,0.0,0,0.0
GTA,2026-09-14,Monday,8.64,8.64,8.64,8.64,8.64,0,0.0,0,0.0
GTA,2026-09-15,Tuesday,8.64,8.64,8.64,8.64,8.64,0,0.0,0,0.0
GTA,2026-09-16,Wednesday,8.64,8.64,8.64,8.64,8.64,0,0.0,0,0.0
GTA,2026-09-17,Thursday,8.1,8.5,8.1,8.5,8.5,200,0.0,0,0.0
GTA,2026-09-18,Friday,7.91,7.91,7.91,7.91,7.91,16900,0.13,0,0.0
GTA,2026-09-21,Monday,7.4,7.4,7.4,7.4,7.4,400,0.0,0,0.0
GTA,2026-09-22,Tuesday,7.4,7.9,7.3,7.9,7.9,8800,0.06,0,0.0
GTA,2026-09-23,Wednesday,7.55,8.44,7.4,8.44,8.44,400,0.0,0,0.0
GTA,2026-09-24,Thursday,8.0,8.0,7.85,7.85,7.85,1300,0.01,0,0.0
GTA,2026-09-25,Friday,7.85,7.85,7.85,7.85,7.85,0,0.0,0,0.0
GTA,2026-09-28,Monday,7.85,7.85,7.85,7.85,7.85,0,0.0,0,0.0
GTA,2026-09-29,Tuesday,7.85,7.85,7.85,7.85,7.85,0,0.0,0,0.0
GTA,2026-09-30,Wednesday,7.85,7.85,7.85,7.85,7.85,0,0.0,0,0.0
GTA,2026-10-01,Thursday,7.85,7.85,7.85,7.85,7.85,700,0.01,0,0.0
GTA,2026-10-02,Friday,7.85,7.85,7.85,7.85,7.85,100,0.0,0,0.0
GTA,2026-10-05,Monday,7.32,7.32,7.31,7.32,7.32,600,0.0,0,0.0
GTA,2026-10-06,Tuesday,7.32,7.32,7.32,7.32,7.32,400,0.0,0,0.0
GVR,2026-09-09,Wednesday,31.9,32.25,31.7,31.85,31.85,1427500,45.64,0,0.0
GVR,2026-09-10,Thursday,32.0,32.05,31.45,31.7,31.7,969100,30.74,0,0.0
GVR,2026-09-11,Friday,31.6,32.1,30.0,30.0,30.0,3827500,118.32,0,0.0
GVR,2026-09-14,Monday,30.4,30.75,29.75,29.95,29.95,1798000,54.45,0,0.0
GVR,2026-09-15,Tuesday,30.5,31.15,30.2,30.95,30.95,1806000,55.44,0,0.0
GVR,2026-09-16,Wednesday,31.15,32.7,30.9,32.1,32.1,4363200,139.72,0,0.0
GVR,2026-09-17,Thursday,32.05,33.0,31.9,32.2,32.2,2137700,69.07,0,0.0
GVR,2026-09-18,Friday,32.25,32.45,31.85,31.9,31.9,1788700,57.28,25000,0.81
GVR,2026-09-21,Monday,32.4,32.4,31.8,32.2,32.2,2167700,69.55,0,0.0
GVR,2026-09-22,Tuesday,32.6,32.7,32.15,32.2,32.2,1631900,52.78,0,0.0
GVR,2026-09-23,Wednesday,32.35,32.7,32.05,32.15,32.15,1622700,52.51,0,0.0
GVR,2026-09-24,Thursday,32.3,33.8,32.1,32.8,32.8,5429700,179.83,0,0.0
GVR,2026-09-25,Friday,33.1,34.0,32.9,32.9,32.9,2875600,96.15,0,0.0
GVR,2026-09-28,Monday,32.9,32.95,31.85,32.2,32.2,2908300,93.77,0,0.0
GVR,2026-09-29,Tuesday,32.4,33.45,32.4,33.3,33.3,3710200,122.68,0,0.0
GVR,2026-09-30,Wednesday,33.75,34.9,33.3,33.3,33.3,5121300,174.67,0,0.0
GVR,2026-10-01,Thursday,33.35,33.7,32.55,32.75,32.75,3142500,103.88,0,0.0
GVR,2026-10-02,Friday,32.8,33.7,32.5,32.75,32.75,2886700,95.56,0,0.0
GVR,2026-10-05,Monday,32.8,33.2,32.4,32.7,32.7,2056800,67.43,0,0.0
GVR,2026-10-06,Tuesday,32.95,33.15,32.0,32.8,32.8,2693600,87.62,0,0.0
HAG,2026-09-09,Wednesday,13.85,13.95,13.8,13.95,13.95,1321800,18.37,0,0.0
HAG,2026-09-10,Thursday,13.85,13.95,13.65,13.95,13.95,2311400,31.99,0,0.0
HAG,2026-09-11,Friday,13.85,13.9,13.6,13.6,13.6,2369400,32.43,0,0.0
HAG,2026-09-14,Monday,13.6,13.75,13.25,13.75,13.75,2661700,36.12,400000,5.82
HAG,2026-09-15,Tuesday,13.7,14.0,13.55,14.0,14.0,1718600,23.75,0,0.0
HAG,2026-09-16,Wednesday,14.0,14.0,13.8,14.0,14.0,805500,11.22,0,0.0
HAG,2026-09-17,Thursday,13.95,14.0,13.85,14.0,14.0,1332200,18.59,140000,1.96
HAG,2026-09-18,Friday,13.95,14.05,13.9,14.05,14.05,1802300,25.22,60000,0.84
HAG,2026-09-21,Monday,14.0,14.05,13.8,13.9,13.9,1562900,21.72,2122000,29.81
HAG,2026-09-22,Tuesday,13.9,14.0,13.8,14.0,14.0,762900,10.6,275000,3.56
HAG,2026-09-23,Wednesday,13.95,14.0,13.8,14.0,14.0,1761900,24.51,2210000,30.72
HAG,2026-09-24,Thursday,14.0,14.0,13.85,14.0,14.0,1405400,19.57,679000,9.44
HAG,2026-09-25,Friday,13.9,14.0,13.9,13.95,13.95,794300,11.07,268000,3.73
HAG,2026-09-28,Monday,13.95,14.0,13.75,14.0,14.0,2003000,27.82,6722700,97.48
HAG,2026-09-29,Tuesday,14.0,14.0,13.85,14.0,14.0,1162000,16.21,1200000,16.8
HAG,2026-09-30,Wednesday,13.95,14.1,13.9,14.1,14.1,1658800,23.28,222000,3.1
HAG,2026-10-01,Thursday,14.05,14.9,14.0,14.75,14.75,8658200,126.65,0,0.0
HAG,2026-10-02,Friday,14.75,14.85,14.55,14.8,14.8,2724900,40.1,0,0.0
HAG,2026-10-05,Monday,14.8,14.85,14.55,14.55,14.55,2310100,33.82,0,0.0
HAG,2026-10-06,Tuesday,14.55,14.6,14.15,14.55,14.55,3833600,55.0,0,0.0
HAH,2026-09-09,Wednesday,46.15,46.8,46.1,46.6,46.6,433100,20.21,257700,12.16
HAH,2026-09-10,Thursday,46.3,47.5,46.3,47.1,47.1,328400,15.41,0,0.0
HAH,2026-09-11,Friday,47.0,47.0,46.0,46.0,46.0,490900,22.75,200000,9.6
HAH,2026-09-14,Monday,46.3,46.35,42.9,44.95,44.95,1049800,46.68,2096700,102.74
HAH,2026-09-15,Tuesday,44.15,46.7,44.15,46.5,46.5,723300,33.38,200000,9.58
HAH,2026-09-16,Wednesday,46.65,47.7,46.55,47.45,47.45,1015100,47.98,0,0.0
HAH,2026-09-17,Thursday,47.5,48.2,47.25,47.9,47.9,1120200,53.59,200000,8.86
HAH,2026-09-18,Friday,47.5,48.3,47.5,47.95,47.95,483700,23.24,0,0.0
HAH,2026-09-21,Monday,47.5,48.0,46.6,46.9,46.9,452900,21.3,200000,10.24
HAH,2026-09-22,Tuesday,46.9,48.5,46.85,48.3,48.3,1147100,54.96,0,0.0
HAH,2026-09-23,Wednesday,48.3,49.65,48.3,48.95,48.95,1282700,62.96,15320000,721.66
HAH,2026-09-24,Thursday,49.1,49.5,48.8,49.35,49.35,1343100,66.05,1700000,79.9
HAH,2026-09-25,Friday,49.35,51.7,49.05,51.7,51.7,2459700,124.71,320000,14.92
HAH,2026-09-28,Monday,52.0,52.3,51.3,52.3,52.3,2009300,104.14,0,0.0
HAH,2026-09-29,Tuesday,52.3,53.2,52.2,52.9,52.9,1805600,95.27,2000000,97.4
HAH,2026-09-30,Wednesday,52.9,53.0,51.7,52.2,52.2,1950200,101.91,0,0.0
HAH,2026-10-01,Thursday,51.9,52.1,50.9,51.5,51.5,942600,48.46,324000,16.52
HAH,2026-10-02,Friday,51.8,51.9,51.0,51.2,51.2,643800,33.04,0,0.0
HAH,2026-10-05,Monday,51.0,52.2,50.7,51.5,51.5,786600,40.48,324000,16.52
HAH,2026-10-06,Tuesday,51.5,51.8,50.4,50.5,50.5,812300,41.36,0,0.0
HAP,2026-09-09,Wednesday,7.43,7.43,7.43,7.43,7.43,100,0.0,0,0.0
HAP,2026-09-10,Thursday,7.4,7.45,7.4,7.45,7.45,16700,0.12,0,0.0
HAP,2026-09-11,Friday,7.1,7.4,7.1,7.4,7.4,400,0.0,0,0.0
HAP,2026-09-14,Monday,7.07,7.38,7.0,7.38,7.38,86000,0.61,0,0.0
HAP,2026-09-15,Tuesday,7.21,7.35,7.05,7.35,7.35,126700,0.91,0,0.0
HAP,2026-09-16,Wednesday,7.2,7.3,7.1,7.3,7.3,96000,0.69,0,0.0
HAP,2026-09-17,Thursday,7.1,7.2,7.05,7.2,7.2,81300,0.58,0,0.0
HAP,2026-09-18,Friday,7.05,7.06,7.0,7.0,7.0,67500,0.48,0,0.0
HAP,2026-09-21,Monday,7.0,7.28,6.95,7.28,7.28,172500,1.2,0,0.0
HAP,2026-09-22,Tuesday,7.01,7.05,6.95,7.05,7.05,212400,1.49,0,0.0
HAP,2026-09-23,Wednesday,7.0,7.4,6.93,7.37,7.37,404600,2.84,300000,1.97
HAP,2026-09-24,Thursday,7.45,7.45,7.03,7.3,7.3,3400,0.02,0,0.0
HAP,2026-09-25,Friday,7.28,7.28,7.28,7.28,7.28,100,0.0,0,0.0
HAP,2026-09-28,Monday,7.23,7.23,7.23,7.23,7.23,200,0.0,0,0.0
HAP,2026-09-29,Tuesday,7.02,7.06,6.95,7.06,7.06,9200,0.06,0,0.0
HAP,2026-09-30,Wednesday,7.06,7.06,7.02,7.02,7.02,2600,0.02,0,0.0
HAP,2026-10-01,Thursday,7.0,7.09,7.0,7.09,7.09,800,0.01,0,0.0
HAP,2026-10-02,Friday,7.08,7.08,7.08,7.08,7.08,1300,0.01,0,0.0
HAP,2026-10-05,Monday,7.05,7.15,7.05,7.15,7.15,6000,0.04,0,0.0
HAP,2026-10-06,Tuesday,7.15,7.2,7.0,7.2,7.2,700,0.0,0,0.0
HAR,2026-09-09,Wednesday,2.51,2.56,2.5,2.52,2.52,30800,0.08,0,0.0
HAR,2026-09-10,Thursday,2.55,2.55,2.5,2.54,2.54,27400,0.07,0,0.0
HAR,2026-09-11,Friday,2.52,2.52,2.49,2.51,2.51,30200,0.08,0,0.0
HAR,2026-09-14,Monday,2.52,2.55,2.35,2.49,2.49,99000,0.24,0,0.0
HAR,2026-09-15,Tuesday,2.49,2.49,2.4,2.49,2.49,30900,0.08,0,0.0
HAR,2026-09-16,Wednesday,2.48,2.48,2.41,2.43,2.43,33400,0.08,0,0.0
HAR,2026-09-17,Thursday,2.45,2.45,2.4,2.42,2.42,50200,0.12,0,0.0
HAR,2026-09-18,Friday,2.44,2.49,2.4,2.43,2.43,62900,0.15,0,0.0
HAR,2026-09-21,Monday,2.44,2.44,2.43,2.43,2.43,34200,0.08,0,0.0
HAR,2026-09-22,Tuesday,2.46,2.47,2.43,2.45,2.45,61500,0.15,0,0.0
HAR,2026-09-23,Wednesday,2.42,2.45,2.41,2.42,2.42,27500,0.07,0,0.0
HAR,2026-09-24,Thursday,2.44,2.44,2.4,2.42,2.42,35100,0.08,0,0.0
HAR,2026-09-25,Friday,2.42,2.45,2.35,2.42,2.42,119300,0.29,0,0.0
HAR,2026-09-28,Monday,2.42,2.42,2.35,2.37,2.37,75800,0.18,1538600,3.69
HAR,2026-09-29,Tuesday,2.36,2.36,2.24,2.25,2.25,212800,0.48,0,0.0
HAR,2026-09-30,Wednesday,2.29,2.3,2.23,2.26,2.26,51100,0.12,0,0.0
HAR,2026-10-01,Thursday,2.27,2.36,2.27,2.28,2.28,29100,0.07,0,0.0
HAR,2026-10-02,Friday,2.28,2.31,2.25,2.29,2.29,26400,0.06,0,0.0
HAR,2026-10-05,Monday,2.3,2.35,2.3,2.32,2.32,83100,0.19,0,0.0
HAR,2026-10-06,Tuesday,2.36,2.37,2.27,2.35,2.35,55200,0.13,0,0.0
HAS,2026-09-09,Wednesday,11.3,11.3,11.3,11.3,11.3,300,0.0,0,0.0
HAS,2026-09-10,Thursday,11.3,11.3,11.3,11.3,11.3,0,0.0,0,0.0
HAS,2026-09-11,Friday,11.25,11.25,10.95,10.95,10.95,900,0.01,0,0.0
HAS,2026-09-14,Monday,10.2,11.4,10.2,10.2,10.2,600,0.01,0,0.0
HAS,2026-09-15,Tuesday,9.5,10.65,9.49,10.6,10.6,1900,0.02,0,0.0
HAS,2026-09-16,Wednesday,9.87,9.87,9.87,9.87,9.87,300,0.0,0,0.0
HAS,2026-09-17,Thursday,9.5,10.15,9.5,10.15,10.15,600,0.01,0,0.0
HAS,2026-09-18,Friday,9.45,9.45,9.44,9.44,9.44,800,0.01,0,0.0
HAS,2026-09-21,Monday,8.78,8.81,8.78,8.81,8.81,2800,0.02,0,0.0
HAS,2026-09-22,Tuesday,8.2,9.4,8.2,9.4,9.4,3000,0.02,0,0.0
HAS,2026-09-23,Wednesday,8.75,9.8,8.75,9.8,9.8,200,0.0,0,0.0
HAS,2026-09-24,Thursday,9.12,9.12,9.12,9.12,9.12,100,0.0,0,0.0
HAS,2026-09-25,Friday,9.5,9.5,9.5,9.5,9.5,100,0.0,0,0.0
HAS,2026-09-28,Monday,9.99,9.99,8.85,8.85,8.85,11700,0.11,0,0.0
HAS,2026-09-29,Tuesday,8.27,9.45,8.27,9.45,9.45,5500,0.05,0,0.0
HAS,2026-09-30,Wednesday,9.45,9.45,9.45,9.45,9.45,0,0.0,0,0.0
HAS,2026-10-01,Thursday,9.45,9.45,9.45,9.45,9.45,0,0.0,0,0.0
HAS,2026-10-02,Friday,9.79,9.79,9.79,9.79,9.79,600,0.01,0,0.0
HAS,2026-10-05,Monday,9.79,9.79,9.79,9.79,9.79,0,0.0,0,0.0
HAS,2026-10-06,Tuesday,9.79,9.79,9.79,9.79,9.79,0,0.0,0,0.0
HAX,2026-09-09,Wednesday,8.61,8.75,8.46,8.49,8.49,196100,1.68,0,0.0
HAX,2026-09-10,Thursday,8.49,8.54,8.46,8.5,8.5,38900,0.33,0,0.0
HAX,2026-09-11,Friday,8.5,8.51,8.43,8.44,8.44,27600,0.23,0,0.0
HAX,2026-09-14,Monday,8.49,8.5,8.26,8.26,8.26,78200,0.65,0,0.0
HAX,2026-09-15,Tuesday,8.18,8.28,8.05,8.23,8.23,160800,1.32,0,0.0
HAX,2026-09-16,Wednesday,8.23,8.28,8.22,8.24,8.24,28200,0.23,0,0.0
HAX,2026-09-17,Thursday,8.25,8.47,8.22,8.46,8.46,91800,0.77,0,0.0
HAX,2026-09-18,Friday,8.45,8.71,8.05,8.7,8.7,166900,1.43,0,0.0
HAX,2026-09-21,Monday,8.77,8.77,8.62,8.7,8.7,73500,0.64,0,0.0
HAX,2026-09-22,Tuesday,8.7,8.71,8.63,8.69,8.69,157400,1.37,0,0.0
HAX,2026-09-23,Wednesday,8.69,8.7,8.62,8.66,8.66,44700,0.39,0,0.0
HAX,2026-09-24,Thursday,8.68,8.68,8.45,8.63,8.63,87900,0.75,0,0.0
HAX,2026-09-25,Friday,8.6,8.7,8.49,8.7,8.7,81300,0.7,0,0.0
HAX,2026-09-28,Monday,8.7,8.73,8.5,8.5,8.5,67000,0.57,0,0.0
HAX,2026-09-29,Tuesday,8.4,8.64,8.35,8.41,8.41,66200,0.56,0,0.0
HAX,2026-09-30,Wednesday,8.41,8.56,8.41,8.49,8.49,34100,0.29,0,0.0
HAX,2026-10-01,Thursday,8.55,8.55,8.41,8.43,8.43,21600,0.18,0,0.0
HAX,2026-10-02,Friday,8.43,8.48,8.3,8.45,8.45,58500,0.49,0,0.0
HAX,2026-10-05,Monday,8.45,8.63,8.4,8.61,8.61,152400,1.3,0,0.0
HAX,2026-10-06,Tuesday,8.51,8.63,8.5,8.53,8.53,155900,1.33,0,0.0
HCD,2026-09-09,Wednesday,6.3,6.3,6.1,6.24,6.24,24400,0.15,0,0.0
HCD,2026-09-10,Thursday,6.24,6.24,6.16,6.23,6.23,12100,0.08,0,0.0
HCD,2026-09-11,Friday,6.27,6.27,6.1,6.25,6.25,32200,0.2,0,0.0
HCD,2026-09-14,Monday,6.24,6.35,6.15,6.35,6.35,30900,0.19,0,0.0
HCD,2026-09-15,Tuesday,6.34,6.5,6.3,6.38,6.38,19200,0.12,0,0.0
HCD,2026-09-16,Wednesday,6.35,6.35,6.26,6.35,6.35,16300,0.1,0,0.0
HCD,2026-09-17,Thursday,6.35,6.35,6.23,6.3,6.3,21900,0.14,0,0.0
HCD,2026-09-18,Friday,6.35,6.35,6.21,6.3,6.3,28000,0.17,0,0.0
HCD,2026-09-21,Monday,6.3,6.4,6.22,6.35,6.35,69000,0.44,0,0.0
HCD,2026-09-22,Tuesday,6.34,6.38,6.29,6.33,6.33,50600,0.32,0,0.0
HCD,2026-09-23,Wednesday,6.3,6.3,6.26,6.3,6.3,11100,0.07,0,0.0
HCD,2026-09-24,Thursday,6.3,6.3,6.2,6.24,6.24,11000,0.07,0,0.0
HCD,2026-09-25,Friday,6.24,6.24,6.18,6.19,6.19,23800,0.15,0,0.0
HCD,2026-09-28,Monday,6.19,6.19,6.0,6.15,6.15,26500,0.16,0,0.0
HCD,2026-09-29,Tuesday,6.15,6.15,6.05,6.12,6.12,12200,0.07,0,0.0
HCD,2026-09-30,Wednesday,6.12,6.12,6.0,6.1,6.1,19700,0.12,0,0.0
HCD,2026-10-01,Thursday,6.07,6.09,6.0,6.09,6.09,32500,0.2,0,0.0
HCD,2026-10-02,Friday,6.05,6.15,6.0,6.15,6.15,12100,0.07,0,0.0
HCD,2026-10-05,Monday,6.1,6.15,6.1,6.15,6.15,7100,0.04,0,0.0
HCD,2026-10-06,Tuesday,6.3,6.3,6.08,6.16,6.16,15500,0.1,0,0.0
HCM,2026-09-09,Wednesday,26.6,26.7,26.2,26.35,26.35,2455500,64.74,340000,8.71
HCM,2026-09-10,Thursday,26.2,26.45,26.05,26.3,26.3,2621700,68.85,0,0.0
HCM,2026-09-11,Friday,26.1,26.2,25.0,25.5,25.5,5841200,149.78,60000,1.65
HCM,2026-09-14,Monday,25.2,25.5,24.65,24.75,24.75,4303400,107.56,60000,1.64
HCM,2026-09-15,Tuesday,24.8,25.3,24.75,25.15,25.15,2214900,55.55,100000,2.48
HCM,2026-09-16,Wednesday,25.25,25.25,24.7,24.9,24.9,3072800,76.48,0,0.0
HCM,2026-09-17,Thursday,24.7,25.9,24.2,25.3,25.3,3614500,91.69,100000,2.49
HCM,2026-09-18,Friday,25.7,25.85,25.3,25.5,25.5,4465900,114.04,0,0.0
HCM,2026-09-21,Monday,25.8,25.8,24.95,25.0,25.0,2444800,61.45,0,0.0
HCM,2026-09-22,Tuesday,25.05,25.3,24.95,25.0,25.0,1461300,36.67,0,0.0
HCM,2026-09-23,Wednesday,25.2,25.5,25.0,25.5,25.5,3410600,86.54,0,0.0
HCM,2026-09-24,Thursday,25.5,25.55,25.0,25.1,25.1,1945600,49.04,0,0.0
HCM,2026-09-25,Friday,25.05,25.2,24.8,24.9,24.9,1961200,49.0,0,0.0
HCM,2026-09-28,Monday,24.9,25.0,23.65,23.9,23.9,4862400,117.26,9450000,236.25
HCM,2026-09-29,Tuesday,23.8,24.5,23.55,24.45,24.45,3720900,89.16,200000,4.45
HCM,2026-09-30,Wednesday,24.45,24.65,23.8,23.8,23.8,1415900,34.27,9470000,235.58
HCM,2026-10-01,Thursday,23.9,24.1,23.5,23.55,23.55,2365600,56.13,14306600,357.47
HCM,2026-10-02,Friday,23.5,23.75,22.9,23.5,23.5,3307000,77.33,0,0.0
HCM,2026-10-05,Monday,23.45,23.75,23.4,23.4,23.4,1224400,28.82,14081600,350.28
HCM,2026-10-06,Tuesday,23.65,23.65,22.6,23.5,23.5,3945500,91.04,0,0.0
HDB,2026-09-09,Wednesday,27.4,27.6,27.25,27.5,27.5,11462000,314.53,12350000,337.77
HDB,2026-09-10,Thursday,27.3,27.5,27.0,27.45,27.45,8914400,242.72,6808000,185.47
HDB,2026-09-11,Friday,27.1,27.2,26.6,26.8,26.8,9354300,251.32,4000000,109.8
HDB,2026-09-14,Monday,26.7,27.0,26.5,26.8,26.8,9753600,260.73,8600000,228.68
HDB,2026-09-15,Tuesday,26.8,27.1,26.75,27.1,27.1,7863900,211.93,7580000,203.14
HDB,2026-09-16,Wednesday,27.0,27.1,26.8,27.1,27.1,9625600,259.39,18998000,513.1
HDB,2026-09-17,Thursday,27.0,27.6,26.9,27.6,27.6,14772600,403.74,15190000,409.43
HDB,2026-09-18,Friday,27.75,28.05,27.5,27.5,27.5,25719400,714.31,18423969,498.1
HDB,2026-09-21,Monday,27.65,27.7,27.1,27.6,27.6,11479500,314.65,2940000,80.85
HDB,2026-09-22,Tuesday,27.45,27.6,27.3,27.55,27.55,7768500,213.2,250000,6.9
HDB,2026-09-23,Wednesday,27.65,28.65,27.5,28.0,28.0,20648300,580.12,7182738,195.24
HDB,2026-09-24,Thursday,28.0,28.0,27.45,27.65,27.65,9212400,254.97,8364300,234.07
HDB,2026-09-25,Friday,27.5,28.0,27.35,27.8,27.8,10048600,277.8,3580000,97.38
HDB,2026-09-28,Monday,27.9,27.9,27.25,27.5,27.5,10258000,282.39,1140500,31.64
HDB,2026-09-29,Tuesday,27.5,27.6,27.1,27.4,27.4,8092500,221.58,0,0.0
HDB,2026-09-30,Wednesday,27.5,27.75,27.4,27.5,27.5,8447100,232.6,2692000,73.62
HDB,2026-10-01,Thursday,28.1,28.2,27.75,28.0,28.0,12687500,355.04,1730000,47.58
HDB,2026-10-02,Friday,28.1,28.45,27.65,28.45,28.45,15620900,439.06,18676000,501.17
HDB,2026-10-05,Monday,28.4,28.45,28.0,28.05,28.05,8008300,225.5,2000000,56.74
HDB,2026-10-06,Tuesday,28.05,28.1,27.35,28.05,28.05,13844700,384.06,56263600,1532.24
HDC,2026-09-09,Wednesday,11.85,11.85,11.6,11.6,11.6,566200,6.62,0,0.0
HDC,2026-09-10,Thursday,11.5,11.6,11.35,11.45,11.45,654700,7.52,0,0.0
HDC,2026-09-11,Friday,11.4,11.45,11.0,11.35,11.35,1897600,21.28,0,0.0
HDC,2026-09-14,Monday,11.35,11.35,11.0,11.25,11.25,1239400,13.81,0,0.0
HDC,2026-09-15,Tuesday,11.1,11.35,11.1,11.3,11.3,755300,8.48,40000,0.45
HDC,2026-09-16,Wednesday,11.3,11.3,11.15,11.3,11.3,762500,8.54,0,0.0
HDC,2026-09-17,Thursday,11.25,11.65,11.15,11.45,11.45,859600,9.83,0,0.0
HDC,2026-09-18,Friday,11.4,11.65,11.35,11.45,11.45,512400,5.88,0,0.0
HDC,2026-09-21,Monday,11.5,11.55,11.3,11.45,11.45,425500,4.86,400000,4.6
HDC,2026-09-22,Tuesday,11.4,11.9,11.4,11.8,11.8,1598000,18.7,0,0.0
HDC,2026-09-23,Wednesday,11.8,12.0,11.65,11.75,11.75,774100,9.15,400000,4.6
HDC,2026-09-24,Thursday,11.8,11.85,11.4,11.5,11.5,926900,10.69,0,0.0
HDC,2026-09-25,Friday,11.4,11.5,11.15,11.15,11.15,723700,8.2,0,0.0
HDC,2026-09-28,Monday,11.25,11.25,10.45,10.6,10.6,1635800,17.49,0,0.0
HDC,2026-09-29,Tuesday,10.45,11.0,10.45,10.55,10.55,1059800,11.34,400000,4.32
HDC,2026-09-30,Wednesday,10.5,10.75,10.3,10.65,10.65,1162700,12.26,330000,3.27
HDC,2026-10-01,Thursday,10.55,10.6,10.2,10.6,10.6,1326700,13.8,1000000,10.27
HDC,2026-10-02,Friday,10.55,10.55,10.25,10.35,10.35,1333500,13.77,1200000,12.0
HDC,2026-10-05,Monday,10.25,10.35,10.1,10.1,10.1,1090800,11.14,600000,6.32
HDC,2026-10-06,Tuesday,10.05,10.2,9.6,10.1,10.1,2890000,28.62,326000,3.19
HDG,2026-09-09,Wednesday,16.65,16.75,16.1,16.2,16.2,1467300,24.07,0,0.0
HDG,2026-09-10,Thursday,16.25,16.35,16.1,16.15,16.15,834800,13.51,0,0.0
HDG,2026-09-11,Friday,16.15,16.15,15.9,15.95,15.95,1089200,17.4,0,0.0
HDG,2026-09-14,Monday,15.95,16.0,15.5,15.6,15.6,1183700,18.63,0,0.0
HDG,2026-09-15,Tuesday,15.6,15.85,15.6,15.85,15.85,629500,9.9,0,0.0
HDG,2026-09-16,Wednesday,15.85,16.3,15.85,16.05,16.05,675400,10.88,0,0.0
HDG,2026-09-17,Thursday,16.05,16.35,16.0,16.05,16.05,568300,9.2,0,0.0
HDG,2026-09-18,Friday,16.25,16.5,16.1,16.1,16.1,624400,10.18,0,0.0
HDG,2026-09-21,Monday,16.2,16.4,16.0,16.0,16.0,467500,7.53,0,0.0
HDG,2026-09-22,Tuesday,16.0,16.25,16.0,16.05,16.05,430500,6.93,0,0.0
HDG,2026-09-23,Wednesday,16.1,16.45,16.1,16.2,16.2,709700,11.57,0,0.0
HDG,2026-09-24,Thursday,16.3,16.3,16.05,16.05,16.05,931500,15.05,0,0.0
HDG,2026-09-25,Friday,16.05,16.15,15.85,15.85,15.85,1107200,17.69,0,0.0
HDG,2026-09-28,Monday,15.85,15.9,15.25,15.35,15.35,1334700,20.61,0,0.0
HDG,2026-09-29,Tuesday,15.25,15.7,15.25,15.4,15.4,706300,10.93,0,0.0
HDG,2026-09-30,Wednesday,15.4,15.6,15.35,15.35,15.35,490900,7.58,0,0.0
HDG,2026-10-01,Thursday,15.35,15.5,15.15,15.25,15.25,551400,8.43,0,0.0
HDG,2026-10-02,Friday,15.25,15.4,15.05,15.05,15.05,700800,10.61,0,0.0
HDG,2026-10-05,Monday,15.0,15.15,14.65,14.65,14.65,1143400,16.98,100000,1.4
HDG,2026-10-06,Tuesday,14.65,14.8,14.3,14.65,14.65,920700,13.4,0,0.0
HHP,2026-09-09,Wednesday,16.95,17.3,16.95,17.2,17.2,828900,14.2,550000,8.91
HHP,2026-09-10,Thursday,17.2,17.35,17.0,17.1,17.1,919400,15.79,0,0.0
HHP,2026-09-11,Friday,17.1,17.2,16.85,17.1,17.1,693700,11.79,0,0.0
HHP,2026-09-14,Monday,17.1,17.2,16.85,17.0,17.0,640400,10.9,0,0.0
HHP,2026-09-15,Tuesday,17.0,17.05,16.85,17.05,17.05,565800,9.6,0,0.0
HHP,2026-09-16,Wednesday,17.05,17.1,16.75,17.0,17.0,525800,8.89,0,0.0
HHP,2026-09-17,Thursday,17.0,17.1,16.8,17.0,17.0,1075800,18.23,0,0.0
HHP,2026-09-18,Friday,17.0,17.25,17.0,17.2,17.2,2188300,37.37,0,0.0
HHP,2026-09-21,Monday,17.2,17.4,17.0,17.4,17.4,1693100,29.23,0,0.0
HHP,2026-09-22,Tuesday,17.5,17.6,16.85,17.25,17.25,1071800,18.58,0,0.0
HHP,2026-09-23,Wednesday,17.25,17.5,16.95,17.2,17.2,1850000,31.91,0,0.0
HHP,2026-09-24,Thursday,17.2,17.3,17.0,17.3,17.3,636400,10.94,0,0.0
HHP,2026-09-25,Friday,17.3,17.8,17.0,17.7,17.7,1970600,34.24,0,0.0
HHP,2026-09-28,Monday,17.7,17.85,17.5,17.8,17.8,1125900,19.92,244000,4.32
HHP,2026-09-29,Tuesday,17.8,18.1,17.7,17.75,17.75,856900,15.28,800000,13.6
HHP,2026-09-30,Wednesday,17.75,17.8,17.5,17.65,17.65,485400,8.59,0,0.0
HHP,2026-10-01,Thursday,17.65,17.7,17.4,17.5,17.5,283600,4.96,0,0.0
HHP,2026-10-02,Friday,17.5,18.1,17.45,17.9,17.9,1181400,20.84,300000,4.89
HHP,2026-10-05,Monday,17.9,18.1,17.9,17.95,17.95,697900,12.53,0,0.0
HHP,2026-10-06,Tuesday,17.95,18.1,17.65,17.75,17.75,896900,15.99,728000,12.85
HHS,2026-09-09,Wednesday,10.65,10.75,10.5,10.65,10.65,589900,6.27,0,0.0
HHS,2026-09-10,Thursday,10.4,10.6,10.4,10.6,10.6,537000,5.65,0,0.0
HHS,2026-09-11,Friday,10.45,10.55,10.0,10.0,10.0,1714100,17.39,0,0.0
HHS,2026-09-14,Monday,9.88,9.97,9.55,9.8,9.8,1314200,12.79,0,0.0
HHS,2026-09-15,Tuesday,9.7,9.95,9.7,9.95,9.95,663300,6.54,0,0.0
HHS,2026-09-16,Wednesday,9.9,9.92,9.71,9.88,9.88,673900,6.62,0,0.0
HHS,2026-09-17,Thursday,9.72,10.3,9.72,9.96,9.96,1225000,12.31,0,0.0
HHS,2026-09-18,Friday,10.1,10.1,9.93,10.05,10.05,645000,6.44,0,0.0
HHS,2026-09-21,Monday,10.1,10.1,9.79,9.87,9.87,724200,7.14,0,0.0
HHS,2026-09-22,Tuesday,9.87,9.95,9.76,9.86,9.86,524400,5.16,0,0.0
HHS,2026-09-23,Wednesday,9.82,9.93,9.74,9.75,9.75,480200,4.7,0,0.0
HHS,2026-09-24,Thursday,9.75,9.75,9.46,9.64,9.64,1199400,11.46,0,0.0
HHS,2026-09-25,Friday,9.6,9.64,9.48,9.6,9.6,1100700,10.5,0,0.0
HHS,2026-09-28,Monday,9.59,9.59,9.2,9.31,9.31,1359400,12.64,0,0.0
HHS,2026-09-29,Tuesday,9.21,9.35,9.14,9.31,9.31,766700,7.08,0,0.0
HHS,2026-09-30,Wednesday,9.25,9.39,9.21,9.3,9.3,886200,8.22,0,0.0
HHS,2026-10-01,Thursday,9.29,9.29,9.06,9.18,9.18,840400,7.7,0,0.0
HHS,2026-10-02,Friday,9.07,9.19,8.93,9.1,9.1,1495800,13.49,0,0.0
HHS,2026-10-05,Monday,9.0,9.13,8.89,9.0,9.0,828300,7.41,0,0.0
HHS,2026-10-06,Tuesday,8.84,9.0,8.6,8.95,8.95,1277300,11.26,0,0.0
HHV,2026-09-09,Wednesday,9.92,9.95,9.88,9.88,9.88,2045000,20.25,0,0.0
HHV,2026-09-10,Thursday,9.88,9.89,9.81,9.82,9.82,1497600,14.74,0,0.0
HHV,2026-09-11,Friday,9.8,9.83,9.54,9.54,9.54,3953800,38.18,0,0.0
HHV,2026-09-14,Monday,9.54,9.6,9.26,9.3,9.3,3473600,32.66,0,0.0
HHV,2026-09-15,Tuesday,9.21,9.39,9.21,9.35,9.35,1591000,14.83,0,0.0
HHV,2026-09-16,Wednesday,9.31,9.49,9.3,9.35,9.35,1554100,14.57,0,0.0
HHV,2026-09-17,Thursday,9.25,9.5,9.25,9.4,9.4,2057600,19.4,404250,3.56
HHV,2026-09-18,Friday,9.51,9.53,9.39,9.41,9.41,2191400,20.65,0,0.0
HHV,2026-09-21,Monday,9.44,9.52,9.32,9.34,9.34,1285800,12.08,0,0.0
HHV,2026-09-22,Tuesday,9.38,9.4,9.31,9.33,9.33,1148800,10.74,0,0.0
HHV,2026-09-23,Wednesday,9.34,9.38,9.29,9.3,9.3,1884200,17.58,0,0.0
HHV,2026-09-24,Thursday,9.29,9.3,9.14,9.15,9.15,2526900,23.28,0,0.0
HHV,2026-09-25,Friday,9.15,9.2,9.11,9.11,9.11,1370000,12.54,0,0.0
HHV,2026-09-28,Monday,9.12,9.18,8.88,8.99,8.99,3287000,29.55,0,0.0
HHV,2026-09-29,Tuesday,8.96,9.16,8.96,9.07,9.07,2153000,19.56,0,0.0
HHV,2026-09-30,Wednesday,9.03,9.16,9.03,9.06,9.06,1028700,9.35,0,0.0
HHV,2026-10-01,Thursday,9.1,9.1,8.95,8.95,8.95,2048400,18.43,0,0.0
HHV,2026-10-02,Friday,8.95,8.97,8.83,8.83,8.83,2379300,21.19,0,0.0
HHV,2026-10-05,Monday,8.8,8.98,8.8,8.84,8.84,1782800,15.84,0,0.0
HHV,2026-10-06,Tuesday,8.85,9.1,8.84,8.98,8.98,2858300,25.64,0,0.0
HID,2026-09-09,Wednesday,4.0,4.0,3.66,3.8,3.8,1462900,5.62,0,0.0
HID,2026-09-10,Thursday,3.79,4.06,3.69,4.06,4.06,503500,1.97,0,0.0
HID,2026-09-11,Friday,4.25,4.34,4.12,4.33,4.33,2089500,9.01,0,0.0
HID,2026-09-14,Monday,4.12,4.63,4.12,4.63,4.63,1452400,6.68,0,0.0
HID,2026-09-15,Tuesday,4.8,4.95,4.7,4.95,4.95,589900,2.9,0,0.0
HID,2026-09-16,Wednesday,5.22,5.29,4.8,5.29,5.29,2888500,14.85,0,0.0
HID,2026-09-17,Thursday,5.3,5.66,5.29,5.66,5.66,1672900,9.42,0,0.0
HID,2026-09-18,Friday,5.74,6.04,5.65,5.65,5.65,1536600,9.06,0,0.0
HID,2026-09-21,Monday,5.57,6.0,5.54,5.73,5.73,1824400,10.47,0,0.0
HID,2026-09-22,Tuesday,5.92,6.0,5.33,5.33,5.33,1587500,8.78,0,0.0
HID,2026-09-23,Wednesday,5.1,5.3,4.96,4.96,4.96,2109800,10.59,0,0.0
HID,2026-09-24,Thursday,4.81,5.3,4.64,4.96,4.96,1017800,5.05,0,0.0
HID,2026-09-25,Friday,5.1,5.3,4.96,5.14,5.14,834000,4.32,0,0.0
HID,2026-09-28,Monday,5.0,5.12,4.79,4.85,4.85,906100,4.38,0,0.0
HID,2026-09-29,Tuesday,4.96,4.96,4.52,4.52,4.52,690200,3.17,0,0.0
HID,2026-09-30,Wednesday,4.43,4.66,4.21,4.21,4.21,1020300,4.42,0,0.0
HID,2026-10-01,Thursday,4.16,4.21,3.95,4.02,4.02,780200,3.15,0,0.0
HID,2026-10-02,Friday,4.12,4.28,4.12,4.2,4.2,415200,1.74,0,0.0
HID,2026-10-05,Monday,4.2,4.42,4.02,4.22,4.22,427600,1.82,0,0.0
HID,2026-10-06,Tuesday,4.31,4.31,3.96,4.14,4.14,405300,1.65,0,0.0
HII,2026-09-09,Wednesday,10.0,10.3,9.88,9.9,9.9,1605700,16.33,0,0.0
HII,2026-09-10,Thursday,9.9,10.55,9.75,10.55,10.55,838900,8.59,0,0.0
HII,2026-09-11,Friday,10.65,11.0,10.3,10.3,10.3,960400,10.19,0,0.0
HII,2026-09-14,Monday,10.25,11.0,10.15,10.95,10.95,1558900,16.98,0,0.0
HII,2026-09-15,Tuesday,11.5,11.5,10.7,10.95,10.95,808900,8.93,0,0.0
HII,2026-09-16,Wednesday,10.85,11.25,10.75,10.85,10.85,691900,7.56,0,0.0
HII,2026-09-17,Thursday,10.8,10.85,10.25,10.3,10.3,1044500,11.0,0,0.0
HII,2026-09-18,Friday,10.45,10.75,10.45,10.6,10.6,576900,6.1,0,0.0
HII,2026-09-21,Monday,10.6,11.3,10.6,11.3,11.3,525200,5.8,0,0.0
HII,2026-09-22,Tuesday,11.8,11.8,11.1,11.2,11.2,1096900,12.56,0,0.0
HII,2026-09-23,Wednesday,11.15,11.45,11.0,11.05,11.05,528600,5.92,0,0.0
HII,2026-09-24,Thursday,11.05,11.05,10.55,10.65,10.65,933000,9.95,0,0.0
HII,2026-09-25,Friday,10.6,10.75,10.4,10.55,10.55,702200,7.39,0,0.0
HII,2026-09-28,Monday,10.45,10.45,9.82,9.82,9.82,900100,9.0,0,0.0
HII,2026-09-29,Tuesday,9.6,9.82,9.45,9.81,9.81,703300,6.76,0,0.0
HII,2026-09-30,Wednesday,9.85,9.9,9.22,9.45,9.45,599400,5.77,0,0.0
HII,2026-10-01,Thursday,9.46,9.67,9.31,9.51,9.51,396600,3.75,0,0.0
HII,2026-10-02,Friday,9.54,9.64,8.85,8.85,8.85,854600,7.72,0,0.0
HII,2026-10-05,Monday,8.8,9.05,8.65,8.78,8.78,844500,7.42,0,0.0
HII,2026-10-06,Tuesday,8.78,8.99,8.46,8.69,8.69,423900,3.67,0,0.0
HMC,2026-09-09,Wednesday,10.8,10.85,10.6,10.8,10.8,7400,0.08,0,0.0
HMC,2026-09-10,Thursday,10.8,10.85,10.8,10.85,10.85,8600,0.09,0,0.0
HMC,2026-09-11,Friday,10.65,10.9,10.65,10.7,10.7,3100,0.03,0,0.0
HMC,2026-09-14,Monday,10.7,10.7,10.7,10.7,10.7,0,0.0,0,0.0
HMC,2026-09-15,Tuesday,10.75,10.75,10.75,10.75,10.75,300,0.0,0,0.0
HMC,2026-09-16,Wednesday,10.5,10.5,10.5,10.5,10.5,600,0.01,0,0.0
HMC,2026-09-17,Thursday,10.55,10.6,10.55,10.6,10.6,900,0.01,0,0.0
HMC,2026-09-18,Friday,10.6,10.65,10.5,10.65,10.65,7600,0.08,0,0.0
HMC,2026-09-21,Monday,10.8,10.8,10.5,10.7,10.7,26300,0.28,0,0.0
HMC,2026-09-22,Tuesday,10.75,10.75,10.6,10.6,10.6,1800,0.02,0,0.0
HMC,2026-09-23,Wednesday,10.6,10.7,10.6,10.6,10.6,3300,0.04,50000,0.56
HMC,2026-09-24,Thursday,10.6,10.75,10.55,10.7,10.7,18600,0.2,0,0.0
HMC,2026-09-25,Friday,10.7,10.7,10.7,10.7,10.7,0,0.0,0,0.0
HMC,2026-09-28,Monday,10.7,10.7,10.7,10.7,10.7,0,0.0,0,0.0
HMC,2026-09-29,Tuesday,10.55,10.7,10.35,10.7,10.7,7000,0.07,0,0.0
HMC,2026-09-30,Wednesday,10.75,10.8,10.5,10.8,10.8,25400,0.27,0,0.0
HMC,2026-10-01,Thursday,10.8,10.85,10.7,10.7,10.7,2200,0.02,0,0.0
HMC,2026-10-02,Friday,10.7,10.7,10.7,10.7,10.7,0,0.0,0,0.0
HMC,2026-10-05,Monday,10.6,10.8,10.4,10.8,10.8,12100,0.13,0,0.0
HMC,2026-10-06,Tuesday,10.5,10.8,10.5,10.8,10.8,11200,0.12,0,0.0
HNA,2026-09-09,Wednesday,21.4,21.4,21.4,21.4,21.4,100,0.0,0,0.0
HNA,2026-09-10,Thursday,21.4,21.4,21.4,21.4,21.4,200,0.0,0,0.0
HNA,2026-09-11,Friday,21.4,22.25,21.1,21.1,21.1,5100,0.11,0,0.0
HNA,2026-09-14,Monday,21.1,21.1,21.1,21.1,21.1,3000,0.06,0,0.0
HNA,2026-09-15,Tuesday,21.15,22.0,21.15,22.0,22.0,400,0.01,0,0.0
HNA,2026-09-16,Wednesday,22.0,22.0,22.0,22.0,22.0,0,0.0,0,0.0
HNA,2026-09-17,Thursday,22.0,22.0,22.0,22.0,22.0,0,0.0,0,0.0
HNA,2026-09-18,Friday,21.95,21.95,21.95,21.95,21.95,600,0.01,0,0.0
HNA,2026-09-21,Monday,21.95,21.95,21.95,21.95,21.95,0,0.0,0,0.0
HNA,2026-09-22,Tuesday,21.9,21.9,21.8,21.8,21.8,2000,0.04,0,0.0
HNA,2026-09-23,Wednesday,21.8,21.95,21.8,21.9,21.9,1200,0.03,0,0.0
HNA,2026-09-24,Thursday,21.9,21.9,21.9,21.9,21.9,0,0.0,0,0.0
HNA,2026-09-25,Friday,21.5,21.5,21.5,21.5,21.5,700,0.02,0,0.0
HNA,2026-09-28,Monday,21.3,21.4,21.2,21.3,21.3,6500,0.14,0,0.0
HNA,2026-09-29,Tuesday,21.05,21.5,21.05,21.45,21.45,700,0.01,0,0.0
HNA,2026-09-30,Wednesday,21.45,21.45,21.0,21.4,21.4,7500,0.16,0,0.0
HNA,2026-10-01,Thursday,21.4,21.4,21.0,21.0,21.0,3400,0.07,0,0.0
HNA,2026-10-02,Friday,21.0,21.0,21.0,21.0,21.0,700,0.01,0,0.0
HNA,2026-10-05,Monday,22.0,22.0,21.0,21.9,21.9,800,0.02,0,0.0
HNA,2026-10-06,Tuesday,21.85,21.85,21.0,21.5,21.5,1900,0.04,0,0.0
HPG,2026-09-09,Wednesday,21.9,22.2,21.85,22.05,22.05,22432800,494.43,1760000,38.28
HPG,2026-09-10,Thursday,22.0,22.05,21.8,21.85,21.85,13391400,293.81,0,0.0
HPG,2026-09-11,Friday,21.75,21.8,21.3,21.3,21.3,22031700,474.26,1420000,33.16
HPG,2026-09-14,Monday,21.3,21.4,20.85,20.9,20.9,24046000,506.83,880000,19.36
HPG,2026-09-15,Tuesday,21.0,21.2,21.0,21.2,21.2,11937200,251.83,1420000,31.24
HPG,2026-09-16,Wednesday,21.2,21.25,20.95,20.95,20.95,12277500,258.43,0,0.0
HPG,2026-09-17,Thursday,20.8,21.4,20.75,21.2,21.2,17574100,373.18,3692000,81.59
HPG,2026-09-18,Friday,21.45,21.55,21.3,21.55,21.55,31124900,669.01,100000,2.25
HPG,2026-09-21,Monday,21.55,21.6,21.1,21.1,21.1,15824000,335.76,3977000,90.48
HPG,2026-09-22,Tuesday,21.15,21.25,21.1,21.15,21.15,8104500,171.45,1420000,31.24
HPG,2026-09-23,Wednesday,21.15,21.2,21.05,21.05,21.05,10766000,227.49,13128000,283.07
HPG,2026-09-24,Thursday,21.05,21.1,20.8,20.8,20.8,15528500,324.26,0,0.0
HPG,2026-09-25,Friday,20.8,20.95,20.65,20.65,20.65,14623900,303.39,13387500,288.5
HPG,2026-09-28,Monday,20.75,20.8,20.15,20.2,20.2,24184800,492.56,9350000,200.56
HPG,2026-09-29,Tuesday,20.2,20.4,20.15,20.3,20.3,18773900,379.94,744000,15.01
HPG,2026-09-30,Wednesday,20.3,20.5,20.15,20.15,20.15,13350300,271.15,11950000,254.27
HPG,2026-10-01,Thursday,20.15,20.25,20.05,20.05,20.05,11097100,223.47,850000,17.54
HPG,2026-10-02,Friday,20.1,20.15,19.6,20.05,20.05,35378700,703.92,2200000,45.6
HPG,2026-10-05,Monday,20.4,20.8,20.35,20.5,20.5,31964600,658.54,818000,16.45
HPG,2026-10-06,Tuesday,20.5,20.5,20.15,20.5,20.5,17171100,348.53,0,0.0
HPX,2026-09-09,Wednesday,4.08,4.08,4.05,4.07,4.07,184600,0.75,6590300,26.82
HPX,2026-09-10,Thursday,4.05,4.1,4.03,4.06,4.06,157500,0.64,0,0.0
HPX,2026-09-11,Friday,4.09,4.09,3.99,3.99,3.99,549700,2.21,0,0.0
HPX,2026-09-14,Monday,3.97,4.0,3.93,3.99,3.99,493600,1.95,0,0.0
HPX,2026-09-15,Tuesday,3.99,4.01,3.96,4.01,4.01,606300,2.42,0,0.0
HPX,2026-09-16,Wednesday,3.99,4.0,3.94,3.94,3.94,320200,1.27,84000,0.34
HPX,2026-09-17,Thursday,3.92,4.21,3.92,4.2,4.2,1695000,6.89,0,0.0
HPX,2026-09-18,Friday,4.19,4.21,4.11,4.21,4.21,488800,2.03,0,0.0
HPX,2026-09-21,Monday,4.19,4.21,4.1,4.17,4.17,436800,1.82,0,0.0
HPX,2026-09-22,Tuesday,4.14,4.18,4.1,4.11,4.11,658100,2.72,0,0.0
HPX,2026-09-23,Wednesday,4.06,4.15,4.06,4.14,4.14,1759200,7.25,0,0.0
HPX,2026-09-24,Thursday,4.1,4.15,4.06,4.09,4.09,1285400,5.26,0,0.0
HPX,2026-09-25,Friday,4.06,4.1,4.02,4.07,4.07,1430700,5.81,0,0.0
HPX,2026-09-28,Monday,4.05,4.08,3.98,4.03,4.03,491700,1.98,0,0.0
HPX,2026-09-29,Tuesday,4.03,4.04,3.96,3.99,3.99,552200,2.21,0,0.0
HPX,2026-09-30,Wednesday,3.98,4.0,3.95,4.0,4.0,763900,3.04,1400000,5.6
HPX,2026-10-01,Thursday,3.96,4.01,3.92,4.0,4.0,668300,2.65,4282000,17.11
HPX,2026-10-02,Friday,3.99,4.03,3.96,4.01,4.01,1722000,6.89,978300,3.91
HPX,2026-10-05,Monday,3.99,4.03,3.96,4.01,4.01,1450700,5.81,0,0.0
HPX,2026-10-06,Tuesday,3.98,4.02,3.93,3.98,3.98,1920100,7.65,0,0.0
HQC,2026-09-09,Wednesday,2.05,2.05,1.99,2.01,2.01,6281900,12.62,0,0.0
HQC,2026-09-10,Thursday,2.0,2.02,1.98,2.01,2.01,2280100,4.56,0,0.0
HQC,2026-09-11,Friday,1.98,2.0,1.94,1.95,1.95,4329300,8.5,0,0.0
HQC,2026-09-14,Monday,1.95,1.96,1.91,1.91,1.91,3031800,5.86,0,0.0
HQC,2026-09-15,Tuesday,1.92,1.95,1.91,1.94,1.94,2087600,4.03,0,0.0
HQC,2026-09-16,Wednesday,1.94,1.94,1.9,1.9,1.9,1991200,3.81,0,0.0
HQC,2026-09-17,Thursday,1.81,1.94,1.81,1.91,1.91,3143100,5.87,0,0.0
HQC,2026-09-18,Friday,1.91,1.94,1.91,1.92,1.92,1481900,2.85,0,0.0
HQC,2026-09-21,Monday,1.93,1.94,1.9,1.91,1.91,2610800,5.01,0,0.0
HQC,2026-09-22,Tuesday,1.91,1.93,1.9,1.91,1.91,1518300,2.91,0,0.0
HQC,2026-09-23,Wednesday,1.91,1.92,1.9,1.91,1.91,1692100,3.23,0,0.0
HQC,2026-09-24,Thursday,1.91,1.91,1.89,1.91,1.91,1173100,2.23,0,0.0
HQC,2026-09-25,Friday,1.91,1.92,1.89,1.91,1.91,1073900,2.04,0,0.0
HQC,2026-09-28,Monday,1.9,1.91,1.85,1.86,1.86,2221400,4.15,0,0.0
HQC,2026-09-29,Tuesday,1.86,1.89,1.85,1.85,1.85,1997400,3.72,0,0.0
HQC,2026-09-30,Wednesday,1.85,1.87,1.84,1.85,1.85,1822100,3.38,0,0.0
HQC,2026-10-01,Thursday,1.85,1.87,1.85,1.86,1.86,1362500,2.54,0,0.0
HQC,2026-10-02,Friday,1.87,1.87,1.85,1.86,1.86,1928800,3.58,0,0.0
HQC,2026-10-05,Monday,1.86,1.99,1.86,1.93,1.93,3832500,7.31,97900,0.17
HQC,2026-10-06,Tuesday,1.95,1.95,1.86,1.92,1.92,2738800,5.21,0,0.0
HRC,2026-09-09,Wednesday,31.05,31.15,31.05,31.15,31.15,200,0.01,0,0.0
HRC,2026-09-10,Thursday,31.15,31.15,31.15,31.15,31.15,200,0.01,0,0.0
HRC,2026-09-11,Friday,31.15,31.15,31.15,31.15,31.15,100,0.0,0,0.0
HRC,2026-09-14,Monday,29.25,32.5,29.25,32.5,32.5,2600,0.08,0,0.0
HRC,2026-09-15,Tuesday,34.45,34.45,30.5,33.8,33.8,600,0.02,0,0.0
HRC,2026-09-16,Wednesday,33.7,33.7,31.45,33.3,33.3,2900,0.09,0,0.0
HRC,2026-09-17,Thursday,32.1,32.1,32.0,32.05,32.05,1000,0.03,0,0.0
HRC,2026-09-18,Friday,32.05,32.05,32.05,32.05,32.05,200,0.01,0,0.0
HRC,2026-09-21,Monday,30.3,31.6,30.3,30.55,30.55,800,0.02,0,0.0
HRC,2026-09-22,Tuesday,32.6,32.6,31.0,31.0,31.0,500,0.02,0,0.0
HRC,2026-09-23,Wednesday,31.0,32.95,31.0,31.05,31.05,300,0.01,0,0.0
HRC,2026-09-24,Thursday,31.05,32.25,31.0,31.05,31.05,700,0.02,0,0.0
HRC,2026-09-25,Friday,31.05,31.05,31.05,31.05,31.05,500,0.02,0,0.0
HRC,2026-09-28,Monday,28.95,32.65,28.9,32.65,32.65,1200,0.04,0,0.0
HRC,2026-09-29,Tuesday,30.6,32.45,30.6,32.45,32.45,200,0.01,0,0.0
HRC,2026-09-30,Wednesday,32.45,32.45,30.5,30.6,30.6,1600,0.05,0,0.0
HRC,2026-10-01,Thursday,30.6,31.9,29.1,31.9,31.9,1100,0.03,0,0.0
HRC,2026-10-02,Friday,31.9,31.9,31.9,31.9,31.9,100,0.0,0,0.0
HRC,2026-10-05,Monday,29.8,30.8,29.8,29.85,29.85,1500,0.04,0,0.0
HRC,2026-10-06,Tuesday,29.8,29.8,29.8,29.8,29.8,300,0.01,0,0.0
HSG,2026-09-09,Wednesday,10.55,10.65,10.55,10.6,10.6,1503000,15.93,0,0.0
HSG,2026-09-10,Thursday,10.55,10.6,10.5,10.5,10.5,2037000,21.47,0,0.0
HSG,2026-09-11,Friday,10.5,10.5,10.2,10.2,10.2,2755300,28.45,0,0.0
HSG,2026-09-14,Monday,10.25,10.3,10.0,10.1,10.1,2729800,27.62,0,0.0
HSG,2026-09-15,Tuesday,10.1,10.25,10.0,10.15,10.15,3480800,35.25,0,0.0
HSG,2026-09-16,Wednesday,10.15,10.15,10.05,10.05,10.05,1435500,14.48,0,0.0
HSG,2026-09-17,Thursday,10.0,10.3,10.0,10.1,10.1,2100400,21.29,0,0.0
HSG,2026-09-18,Friday,10.15,10.3,10.1,10.15,10.15,1785800,18.18,0,0.0
HSG,2026-09-21,Monday,10.25,10.25,10.1,10.1,10.1,1469100,14.93,0,0.0
HSG,2026-09-22,Tuesday,10.1,10.15,10.05,10.1,10.1,1355500,13.7,0,0.0
HSG,2026-09-23,Wednesday,10.15,10.15,10.0,10.1,10.1,1254600,12.63,0,0.0
HSG,2026-09-24,Thursday,10.1,10.1,9.99,10.0,10.0,2811000,28.17,0,0.0
HSG,2026-09-25,Friday,10.05,10.1,9.99,10.0,10.0,1712800,17.16,0,0.0
HSG,2026-09-28,Monday,10.0,10.05,9.9,9.91,9.91,2633100,26.2,0,0.0
HSG,2026-09-29,Tuesday,9.91,10.15,9.9,10.1,10.1,2113000,21.12,0,0.0
HSG,2026-09-30,Wednesday,10.0,10.1,9.99,10.0,10.0,1123200,11.27,90000,0.97
HSG,2026-10-01,Thursday,10.0,10.1,9.98,10.0,10.0,1716700,17.19,0,0.0
HSG,2026-10-02,Friday,10.0,10.0,9.78,9.98,9.98,2516100,25.06,90000,0.84
HSG,2026-10-05,Monday,10.0,10.35,10.0,10.0,10.0,2833900,28.82,0,0.0
HSG,2026-10-06,Tuesday,10.0,10.1,9.83,9.99,9.99,1898300,18.9,0,0.0
HSL,2026-09-09,Wednesday,10.35,10.35,9.95,9.95,9.95,305600,3.09,0,0.0
HSL,2026-09-10,Thursday,9.95,10.15,9.95,10.1,10.1,116300,1.16,0,0.0
HSL,2026-09-11,Friday,10.1,10.4,9.4,9.4,9.4,615000,6.03,0,0.0
HSL,2026-09-14,Monday,9.4,9.4,8.75,9.19,9.19,899300,7.96,0,0.0
HSL,2026-09-15,Tuesday,9.19,9.19,8.87,8.87,8.87,160900,1.45,340000,2.91
HSL,2026-09-16,Wednesday,8.9,8.95,8.49,8.8,8.8,229100,1.98,0,0.0
HSL,2026-09-17,Thursday,8.97,8.97,8.56,8.89,8.89,111300,0.98,0,0.0
HSL,2026-09-18,Friday,9.15,9.15,8.89,9.1,9.1,127700,1.15,839606,7.49
HSL,2026-09-21,Monday,9.1,9.4,8.8,8.8,8.8,168000,1.51,0,0.0
HSL,2026-09-22,Tuesday,9.39,9.39,8.88,9.1,9.1,79400,0.72,0,0.0
HSL,2026-09-23,Wednesday,9.0,9.17,8.88,8.91,8.91,116600,1.05,0,0.0
HSL,2026-09-24,Thursday,8.91,9.09,8.61,9.09,9.09,307900,2.74,0,0.0
HSL,2026-09-25,Friday,9.09,9.15,8.95,9.08,9.08,82200,0.74,0,0.0
HSL,2026-09-28,Monday,8.9,9.07,8.8,9.03,9.03,50500,0.45,0,0.0
HSL,2026-09-29,Tuesday,8.9,9.04,8.82,9.0,9.0,60700,0.54,0,0.0
HSL,2026-09-30,Wednesday,8.81,9.0,8.81,8.83,8.83,136700,1.21,0,0.0
HSL,2026-10-01,Thursday,8.83,9.44,8.6,9.44,9.44,3662200,33.99,0,0.0
HSL,2026-10-02,Friday,9.44,10.1,9.3,9.99,9.99,2807100,27.43,0,0.0
HSL,2026-10-05,Monday,10.0,10.0,9.3,9.3,9.3,2758500,26.02,100000,1.0
HSL,2026-10-06,Tuesday,9.0,9.3,8.65,8.65,8.65,2387200,20.72,0,0.0
HT1,2026-09-09,Wednesday,12.15,12.35,12.1,12.1,11.78,88900,1.08,0,0.0
HT1,2026-09-10,Thursday,12.1,12.2,11.9,12.05,11.73,403100,4.84,0,0.0
HT1,2026-09-11,Friday,12.1,12.2,12.0,12.1,11.78,382400,4.62,0,0.0
HT1,2026-09-14,Monday,12.1,12.2,11.95,12.0,11.68,264800,3.19,0,0.0
HT1,2026-09-15,Tuesday,12.0,12.15,11.95,12.0,11.68,201000,2.42,0,0.0
HT1,2026-09-16,Wednesday,11.9,12.1,11.75,11.8,11.8,237300,2.82,0,0.0
HT1,2026-09-17,Thursday,11.9,11.95,11.8,11.8,11.8,106600,1.27,198000,2.49
HT1,2026-09-18,Friday,11.95,11.95,11.8,11.8,11.8,118900,1.41,0,0.0
HT1,2026-09-21,Monday,11.65,11.9,11.65,11.8,11.8,140200,1.65,0,0.0
HT1,2026-09-22,Tuesday,11.85,12.45,11.8,12.4,12.4,546400,6.63,0,0.0
HT1,2026-09-23,Wednesday,12.55,12.65,12.25,12.55,12.55,296600,3.71,0,0.0
HT1,2026-09-24,Thursday,12.55,12.55,11.8,11.8,11.8,1240800,14.86,0,0.0
HT1,2026-09-25,Friday,11.95,11.95,11.8,11.9,11.9,165100,1.96,0,0.0
HT1,2026-09-28,Monday,11.95,12.15,11.75,11.85,11.85,191800,2.3,0,0.0
HT1,2026-09-29,Tuesday,11.8,11.95,11.75,11.85,11.85,87800,1.04,0,0.0
HT1,2026-09-30,Wednesday,11.85,11.95,11.8,11.85,11.85,125100,1.48,0,0.0
HT1,2026-10-01,Thursday,11.85,11.9,11.8,11.9,11.9,144300,1.71,0,0.0
HT1,2026-10-02,Friday,11.95,12.25,11.85,12.05,12.05,242200,2.92,0,0.0
HT1,2026-10-05,Monday,12.0,12.6,12.0,12.1,12.1,344400,4.23,0,0.0
HT1,2026-10-06,Tuesday,12.15,12.6,12.15,12.3,12.3,794800,9.81,0,0.0
HTG,2026-09-09,Wednesday,34.0,34.0,34.0,34.0,34.0,100,0.0,0,0.0
HTG,2026-09-10,Thursday,33.7,33.7,33.4,33.4,33.4,500,0.02,0,0.0
HTG,2026-09-11,Friday,33.5,33.5,33.5,33.5,33.5,5000,0.17,0,0.0
HTG,2026-09-14,Monday,33.55,33.55,33.3,33.3,33.3,5200,0.17,0,0.0
HTG,2026-09-15,Tuesday,33.7,33.9,33.5,33.5,33.5,4600,0.16,0,0.0
HTG,2026-09-16,Wednesday,33.3,34.0,33.25,34.0,34.0,8200,0.28,0,0.0
HTG,2026-09-17,Thursday,34.0,34.0,33.55,34.0,34.0,5200,0.17,0,0.0
HTG,2026-09-18,Friday,34.0,34.0,33.7,33.75,33.75,6600,0.22,0,0.0
HTG,2026-09-21,Monday,33.65,33.65,33.6,33.6,33.6,700,0.02,0,0.0
HTG,2026-09-22,Tuesday,33.5,33.6,33.5,33.6,33.6,3500,0.12,0,0.0
HTG,2026-09-23,Wednesday,33.5,33.8,33.4,33.4,33.4,2200,0.07,0,0.0
HTG,2026-09-24,Thursday,33.4,33.5,33.3,33.3,33.3,4300,0.14,0,0.0
HTG,2026-09-25,Friday,33.45,33.45,33.3,33.4,33.4,3900,0.13,0,0.0
HTG,2026-09-28,Monday,33.4,33.4,32.6,32.6,32.6,2600,0.09,0,0.0
HTG,2026-09-29,Tuesday,32.7,33.2,32.65,33.1,33.1,5200,0.17,0,0.0
HTG,2026-09-30,Wednesday,33.1,33.2,33.05,33.2,33.2,5000,0.17,0,0.0
HTG,2026-10-01,Thursday,33.3,33.3,32.85,33.2,33.2,1600,0.05,0,0.0
HTG,2026-10-02,Friday,33.2,33.2,33.2,33.2,33.2,600,0.02,0,0.0
HTG,2026-10-05,Monday,33.3,33.3,33.2,33.2,33.2,3400,0.11,0,0.0
HTG,2026-10-06,Tuesday,33.2,33.2,32.55,33.2,33.2,10100,0.33,0,0.0
HTI,2026-09-09,Wednesday,18.6,18.6,18.5,18.6,18.6,26200,0.49,0,0.0
HTI,2026-09-10,Thursday,18.6,18.6,18.5,18.6,18.6,8800,0.16,0,0.0
HTI,2026-09-11,Friday,18.5,18.65,18.35,18.65,18.65,7700,0.14,0,0.0
HTI,2026-09-14,Monday,18.5,18.65,18.4,18.4,18.4,27600,0.51,0,0.0
HTI,2026-09-15,Tuesday,18.5,18.55,18.45,18.55,18.55,13600,0.25,0,0.0
HTI,2026-09-16,Wednesday,18.85,18.85,18.55,18.6,18.6,6300,0.12,0,0.0
HTI,2026-09-17,Thursday,18.5,18.6,18.45,18.6,18.6,14000,0.26,0,0.0
HTI,2026-09-18,Friday,18.55,18.6,18.4,18.4,18.4,26200,0.48,0,0.0
HTI,2026-09-21,Monday,18.5,18.5,18.4,18.4,18.4,2100,0.04,0,0.0
HTI,2026-09-22,Tuesday,18.7,18.7,18.45,18.65,18.65,500,0.01,0,0.0
HTI,2026-09-23,Wednesday,18.75,18.8,18.6,18.6,18.6,5800,0.11,0,0.0
HTI,2026-09-24,Thursday,18.55,18.55,18.15,18.2,18.2,36400,0.67,0,0.0
HTI,2026-09-25,Friday,18.2,18.3,18.0,18.1,18.1,61300,1.11,0,0.0
HTI,2026-09-28,Monday,18.1,18.2,18.1,18.2,18.2,3700,0.07,0,0.0
HTI,2026-09-29,Tuesday,18.15,18.2,18.15,18.15,18.15,5200,0.09,0,0.0
HTI,2026-09-30,Wednesday,18.15,18.2,18.15,18.15,18.15,6000,0.11,0,0.0
HTI,2026-10-01,Thursday,18.15,18.2,18.1,18.15,18.15,12900,0.23,0,0.0
HTI,2026-10-02,Friday,18.1,18.2,18.1,18.15,18.15,2300,0.04,0,0.0
HTI,2026-10-05,Monday,18.4,18.4,18.15,18.15,18.15,11400,0.21,0,0.0
HTI,2026-10-06,Tuesday,18.2,18.2,18.05,18.1,18.1,11500,0.21,0,0.0
HTL,2026-09-09,Wednesday,21.4,21.4,21.4,21.4,19.51,0,0.0,0,0.0
HTL,2026-09-10,Thursday,21.4,21.4,21.4,21.4,19.51,500,0.01,0,0.0
HTL,2026-09-11,Friday,20.8,21.4,20.55,21.4,19.51,500,0.01,0,0.0
HTL,2026-09-14,Monday,21.95,22.8,21.4,22.3,20.34,2200,0.05,0,0.0
HTL,2026-09-15,Tuesday,22.65,22.65,22.0,22.3,20.34,2200,0.05,0,0.0
HTL,2026-09-16,Wednesday,22.3,22.3,22.2,22.2,20.24,1200,0.03,0,0.0
HTL,2026-09-17,Thursday,21.95,22.0,21.9,22.0,20.06,1600,0.04,0,0.0
HTL,2026-09-18,Friday,22.2,22.2,22.0,22.0,20.06,3900,0.09,0,0.0
HTL,2026-09-21,Monday,22.15,22.15,22.0,22.05,20.11,10800,0.24,0,0.0
HTL,2026-09-22,Tuesday,22.0,23.5,22.0,23.5,21.43,8100,0.18,0,0.0
HTL,2026-09-23,Wednesday,22.1,23.5,22.1,22.7,20.7,4300,0.1,0,0.0
HTL,2026-09-24,Thursday,20.0,20.5,19.3,19.3,19.3,5800,0.11,0,0.0
HTL,2026-09-25,Friday,20.0,20.0,20.0,20.0,20.0,100,0.0,0,0.0
HTL,2026-09-28,Monday,19.9,19.9,19.9,19.9,19.9,400,0.01,0,0.0
HTL,2026-09-29,Tuesday,20.0,20.0,19.8,19.8,19.8,900,0.02,0,0.0
HTL,2026-09-30,Wednesday,19.8,19.8,19.8,19.8,19.8,0,0.0,0,0.0
HTL,2026-10-01,Thursday,19.8,19.8,19.3,19.8,19.8,1200,0.02,0,0.0
HTL,2026-10-02,Friday,19.6,19.9,19.6,19.7,19.7,2900,0.06,0,0.0
HTL,2026-10-05,Monday,19.7,19.7,19.7,19.7,19.7,0,0.0,0,0.0
HTL,2026-10-06,Tuesday,20.0,20.0,19.85,19.85,19.85,1300,0.03,0,0.0
HTN,2026-09-09,Wednesday,9.71,9.92,9.7,9.7,6.47,1078200,10.58,0,0.0
HTN,2026-09-10,Thursday,6.87,6.87,6.44,6.65,6.65,377900,2.49,0,0.0
HTN,2026-09-11,Friday,6.65,6.65,6.6,6.65,6.65,712500,4.72,0,0.0
HTN,2026-09-14,Monday,6.65,6.65,6.5,6.64,6.64,413100,2.73,0,0.0
HTN,2026-09-15,Tuesday,6.75,6.75,6.6,6.62,6.62,188800,1.25,0,0.0
HTN,2026-09-16,Wednesday,6.7,6.7,6.6,6.6,6.6,233600,1.54,0,0.0
HTN,2026-09-17,Thursday,6.65,6.72,6.51,6.72,6.72,644700,4.31,0,0.0
HTN,2026-09-18,Friday,6.72,6.81,6.72,6.81,6.81,181800,1.23,0,0.0
HTN,2026-09-21,Monday,6.9,6.94,6.8,6.85,6.85,146300,1.0,0,0.0
HTN,2026-09-22,Tuesday,6.9,6.95,6.7,6.75,6.75,189100,1.29,0,0.0
HTN,2026-09-23,Wednesday,6.7,6.85,6.62,6.7,6.7,66700,0.45,500000,3.61
HTN,2026-09-24,Thursday,6.6,6.69,6.47,6.58,6.58,160600,1.06,0,0.0
HTN,2026-09-25,Friday,6.57,7.04,6.48,7.04,7.04,683000,4.74,0,0.0
HTN,2026-09-28,Monday,7.43,7.43,7.1,7.3,7.3,320900,2.32,0,0.0
HTN,2026-09-29,Tuesday,7.2,7.31,7.16,7.26,7.26,267400,1.94,0,0.0
HTN,2026-09-30,Wednesday,7.0,7.39,7.0,7.38,7.38,332400,2.44,0,0.0
HTN,2026-10-01,Thursday,7.44,7.56,7.38,7.51,7.51,439800,3.3,0,0.0
HTN,2026-10-02,Friday,7.51,7.52,7.22,7.33,7.33,223600,1.66,0,0.0
HTN,2026-10-05,Monday,7.33,7.53,7.3,7.5,7.5,499600,3.72,0,0.0
HTN,2026-10-06,Tuesday,7.5,7.55,7.35,7.49,7.49,395700,2.95,0,0.0
HTV,2026-09-09,Wednesday,11.45,12.0,11.45,12.0,12.0,1100,0.01,0,0.0
HTV,2026-09-10,Thursday,11.55,12.7,11.5,12.7,12.7,3200,0.04,0,0.0
HTV,2026-09-11,Friday,12.55,12.55,12.55,12.55,12.55,500,0.01,0,0.0
HTV,2026-09-14,Monday,12.55,12.55,12.55,12.55,12.55,0,0.0,0,0.0
HTV,2026-09-15,Tuesday,12.55,12.55,12.55,12.55,12.55,0,0.0,0,0.0
HTV,2026-09-16,Wednesday,12.55,12.55,12.55,12.55,12.55,0,0.0,0,0.0
HTV,2026-09-17,Thursday,12.55,12.55,12.55,12.55,12.55,0,0.0,0,0.0
HTV,2026-09-18,Friday,12.55,12.55,12.55,12.55,12.55,0,0.0,0,0.0
HTV,2026-09-21,Monday,12.55,12.55,12.55,12.55,12.55,0,0.0,0,0.0
HTV,2026-09-22,Tuesday,12.55,12.55,12.55,12.55,12.55,0,0.0,0,0.0
HTV,2026-09-23,Wednesday,12.55,12.55,12.55,12.55,12.55,0,0.0,0,0.0
HTV,2026-09-24,Thursday,12.55,12.55,12.55,12.55,12.55,0,0.0,0,0.0
HTV,2026-09-25,Friday,12.55,12.55,12.55,12.55,12.55,0,0.0,0,0.0
HTV,2026-09-28,Monday,12.5,12.5,11.9,11.9,11.9,500,0.01,0,0.0
HTV,2026-09-29,Tuesday,11.2,11.85,11.1,11.7,11.7,4500,0.05,0,0.0
HTV,2026-09-30,Wednesday,11.8,11.8,11.1,11.65,11.65,1400,0.02,0,0.0
HTV,2026-10-01,Thursday,11.45,11.45,11.0,11.4,11.4,3600,0.04,0,0.0
HTV,2026-10-02,Friday,11.4,12.0,11.0,12.0,12.0,3300,0.04,0,0.0
HTV,2026-10-05,Monday,12.0,12.0,12.0,12.0,12.0,0,0.0,0,0.0
HTV,2026-10-06,Tuesday,11.5,11.85,11.2,11.85,11.85,4700,0.05,0,0.0
HU1,2026-09-09,Wednesday,5.0,5.0,5.0,5.0,5.0,0,0.0,0,0.0
HU1,2026-09-10,Thursday,5.0,5.35,5.0,5.35,5.35,1600,0.01,0,0.0
HU1,2026-09-11,Friday,5.7,5.7,5.7,5.7,5.7,100,0.0,0,0.0
HU1,2026-09-14,Monday,6.05,6.05,6.05,6.05,6.05,100,0.0,0,0.0
HU1,2026-09-15,Tuesday,6.05,6.05,6.05,6.05,6.05,0,0.0,0,0.0
HU1,2026-09-16,Wednesday,5.63,5.63,5.63,5.63,5.63,1500,0.01,0,0.0
HU1,2026-09-17,Thursday,5.24,5.25,5.24,5.25,5.25,200,0.0,0,0.0
HU1,2026-09-18,Friday,5.25,5.59,4.91,5.59,5.59,300,0.0,0,0.0
HU1,2026-09-21,Monday,5.2,5.2,5.2,5.2,5.2,200,0.0,0,0.0
HU1,2026-09-22,Tuesday,4.86,4.9,4.84,4.86,4.86,1500,0.01,0,0.0
HU1,2026-09-23,Wednesday,4.86,4.86,4.86,4.86,4.86,0,0.0,0,0.0
HU1,2026-09-24,Thursday,4.86,4.86,4.86,4.86,4.86,0,0.0,0,0.0
HU1,2026-09-25,Friday,5.2,5.2,4.56,4.56,4.56,200,0.0,0,0.0
HU1,2026-09-28,Monday,4.27,4.28,4.27,4.28,4.28,600,0.0,0,0.0
HU1,2026-09-29,Tuesday,4.5,4.5,4.5,4.5,4.5,200,0.0,0,0.0
HU1,2026-09-30,Wednesday,4.21,4.21,4.21,4.21,4.21,800,0.0,0,0.0
HU1,2026-10-01,Thursday,4.5,4.5,4.5,4.5,4.5,100,0.0,0,0.0
HU1,2026-10-02,Friday,4.5,4.5,4.5,4.5,4.5,0,0.0,0,0.0
HU1,2026-10-05,Monday,4.22,4.81,4.2,4.2,4.2,2000,0.01,0,0.0
HU1,2026-10-06,Tuesday,4.2,4.2,4.2,4.2,4.2,0,0.0,0,0.0
HUB,2026-09-09,Wednesday,11.55,11.65,11.35,11.55,11.55,17400,0.2,0,0.0
HUB,2026-09-10,Thursday,11.5,11.55,11.35,11.55,11.55,4700,0.05,0,0.0
HUB,2026-09-11,Friday,11.35,11.5,11.3,11.35,11.35,9500,0.11,0,0.0
HUB,2026-09-14,Monday,11.35,11.35,11.2,11.2,11.2,11400,0.13,0,0.0
HUB,2026-09-15,Tuesday,11.15,11.2,11.1,11.2,11.2,10600,0.12,0,0.0
HUB,2026-09-16,Wednesday,11.2,11.2,11.2,11.2,11.2,300,0.0,0,0.0
HUB,2026-09-17,Thursday,11.3,11.3,11.1,11.1,11.1,9400,0.1,0,0.0
HUB,2026-09-18,Friday,11.1,11.2,11.1,11.2,11.2,4400,0.05,0,0.0
HUB,2026-09-21,Monday,11.2,11.2,11.1,11.1,11.1,3600,0.04,0,0.0
HUB,2026-09-22,Tuesday,11.1,11.1,10.95,11.1,11.1,12400,0.14,0,0.0
HUB,2026-09-23,Wednesday,11.0,11.15,11.0,11.1,11.1,8300,0.09,0,0.0
HUB,2026-09-24,Thursday,11.2,11.2,11.0,11.1,11.1,3300,0.04,0,0.0
HUB,2026-09-25,Friday,11.1,11.1,11.05,11.05,11.05,7900,0.09,0,0.0
HUB,2026-09-28,Monday,11.15,11.25,11.05,11.05,11.05,6000,0.07,0,0.0
HUB,2026-09-29,Tuesday,11.05,11.15,10.95,11.15,11.15,5500,0.06,0,0.0
HUB,2026-09-30,Wednesday,11.0,11.0,10.95,10.95,10.95,12700,0.14,0,0.0
HUB,2026-10-01,Thursday,11.0,11.0,10.85,10.85,10.85,14100,0.15,0,0.0
HUB,2026-10-02,Friday,10.8,10.8,10.65,10.65,10.65,31200,0.33,0,0.0
HUB,2026-10-05,Monday,10.6,10.8,10.5,10.8,10.8,21300,0.23,30000,0.32
HUB,2026-10-06,Tuesday,10.6,10.6,10.55,10.6,10.6,13200,0.14,0,0.0
HVH,2026-09-09,Wednesday,11.1,11.25,11.0,11.15,11.15,342900,3.82,0,0.0
HVH,2026-09-10,Thursday,11.15,11.15,10.9,11.05,11.05,250800,2.76,0,0.0
HVH,2026-09-11,Friday,11.0,11.0,10.8,10.95,10.95,137500,1.5,0,0.0
HVH,2026-09-14,Monday,10.85,11.05,10.55,10.8,10.8,254500,2.74,0,0.0
HVH,2026-09-15,Tuesday,10.75,10.8,10.45,10.8,10.8,293400,3.11,0,0.0
HVH,2026-09-16,Wednesday,10.75,10.75,10.55,10.6,10.6,143700,1.53,0,0.0
HVH,2026-09-17,Thursday,10.45,10.7,10.4,10.45,10.45,253000,2.67,0,0.0
HVH,2026-09-18,Friday,10.45,10.8,10.45,10.65,10.65,201000,2.14,0,0.0
HVH,2026-09-21,Monday,10.65,10.65,10.45,10.55,10.55,141400,1.49,0,0.0
HVH,2026-09-22,Tuesday,10.5,10.65,10.5,10.65,10.65,150500,1.59,0,0.0
HVH,2026-09-23,Wednesday,10.7,10.8,10.55,10.75,10.75,213300,2.27,0,0.0
HVH,2026-09-24,Thursday,10.7,10.7,10.5,10.6,10.6,108000,1.14,0,0.0
HVH,2026-09-25,Friday,10.55,10.7,10.5,10.7,10.7,136200,1.44,0,0.0
HVH,2026-09-28,Monday,10.7,10.75,10.4,10.45,10.45,130000,1.37,0,0.0
HVH,2026-09-29,Tuesday,10.45,10.5,10.2,10.25,10.25,139200,1.43,0,0.0
HVH,2026-09-30,Wednesday,10.25,10.35,10.2,10.25,10.25,308000,3.16,0,0.0
HVH,2026-10-01,Thursday,10.25,10.3,10.2,10.3,10.3,232300,2.38,0,0.0
HVH,2026-10-02,Friday,10.3,10.35,10.15,10.35,10.35,241300,2.48,0,0.0
HVH,2026-10-05,Monday,10.25,10.45,10.2,10.4,10.4,342700,3.54,0,0.0
HVH,2026-10-06,Tuesday,10.4,10.5,10.3,10.4,10.4,220900,2.29,0,0.0
HVN,2026-09-09,Wednesday,22.2,22.45,21.85,21.9,21.9,1370400,30.21,0,0.0
HVN,2026-09-10,Thursday,21.9,22.15,21.4,21.45,21.45,1369100,29.55,0,0.0
HVN,2026-09-11,Friday,21.4,21.7,21.2,21.2,21.2,886300,18.88,0,0.0
HVN,2026-09-14,Monday,21.45,21.45,20.55,20.6,20.6,1047800,21.77,0,0.0
HVN,2026-09-15,Tuesday,20.85,20.85,20.3,20.55,20.55,1266600,26.0,0,0.0
HVN,2026-09-16,Wednesday,20.65,20.65,20.0,20.0,20.0,1430800,28.77,0,0.0
HVN,2026-09-17,Thursday,20.5,20.75,20.15,20.2,20.2,1368800,27.84,0,0.0
HVN,2026-09-18,Friday,20.3,21.25,20.3,20.9,20.9,775000,16.07,0,0.0
HVN,2026-09-21,Monday,21.2,21.3,20.9,21.0,21.0,515600,10.85,0,0.0
HVN,2026-09-22,Tuesday,21.15,21.15,20.65,20.9,20.9,469400,9.81,0,0.0
HVN,2026-09-23,Wednesday,21.1,21.1,20.8,20.85,20.85,326000,6.82,0,0.0
HVN,2026-09-24,Thursday,20.5,20.8,20.35,20.4,20.4,575400,11.78,0,0.0
HVN,2026-09-25,Friday,20.3,20.55,20.25,20.3,20.3,307000,6.25,0,0.0
HVN,2026-09-28,Monday,20.3,20.65,20.3,20.5,20.5,941900,19.25,0,0.0
HVN,2026-09-29,Tuesday,21.0,21.4,20.6,21.1,21.1,905700,19.1,0,0.0
HVN,2026-09-30,Wednesday,21.05,21.1,20.5,20.55,20.55,405100,8.43,0,0.0
HVN,2026-10-01,Thursday,20.55,20.9,20.55,20.75,20.75,511300,10.62,0,0.0
HVN,2026-10-02,Friday,20.85,20.85,20.3,20.55,20.55,560700,11.5,0,0.0
HVN,2026-10-05,Monday,20.55,20.6,20.35,20.35,20.35,352900,7.2,0,0.0
HVN,2026-10-06,Tuesday,20.4,20.5,20.0,20.15,20.15,605200,12.18,0,0.0
ICT,2026-09-09,Wednesday,17.0,17.0,17.0,17.0,17.0,500,0.01,0,0.0
ICT,2026-09-10,Thursday,17.0,17.0,17.0,17.0,17.0,61500,1.05,0,0.0
ICT,2026-09-11,Friday,17.0,17.05,17.0,17.0,17.0,1900,0.03,0,0.0
ICT,2026-09-14,Monday,17.0,17.0,17.0,17.0,17.0,7900,0.13,0,0.0
ICT,2026-09-15,Tuesday,17.0,17.0,17.0,17.0,17.0,3700,0.06,0,0.0
ICT,2026-09-16,Wednesday,17.0,17.0,17.0,17.0,17.0,0,0.0,0,0.0
ICT,2026-09-17,Thursday,17.0,17.0,17.0,17.0,17.0,2000,0.03,0,0.0
ICT,2026-09-18,Friday,17.0,17.0,17.0,17.0,17.0,1500,0.03,0,0.0
ICT,2026-09-21,Monday,17.0,17.0,17.0,17.0,17.0,2300,0.04,0,0.0
ICT,2026-09-22,Tuesday,17.05,17.2,17.05,17.2,17.2,10700,0.18,0,0.0
ICT,2026-09-23,Wednesday,17.2,17.2,17.2,17.2,17.2,700,0.01,0,0.0
ICT,2026-09-24,Thursday,17.0,17.0,17.0,17.0,17.0,100,0.0,0,0.0
ICT,2026-09-25,Friday,17.2,17.2,17.2,17.2,17.2,800,0.01,0,0.0
ICT,2026-09-28,Monday,17.2,17.2,17.2,17.2,17.2,13000,0.22,0,0.0
ICT,2026-09-29,Tuesday,17.2,17.2,17.2,17.2,17.2,9200,0.16,0,0.0
ICT,2026-09-30,Wednesday,17.2,17.2,17.2,17.2,17.2,5200,0.09,0,0.0
ICT,2026-10-01,Thursday,17.2,17.2,17.2,17.2,17.2,1700,0.03,0,0.0
ICT,2026-10-02,Friday,17.2,17.2,17.2,17.2,17.2,0,0.0,0,0.0
ICT,2026-10-05,Monday,17.2,17.2,17.2,17.2,17.2,10700,0.18,0,0.0
ICT,2026-10-06,Tuesday,17.2,17.2,17.2,17.2,17.2,5000,0.09,0,0.0
IDI,2026-09-09,Wednesday,4.79,4.88,4.79,4.85,4.85,90400,0.44,0,0.0
IDI,2026-09-10,Thursday,4.85,4.85,4.79,4.84,4.84,102900,0.5,0,0.0
IDI,2026-09-11,Friday,4.8,4.83,4.76,4.76,4.76,97100,0.46,0,0.0
IDI,2026-09-14,Monday,4.7,4.8,4.65,4.7,4.7,94600,0.45,0,0.0
IDI,2026-09-15,Tuesday,4.7,4.8,4.67,4.72,4.72,47900,0.23,0,0.0
IDI,2026-09-16,Wednesday,4.69,4.81,4.69,4.74,4.74,130700,0.62,0,0.0
IDI,2026-09-17,Thursday,4.7,4.78,4.7,4.74,4.74,77000,0.37,0,0.0
IDI,2026-09-18,Friday,4.74,4.79,4.73,4.75,4.75,109300,0.52,0,0.0
IDI,2026-09-21,Monday,4.75,4.83,4.71,4.76,4.76,96000,0.46,0,0.0
IDI,2026-09-22,Tuesday,4.82,4.82,4.75,4.75,4.75,48200,0.23,0,0.0
IDI,2026-09-23,Wednesday,4.75,4.81,4.72,4.72,4.72,96300,0.46,0,0.0
IDI,2026-09-24,Thursday,4.72,4.72,4.65,4.69,4.69,197700,0.92,0,0.0
IDI,2026-09-25,Friday,4.67,4.7,4.6,4.62,4.62,140500,0.65,0,0.0
IDI,2026-09-28,Monday,4.66,4.66,4.46,4.52,4.52,163500,0.74,0,0.0
IDI,2026-09-29,Tuesday,4.52,4.58,4.51,4.52,4.52,81100,0.37,0,0.0
IDI,2026-09-30,Wednesday,4.52,4.57,4.51,4.52,4.52,83600,0.38,0,0.0
IDI,2026-10-01,Thursday,4.52,4.52,4.47,4.5,4.5,84500,0.38,0,0.0
IDI,2026-10-02,Friday,4.46,4.7,4.46,4.6,4.6,287500,1.33,0,0.0
IDI,2026-10-05,Monday,4.6,4.68,4.51,4.55,4.55,226000,1.03,0,0.0
IDI,2026-10-06,Tuesday,4.61,4.69,4.39,4.55,4.55,337200,1.51,0,0.0
IJC,2026-09-09,Wednesday,7.14,7.14,7.07,7.13,7.13,600800,4.26,50000,0.33
IJC,2026-09-10,Thursday,7.1,7.13,7.05,7.07,7.07,926800,6.55,0,0.0
IJC,2026-09-11,Friday,7.08,7.09,6.77,6.77,6.77,2287200,15.76,0,0.0
IJC,2026-09-14,Monday,6.8,6.89,6.77,6.81,6.81,2160400,14.75,350000,2.24
IJC,2026-09-15,Tuesday,6.85,6.94,6.82,6.9,6.9,649200,4.48,512000,3.53
IJC,2026-09-16,Wednesday,6.9,6.95,6.85,6.88,6.88,717900,4.95,0,0.0
IJC,2026-09-17,Thursday,6.83,6.98,6.83,6.91,6.91,1569400,10.87,50000,0.32
IJC,2026-09-18,Friday,6.93,6.98,6.86,6.92,6.92,928800,6.44,0,0.0
IJC,2026-09-21,Monday,6.9,6.97,6.8,6.85,6.85,788600,5.43,0,0.0
IJC,2026-09-22,Tuesday,6.85,6.88,6.8,6.84,6.84,598200,4.09,190000,1.39
IJC,2026-09-23,Wednesday,6.86,6.93,6.84,6.85,6.85,706800,4.86,912000,6.24
IJC,2026-09-24,Thursday,6.81,6.9,6.79,6.81,6.81,702500,4.8,45000,0.29
IJC,2026-09-25,Friday,6.78,6.83,6.72,6.72,6.72,735400,4.98,0,0.0
IJC,2026-09-28,Monday,6.77,6.77,6.56,6.57,6.57,1437300,9.56,0,0.0
IJC,2026-09-29,Tuesday,6.5,6.72,6.5,6.69,6.69,1196700,7.95,290000,1.78
IJC,2026-09-30,Wednesday,6.69,6.79,6.69,6.71,6.71,724200,4.89,0,0.0
IJC,2026-10-01,Thursday,6.71,6.76,6.65,6.66,6.66,495900,3.32,0,0.0
IJC,2026-10-02,Friday,6.66,6.66,6.56,6.56,6.56,806700,5.32,0,0.0
IJC,2026-10-05,Monday,6.57,6.6,6.41,6.41,6.41,779000,5.07,0,0.0
IJC,2026-10-06,Tuesday,6.31,6.46,6.18,6.44,6.44,2362000,14.92,0,0.0
ILB,2026-09-09,Wednesday,18.85,18.9,18.85,18.9,18.9,6000,0.11,0,0.0
ILB,2026-09-10,Thursday,18.9,19.0,18.9,19.0,19.0,3500,0.07,0,0.0
ILB,2026-09-11,Friday,19.0,19.0,18.9,18.9,18.9,14700,0.28,0,0.0
ILB,2026-09-14,Monday,18.9,18.95,18.85,18.9,18.9,2600,0.05,0,0.0
ILB,2026-09-15,Tuesday,19.0,19.1,18.8,19.0,19.0,9200,0.17,0,0.0
ILB,2026-09-16,Wednesday,19.0,19.0,19.0,19.0,19.0,5300,0.1,0,0.0
ILB,2026-09-17,Thursday,18.9,19.0,18.9,18.9,18.9,5600,0.11,0,0.0
ILB,2026-09-18,Friday,18.9,19.1,18.9,18.95,18.95,21100,0.4,0,0.0
ILB,2026-09-21,Monday,19.0,19.0,18.8,18.85,18.85,6600,0.12,0,0.0
ILB,2026-09-22,Tuesday,18.9,19.0,18.9,19.0,19.0,24400,0.46,0,0.0
ILB,2026-09-23,Wednesday,19.0,19.0,18.75,18.75,18.75,12400,0.23,0,0.0
ILB,2026-09-24,Thursday,18.85,19.0,18.8,18.8,18.8,2800,0.05,0,0.0
ILB,2026-09-25,Friday,18.85,19.0,18.8,19.0,19.0,14800,0.28,0,0.0
ILB,2026-09-28,Monday,19.0,19.05,18.95,18.95,18.95,4800,0.09,0,0.0
ILB,2026-09-29,Tuesday,18.95,18.95,18.8,18.9,18.9,4300,0.08,0,0.0
ILB,2026-09-30,Wednesday,18.9,19.0,18.9,18.9,18.9,75200,1.42,0,0.0
ILB,2026-10-01,Thursday,18.9,18.9,18.9,18.9,18.9,4000,0.08,0,0.0
ILB,2026-10-02,Friday,18.9,18.95,18.9,18.9,18.9,3500,0.07,0,0.0
ILB,2026-10-05,Monday,18.8,19.0,18.3,19.0,19.0,6100,0.11,0,0.0
ILB,2026-10-06,Tuesday,19.1,19.1,18.75,18.75,18.75,14600,0.28,0,0.0
IMP,2026-09-09,Wednesday,39.4,39.4,37.9,38.8,38.8,4300,0.16,0,0.0
IMP,2026-09-10,Thursday,38.2,38.8,38.1,38.1,38.1,3000,0.12,0,0.0
IMP,2026-09-11,Friday,37.8,37.8,36.1,36.1,36.1,16800,0.62,0,0.0
IMP,2026-09-14,Monday,36.5,36.55,36.1,36.2,36.2,5200,0.19,0,0.0
IMP,2026-09-15,Tuesday,38.2,38.2,36.25,37.9,37.9,600,0.02,0,0.0
IMP,2026-09-16,Wednesday,36.6,37.25,36.6,36.6,36.6,4900,0.18,0,0.0
IMP,2026-09-17,Thursday,37.2,37.2,36.6,36.9,36.9,7900,0.29,0,0.0
IMP,2026-09-18,Friday,37.0,39.4,37.0,38.05,38.05,17600,0.69,0,0.0
IMP,2026-09-21,Monday,37.6,39.1,37.6,37.7,37.7,3500,0.13,0,0.0
IMP,2026-09-22,Tuesday,37.7,37.7,37.3,37.6,37.6,1200,0.04,0,0.0
IMP,2026-09-23,Wednesday,37.6,37.6,37.0,37.0,37.0,6200,0.23,0,0.0
IMP,2026-09-24,Thursday,36.9,37.0,36.85,36.9,36.9,2900,0.11,0,0.0
IMP,2026-09-25,Friday,36.9,36.9,36.7,36.9,36.9,1600,0.06,0,0.0
IMP,2026-09-28,Monday,36.9,36.9,34.55,36.8,36.8,21500,0.78,0,0.0
IMP,2026-09-29,Tuesday,36.8,36.8,36.75,36.8,36.8,900,0.03,0,0.0
IMP,2026-09-30,Wednesday,36.75,36.8,36.2,36.2,36.2,3600,0.13,0,0.0
IMP,2026-10-01,Thursday,36.2,36.8,36.1,36.5,36.5,900,0.03,0,0.0
IMP,2026-10-02,Friday,36.5,36.8,36.5,36.6,36.6,1600,0.06,0,0.0
IMP,2026-10-05,Monday,36.8,36.8,36.6,36.8,36.8,3700,0.14,0,0.0
IMP,2026-10-06,Tuesday,36.6,36.6,36.2,36.5,36.5,2200,0.08,0,0.0
ITC,2026-09-09,Wednesday,9.12,9.16,8.8,9.1,9.1,63100,0.57,108800,1.0
ITC,2026-09-10,Thursday,9.1,9.1,8.9,9.05,9.05,53300,0.48,0,0.0
ITC,2026-09-11,Friday,9.05,9.05,8.86,8.87,8.87,54100,0.48,0,0.0
ITC,2026-09-14,Monday,8.87,8.87,8.65,8.65,8.65,46400,0.41,0,0.0
ITC,2026-09-15,Tuesday,8.9,8.9,8.58,8.75,8.75,24600,0.21,0,0.0
ITC,2026-09-16,Wednesday,8.7,8.75,8.6,8.7,8.7,53600,0.46,0,0.0
ITC,2026-09-17,Thursday,8.61,8.85,8.6,8.83,8.83,30700,0.27,0,0.0
ITC,2026-09-18,Friday,8.98,8.98,8.8,8.97,8.97,13700,0.12,0,0.0
ITC,2026-09-21,Monday,8.99,8.99,8.82,8.82,8.82,11600,0.1,0,0.0
ITC,2026-09-22,Tuesday,8.82,8.99,8.82,8.94,8.94,11600,0.1,0,0.0
ITC,2026-09-23,Wednesday,8.94,8.94,8.85,8.85,8.85,17100,0.15,0,0.0
ITC,2026-09-24,Thursday,8.83,8.99,8.8,8.8,8.8,31100,0.27,0,0.0
ITC,2026-09-25,Friday,8.7,8.89,8.7,8.84,8.84,31400,0.28,0,0.0
ITC,2026-09-28,Monday,8.84,8.84,8.72,8.79,8.79,32800,0.29,0,0.0
ITC,2026-09-29,Tuesday,8.8,8.8,8.73,8.79,8.79,33000,0.29,0,0.0
ITC,2026-09-30,Wednesday,8.75,8.89,8.72,8.79,8.79,47200,0.41,0,0.0
ITC,2026-10-01,Thursday,9.33,9.33,8.73,8.79,8.79,5300,0.05,0,0.0
ITC,2026-10-02,Friday,8.75,8.9,8.7,8.9,8.9,37400,0.33,0,0.0
ITC,2026-10-05,Monday,8.97,9.0,8.81,8.88,8.88,17300,0.15,0,0.0
ITC,2026-10-06,Tuesday,8.85,8.85,8.61,8.7,8.7,51400,0.45,0,0.0
ITD,2026-09-09,Wednesday,11.55,11.75,11.35,11.75,11.75,14400,0.16,0,0.0
ITD,2026-09-10,Thursday,11.8,11.8,11.8,11.8,11.8,600,0.01,0,0.0
ITD,2026-09-11,Friday,11.3,11.3,11.3,11.3,11.3,700,0.01,0,0.0
ITD,2026-09-14,Monday,11.55,11.55,11.55,11.55,11.55,100,0.0,0,0.0
ITD,2026-09-15,Tuesday,11.5,11.5,11.15,11.15,11.15,1300,0.01,0,0.0
ITD,2026-09-16,Wednesday,11.4,11.4,11.0,11.4,11.4,3100,0.03,0,0.0
ITD,2026-09-17,Thursday,11.3,11.3,11.3,11.3,11.3,1600,0.02,0,0.0
ITD,2026-09-18,Friday,11.3,11.3,11.2,11.3,11.3,1300,0.01,0,0.0
ITD,2026-09-21,Monday,11.3,11.3,11.0,11.3,11.3,5800,0.07,0,0.0
ITD,2026-09-22,Tuesday,11.0,11.1,10.6,11.1,11.1,8000,0.09,0,0.0
ITD,2026-09-23,Wednesday,11.0,11.0,10.5,11.0,11.0,16300,0.18,0,0.0
ITD,2026-09-24,Thursday,10.5,10.8,10.5,10.8,10.8,800,0.01,0,0.0
ITD,2026-09-25,Friday,10.35,10.95,10.3,10.95,10.95,4400,0.05,0,0.0
ITD,2026-09-28,Monday,10.85,10.95,10.8,10.95,10.95,4500,0.05,0,0.0
ITD,2026-09-29,Tuesday,10.8,10.9,10.35,10.9,10.9,1000,0.01,0,0.0
ITD,2026-09-30,Wednesday,10.85,10.95,10.85,10.9,10.9,26200,0.29,0,0.0
ITD,2026-10-01,Thursday,10.85,10.85,10.75,10.75,10.75,1000,0.01,0,0.0
ITD,2026-10-02,Friday,10.75,10.75,10.75,10.75,10.75,400,0.0,0,0.0
ITD,2026-10-05,Monday,10.5,10.5,10.35,10.35,10.35,5200,0.05,0,0.0
ITD,2026-10-06,Tuesday,10.5,10.5,10.5,10.5,10.5,200,0.0,0,0.0
JVC,2026-09-09,Wednesday,2.92,2.93,2.89,2.91,2.91,86400,0.25,0,0.0
JVC,2026-09-10,Thursday,2.91,2.91,2.85,2.9,2.9,144900,0.42,0,0.0
JVC,2026-09-11,Friday,3.0,3.0,2.85,2.9,2.9,128800,0.37,0,0.0
JVC,2026-09-14,Monday,2.86,2.9,2.85,2.85,2.85,55600,0.16,0,0.0
JVC,2026-09-15,Tuesday,2.8,2.88,2.78,2.82,2.82,146900,0.41,0,0.0
JVC,2026-09-16,Wednesday,2.8,2.83,2.75,2.81,2.81,122800,0.34,0,0.0
JVC,2026-09-17,Thursday,2.78,2.83,2.78,2.79,2.79,168500,0.47,0,0.0
JVC,2026-09-18,Friday,2.82,2.82,2.78,2.78,2.78,260100,0.73,0,0.0
JVC,2026-09-21,Monday,2.78,2.81,2.76,2.79,2.79,113400,0.32,0,0.0
JVC,2026-09-22,Tuesday,2.76,2.8,2.72,2.77,2.77,94600,0.26,0,0.0
JVC,2026-09-23,Wednesday,2.73,2.78,2.7,2.73,2.73,92700,0.25,0,0.0
JVC,2026-09-24,Thursday,2.77,2.77,2.7,2.72,2.72,222900,0.61,0,0.0
JVC,2026-09-25,Friday,2.66,2.72,2.66,2.67,2.67,125400,0.34,0,0.0
JVC,2026-09-28,Monday,2.7,2.7,2.63,2.65,2.65,105200,0.28,0,0.0
JVC,2026-09-29,Tuesday,2.68,2.68,2.6,2.64,2.64,160200,0.42,0,0.0
JVC,2026-09-30,Wednesday,2.64,2.64,2.48,2.48,2.48,239200,0.6,0,0.0
JVC,2026-10-01,Thursday,2.4,2.52,2.4,2.5,2.5,124800,0.31,270000,0.62
JVC,2026-10-02,Friday,2.5,2.62,2.46,2.58,2.58,178000,0.45,0,0.0
JVC,2026-10-05,Monday,2.6,2.65,2.6,2.61,2.61,66800,0.17,0,0.0
JVC,2026-10-06,Tuesday,2.64,2.64,2.55,2.61,2.61,117400,0.3,0,0.0
KBC,2026-09-09,Wednesday,27.0,27.05,26.85,26.95,26.95,663900,17.87,6380000,177.1
KBC,2026-09-10,Thursday,26.7,27.0,26.6,27.0,27.0,876900,23.5,0,0.0
KBC,2026-09-11,Friday,26.6,26.85,26.5,26.5,26.5,960900,25.58,0,0.0
KBC,2026-09-14,Monday,26.25,26.6,25.95,26.5,26.5,1036800,27.23,1380000,39.12
KBC,2026-09-15,Tuesday,26.1,26.5,26.0,26.1,26.1,1960600,51.37,0,0.0
KBC,2026-09-16,Wednesday,25.95,26.3,25.65,26.0,26.0,1859800,48.28,649000,16.97
KBC,2026-09-17,Thursday,25.65,26.35,25.65,26.0,26.0,1497500,38.94,0,0.0
KBC,2026-09-18,Friday,25.95,26.1,25.8,26.0,26.0,1725200,44.84,0,0.0
KBC,2026-09-21,Monday,26.05,26.3,25.8,26.0,26.0,1340400,34.81,0,0.0
KBC,2026-09-22,Tuesday,25.7,26.1,25.7,26.0,26.0,851000,22.09,0,0.0
KBC,2026-09-23,Wednesday,25.85,26.25,25.85,26.0,26.0,977100,25.45,0,0.0
KBC,2026-09-24,Thursday,25.95,26.0,25.75,26.0,26.0,728600,18.87,870000,23.92
KBC,2026-09-25,Friday,25.95,26.0,25.8,25.95,25.95,748300,19.39,0,0.0
KBC,2026-09-28,Monday,25.9,25.9,25.15,25.8,25.8,1424600,36.29,0,0.0
KBC,2026-09-29,Tuesday,25.4,25.6,25.25,25.5,25.5,860200,21.89,0,0.0
KBC,2026-09-30,Wednesday,25.4,25.65,25.15,25.4,25.4,1209100,30.67,0,0.0
KBC,2026-10-01,Thursday,25.1,25.4,25.05,25.4,25.4,1603600,40.36,0,0.0
KBC,2026-10-02,Friday,25.25,25.3,25.0,25.2,25.2,1929800,48.4,0,0.0
KBC,2026-10-05,Monday,25.2,25.45,24.85,24.95,24.95,1383100,34.54,0,0.0
KBC,2026-10-06,Tuesday,24.85,25.05,24.15,25.0,25.0,1756900,43.18,793000,19.47
KDC,2026-09-09,Wednesday,51.5,51.8,51.0,51.5,51.5,78200,4.01,430000,22.23
KDC,2026-09-10,Thursday,51.0,51.8,51.0,51.5,51.5,41300,2.12,212000,11.02
KDC,2026-09-11,Friday,51.1,51.3,50.9,51.3,51.3,121400,6.21,0,0.0
KDC,2026-09-14,Monday,51.0,51.5,50.7,51.3,51.3,95300,4.88,0,0.0
KDC,2026-09-15,Tuesday,51.5,51.5,50.7,51.3,51.3,65500,3.35,0,0.0
KDC,2026-09-16,Wednesday,51.5,51.5,50.6,51.2,51.2,83700,4.27,0,0.0
KDC,2026-09-17,Thursday,50.7,51.4,50.7,51.2,51.2,89700,4.58,0,0.0
KDC,2026-09-18,Friday,51.1,51.4,50.7,51.1,51.1,87100,4.45,0,0.0
KDC,2026-09-21,Monday,50.6,51.3,50.2,51.1,51.1,158100,8.03,0,0.0
KDC,2026-09-22,Tuesday,50.6,51.2,50.4,51.0,51.0,147000,7.48,0,0.0
KDC,2026-09-23,Wednesday,51.0,51.2,50.3,51.0,51.0,137200,6.98,3320000,169.32
KDC,2026-09-24,Thursday,50.8,51.0,50.5,51.0,51.0,89100,4.53,390000,19.89
KDC,2026-09-25,Friday,50.9,51.0,50.5,50.9,50.9,72300,3.67,1915000,97.66
KDC,2026-09-28,Monday,50.9,51.0,50.4,50.9,50.9,77800,3.95,0,0.0
KDC,2026-09-29,Tuesday,51.0,51.0,50.2,50.9,50.9,112800,5.73,0,0.0
KDC,2026-09-30,Wednesday,50.5,50.9,50.5,50.9,50.9,102100,5.18,0,0.0
KDC,2026-10-01,Thursday,50.5,50.9,50.4,50.8,50.8,107200,5.44,0,0.0
KDC,2026-10-02,Friday,50.3,50.8,50.3,50.8,50.8,102500,5.19,0,0.0
KDC,2026-10-05,Monday,50.4,50.9,50.3,50.8,50.8,102800,5.22,220000,11.18
KDC,2026-10-06,Tuesday,50.5,50.7,50.2,50.7,50.7,113300,5.73,0,0.0
KDH,2026-09-09,Wednesday,17.2,17.3,16.85,17.0,17.0,5114800,87.14,0,0.0
KDH,2026-09-10,Thursday,16.9,17.05,16.75,17.0,17.0,2432900,41.1,200000,3.4
KDH,2026-09-11,Friday,16.9,16.95,16.2,16.3,16.3,6525600,107.48,0,0.0
KDH,2026-09-14,Monday,16.3,16.3,15.45,15.7,15.7,5455500,86.4,1550000,25.25
KDH,2026-09-15,Tuesday,15.55,15.85,15.5,15.6,15.6,3994300,62.62,235000,3.86
KDH,2026-09-16,Wednesday,15.6,15.7,15.25,15.3,15.3,4287600,65.97,0,0.0
KDH,2026-09-17,Thursday,15.2,16.25,15.2,15.6,15.6,6790800,106.88,0,0.0
KDH,2026-09-18,Friday,15.95,16.1,15.75,15.8,15.8,5132600,81.38,3000000,46.8
KDH,2026-09-21,Monday,15.9,16.25,15.75,15.85,15.85,4268300,68.08,70000,1.12
KDH,2026-09-22,Tuesday,15.95,16.1,15.8,16.0,16.0,2910400,46.48,0,0.0
KDH,2026-09-23,Wednesday,16.05,16.05,15.7,15.85,15.85,3306100,52.49,70000,1.12
KDH,2026-09-24,Thursday,15.75,15.85,15.6,15.7,15.7,3391400,53.16,0,0.0
KDH,2026-09-25,Friday,15.7,15.8,15.5,15.7,15.7,2920000,45.59,70000,1.12
KDH,2026-09-28,Monday,15.7,15.7,14.95,15.3,15.3,6054300,91.83,1800000,27.36
KDH,2026-09-29,Tuesday,15.25,15.6,15.1,15.35,15.35,4536700,69.48,1570000,23.92
KDH,2026-09-30,Wednesday,15.45,15.55,15.25,15.35,15.35,2663600,40.97,1800000,27.14
KDH,2026-10-01,Thursday,15.25,15.35,15.0,15.15,15.15,3261000,49.48,0,0.0
KDH,2026-10-02,Friday,15.2,15.2,14.95,15.1,15.1,3169700,47.77,0,0.0
KDH,2026-10-05,Monday,15.1,15.2,14.9,15.0,15.0,3179100,47.74,1500000,22.5
KDH,2026-10-06,Tuesday,15.0,15.0,14.6,14.85,14.85,5352600,79.07,9240000,134.45
KHG,2026-09-09,Wednesday,4.86,4.86,4.8,4.82,4.82,1246000,6.01,0,0.0
KHG,2026-09-10,Thursday,4.82,4.82,4.74,4.75,4.75,1238400,5.9,0,0.0
KHG,2026-09-11,Friday,4.76,4.76,4.67,4.68,4.68,1530600,7.19,0,0.0
KHG,2026-09-14,Monday,4.68,4.68,4.6,4.62,4.62,1330800,6.17,0,0.0
KHG,2026-09-15,Tuesday,4.58,4.6,4.5,4.6,4.6,1351600,6.17,0,0.0
KHG,2026-09-16,Wednesday,4.58,4.61,4.54,4.61,4.61,1149500,5.25,0,0.0
KHG,2026-09-17,Thursday,4.61,4.64,4.57,4.6,4.6,1084000,4.98,0,0.0
KHG,2026-09-18,Friday,4.6,4.61,4.55,4.55,4.55,918100,4.2,0,0.0
KHG,2026-09-21,Monday,4.55,4.57,4.45,4.45,4.45,726600,3.27,0,0.0
KHG,2026-09-22,Tuesday,4.5,4.57,4.45,4.57,4.57,1570300,7.05,0,0.0
KHG,2026-09-23,Wednesday,4.57,4.59,4.5,4.57,4.57,1525800,6.95,0,0.0
KHG,2026-09-24,Thursday,4.56,4.56,4.49,4.55,4.55,1151700,5.21,0,0.0
KHG,2026-09-25,Friday,4.55,4.72,4.51,4.72,4.72,4328900,19.85,0,0.0
KHG,2026-09-28,Monday,4.68,4.73,4.54,4.73,4.73,2643100,12.27,0,0.0
KHG,2026-09-29,Tuesday,4.68,4.71,4.6,4.71,4.71,1979300,9.21,0,0.0
KHG,2026-09-30,Wednesday,4.65,4.68,4.63,4.67,4.67,2120100,9.87,0,0.0
KHG,2026-10-01,Thursday,4.63,4.65,4.59,4.62,4.62,2237700,10.32,0,0.0
KHG,2026-10-02,Friday,4.63,4.63,4.53,4.59,4.59,1876500,8.57,0,0.0
KHG,2026-10-05,Monday,4.55,4.59,4.49,4.55,4.55,1509000,6.84,0,0.0
KHG,2026-10-06,Tuesday,4.56,4.56,4.45,4.54,4.54,2098700,9.42,0,0.0
KHP,2026-09-09,Wednesday,9.71,9.71,9.62,9.62,9.62,14500,0.14,0,0.0
KHP,2026-09-10,Thursday,9.61,9.65,9.6,9.61,9.61,52600,0.51,0,0.0
KHP,2026-09-11,Friday,9.61,9.61,9.2,9.6,9.6,44400,0.43,0,0.0
KHP,2026-09-14,Monday,9.45,9.45,9.4,9.4,9.4,3600,0.03,0,0.0
KHP,2026-09-15,Tuesday,9.31,9.6,9.25,9.42,9.42,25400,0.24,0,0.0
KHP,2026-09-16,Wednesday,9.37,9.37,9.37,9.37,9.37,600,0.01,0,0.0
KHP,2026-09-17,Thursday,9.5,9.5,9.49,9.49,9.49,400,0.0,0,0.0
KHP,2026-09-18,Friday,9.5,9.5,9.4,9.49,9.49,7600,0.07,0,0.0
KHP,2026-09-21,Monday,9.31,9.36,9.31,9.35,9.35,11100,0.1,0,0.0
KHP,2026-09-22,Tuesday,9.35,9.49,9.35,9.36,9.36,400,0.0,0,0.0
KHP,2026-09-23,Wednesday,9.31,9.6,9.26,9.5,9.5,4100,0.04,0,0.0
KHP,2026-09-24,Thursday,9.6,9.61,9.42,9.42,9.42,1800,0.02,0,0.0
KHP,2026-09-25,Friday,9.32,9.5,9.32,9.5,9.5,2700,0.03,0,0.0
KHP,2026-09-28,Monday,9.3,9.35,9.3,9.35,9.35,2100,0.02,0,0.0
KHP,2026-09-29,Tuesday,9.36,9.59,9.35,9.59,9.59,6100,0.06,0,0.0
KHP,2026-09-30,Wednesday,9.46,9.46,9.46,9.46,9.46,1000,0.01,0,0.0
KHP,2026-10-01,Thursday,9.42,9.45,9.33,9.45,9.45,8400,0.08,0,0.0
KHP,2026-10-02,Friday,9.4,9.5,9.4,9.5,9.5,1700,0.02,0,0.0
KHP,2026-10-05,Monday,9.49,9.49,9.4,9.4,9.4,12000,0.11,0,0.0
KHP,2026-10-06,Tuesday,9.5,9.5,9.4,9.4,9.4,3000,0.03,0,0.0
KLB,2026-09-09,Wednesday,11.85,12.2,11.85,12.15,12.15,222900,2.67,0,0.0
KLB,2026-09-10,Thursday,12.15,12.4,11.9,12.35,12.35,336400,4.08,0,0.0
KLB,2026-09-11,Friday,12.1,12.35,12.0,12.05,12.05,149900,1.82,0,0.0
KLB,2026-09-14,Monday,12.0,12.05,11.8,11.85,11.85,127000,1.52,0,0.0
KLB,2026-09-15,Tuesday,11.85,12.15,11.85,12.05,12.05,174900,2.1,0,0.0
KLB,2026-09-16,Wednesday,12.0,12.1,11.9,12.1,12.1,94100,1.13,0,0.0
KLB,2026-09-17,Thursday,12.1,12.1,11.9,12.1,12.1,184800,2.23,0,0.0
KLB,2026-09-18,Friday,12.05,12.9,12.05,12.8,12.8,1423100,17.95,138300,1.56
KLB,2026-09-21,Monday,12.8,12.9,12.5,12.55,12.55,286800,3.63,0,0.0
KLB,2026-09-22,Tuesday,12.55,13.2,12.45,12.55,12.55,733100,9.38,0,0.0
KLB,2026-09-23,Wednesday,12.55,13.05,12.4,12.75,12.75,756500,9.71,0,0.0
KLB,2026-09-24,Thursday,12.9,12.9,12.45,12.55,12.55,367000,4.63,0,0.0
KLB,2026-09-25,Friday,12.6,12.65,12.4,12.4,12.4,421200,5.26,0,0.0
KLB,2026-09-28,Monday,12.45,12.5,12.05,12.05,12.05,400300,4.87,0,0.0
KLB,2026-09-29,Tuesday,12.05,12.2,11.85,11.95,11.95,289500,3.48,0,0.0
KLB,2026-09-30,Wednesday,11.95,12.05,11.7,11.7,11.7,253800,3.01,0,0.0
KLB,2026-10-01,Thursday,11.7,11.9,11.7,11.75,11.75,130400,1.54,0,0.0
KLB,2026-10-02,Friday,12.0,12.0,11.6,11.65,11.65,269600,3.17,0,0.0
KLB,2026-10-05,Monday,11.65,11.8,11.45,11.45,11.45,236700,2.75,0,0.0
KLB,2026-10-06,Tuesday,11.45,11.55,11.0,11.2,11.2,402400,4.53,0,0.0
KMR,2026-09-09,Wednesday,2.3,2.3,2.26,2.28,2.28,9700,0.02,0,0.0
KMR,2026-09-10,Thursday,2.29,2.29,2.28,2.29,2.29,1200,0.0,0,0.0
KMR,2026-09-11,Friday,2.29,2.29,2.26,2.26,2.26,11800,0.03,0,0.0
KMR,2026-09-14,Monday,2.29,2.29,2.25,2.28,2.28,6000,0.01,0,0.0
KMR,2026-09-15,Tuesday,2.28,2.28,2.24,2.27,2.27,4300,0.01,0,0.0
KMR,2026-09-16,Wednesday,2.28,2.28,2.24,2.26,2.26,4100,0.01,0,0.0
KMR,2026-09-17,Thursday,2.26,2.27,2.24,2.27,2.27,7000,0.02,0,0.0
KMR,2026-09-18,Friday,2.26,2.26,2.22,2.24,2.24,7100,0.02,0,0.0
KMR,2026-09-21,Monday,2.26,2.26,2.2,2.24,2.24,5200,0.01,0,0.0
KMR,2026-09-22,Tuesday,2.24,2.25,2.24,2.25,2.25,300,0.0,0,0.0
KMR,2026-09-23,Wednesday,2.24,2.26,2.24,2.26,2.26,16900,0.04,0,0.0
KMR,2026-09-24,Thursday,2.24,2.26,2.11,2.26,2.26,163200,0.35,0,0.0
KMR,2026-09-25,Friday,2.13,2.24,2.11,2.19,2.19,14000,0.03,0,0.0
KMR,2026-09-28,Monday,2.15,2.26,2.15,2.26,2.26,4300,0.01,0,0.0
KMR,2026-09-29,Tuesday,2.2,2.25,2.15,2.25,2.25,1200,0.0,0,0.0
KMR,2026-09-30,Wednesday,2.2,2.25,2.14,2.25,2.25,4300,0.01,0,0.0
KMR,2026-10-01,Thursday,2.22,2.22,2.22,2.22,2.22,200,0.0,0,0.0
KMR,2026-10-02,Friday,2.23,2.23,2.16,2.19,2.19,5400,0.01,0,0.0
KMR,2026-10-05,Monday,2.19,2.21,2.14,2.21,2.21,7300,0.02,0,0.0
KMR,2026-10-06,Tuesday,2.22,2.22,2.16,2.2,2.2,900,0.0,0,0.0
KOS,2026-09-09,Wednesday,34.0,34.0,33.45,33.65,33.65,137500,4.65,0,0.0
KOS,2026-09-10,Thursday,33.6,33.6,32.6,33.55,33.55,45800,1.53,2166433,71.92
KOS,2026-09-11,Friday,33.4,33.5,32.8,33.25,33.25,69500,2.32,60000,1.88
KOS,2026-09-14,Monday,33.7,33.7,32.8,33.3,33.3,246700,8.21,1097000,35.95
KOS,2026-09-15,Tuesday,32.0,33.85,31.0,32.95,32.95,229200,7.21,600000,18.6
KOS,2026-09-16,Wednesday,32.85,32.95,32.0,32.95,32.95,48500,1.58,1832000,58.72
KOS,2026-09-17,Thursday,32.95,32.95,31.0,31.35,31.35,258400,8.15,387100,12.0
KOS,2026-09-18,Friday,31.0,32.9,29.3,30.05,30.05,690400,22.1,46000,1.34
KOS,2026-09-21,Monday,30.0,30.1,27.95,27.95,27.95,334300,9.97,136000,3.94
KOS,2026-09-22,Tuesday,26.0,26.0,26.0,26.0,26.0,10400,0.27,120000,3.12
KOS,2026-09-23,Wednesday,24.2,24.2,24.2,24.2,24.2,1500,0.04,1346800,32.59
KOS,2026-09-24,Thursday,22.55,22.55,22.55,22.55,22.55,9000,0.2,160700,3.62
KOS,2026-09-25,Friday,21.0,21.0,21.0,21.0,21.0,3300,0.07,0,0.0
KOS,2026-09-28,Monday,19.55,19.55,19.55,19.55,19.55,4500,0.09,600000,11.73
KOS,2026-09-29,Tuesday,18.2,18.2,18.2,18.2,18.2,1400,0.03,435000,9.09
KOS,2026-09-30,Wednesday,16.95,16.95,16.95,16.95,16.95,13300,0.23,50000,0.85
KOS,2026-10-01,Thursday,15.8,15.8,15.8,15.8,15.8,2500,0.04,0,0.0
KOS,2026-10-02,Friday,14.7,14.7,14.7,14.7,14.7,5000,0.07,0,0.0
KOS,2026-10-05,Monday,13.7,13.7,13.7,13.7,13.7,41500,0.57,50000,0.68
KOS,2026-10-06,Tuesday,12.75,12.75,12.75,12.75,12.75,5000,0.06,65000,0.83
KSB,2026-09-09,Wednesday,13.25,13.3,13.15,13.15,13.15,443600,5.85,0,0.0
KSB,2026-09-10,Thursday,13.1,13.25,13.0,13.25,13.25,360800,4.75,0,0.0
KSB,2026-09-11,Friday,13.1,13.15,12.9,13.05,13.05,680900,8.87,0,0.0
KSB,2026-09-14,Monday,13.0,13.0,12.65,12.95,12.95,510700,6.56,0,0.0
KSB,2026-09-15,Tuesday,12.75,13.15,12.75,13.15,13.15,378800,4.92,0,0.0
KSB,2026-09-16,Wednesday,13.0,13.1,12.85,12.85,12.85,260000,3.37,0,0.0
KSB,2026-09-17,Thursday,13.0,13.05,12.8,13.05,13.05,388400,5.04,0,0.0
KSB,2026-09-18,Friday,13.05,13.2,12.9,13.2,13.2,555300,7.26,0,0.0
KSB,2026-09-21,Monday,13.15,13.2,12.9,13.0,13.0,296900,3.86,0,0.0
KSB,2026-09-22,Tuesday,13.0,13.05,12.85,12.95,12.95,224100,2.9,0,0.0
KSB,2026-09-23,Wednesday,12.95,13.1,12.85,12.95,12.95,369600,4.79,0,0.0
KSB,2026-09-24,Thursday,12.95,12.95,12.55,12.95,12.95,771600,9.88,0,0.0
KSB,2026-09-25,Friday,12.85,12.95,12.75,12.85,12.85,229200,2.94,0,0.0
KSB,2026-09-28,Monday,12.85,12.9,12.6,12.85,12.85,489200,6.24,0,0.0
KSB,2026-09-29,Tuesday,12.85,12.95,12.75,12.95,12.95,305800,3.94,0,0.0
KSB,2026-09-30,Wednesday,12.85,12.95,12.7,12.8,12.8,318500,4.08,0,0.0
KSB,2026-10-01,Thursday,12.85,12.85,12.6,12.85,12.85,259500,3.31,0,0.0
KSB,2026-10-02,Friday,13.05,13.05,12.65,12.65,12.65,376900,4.8,0,0.0
KSB,2026-10-05,Monday,12.65,12.95,12.65,12.65,12.65,285600,3.64,0,0.0
KSB,2026-10-06,Tuesday,12.65,12.75,12.25,12.7,12.7,519100,6.5,0,0.0
L10,2026-09-09,Wednesday,23.0,23.0,23.0,23.0,23.0,1500,0.03,0,0.0
L10,2026-09-10,Thursday,23.0,23.0,23.0,23.0,23.0,0,0.0,0,0.0
L10,2026-09-11,Friday,23.0,23.0,23.0,23.0,23.0,200,0.0,0,0.0
L10,2026-09-14,Monday,24.6,24.6,23.0,23.0,23.0,1100,0.03,0,0.0
L10,2026-09-15,Tuesday,23.0,23.9,23.0,23.9,23.9,200,0.0,0,0.0
L10,2026-09-16,Wednesday,23.9,23.9,23.9,23.9,23.9,0,0.0,0,0.0
L10,2026-09-17,Thursday,23.9,23.9,23.9,23.9,23.9,0,0.0,0,0.0
L10,2026-09-18,Friday,23.8,23.8,23.6,23.6,23.6,800,0.02,0,0.0
L10,2026-09-21,Monday,22.75,22.75,22.75,22.75,22.75,900,0.02,0,0.0
L10,2026-09-22,Tuesday,22.75,22.75,22.75,22.75,22.75,0,0.0,0,0.0
L10,2026-09-23,Wednesday,22.75,22.75,22.75,22.75,22.75,0,0.0,0,0.0
L10,2026-09-24,Thursday,22.75,22.75,22.75,22.75,22.75,0,0.0,0,0.0
L10,2026-09-25,Friday,23.85,24.0,23.85,24.0,24.0,2400,0.06,0,0.0
L10,2026-09-28,Monday,24.0,24.0,24.0,24.0,24.0,0,0.0,0,0.0
L10,2026-09-29,Tuesday,24.0,24.0,24.0,24.0,24.0,0,0.0,0,0.0
L10,2026-09-30,Wednesday,24.0,24.0,24.0,24.0,24.0,500,0.01,0,0.0
L10,2026-10-01,Thursday,24.0,24.0,24.0,24.0,24.0,0,0.0,0,0.0
L10,2026-10-02,Friday,24.0,24.0,24.0,24.0,24.0,0,0.0,0,0.0
L10,2026-10-05,Monday,24.0,24.0,24.0,24.0,24.0,0,0.0,0,0.0
L10,2026-10-06,Tuesday,24.0,24.0,24.0,24.0,24.0,0,0.0,0,0.0
LAF,2026-09-09,Wednesday,19.6,19.6,19.6,19.6,19.6,2000,0.04,0,0.0
LAF,2026-09-10,Thursday,19.6,19.6,19.6,19.6,19.6,700,0.01,0,0.0
LAF,2026-09-11,Friday,19.0,19.1,19.0,19.0,19.0,3000,0.06,0,0.0
LAF,2026-09-14,Monday,19.0,19.0,19.0,19.0,19.0,0,0.0,0,0.0
LAF,2026-09-15,Tuesday,19.0,19.0,19.0,19.0,19.0,0,0.0,0,0.0
LAF,2026-09-16,Wednesday,17.9,17.9,17.9,17.9,17.9,2200,0.04,0,0.0
LAF,2026-09-17,Thursday,19.0,19.0,19.0,19.0,19.0,100,0.0,0,0.0
LAF,2026-09-18,Friday,19.85,19.85,19.85,19.85,19.85,100,0.0,0,0.0
LAF,2026-09-21,Monday,18.5,19.85,18.5,19.85,19.85,8700,0.16,0,0.0
LAF,2026-09-22,Tuesday,18.5,18.55,18.5,18.5,18.5,3000,0.06,0,0.0
LAF,2026-09-23,Wednesday,18.5,18.5,18.5,18.5,18.5,900,0.02,0,0.0
LAF,2026-09-24,Thursday,17.6,19.4,17.6,19.4,19.4,200,0.0,0,0.0
LAF,2026-09-25,Friday,19.4,20.5,19.4,20.5,20.5,300,0.01,0,0.0
LAF,2026-09-28,Monday,19.1,19.1,19.1,19.1,19.1,100,0.0,0,0.0
LAF,2026-09-29,Tuesday,19.05,19.05,19.05,19.05,19.05,200,0.0,0,0.0
LAF,2026-09-30,Wednesday,19.05,19.05,19.05,19.05,19.05,0,0.0,0,0.0
LAF,2026-10-01,Thursday,19.05,19.05,19.05,19.05,19.05,0,0.0,0,0.0
LAF,2026-10-02,Friday,17.9,17.95,17.8,17.8,17.8,2000,0.04,0,0.0
LAF,2026-10-05,Monday,17.8,17.8,17.8,17.8,17.8,100,0.0,0,0.0
LAF,2026-10-06,Tuesday,17.8,17.8,17.8,17.8,17.8,0,0.0,0,0.0
LBM,2026-09-09,Wednesday,27.8,28.15,27.6,28.15,28.15,40500,1.13,0,0.0
LBM,2026-09-10,Thursday,28.15,28.2,28.0,28.2,28.2,3100,0.09,0,0.0
LBM,2026-09-11,Friday,28.2,28.2,27.8,27.8,27.8,9300,0.26,0,0.0
LBM,2026-09-14,Monday,27.8,28.0,27.5,27.95,27.95,14900,0.41,0,0.0
LBM,2026-09-15,Tuesday,27.95,28.1,27.75,27.9,27.9,6700,0.19,0,0.0
LBM,2026-09-16,Wednesday,27.2,28.0,27.2,27.7,27.7,18700,0.52,0,0.0
LBM,2026-09-17,Thursday,27.7,28.0,27.55,27.9,27.9,4400,0.12,0,0.0
LBM,2026-09-18,Friday,27.9,28.0,27.8,28.0,28.0,6400,0.18,0,0.0
LBM,2026-09-21,Monday,28.0,28.0,27.8,28.0,28.0,2000,0.06,0,0.0
LBM,2026-09-22,Tuesday,27.95,29.0,27.95,28.8,28.8,14200,0.4,0,0.0
LBM,2026-09-23,Wednesday,28.25,28.7,28.25,28.7,28.7,2200,0.06,0,0.0
LBM,2026-09-24,Thursday,28.7,30.0,28.7,28.9,28.9,3000,0.09,0,0.0
LBM,2026-09-25,Friday,28.4,29.0,28.1,28.1,28.1,19600,0.55,0,0.0
LBM,2026-09-28,Monday,28.1,29.35,28.1,29.0,29.0,41700,1.18,0,0.0
LBM,2026-09-29,Tuesday,29.0,29.0,28.2,28.95,28.95,6100,0.18,0,0.0
LBM,2026-09-30,Wednesday,28.2,29.4,28.2,29.4,29.4,20700,0.61,0,0.0
LBM,2026-10-01,Thursday,29.35,29.35,28.6,29.2,29.2,2100,0.06,0,0.0
LBM,2026-10-02,Friday,29.1,29.2,28.25,29.2,29.2,5400,0.16,0,0.0
LBM,2026-10-05,Monday,29.2,29.2,28.5,28.95,28.95,1700,0.05,0,0.0
LBM,2026-10-06,Tuesday,28.4,28.95,28.3,28.9,28.9,10200,0.29,0,0.0
LCG,2026-09-09,Wednesday,7.06,7.13,7.03,7.06,7.06,1255200,8.89,0,0.0
LCG,2026-09-10,Thursday,7.05,7.09,7.01,7.04,7.04,487000,3.43,0,0.0
LCG,2026-09-11,Friday,7.04,7.04,6.85,6.85,6.85,1432300,9.95,0,0.0
LCG,2026-09-14,Monday,6.85,6.92,6.68,6.68,6.68,758300,5.17,0,0.0
LCG,2026-09-15,Tuesday,6.68,6.78,6.68,6.72,6.72,570100,3.83,0,0.0
LCG,2026-09-16,Wednesday,6.78,6.79,6.71,6.71,6.71,599300,4.04,0,0.0
LCG,2026-09-17,Thursday,6.7,6.84,6.7,6.8,6.8,669800,4.53,0,0.0
LCG,2026-09-18,Friday,6.83,6.84,6.77,6.78,6.78,506100,3.44,0,0.0
LCG,2026-09-21,Monday,6.83,6.85,6.71,6.8,6.8,527100,3.56,0,0.0
LCG,2026-09-22,Tuesday,6.8,6.8,6.75,6.77,6.77,258300,1.75,0,0.0
LCG,2026-09-23,Wednesday,6.76,6.79,6.73,6.74,6.74,550900,3.72,0,0.0
LCG,2026-09-24,Thursday,6.73,6.78,6.63,6.63,6.63,644400,4.3,0,0.0
LCG,2026-09-25,Friday,6.65,6.7,6.61,6.63,6.63,678700,4.51,0,0.0
LCG,2026-09-28,Monday,6.61,6.7,6.48,6.48,6.48,1128700,7.39,0,0.0
LCG,2026-09-29,Tuesday,6.5,6.58,6.48,6.51,6.51,526000,3.43,0,0.0
LCG,2026-09-30,Wednesday,6.51,6.57,6.51,6.51,6.51,857400,5.6,0,0.0
LCG,2026-10-01,Thursday,6.35,6.49,6.35,6.45,6.45,564400,3.63,0,0.0
LCG,2026-10-02,Friday,6.45,6.45,6.31,6.31,6.31,421600,2.69,0,0.0
LCG,2026-10-05,Monday,6.26,6.43,6.26,6.34,6.34,1081200,6.87,0,0.0
LCG,2026-10-06,Tuesday,6.38,6.48,6.28,6.4,6.4,633300,4.04,0,0.0
LDG,2026-09-09,Wednesday,2.65,2.68,2.62,2.63,2.63,364200,0.96,0,0.0
LDG,2026-09-10,Thursday,2.63,2.64,2.59,2.61,2.61,450900,1.18,0,0.0
LDG,2026-09-11,Friday,2.6,2.6,2.52,2.52,2.52,508100,1.3,0,0.0
LDG,2026-09-14,Monday,2.52,2.59,2.41,2.48,2.48,819800,2.05,0,0.0
LDG,2026-09-15,Tuesday,2.56,2.56,2.45,2.48,2.48,505500,1.25,0,0.0
LDG,2026-09-16,Wednesday,2.48,2.5,2.42,2.42,2.42,379500,0.93,0,0.0
LDG,2026-09-17,Thursday,2.44,2.48,2.41,2.41,2.41,694800,1.69,0,0.0
LDG,2026-09-18,Friday,2.42,2.57,2.39,2.57,2.57,1231000,3.06,0,0.0
LDG,2026-09-21,Monday,2.74,2.74,2.69,2.74,2.74,1173300,3.21,0,0.0
LDG,2026-09-22,Tuesday,2.92,2.92,2.67,2.67,2.67,2183000,6.14,0,0.0
LDG,2026-09-23,Wednesday,2.67,2.67,2.51,2.56,2.56,977700,2.52,0,0.0
LDG,2026-09-24,Thursday,2.56,2.56,2.47,2.5,2.5,582300,1.45,0,0.0
LDG,2026-09-25,Friday,2.5,2.65,2.5,2.52,2.52,631600,1.6,0,0.0
LDG,2026-09-28,Monday,2.52,2.53,2.4,2.46,2.46,715100,1.76,0,0.0
LDG,2026-09-29,Tuesday,2.5,2.51,2.43,2.44,2.44,288000,0.71,0,0.0
LDG,2026-09-30,Wednesday,2.44,2.49,2.43,2.45,2.45,762600,1.87,0,0.0
LDG,2026-10-01,Thursday,2.46,2.54,2.45,2.47,2.47,809500,2.01,0,0.0
LDG,2026-10-02,Friday,2.46,2.51,2.44,2.45,2.45,610900,1.51,0,0.0
LDG,2026-10-05,Monday,2.47,2.47,2.43,2.44,2.44,580200,1.42,0,0.0
LDG,2026-10-06,Tuesday,2.45,2.47,2.38,2.42,2.42,603500,1.47,0,0.0
LGC,2026-09-09,Wednesday,64.8,64.8,64.8,64.8,64.8,0,0.0,0,0.0
LGC,2026-09-10,Thursday,64.8,64.8,64.8,64.8,64.8,0,0.0,0,0.0
LGC,2026-09-11,Friday,64.8,64.8,64.8,64.8,64.8,0,0.0,0,0.0
LGC,2026-09-14,Monday,64.8,64.8,64.8,64.8,64.8,0,0.0,0,0.0
LGC,2026-09-15,Tuesday,64.8,64.8,64.8,64.8,64.8,0,0.0,0,0.0
LGC,2026-09-16,Wednesday,64.8,64.8,64.8,64.8,64.8,0,0.0,0,0.0
LGC,2026-09-17,Thursday,64.8,64.8,64.8,64.8,64.8,0,0.0,0,0.0
LGC,2026-09-18,Friday,64.8,64.8,64.8,64.8,64.8,0,0.0,0,0.0
LGC,2026-09-21,Monday,64.8,64.8,64.8,64.8,64.8,0,0.0,0,0.0
LGC,2026-09-22,Tuesday,64.8,64.8,64.8,64.8,64.8,0,0.0,0,0.0
LGC,2026-09-23,Wednesday,64.8,64.8,64.8,64.8,64.8,0,0.0,0,0.0
LGC,2026-09-24,Thursday,64.8,64.8,64.8,64.8,64.8,0,0.0,0,0.0
LGC,2026-09-25,Friday,64.8,64.8,64.8,64.8,64.8,0,0.0,0,0.0
LGC,2026-09-28,Monday,64.8,64.8,64.8,64.8,64.8,0,0.0,0,0.0
LGC,2026-09-29,Tuesday,64.8,64.8,64.8,64.8,64.8,0,0.0,0,0.0
LGC,2026-09-30,Wednesday,64.8,64.8,64.8,64.8,64.8,0,0.0,0,0.0
LGC,2026-10-01,Thursday,64.8,64.8,64.8,64.8,64.8,0,0.0,0,0.0
LGC,2026-10-02,Friday,64.8,64.8,64.8,64.8,64.8,0,0.0,0,0.0
LGC,2026-10-05,Monday,64.8,64.8,64.8,64.8,64.8,0,0.0,0,0.0
LGC,2026-10-06,Tuesday,64.8,64.8,64.8,64.8,64.8,0,0.0,0,0.0
LGL,2026-09-09,Wednesday,4.64,4.69,4.55,4.69,4.69,13300,0.06,0,0.0
LGL,2026-09-10,Thursday,4.68,4.72,4.6,4.72,4.72,2300,0.01,0,0.0
LGL,2026-09-11,Friday,4.81,4.81,4.6,4.6,4.6,3000,0.01,0,0.0
LGL,2026-09-14,Monday,4.78,4.78,4.53,4.75,4.75,500,0.0,0,0.0
LGL,2026-09-15,Tuesday,4.75,4.75,4.75,4.75,4.75,3800,0.02,0,0.0
LGL,2026-09-16,Wednesday,4.64,4.86,4.59,4.75,4.75,3900,0.02,0,0.0
LGL,2026-09-17,Thursday,4.75,4.77,4.62,4.75,4.75,3600,0.02,0,0.0
LGL,2026-09-18,Friday,4.75,4.75,4.6,4.73,4.73,26700,0.12,0,0.0
LGL,2026-09-21,Monday,4.87,4.87,4.6,4.62,4.62,23300,0.11,0,0.0
LGL,2026-09-22,Tuesday,4.75,4.75,4.56,4.68,4.68,4000,0.02,0,0.0
LGL,2026-09-23,Wednesday,4.74,4.74,4.6,4.69,4.69,2800,0.01,0,0.0
LGL,2026-09-24,Thursday,4.58,4.71,4.38,4.38,4.38,51200,0.23,0,0.0
LGL,2026-09-25,Friday,4.38,4.62,4.36,4.6,4.6,45500,0.2,0,0.0
LGL,2026-09-28,Monday,4.69,4.69,4.28,4.46,4.46,113500,0.49,0,0.0
LGL,2026-09-29,Tuesday,4.62,4.62,4.3,4.5,4.5,7800,0.03,0,0.0
LGL,2026-09-30,Wednesday,4.59,4.59,4.19,4.25,4.25,7700,0.03,0,0.0
LGL,2026-10-01,Thursday,4.47,4.47,4.01,4.02,4.02,25600,0.1,0,0.0
LGL,2026-10-02,Friday,4.1,4.25,4.05,4.05,4.05,7900,0.03,0,0.0
LGL,2026-10-05,Monday,4.19,4.19,3.91,4.16,4.16,16300,0.07,0,0.0
LGL,2026-10-06,Tuesday,4.3,4.3,4.06,4.18,4.18,16000,0.07,0,0.0
LHG,2026-09-09,Wednesday,26.5,26.7,26.45,26.6,26.6,72200,1.92,0,0.0
LHG,2026-09-10,Thursday,26.6,26.9,26.45,26.9,26.9,64600,1.73,0,0.0
LHG,2026-09-11,Friday,27.0,27.0,26.75,26.75,26.75,73900,1.99,0,0.0
LHG,2026-09-14,Monday,26.9,26.9,26.6,26.6,26.6,26900,0.72,0,0.0
LHG,2026-09-15,Tuesday,26.6,26.8,26.15,26.65,26.65,26200,0.69,28000,0.74
LHG,2026-09-16,Wednesday,26.9,26.9,26.6,26.75,26.75,68800,1.84,0,0.0
LHG,2026-09-17,Thursday,27.0,27.0,26.1,26.8,26.8,24500,0.65,0,0.0
LHG,2026-09-18,Friday,26.8,27.05,26.6,26.8,26.8,43900,1.18,0,0.0
LHG,2026-09-21,Monday,26.95,26.95,26.5,26.8,26.8,24500,0.66,0,0.0
LHG,2026-09-22,Tuesday,27.0,27.0,26.65,26.65,26.65,30300,0.81,0,0.0
LHG,2026-09-23,Wednesday,26.8,27.2,26.6,27.2,27.2,79000,2.13,0,0.0
LHG,2026-09-24,Thursday,27.2,27.4,27.0,27.2,27.2,60600,1.65,0,0.0
LHG,2026-09-25,Friday,27.2,27.35,27.0,27.25,27.25,42600,1.16,0,0.0
LHG,2026-09-28,Monday,26.95,27.25,26.6,26.6,26.6,25300,0.68,0,0.0
LHG,2026-09-29,Tuesday,26.6,27.0,26.4,26.6,26.6,38300,1.02,0,0.0
LHG,2026-09-30,Wednesday,26.55,26.75,26.0,26.65,26.65,28100,0.74,0,0.0
LHG,2026-10-01,Thursday,26.65,26.75,26.3,26.45,26.45,24900,0.66,0,0.0
LHG,2026-10-02,Friday,26.25,26.55,26.25,26.4,26.4,24200,0.64,0,0.0
LHG,2026-10-05,Monday,26.25,26.6,26.25,26.4,26.4,51100,1.35,20000,0.52
LHG,2026-10-06,Tuesday,26.6,26.6,26.0,26.45,26.45,48100,1.27,0,0.0
LIX,2026-09-09,Wednesday,25.0,25.0,24.85,24.85,24.85,8800,0.22,0,0.0
LIX,2026-09-10,Thursday,24.7,24.95,24.7,24.9,24.9,42600,1.05,0,0.0
LIX,2026-09-11,Friday,24.75,24.75,24.5,24.5,24.5,24800,0.61,0,0.0
LIX,2026-09-14,Monday,24.5,25.0,24.4,24.4,24.4,26200,0.64,0,0.0
LIX,2026-09-15,Tuesday,24.2,24.8,24.2,24.6,24.6,6700,0.16,0,0.0
LIX,2026-09-16,Wednesday,24.8,24.8,24.6,24.6,24.6,10800,0.27,0,0.0
LIX,2026-09-17,Thursday,25.05,25.05,24.6,24.6,24.6,1500,0.04,0,0.0
LIX,2026-09-18,Friday,25.25,25.25,24.6,24.6,24.6,13400,0.33,0,0.0
LIX,2026-09-21,Monday,24.8,24.85,24.8,24.8,24.8,2700,0.07,0,0.0
LIX,2026-09-22,Tuesday,25.0,25.0,24.05,24.85,24.85,13700,0.34,0,0.0
LIX,2026-09-23,Wednesday,24.5,24.85,24.5,24.8,24.8,8000,0.2,0,0.0
LIX,2026-09-24,Thursday,24.8,24.8,24.45,24.55,24.55,2600,0.06,0,0.0
LIX,2026-09-25,Friday,24.45,24.85,24.45,24.85,24.85,5800,0.14,0,0.0
LIX,2026-09-28,Monday,24.85,24.9,24.55,24.9,24.9,8900,0.22,0,0.0
LIX,2026-09-29,Tuesday,24.9,24.9,24.55,24.9,24.9,2300,0.06,0,0.0
LIX,2026-09-30,Wednesday,24.8,24.8,24.25,24.8,24.8,5200,0.13,0,0.0
LIX,2026-10-01,Thursday,24.85,24.85,24.5,24.8,24.8,300,0.01,0,0.0
LIX,2026-10-02,Friday,24.5,24.75,24.3,24.75,24.75,27300,0.67,0,0.0
LIX,2026-10-05,Monday,24.7,24.75,24.3,24.7,24.7,6900,0.17,0,0.0
LIX,2026-10-06,Tuesday,24.7,24.7,24.3,24.7,24.7,9500,0.23,0,0.0
LM8,2026-09-09,Wednesday,14.8,14.8,14.8,14.8,14.8,1000,0.01,0,0.0
LM8,2026-09-10,Thursday,14.8,14.8,14.8,14.8,14.8,0,0.0,0,0.0
LM8,2026-09-11,Friday,14.8,14.8,14.8,14.8,14.8,0,0.0,0,0.0
LM8,2026-09-14,Monday,14.8,14.8,14.8,14.8,14.8,0,0.0,0,0.0
LM8,2026-09-15,Tuesday,14.8,14.8,14.8,14.8,14.8,0,0.0,0,0.0
LM8,2026-09-16,Wednesday,14.8,14.8,14.8,14.8,14.8,0,0.0,0,0.0
LM8,2026-09-17,Thursday,14.8,14.8,14.8,14.8,14.8,0,0.0,0,0.0
LM8,2026-09-18,Friday,14.8,14.8,14.8,14.8,14.8,0,0.0,0,0.0
LM8,2026-09-21,Monday,14.8,14.8,14.8,14.8,14.8,0,0.0,0,0.0
LM8,2026-09-22,Tuesday,13.8,13.8,13.8,13.8,13.8,100,0.0,0,0.0
LM8,2026-09-23,Wednesday,13.8,13.8,13.8,13.8,13.8,0,0.0,0,0.0
LM8,2026-09-24,Thursday,13.8,13.8,13.8,13.8,13.8,0,0.0,0,0.0
LM8,2026-09-25,Friday,13.8,13.8,13.8,13.8,13.8,0,0.0,0,0.0
LM8,2026-09-28,Monday,13.8,13.8,13.8,13.8,13.8,0,0.0,0,0.0
LM8,2026-09-29,Tuesday,13.8,13.8,13.8,13.8,13.8,0,0.0,0,0.0
LM8,2026-09-30,Wednesday,13.8,13.8,13.8,13.8,13.8,0,0.0,0,0.0
LM8,2026-10-01,Thursday,13.8,13.8,13.8,13.8,13.8,0,0.0,0,0.0
LM8,2026-10-02,Friday,13.8,13.8,13.8,13.8,13.8,0,0.0,0,0.0
LM8,2026-10-05,Monday,13.8,13.8,13.8,13.8,13.8,0,0.0,0,0.0
LM8,2026-10-06,Tuesday,13.8,13.8,13.8,13.8,13.8,0,0.0,0,0.0
LPB,2026-09-09,Wednesday,49.15,49.2,48.05,48.15,48.15,2145700,104.1,0,0.0
LPB,2026-09-10,Thursday,48.15,48.55,47.3,48.15,48.15,2421000,115.86,3260000,163.0
LPB,2026-09-11,Friday,48.0,48.0,46.5,46.7,46.7,2241800,105.61,0,0.0
LPB,2026-09-14,Monday,46.75,47.25,45.7,46.0,46.0,2221000,103.36,0,0.0
LPB,2026-09-15,Tuesday,46.15,47.9,46.15,47.5,47.5,1992500,94.0,50000,2.15
LPB,2026-09-16,Wednesday,47.75,47.75,46.1,46.55,46.55,2598300,121.4,1560000,78.0
LPB,2026-09-17,Thursday,46.2,47.5,46.2,47.5,47.5,2877200,135.26,0,0.0
LPB,2026-09-18,Friday,47.5,48.4,47.45,48.0,48.0,2092200,100.52,0,0.0
LPB,2026-09-21,Monday,48.1,48.1,46.1,46.1,46.1,2490000,116.55,0,0.0
LPB,2026-09-22,Tuesday,46.2,46.6,45.9,46.3,46.3,1651200,76.22,0,0.0
LPB,2026-09-23,Wednesday,46.3,47.3,46.05,47.3,47.3,1884100,88.52,0,0.0
LPB,2026-09-24,Thursday,47.1,47.25,46.4,46.4,46.4,1133500,52.89,0,0.0
LPB,2026-09-25,Friday,46.4,46.9,46.25,46.45,46.45,787300,36.62,40000,1.76
LPB,2026-09-28,Monday,46.7,46.7,45.5,45.5,45.5,1334200,61.19,0,0.0
LPB,2026-09-29,Tuesday,45.55,45.7,43.0,43.5,43.5,3615200,159.56,0,0.0
LPB,2026-09-30,Wednesday,44.1,44.5,43.6,44.0,44.0,1142800,50.38,10700000,497.34
LPB,2026-10-01,Thursday,44.1,44.1,42.0,42.0,42.0,1983200,84.86,0,0.0
LPB,2026-10-02,Friday,42.0,42.5,40.2,40.2,40.2,2800300,114.87,0,0.0
LPB,2026-10-05,Monday,40.5,43.0,40.3,43.0,43.0,2424000,101.81,6500000,279.5
LPB,2026-10-06,Tuesday,43.85,44.85,42.8,43.9,43.9,3108500,136.03,0,0.0
LSS,2026-09-09,Wednesday,7.95,8.0,7.94,7.99,7.99,42100,0.34,0,0.0
LSS,2026-09-10,Thursday,7.99,7.99,7.94,7.99,7.99,18900,0.15,0,0.0
LSS,2026-09-11,Friday,7.99,7.99,7.78,7.97,7.97,22200,0.17,0,0.0
LSS,2026-09-14,Monday,7.82,7.94,7.55,7.9,7.9,113300,0.88,0,0.0
LSS,2026-09-15,Tuesday,7.65,7.9,7.65,7.9,7.9,11800,0.09,0,0.0
LSS,2026-09-16,Wednesday,7.9,7.9,7.73,7.8,7.8,17800,0.14,0,0.0
LSS,2026-09-17,Thursday,7.8,7.8,7.63,7.72,7.72,56300,0.43,0,0.0
LSS,2026-09-18,Friday,7.67,7.7,7.55,7.69,7.69,109000,0.83,0,0.0
LSS,2026-09-21,Monday,7.79,7.79,7.57,7.73,7.73,63800,0.49,0,0.0
LSS,2026-09-22,Tuesday,7.76,7.78,7.61,7.77,7.77,47700,0.37,0,0.0
LSS,2026-09-23,Wednesday,7.77,7.77,7.74,7.77,7.77,15000,0.12,0,0.0
LSS,2026-09-24,Thursday,7.77,7.77,7.69,7.76,7.76,27300,0.21,0,0.0
LSS,2026-09-25,Friday,7.76,8.0,7.68,8.0,8.0,51900,0.4,0,0.0
LSS,2026-09-28,Monday,7.71,7.88,7.65,7.88,7.88,79600,0.61,0,0.0
LSS,2026-09-29,Tuesday,7.68,7.87,7.65,7.87,7.87,84100,0.65,0,0.0
LSS,2026-09-30,Wednesday,7.87,7.87,7.71,7.8,7.8,34800,0.27,0,0.0
LSS,2026-10-01,Thursday,7.89,7.89,7.71,7.81,7.81,26700,0.21,0,0.0
LSS,2026-10-02,Friday,7.66,7.86,7.66,7.8,7.8,33900,0.26,0,0.0
LSS,2026-10-05,Monday,7.8,7.95,7.8,7.86,7.86,35500,0.28,0,0.0
LSS,2026-10-06,Tuesday,7.95,8.19,7.95,8.0,8.0,135300,1.09,0,0.0
MBB,2026-09-09,Wednesday,20.15,20.25,19.95,20.2,20.2,12163000,244.38,0,0.0
MBB,2026-09-10,Thursday,20.2,20.25,20.05,20.1,20.1,6900700,139.06,0,0.0
MBB,2026-09-11,Friday,20.0,20.05,19.75,19.75,19.75,18351700,364.35,0,0.0
MBB,2026-09-14,Monday,19.75,19.95,19.6,19.7,19.7,16345400,323.02,0,0.0
MBB,2026-09-15,Tuesday,19.75,20.15,19.75,20.0,20.0,15925500,317.44,0,0.0
MBB,2026-09-16,Wednesday,20.05,20.3,20.0,20.3,20.3,9098600,183.33,0,0.0
MBB,2026-09-17,Thursday,20.15,20.55,20.1,20.55,20.55,16498200,336.92,0,0.0
MBB,2026-09-18,Friday,20.55,20.6,19.9,19.9,19.9,16843700,340.47,435000,8.94
MBB,2026-09-21,Monday,20.15,20.2,19.9,20.2,20.2,13897400,278.91,55000,1.1
MBB,2026-09-22,Tuesday,20.15,20.2,19.95,20.1,20.1,9661200,193.89,435000,8.94
MBB,2026-09-23,Wednesday,20.1,20.2,20.0,20.0,20.0,8858000,177.84,79000,1.61
MBB,2026-09-24,Thursday,20.0,20.1,19.85,19.85,19.85,8475200,168.81,0,0.0
MBB,2026-09-25,Friday,19.9,20.1,19.85,19.9,19.9,7854300,156.76,55000,1.1
MBB,2026-09-28,Monday,19.9,20.0,19.6,19.8,19.8,9922600,195.67,1227500,24.49
MBB,2026-09-29,Tuesday,19.75,19.8,19.5,19.6,19.6,9381700,184.43,79000,1.54
MBB,2026-09-30,Wednesday,19.65,19.8,19.55,19.65,19.65,6955000,136.52,627500,12.55
MBB,2026-10-01,Thursday,19.7,19.8,19.55,19.55,19.55,7572900,149.1,26000,0.55
MBB,2026-10-02,Friday,19.55,19.65,19.1,19.1,19.1,11976700,231.75,100000,2.09
MBB,2026-10-05,Monday,19.1,19.3,19.1,19.15,19.15,9210200,177.07,20000,0.36
MBB,2026-10-06,Tuesday,19.15,19.2,18.85,19.2,19.2,17320700,330.0,50000,0.96
MCH,2026-09-09,Wednesday,143.3,143.3,141.1,142.0,142.0,245300,34.94,0,0.0
MCH,2026-09-10,Thursday,141.1,142.5,141.0,142.0,142.0,205000,29.05,0,0.0
MCH,2026-09-11,Friday,142.4,142.4,140.8,141.8,141.8,237400,33.56,0,0.0
MCH,2026-09-14,Monday,141.9,142.9,141.2,141.9,141.9,306900,43.61,0,0.0
MCH,2026-09-15,Tuesday,142.0,143.1,141.6,143.0,143.0,652500,93.05,0,0.0
MCH,2026-09-16,Wednesday,143.4,145.0,142.8,145.0,145.0,1289200,185.9,0,0.0
MCH,2026-09-17,Thursday,144.5,145.6,143.1,145.6,145.6,1533600,222.13,105000,16.01
MCH,2026-09-18,Friday,145.9,145.9,143.0,143.0,143.0,2650000,379.59,0,0.0
MCH,2026-09-21,Monday,143.0,143.0,138.0,143.0,143.0,1171500,166.12,0,0.0
MCH,2026-09-22,Tuesday,142.8,143.5,141.0,143.4,143.4,740100,105.93,0,0.0
MCH,2026-09-23,Wednesday,143.5,143.5,141.5,141.7,141.7,167100,23.78,0,0.0
MCH,2026-09-24,Thursday,141.7,141.7,139.5,141.7,141.7,226800,31.89,0,0.0
MCH,2026-09-25,Friday,141.4,142.2,139.7,141.0,141.0,160900,22.65,0,0.0
MCH,2026-09-28,Monday,140.0,141.0,138.0,138.0,138.0,267400,37.1,0,0.0
MCH,2026-09-29,Tuesday,138.1,139.0,136.1,138.0,138.0,304900,41.79,0,0.0
MCH,2026-09-30,Wednesday,143.0,143.0,137.6,139.0,139.0,204300,28.58,0,0.0
MCH,2026-10-01,Thursday,137.7,139.1,137.7,138.9,138.9,108300,15.0,0,0.0
MCH,2026-10-02,Friday,138.8,139.2,137.9,139.2,139.2,228900,31.75,0,0.0
MCH,2026-10-05,Monday,139.2,140.4,138.5,140.0,140.0,259800,36.28,0,0.0
MCH,2026-10-06,Tuesday,140.0,141.0,138.5,141.0,141.0,512800,71.87,0,0.0
MCM,2026-09-09,Wednesday,26.8,26.8,26.6,26.7,26.7,13600,0.36,0,0.0
MCM,2026-09-10,Thursday,26.25,26.8,26.25,26.4,26.4,7900,0.21,0,0.0
MCM,2026-09-11,Friday,26.4,26.5,26.25,26.45,26.45,22900,0.6,0,0.0
MCM,2026-09-14,Monday,26.3,26.55,25.95,26.1,26.1,41000,1.08,0,0.0
MCM,2026-09-15,Tuesday,26.0,26.55,26.0,26.45,26.45,16500,0.43,0,0.0
MCM,2026-09-16,Wednesday,26.5,26.5,26.45,26.45,26.45,8300,0.22,0,0.0
MCM,2026-09-17,Thursday,26.1,26.5,26.1,26.5,26.5,14700,0.39,0,0.0
MCM,2026-09-18,Friday,26.45,26.45,26.45,26.45,26.45,8600,0.23,0,0.0
MCM,2026-09-21,Monday,26.45,26.45,26.25,26.25,26.25,15200,0.4,0,0.0
MCM,2026-09-22,Tuesday,26.45,26.6,26.35,26.45,26.45,23100,0.61,0,0.0
MCM,2026-09-23,Wednesday,26.35,26.55,26.35,26.35,26.35,29400,0.78,0,0.0
MCM,2026-09-24,Thursday,26.35,26.5,26.3,26.5,26.5,26900,0.71,0,0.0
MCM,2026-09-25,Friday,26.5,26.5,26.3,26.3,26.3,14500,0.38,0,0.0
MCM,2026-09-28,Monday,26.3,26.5,26.25,26.3,26.3,17900,0.47,0,0.0
MCM,2026-09-29,Tuesday,26.3,26.45,26.3,26.4,26.4,7300,0.19,0,0.0
MCM,2026-09-30,Wednesday,26.4,26.5,26.35,26.5,26.5,13900,0.37,0,0.0
MCM,2026-10-01,Thursday,26.45,26.55,26.4,26.45,26.45,18600,0.49,0,0.0
MCM,2026-10-02,Friday,26.3,26.6,26.3,26.45,26.45,14100,0.37,0,0.0
MCM,2026-10-05,Monday,26.45,26.5,26.4,26.4,26.4,16400,0.43,0,0.0
MCM,2026-10-06,Tuesday,26.5,26.5,26.35,26.35,26.35,23900,0.63,0,0.0
MCP,2026-09-09,Wednesday,28.1,28.3,28.1,28.2,28.2,27800,0.78,0,0.0
MCP,2026-09-10,Thursday,28.2,28.2,28.05,28.15,28.15,40000,1.12,0,0.0
MCP,2026-09-11,Friday,27.8,27.8,27.5,27.6,27.6,14300,0.39,0,0.0
MCP,2026-09-14,Monday,27.6,27.8,27.6,27.8,27.8,28600,0.79,0,0.0
MCP,2026-09-15,Tuesday,27.8,27.9,27.7,27.85,27.85,45300,1.26,0,0.0
MCP,2026-09-16,Wednesday,27.85,27.9,27.8,27.9,27.9,36800,1.03,0,0.0
MCP,2026-09-17,Thursday,27.85,28.1,27.8,28.0,28.0,45600,1.28,0,0.0
MCP,2026-09-18,Friday,28.0,28.2,28.0,28.0,28.0,34800,0.98,0,0.0
MCP,2026-09-21,Monday,28.0,28.0,27.9,27.95,27.95,32200,0.9,0,0.0
MCP,2026-09-22,Tuesday,27.7,28.0,27.7,28.0,28.0,33800,0.94,0,0.0
MCP,2026-09-23,Wednesday,27.9,28.2,27.9,28.15,28.15,42700,1.2,0,0.0
MCP,2026-09-24,Thursday,28.15,28.2,28.0,28.15,28.15,45800,1.29,0,0.0
MCP,2026-09-25,Friday,28.1,28.4,28.05,28.3,28.3,60700,1.71,0,0.0
MCP,2026-09-28,Monday,28.1,28.3,28.1,28.25,28.25,40200,1.13,0,0.0
MCP,2026-09-29,Tuesday,28.1,28.3,28.1,28.15,28.15,35400,1.0,0,0.0
MCP,2026-09-30,Wednesday,28.15,28.15,28.1,28.15,28.15,32000,0.9,0,0.0
MCP,2026-10-01,Thursday,28.15,28.15,28.0,28.05,28.05,17700,0.5,0,0.0
MCP,2026-10-02,Friday,28.05,28.05,28.0,28.0,28.0,7300,0.2,0,0.0
MCP,2026-10-05,Monday,27.9,28.05,27.9,28.05,28.05,24900,0.7,0,0.0
MCP,2026-10-06,Tuesday,28.0,28.0,27.55,27.6,27.6,30300,0.84,0,0.0
MDG,2026-09-09,Wednesday,36.95,36.95,36.0,36.0,36.0,14100,0.52,0,0.0
MDG,2026-09-10,Thursday,36.0,37.0,36.0,37.0,37.0,1100,0.04,0,0.0
MDG,2026-09-11,Friday,37.0,37.0,35.6,36.7,36.7,2800,0.1,0,0.0
MDG,2026-09-14,Monday,37.0,37.0,37.0,37.0,37.0,7100,0.26,0,0.0
MDG,2026-09-15,Tuesday,36.1,36.5,36.0,36.5,36.5,17500,0.63,0,0.0
MDG,2026-09-16,Wednesday,36.5,36.5,36.5,36.5,36.5,300,0.01,0,0.0
MDG,2026-09-17,Thursday,36.0,37.85,36.0,37.85,37.85,3900,0.14,0,0.0
MDG,2026-09-18,Friday,37.85,38.85,37.85,38.85,38.85,200,0.01,0,0.0
MDG,2026-09-21,Monday,36.3,38.35,36.15,38.35,38.35,23200,0.84,0,0.0
MDG,2026-09-22,Tuesday,35.8,41.0,35.8,41.0,41.0,1400,0.05,0,0.0
MDG,2026-09-23,Wednesday,38.15,38.15,38.15,38.15,38.15,100,0.0,0,0.0
MDG,2026-09-24,Thursday,38.15,38.15,38.15,38.15,38.15,0,0.0,0,0.0
MDG,2026-09-25,Friday,36.5,36.5,36.5,36.5,36.5,1000,0.04,0,0.0
MDG,2026-09-28,Monday,37.0,38.0,36.0,37.4,37.4,1800,0.07,0,0.0
MDG,2026-09-29,Tuesday,36.0,36.95,36.0,36.95,36.95,1700,0.06,0,0.0
MDG,2026-09-30,Wednesday,36.0,36.95,36.0,36.95,36.95,3000,0.11,0,0.0
MDG,2026-10-01,Thursday,36.05,36.9,36.05,36.9,36.9,2000,0.07,0,0.0
MDG,2026-10-02,Friday,37.95,39.45,37.5,37.5,37.5,4100,0.16,0,0.0
MDG,2026-10-05,Monday,37.0,38.35,36.0,38.35,38.35,13200,0.48,0,0.0
MDG,2026-10-06,Tuesday,38.35,39.0,38.0,38.6,38.6,10700,0.41,0,0.0
MHC,2026-09-09,Wednesday,7.41,8.0,7.41,7.84,7.84,33000,0.26,0,0.0
MHC,2026-09-10,Thursday,7.31,7.7,7.31,7.7,7.7,10700,0.08,0,0.0
MHC,2026-09-11,Friday,7.7,7.7,7.24,7.41,7.41,1900,0.01,0,0.0
MHC,2026-09-14,Monday,7.01,7.49,7.01,7.3,7.3,3900,0.03,0,0.0
MHC,2026-09-15,Tuesday,6.83,7.29,6.83,7.29,7.29,6200,0.04,0,0.0
MHC,2026-09-16,Wednesday,6.93,7.29,6.93,7.1,7.1,3900,0.03,0,0.0
MHC,2026-09-17,Thursday,6.87,7.29,6.87,7.29,7.29,4700,0.03,0,0.0
MHC,2026-09-18,Friday,7.01,7.29,6.91,7.29,7.29,21300,0.15,0,0.0
MHC,2026-09-21,Monday,7.29,7.29,7.29,7.29,7.29,0,0.0,0,0.0
MHC,2026-09-22,Tuesday,7.2,7.2,7.01,7.1,7.1,11300,0.08,0,0.0
MHC,2026-09-23,Wednesday,7.2,7.2,7.1,7.1,7.1,900,0.01,0,0.0
MHC,2026-09-24,Thursday,7.0,7.0,6.9,7.0,7.0,20400,0.14,0,0.0
MHC,2026-09-25,Friday,6.95,7.0,6.81,7.0,7.0,1800,0.01,0,0.0
MHC,2026-09-28,Monday,6.86,7.0,6.86,7.0,7.0,1300,0.01,0,0.0
MHC,2026-09-29,Tuesday,7.0,7.0,7.0,7.0,7.0,500,0.0,0,0.0
MHC,2026-09-30,Wednesday,7.0,7.0,7.0,7.0,7.0,900,0.01,0,0.0
MHC,2026-10-01,Thursday,6.8,6.99,6.51,6.99,6.99,16700,0.11,8127449,53.09
MHC,2026-10-02,Friday,6.61,6.99,6.61,6.95,6.95,1500,0.01,0,0.0
MHC,2026-10-05,Monday,7.39,7.39,6.95,6.95,6.95,1900,0.01,0,0.0
MHC,2026-10-06,Tuesday,6.9,6.98,6.85,6.98,6.98,1100,0.01,0,0.0
MIG,2026-09-09,Wednesday,15.65,15.95,15.65,15.95,15.95,113500,1.79,0,0.0
MIG,2026-09-10,Thursday,15.8,15.9,15.75,15.75,15.75,19200,0.3,0,0.0
MIG,2026-09-11,Friday,15.75,15.95,15.0,15.55,15.55,291600,4.53,0,0.0
MIG,2026-09-14,Monday,15.55,15.65,15.0,15.0,15.0,141900,2.17,0,0.0
MIG,2026-09-15,Tuesday,15.1,16.0,15.1,16.0,16.0,82900,1.28,0,0.0
MIG,2026-09-16,Wednesday,15.6,15.95,15.55,15.55,15.55,107200,1.68,0,0.0
MIG,2026-09-17,Thursday,15.6,15.8,15.5,15.7,15.7,76700,1.2,0,0.0
MIG,2026-09-18,Friday,15.7,15.75,15.4,15.7,15.7,88900,1.39,0,0.0
MIG,2026-09-21,Monday,15.75,16.2,15.75,15.9,15.9,61700,0.99,0,0.0
MIG,2026-09-22,Tuesday,15.8,15.95,15.8,15.85,15.85,35900,0.57,0,0.0
MIG,2026-09-23,Wednesday,15.8,15.85,15.65,15.8,15.8,44600,0.7,0,0.0
MIG,2026-09-24,Thursday,15.6,15.8,15.55,15.55,15.55,31000,0.48,0,0.0
MIG,2026-09-25,Friday,15.6,15.75,15.5,15.7,15.7,40400,0.63,0,0.0
MIG,2026-09-28,Monday,15.7,16.7,15.7,16.2,16.2,303800,4.91,0,0.0
MIG,2026-09-29,Tuesday,16.2,16.3,16.0,16.15,16.15,93900,1.51,0,0.0
MIG,2026-09-30,Wednesday,16.05,16.4,15.85,16.25,16.25,222700,3.6,0,0.0
MIG,2026-10-01,Thursday,16.05,16.2,15.95,16.2,16.2,57000,0.91,0,0.0
MIG,2026-10-02,Friday,16.15,16.2,15.85,16.15,16.15,78700,1.27,0,0.0
MIG,2026-10-05,Monday,16.1,16.1,15.85,16.0,16.0,37800,0.6,0,0.0
MIG,2026-10-06,Tuesday,15.85,16.05,15.7,15.7,15.7,61500,0.97,0,0.0
MSB,2026-09-09,Wednesday,13.1,13.15,12.9,12.9,12.9,2260700,29.38,4193000,54.93
MSB,2026-09-10,Thursday,12.85,13.0,12.7,12.95,12.95,1922400,24.67,1000000,13.8
MSB,2026-09-11,Friday,12.85,13.05,12.75,12.95,12.95,3471500,44.8,0,0.0
MSB,2026-09-14,Monday,12.8,12.95,12.7,12.8,12.8,2413100,30.87,0,0.0
MSB,2026-09-15,Tuesday,12.8,12.9,12.65,12.8,12.8,2244600,28.73,3945000,50.62
MSB,2026-09-16,Wednesday,12.85,12.85,12.75,12.85,12.85,1031500,13.2,6172000,79.0
MSB,2026-09-17,Thursday,12.8,13.0,12.8,12.9,12.9,2672500,34.53,0,0.0
MSB,2026-09-18,Friday,13.0,13.25,12.9,12.9,12.9,9608800,125.49,1000000,13.4
MSB,2026-09-21,Monday,13.2,13.2,13.0,13.05,13.05,3677200,48.24,800000,10.32
MSB,2026-09-22,Tuesday,13.05,13.5,13.05,13.5,13.5,19351700,258.9,4810800,59.72
MSB,2026-09-23,Wednesday,13.55,14.35,13.4,14.15,14.15,28997100,406.34,0,0.0
MSB,2026-09-24,Thursday,14.15,14.4,14.0,14.25,14.25,17566400,249.88,295300,3.93
MSB,2026-09-25,Friday,14.35,14.5,14.05,14.05,14.05,13499400,193.68,9300000,136.35
MSB,2026-09-28,Monday,14.05,14.3,14.05,14.15,14.15,9748100,138.39,6770000,91.32
MSB,2026-09-29,Tuesday,14.15,14.25,14.0,14.05,14.05,9162900,129.37,3414000,48.31
MSB,2026-09-30,Wednesday,14.05,14.35,13.95,14.2,14.2,8998400,127.31,6174000,83.56
MSB,2026-10-01,Thursday,14.3,14.5,14.15,14.2,14.2,9757800,139.97,5931000,87.02
MSB,2026-10-02,Friday,14.2,14.3,14.0,14.05,14.05,5690700,80.29,5619000,79.79
MSB,2026-10-05,Monday,14.05,14.2,13.85,13.9,13.9,7284400,101.98,14316000,199.92
MSB,2026-10-06,Tuesday,14.05,14.4,13.9,14.4,14.4,15636600,220.99,2582000,36.29
MSH,2026-09-09,Wednesday,30.4,30.5,30.35,30.5,30.5,29800,0.91,0,0.0
MSH,2026-09-10,Thursday,30.6,30.65,30.4,30.55,30.55,55300,1.69,0,0.0
MSH,2026-09-11,Friday,30.5,30.5,30.0,30.0,30.0,145800,4.4,0,0.0
MSH,2026-09-14,Monday,30.0,30.2,29.7,29.8,29.8,203100,6.1,0,0.0
MSH,2026-09-15,Tuesday,29.9,30.1,29.8,30.1,30.1,50800,1.52,0,0.0
MSH,2026-09-16,Wednesday,30.0,30.05,29.8,29.8,29.8,71100,2.13,0,0.0
MSH,2026-09-17,Thursday,30.0,30.1,29.85,29.95,29.95,122000,3.66,0,0.0
MSH,2026-09-18,Friday,30.15,30.5,30.0,30.15,30.15,94000,2.84,0,0.0
MSH,2026-09-21,Monday,30.1,30.1,29.9,30.0,30.0,62000,1.86,0,0.0
MSH,2026-09-22,Tuesday,30.0,30.1,29.9,30.0,30.0,26200,0.79,0,0.0
MSH,2026-09-23,Wednesday,30.5,30.5,30.0,30.05,30.05,60100,1.81,0,0.0
MSH,2026-09-24,Thursday,30.0,30.0,29.9,29.95,29.95,61400,1.84,0,0.0
MSH,2026-09-25,Friday,30.0,30.0,29.8,29.8,29.8,38600,1.15,0,0.0
MSH,2026-09-28,Monday,29.95,29.95,29.55,29.65,29.65,112800,3.35,0,0.0
MSH,2026-09-29,Tuesday,29.65,29.9,29.65,29.75,29.75,33000,0.98,0,0.0
MSH,2026-09-30,Wednesday,29.75,29.8,29.7,29.8,29.8,84700,2.52,0,0.0
MSH,2026-10-01,Thursday,29.85,29.9,29.8,29.9,29.9,52700,1.57,0,0.0
MSH,2026-10-02,Friday,29.9,30.5,29.9,30.25,30.25,137700,4.17,0,0.0
MSH,2026-10-05,Monday,30.55,30.55,30.25,30.35,30.35,63400,1.92,0,0.0
MSH,2026-10-06,Tuesday,30.35,30.5,30.2,30.3,30.3,73200,2.22,0,0.0
MSN,2026-09-09,Wednesday,68.4,69.3,68.2,68.4,68.4,2252400,154.68,44900,3.0
MSN,2026-09-10,Thursday,68.0,69.0,68.0,68.7,68.7,3106400,213.51,0,0.0
MSN,2026-09-11,Friday,68.6,68.7,66.5,66.5,66.5,4606000,310.5,0,0.0
MSN,2026-09-14,Monday,66.7,67.0,65.3,66.6,66.6,4250500,281.52,0,0.0
MSN,2026-09-15,Tuesday,66.6,67.4,66.4,67.4,67.4,2104100,140.92,0,0.0
MSN,2026-09-16,Wednesday,67.4,67.6,66.7,67.4,67.4,2600100,174.57,0,0.0
MSN,2026-09-17,Thursday,67.1,68.2,66.9,67.7,67.7,3300000,223.98,0,0.0
MSN,2026-09-18,Friday,68.2,69.5,68.2,68.4,68.4,7484800,514.48,145000,9.82
MSN,2026-09-21,Monday,69.2,69.3,67.1,67.7,67.7,3631900,247.07,180000,12.31
MSN,2026-09-22,Tuesday,67.7,71.4,67.7,70.3,70.3,8932200,626.55,230000,15.67
MSN,2026-09-23,Wednesday,70.5,70.9,69.6,69.8,69.8,3346000,234.5,5664700,398.13
MSN,2026-09-24,Thursday,69.7,71.7,69.7,70.8,70.8,9374300,665.88,200000,14.12
MSN,2026-09-25,Friday,71.0,71.4,70.0,70.1,70.1,4305400,303.85,0,0.0
MSN,2026-09-28,Monday,70.2,70.3,68.1,69.0,69.0,4503400,310.03,0,0.0
MSN,2026-09-29,Tuesday,68.6,69.5,68.5,69.4,69.4,1927500,133.03,230000,16.1
MSN,2026-09-30,Wednesday,69.9,70.3,69.0,69.0,69.0,4122100,287.43,1121667,77.91
MSN,2026-10-01,Thursday,69.4,71.2,69.1,70.9,70.9,6008100,422.99,270000,18.67
MSN,2026-10-02,Friday,71.4,73.0,70.7,70.7,70.7,8880100,639.32,970000,67.34
MSN,2026-10-05,Monday,70.7,72.2,70.1,71.3,71.3,4518500,321.69,240000,16.55
MSN,2026-10-06,Tuesday,71.3,72.0,70.7,72.0,72.0,5706800,407.95,0,0.0
MWG,2026-09-09,Wednesday,72.3,72.6,71.4,71.6,71.6,1420300,102.14,185700,14.35
MWG,2026-09-10,Thursday,71.6,73.3,71.2,72.9,72.9,2496200,180.85,810000,62.05
MWG,2026-09-11,Friday,72.5,72.5,71.3,71.3,71.3,2587600,185.67,2122900,165.59
MWG,2026-09-14,Monday,71.3,71.5,68.6,69.8,69.8,3246500,227.86,115000,8.76
MWG,2026-09-15,Tuesday,69.8,71.2,69.8,71.2,71.2,1893100,133.32,273700,20.42
MWG,2026-09-16,Wednesday,71.0,71.6,70.3,71.5,71.5,2017700,143.19,580500,44.18
MWG,2026-09-17,Thursday,71.0,73.5,70.8,73.1,73.1,4079900,296.76,1453800,111.22
MWG,2026-09-18,Friday,73.1,73.5,72.4,72.5,72.5,1909000,139.08,93300,7.3
MWG,2026-09-21,Monday,72.5,72.5,71.0,71.7,71.7,2254400,161.42,2276300,174.3
MWG,2026-09-22,Tuesday,71.4,73.5,71.4,72.8,72.8,2726900,198.31,489500,37.54
MWG,2026-09-23,Wednesday,72.7,73.9,72.4,73.2,73.2,3252700,238.7,1116800,84.59
MWG,2026-09-24,Thursday,73.0,73.2,72.2,72.9,72.9,1664600,120.93,392700,30.75
MWG,2026-09-25,Friday,72.7,73.8,72.5,73.4,73.4,1778600,130.08,901300,68.77
MWG,2026-09-28,Monday,73.4,73.4,71.7,72.0,72.0,2215000,160.12,54100,4.25
MWG,2026-09-29,Tuesday,72.0,72.2,71.5,71.9,71.9,1716800,123.37,944600,71.73
MWG,2026-09-30,Wednesday,72.5,72.9,71.7,72.4,72.4,2966000,214.41,195000,14.7
MWG,2026-10-01,Thursday,72.2,73.7,72.0,72.6,72.6,2697600,196.86,2375000,182.62
MWG,2026-10-02,Friday,72.8,73.4,72.1,73.2,73.2,2571800,187.31,1440600,110.79
MWG,2026-10-05,Monday,73.7,74.7,73.7,74.4,74.4,4104500,304.92,177800,12.9
MWG,2026-10-06,Tuesday,74.6,76.8,73.8,76.0,76.0,6579800,494.12,1721900,132.26
NAB,2026-09-09,Wednesday,11.3,11.4,11.25,11.25,11.25,1231800,13.9,0,0.0
NAB,2026-09-10,Thursday,11.3,11.3,11.15,11.25,11.25,1323400,14.86,5080000,57.15
NAB,2026-09-11,Friday,11.25,11.35,11.1,11.2,11.2,1470100,16.53,0,0.0
NAB,2026-09-14,Monday,11.2,11.2,11.0,11.15,11.15,1276000,14.18,1150000,12.19
NAB,2026-09-15,Tuesday,11.2,11.3,11.2,11.25,11.25,1425200,16.03,0,0.0
NAB,2026-09-16,Wednesday,11.35,11.8,11.3,11.7,11.7,3150400,36.28,0,0.0
NAB,2026-09-17,Thursday,11.8,12.35,11.8,12.2,12.2,2740700,33.22,0,0.0
NAB,2026-09-18,Friday,12.35,12.35,12.0,12.0,12.0,1519200,18.58,0,0.0
NAB,2026-09-21,Monday,12.1,12.15,11.7,11.95,11.95,1301700,15.53,0,0.0
NAB,2026-09-22,Tuesday,11.9,12.2,11.7,12.2,12.2,1488800,17.73,0,0.0
NAB,2026-09-23,Wednesday,12.1,12.3,12.1,12.15,12.15,1255100,15.3,0,0.0
NAB,2026-09-24,Thursday,12.15,12.15,11.85,12.0,12.0,1297600,15.54,0,0.0
NAB,2026-09-25,Friday,12.0,12.5,12.0,12.4,12.4,2504900,30.71,0,0.0
NAB,2026-09-28,Monday,12.4,12.55,12.25,12.35,12.35,1748300,21.65,7000000,92.75
NAB,2026-09-29,Tuesday,12.3,12.4,12.2,12.3,12.3,1499700,18.44,0,0.0
NAB,2026-09-30,Wednesday,12.2,12.4,12.2,12.3,12.3,1324400,16.28,0,0.0
NAB,2026-10-01,Thursday,12.25,12.45,12.25,12.35,12.35,1487700,18.34,0,0.0
NAB,2026-10-02,Friday,12.35,12.65,12.3,12.5,12.5,2640900,32.99,0,0.0
NAB,2026-10-05,Monday,12.5,12.65,12.3,12.5,12.5,2188800,27.24,0,0.0
NAB,2026-10-06,Tuesday,12.45,13.1,12.35,12.9,12.9,3844400,49.24,2120000,25.44
NAF,2026-09-09,Wednesday,48.3,48.5,47.9,48.3,48.3,347100,16.73,0,0.0
NAF,2026-09-10,Thursday,48.3,48.3,47.85,48.0,48.0,389300,18.68,0,0.0
NAF,2026-09-11,Friday,48.0,48.2,47.8,48.0,48.0,249200,11.94,300000,14.46
NAF,2026-09-14,Monday,48.0,48.05,47.75,48.0,48.0,208400,9.98,0,0.0
NAF,2026-09-15,Tuesday,48.0,48.05,47.8,48.0,48.0,342700,16.4,0,0.0
NAF,2026-09-16,Wednesday,48.0,48.05,47.8,48.0,48.0,464100,22.22,0,0.0
NAF,2026-09-17,Thursday,47.95,48.05,47.75,48.0,48.0,235900,11.29,0,0.0
NAF,2026-09-18,Friday,47.95,48.05,47.85,48.0,48.0,233000,11.16,0,0.0
NAF,2026-09-21,Monday,47.95,48.05,47.7,47.95,47.95,221600,10.6,0,0.0
NAF,2026-09-22,Tuesday,47.95,48.05,47.85,48.0,48.0,209600,10.04,0,0.0
NAF,2026-09-23,Wednesday,47.95,48.05,47.85,48.0,48.0,221200,10.59,0,0.0
NAF,2026-09-24,Thursday,47.95,48.05,47.85,47.95,47.95,331000,15.85,0,0.0
NAF,2026-09-25,Friday,47.95,48.05,47.85,48.0,48.0,247800,11.88,0,0.0
NAF,2026-09-28,Monday,47.95,48.05,47.8,48.0,48.0,276400,13.23,0,0.0
NAF,2026-09-29,Tuesday,48.0,48.05,47.85,48.0,48.0,250900,12.02,0,0.0
NAF,2026-09-30,Wednesday,47.95,48.1,47.8,48.0,48.0,240800,11.54,0,0.0
NAF,2026-10-01,Thursday,48.0,48.0,47.85,47.95,47.95,228500,10.94,0,0.0
NAF,2026-10-02,Friday,47.95,48.0,47.85,48.0,48.0,319400,15.29,0,0.0
NAF,2026-10-05,Monday,48.0,48.0,47.85,48.0,48.0,306500,14.69,0,0.0
NAF,2026-10-06,Tuesday,47.9,48.0,47.8,48.0,48.0,353600,16.94,0,0.0
NAV,2026-09-09,Wednesday,13.8,13.8,13.8,13.8,13.8,0,0.0,0,0.0
NAV,2026-09-10,Thursday,13.8,13.8,13.8,13.8,13.8,0,0.0,0,0.0
NAV,2026-09-11,Friday,13.8,13.8,13.8,13.8,13.8,600,0.01,0,0.0
NAV,2026-09-14,Monday,13.8,13.8,13.8,13.8,13.8,0,0.0,0,0.0
NAV,2026-09-15,Tuesday,13.8,13.8,13.8,13.8,13.8,0,0.0,0,0.0
NAV,2026-09-16,Wednesday,14.6,14.75,14.6,14.75,14.75,4300,0.06,0,0.0
NAV,2026-09-17,Thursday,15.75,15.75,13.85,14.0,14.0,800,0.01,0,0.0
NAV,2026-09-18,Friday,14.0,14.0,14.0,14.0,14.0,0,0.0,0,0.0
NAV,2026-09-21,Monday,13.35,13.35,13.35,13.35,13.35,100,0.0,0,0.0
NAV,2026-09-22,Tuesday,13.4,13.4,13.4,13.4,13.4,200,0.0,0,0.0
NAV,2026-09-23,Wednesday,14.0,14.0,14.0,14.0,14.0,200,0.0,0,0.0
NAV,2026-09-24,Thursday,14.5,14.5,14.5,14.5,14.5,5000,0.07,0,0.0
NAV,2026-09-25,Friday,14.95,14.95,14.95,14.95,14.95,100,0.0,0,0.0
NAV,2026-09-28,Monday,14.0,14.0,13.95,13.95,13.95,2400,0.03,0,0.0
NAV,2026-09-29,Tuesday,13.9,13.9,13.0,13.0,13.0,4000,0.05,0,0.0
NAV,2026-09-30,Wednesday,13.0,13.0,13.0,13.0,13.0,0,0.0,0,0.0
NAV,2026-10-01,Thursday,13.8,13.8,13.8,13.8,13.8,100,0.0,0,0.0
NAV,2026-10-02,Friday,13.8,13.8,13.8,13.8,13.8,500,0.01,0,0.0
NAV,2026-10-05,Monday,13.8,13.8,13.8,13.8,13.8,0,0.0,0,0.0
NAV,2026-10-06,Tuesday,13.8,13.8,13.8,13.8,13.8,0,0.0,0,0.0
NBB,2026-09-09,Wednesday,17.0,17.1,16.9,17.05,17.05,11500,0.2,0,0.0
NBB,2026-09-10,Thursday,16.9,17.1,16.6,17.1,17.1,33000,0.56,543200,9.27
NBB,2026-09-11,Friday,16.8,17.1,16.55,16.55,16.55,40600,0.68,0,0.0
NBB,2026-09-14,Monday,16.5,16.9,16.4,16.9,16.9,27000,0.45,0,0.0
NBB,2026-09-15,Tuesday,16.65,17.1,16.65,17.1,17.1,65800,1.12,0,0.0
NBB,2026-09-16,Wednesday,17.05,17.1,16.8,17.05,17.05,20000,0.34,70000,1.27
NBB,2026-09-17,Thursday,17.0,17.1,17.0,17.1,17.1,13400,0.23,0,0.0
NBB,2026-09-18,Friday,17.05,17.1,16.9,17.1,17.1,18000,0.31,0,0.0
NBB,2026-09-21,Monday,17.1,17.3,16.9,17.3,17.3,38400,0.66,0,0.0
NBB,2026-09-22,Tuesday,17.05,17.4,17.05,17.35,17.35,24400,0.42,0,0.0
NBB,2026-09-23,Wednesday,17.35,17.35,17.35,17.35,17.35,11500,0.2,137000,2.53
NBB,2026-09-24,Thursday,17.15,17.25,17.15,17.25,17.25,15400,0.27,0,0.0
NBB,2026-09-25,Friday,17.0,17.25,17.0,17.25,17.25,1200,0.02,0,0.0
NBB,2026-09-28,Monday,17.0,17.2,16.85,17.2,17.2,37600,0.65,0,0.0
NBB,2026-09-29,Tuesday,16.9,17.4,16.9,17.4,17.4,57600,0.99,0,0.0
NBB,2026-09-30,Wednesday,17.0,17.8,17.0,17.8,17.8,72500,1.27,0,0.0
NBB,2026-10-01,Thursday,17.4,17.55,17.2,17.2,17.2,44500,0.77,84600,1.6
NBB,2026-10-02,Friday,17.2,17.25,17.0,17.0,17.0,5400,0.09,0,0.0
NBB,2026-10-05,Monday,17.1,17.25,17.1,17.2,17.2,11900,0.2,0,0.0
NBB,2026-10-06,Tuesday,17.0,17.45,16.95,17.4,17.4,16900,0.29,0,0.0
NCT,2026-09-09,Wednesday,85.2,86.3,85.2,85.5,85.5,22800,1.95,0,0.0
NCT,2026-09-10,Thursday,85.9,85.9,85.5,85.5,85.5,6900,0.59,0,0.0
NCT,2026-09-11,Friday,85.5,85.5,84.0,84.0,84.0,9500,0.8,0,0.0
NCT,2026-09-14,Monday,84.1,84.3,83.7,84.1,84.1,5900,0.5,0,0.0
NCT,2026-09-15,Tuesday,83.8,84.2,83.8,84.1,84.1,5500,0.46,0,0.0
NCT,2026-09-16,Wednesday,84.1,84.3,84.0,84.0,84.0,4000,0.34,0,0.0
NCT,2026-09-17,Thursday,84.0,84.0,83.9,84.0,84.0,9500,0.8,0,0.0
NCT,2026-09-18,Friday,84.0,84.4,83.9,84.4,84.4,6900,0.58,0,0.0
NCT,2026-09-21,Monday,84.4,84.4,84.0,84.2,84.2,5500,0.46,0,0.0
NCT,2026-09-22,Tuesday,83.8,84.2,83.8,84.0,84.0,16400,1.38,0,0.0
NCT,2026-09-23,Wednesday,84.0,84.0,83.9,83.9,83.9,6100,0.51,0,0.0
NCT,2026-09-24,Thursday,84.0,84.1,83.6,83.8,83.8,10300,0.86,0,0.0
NCT,2026-09-25,Friday,83.8,83.8,83.4,83.6,83.6,6200,0.52,0,0.0
NCT,2026-09-28,Monday,83.5,83.6,83.1,83.2,83.2,14700,1.22,0,0.0
NCT,2026-09-29,Tuesday,83.0,83.2,83.0,83.1,83.1,11100,0.92,0,0.0
NCT,2026-09-30,Wednesday,83.0,83.1,83.0,83.1,83.1,9500,0.79,0,0.0
NCT,2026-10-01,Thursday,83.1,83.6,83.1,83.4,83.4,6900,0.58,0,0.0
NCT,2026-10-02,Friday,83.4,84.0,83.4,83.5,83.5,5500,0.46,0,0.0
NCT,2026-10-05,Monday,83.5,83.6,83.0,83.1,83.1,13900,1.16,0,0.0
NCT,2026-10-06,Tuesday,83.6,83.7,83.1,83.4,83.4,3900,0.32,0,0.0
NHA,2026-09-09,Wednesday,7.74,7.76,7.2,7.65,7.65,103400,0.79,0,0.0
NHA,2026-09-10,Thursday,7.65,7.66,7.55,7.56,7.56,44100,0.34,0,0.0
NHA,2026-09-11,Friday,7.56,7.58,7.21,7.21,7.21,106600,0.79,0,0.0
NHA,2026-09-14,Monday,7.29,7.29,6.71,6.98,6.98,141000,0.98,0,0.0
NHA,2026-09-15,Tuesday,7.0,7.03,6.5,6.55,6.55,146800,0.99,0,0.0
NHA,2026-09-16,Wednesday,6.65,6.9,6.64,6.7,6.7,71200,0.48,0,0.0
NHA,2026-09-17,Thursday,6.7,6.96,6.7,6.94,6.94,104200,0.72,0,0.0
NHA,2026-09-18,Friday,7.05,7.28,7.05,7.08,7.08,70400,0.5,0,0.0
NHA,2026-09-21,Monday,7.08,7.48,7.08,7.22,7.22,112000,0.82,0,0.0
NHA,2026-09-22,Tuesday,7.44,7.44,7.33,7.33,7.33,65700,0.49,0,0.0
NHA,2026-09-23,Wednesday,7.35,7.37,7.12,7.2,7.2,45900,0.33,0,0.0
NHA,2026-09-24,Thursday,7.02,7.2,6.95,7.0,7.0,80900,0.57,393333,2.64
NHA,2026-09-25,Friday,7.0,7.17,6.96,7.14,7.14,23300,0.16,0,0.0
NHA,2026-09-28,Monday,7.14,7.14,6.8,6.8,6.8,100900,0.69,0,0.0
NHA,2026-09-29,Tuesday,6.8,6.89,6.65,6.69,6.69,93400,0.63,0,0.0
NHA,2026-09-30,Wednesday,6.63,6.88,6.63,6.82,6.82,85600,0.58,0,0.0
NHA,2026-10-01,Thursday,6.88,7.29,6.88,7.29,7.29,659500,4.75,0,0.0
NHA,2026-10-02,Friday,7.65,7.8,7.47,7.65,7.65,378500,2.9,0,0.0
NHA,2026-10-05,Monday,7.79,8.16,7.68,7.78,7.78,293700,2.34,0,0.0
NHA,2026-10-06,Tuesday,7.78,8.0,7.48,8.0,8.0,219400,1.69,0,0.0
NHH,2026-09-09,Wednesday,9.6,9.8,9.6,9.75,9.75,30500,0.3,0,0.0
NHH,2026-09-10,Thursday,9.8,9.85,9.66,9.8,9.8,8700,0.08,0,0.0
NHH,2026-09-11,Friday,9.8,9.8,9.7,9.75,9.75,7100,0.07,0,0.0
NHH,2026-09-14,Monday,9.78,9.9,9.78,9.82,9.82,32100,0.32,0,0.0
NHH,2026-09-15,Tuesday,9.99,9.99,9.75,9.88,9.88,39200,0.39,0,0.0
NHH,2026-09-16,Wednesday,9.94,9.94,9.73,9.73,9.73,11600,0.11,0,0.0
NHH,2026-09-17,Thursday,9.73,9.8,9.63,9.63,9.63,10300,0.1,0,0.0
NHH,2026-09-18,Friday,9.8,9.8,9.68,9.68,9.68,18000,0.17,0,0.0
NHH,2026-09-21,Monday,9.9,10.35,9.8,10.35,10.35,296100,3.02,0,0.0
NHH,2026-09-22,Tuesday,10.1,10.55,10.05,10.2,10.2,53800,0.55,0,0.0
NHH,2026-09-23,Wednesday,10.4,10.4,9.91,10.05,10.05,49700,0.5,0,0.0
NHH,2026-09-24,Thursday,9.9,10.1,9.81,9.84,9.84,24000,0.24,0,0.0
NHH,2026-09-25,Friday,9.98,9.98,9.78,9.87,9.87,28200,0.28,0,0.0
NHH,2026-09-28,Monday,9.8,9.8,9.45,9.51,9.51,35600,0.34,0,0.0
NHH,2026-09-29,Tuesday,9.47,9.69,9.47,9.69,9.69,23700,0.23,0,0.0
NHH,2026-09-30,Wednesday,9.69,10.0,9.53,9.79,9.79,10200,0.1,0,0.0
NHH,2026-10-01,Thursday,9.54,9.77,9.52,9.77,9.77,8200,0.08,0,0.0
NHH,2026-10-02,Friday,9.56,9.78,9.56,9.58,9.58,5000,0.05,0,0.0
NHH,2026-10-05,Monday,9.72,9.72,9.5,9.66,9.66,19300,0.18,0,0.0
NHH,2026-10-06,Tuesday,9.52,9.64,9.46,9.64,9.64,11300,0.11,0,0.0
NHT,2026-09-09,Wednesday,11.3,11.35,11.3,11.35,11.35,2300,0.03,0,0.0
NHT,2026-09-10,Thursday,11.6,11.6,11.0,11.1,11.1,1600,0.02,0,0.0
NHT,2026-09-11,Friday,11.15,11.3,11.15,11.2,11.2,2600,0.03,0,0.0
NHT,2026-09-14,Monday,11.2,11.25,11.2,11.25,11.25,900,0.01,0,0.0
NHT,2026-09-15,Tuesday,11.25,11.3,11.25,11.3,11.3,1600,0.02,0,0.0
NHT,2026-09-16,Wednesday,11.2,11.2,11.2,11.2,11.2,300,0.0,0,0.0
NHT,2026-09-17,Thursday,11.25,11.25,11.25,11.25,11.25,100,0.0,0,0.0
NHT,2026-09-18,Friday,11.2,11.3,11.2,11.3,11.3,1100,0.01,0,0.0
NHT,2026-09-21,Monday,11.5,11.5,11.5,11.5,11.5,1800,0.02,0,0.0
NHT,2026-09-22,Tuesday,11.5,11.5,11.5,11.5,11.5,300,0.0,0,0.0
NHT,2026-09-23,Wednesday,11.2,11.2,11.2,11.2,11.2,2400,0.03,0,0.0
NHT,2026-09-24,Thursday,11.2,11.2,11.2,11.2,11.2,0,0.0,0,0.0
NHT,2026-09-25,Friday,11.2,11.2,11.2,11.2,11.2,400,0.0,0,0.0
NHT,2026-09-28,Monday,11.6,11.6,11.6,11.6,11.6,100,0.0,0,0.0
NHT,2026-09-29,Tuesday,11.6,11.6,11.6,11.6,11.6,0,0.0,0,0.0
NHT,2026-09-30,Wednesday,11.6,11.7,11.6,11.7,11.7,2900,0.03,0,0.0
NHT,2026-10-01,Thursday,11.7,11.7,11.3,11.3,11.3,900,0.01,0,0.0
NHT,2026-10-02,Friday,11.3,11.3,10.9,10.9,10.9,7600,0.08,0,0.0
NHT,2026-10-05,Monday,10.6,10.6,10.6,10.6,10.6,100,0.0,0,0.0
NHT,2026-10-06,Tuesday,10.1,11.0,10.1,11.0,11.0,700,0.01,0,0.0
NKG,2026-09-09,Wednesday,10.7,10.8,10.6,10.75,10.75,1178100,12.63,0,0.0
NKG,2026-09-10,Thursday,10.7,10.7,10.6,10.65,10.65,673400,7.17,0,0.0
NKG,2026-09-11,Friday,10.55,10.6,10.1,10.2,10.2,2538200,26.23,0,0.0
NKG,2026-09-14,Monday,10.2,10.3,9.98,10.1,10.1,2279800,22.95,0,0.0
NKG,2026-09-15,Tuesday,10.0,10.3,10.0,10.1,10.1,2210900,22.36,0,0.0
NKG,2026-09-16,Wednesday,9.92,10.2,9.92,9.98,9.98,1466100,14.65,0,0.0
NKG,2026-09-17,Thursday,9.96,10.25,9.96,10.0,10.0,1479100,14.91,0,0.0
NKG,2026-09-18,Friday,10.1,10.15,9.89,9.89,9.89,2189100,21.86,0,0.0
NKG,2026-09-21,Monday,9.99,10.1,9.9,9.98,9.98,1270200,12.68,0,0.0
NKG,2026-09-22,Tuesday,9.9,10.05,9.9,9.91,9.91,1414900,14.08,0,0.0
NKG,2026-09-23,Wednesday,9.95,9.97,9.9,9.91,9.91,1314400,13.04,0,0.0
NKG,2026-09-24,Thursday,9.92,9.92,9.7,9.7,9.7,1995000,19.53,0,0.0
NKG,2026-09-25,Friday,9.63,9.74,9.63,9.7,9.7,1099000,10.66,0,0.0
NKG,2026-09-28,Monday,9.7,9.7,9.43,9.46,9.46,1804300,17.14,0,0.0
NKG,2026-09-29,Tuesday,9.3,9.56,9.3,9.5,9.5,1500800,14.23,0,0.0
NKG,2026-09-30,Wednesday,9.5,9.59,9.46,9.49,9.49,1211700,11.52,0,0.0
NKG,2026-10-01,Thursday,9.49,9.54,9.43,9.45,9.45,2038200,19.33,0,0.0
NKG,2026-10-02,Friday,9.45,9.48,9.12,9.2,9.2,1814600,16.86,0,0.0
NKG,2026-10-05,Monday,9.21,9.8,9.21,9.52,9.52,2531800,24.25,0,0.0
NKG,2026-10-06,Tuesday,9.52,9.55,9.13,9.43,9.43,1042400,9.77,0,0.0
NLG,2026-09-09,Wednesday,25.2,25.45,24.8,25.25,25.25,1582300,39.87,100000,2.6
NLG,2026-09-10,Thursday,24.85,25.25,24.75,24.8,24.8,1145200,28.48,20000,0.49
NLG,2026-09-11,Friday,24.6,24.9,24.0,24.7,24.7,3623400,88.91,1500000,37.2
NLG,2026-09-14,Monday,24.2,24.5,23.75,23.75,23.75,2910900,70.09,20000,0.49
NLG,2026-09-15,Tuesday,23.7,24.1,23.7,23.85,23.85,1384800,32.99,0,0.0
NLG,2026-09-16,Wednesday,23.85,24.0,23.5,23.7,23.7,807600,19.15,20000,0.48
NLG,2026-09-17,Thursday,23.5,24.25,23.5,23.75,23.75,1491700,35.72,2100000,49.77
NLG,2026-09-18,Friday,23.95,24.3,23.95,24.1,24.1,978300,23.62,0,0.0
NLG,2026-09-21,Monday,24.2,24.5,24.0,24.1,24.1,925900,22.42,69300,1.68
NLG,2026-09-22,Tuesday,23.8,24.15,23.8,23.8,23.8,857400,20.5,0,0.0
NLG,2026-09-23,Wednesday,23.8,23.9,23.2,23.2,23.2,1855100,43.53,69300,1.68
NLG,2026-09-24,Thursday,23.15,23.35,22.8,22.8,22.8,1511900,34.77,35000,0.86
NLG,2026-09-25,Friday,22.8,23.05,22.4,22.45,22.45,1371800,30.99,69300,1.68
NLG,2026-09-28,Monday,22.45,22.45,21.35,21.65,21.65,2265200,49.21,0,0.0
NLG,2026-09-29,Tuesday,21.7,22.05,21.35,21.65,21.65,1785700,38.69,0,0.0
NLG,2026-09-30,Wednesday,21.8,21.95,21.5,21.75,21.75,1509300,32.8,2462240,53.31
NLG,2026-10-01,Thursday,21.4,21.85,21.3,21.85,21.85,2687800,58.34,5800000,125.57
NLG,2026-10-02,Friday,21.9,22.0,21.75,21.9,21.9,2197400,48.03,27300,0.64
NLG,2026-10-05,Monday,21.95,22.05,21.6,21.7,21.7,1580400,34.48,0,0.0
NLG,2026-10-06,Tuesday,21.5,22.1,21.4,21.45,21.45,2347700,50.8,420000,8.48
NNC,2026-09-09,Wednesday,40.3,40.5,39.9,40.4,40.4,36300,1.46,0,0.0
NNC,2026-09-10,Thursday,40.0,40.25,39.65,39.7,39.7,41900,1.67,0,0.0
NNC,2026-09-11,Friday,39.65,39.65,38.0,38.2,38.2,49600,1.91,0,0.0
NNC,2026-09-14,Monday,37.5,37.85,36.9,36.95,36.95,46800,1.74,0,0.0
NNC,2026-09-15,Tuesday,36.0,37.8,36.0,37.75,37.75,54600,2.01,0,0.0
NNC,2026-09-16,Wednesday,37.7,37.75,37.3,37.7,37.7,19200,0.72,0,0.0
NNC,2026-09-17,Thursday,37.95,38.0,37.35,37.75,37.75,31900,1.2,0,0.0
NNC,2026-09-18,Friday,37.55,37.85,37.45,37.5,37.5,12300,0.46,0,0.0
NNC,2026-09-21,Monday,37.75,37.85,37.3,37.8,37.8,13300,0.5,0,0.0
NNC,2026-09-22,Tuesday,37.5,37.9,37.4,37.9,37.9,31100,1.17,0,0.0
NNC,2026-09-23,Wednesday,37.8,37.9,37.45,37.9,37.9,13200,0.5,0,0.0
NNC,2026-09-24,Thursday,37.75,37.9,37.75,37.9,37.9,5600,0.21,0,0.0
NNC,2026-09-25,Friday,37.85,37.9,37.45,37.9,37.9,13000,0.49,0,0.0
NNC,2026-09-28,Monday,37.8,37.9,37.4,37.9,37.9,9300,0.35,0,0.0
NNC,2026-09-29,Tuesday,37.7,37.9,37.3,37.85,37.85,20800,0.78,0,0.0
NNC,2026-09-30,Wednesday,37.7,39.0,37.5,38.8,38.8,25700,0.97,0,0.0
NNC,2026-10-01,Thursday,38.8,38.85,38.15,38.8,38.8,23900,0.92,0,0.0
NNC,2026-10-02,Friday,38.6,38.7,38.05,38.65,38.65,20100,0.77,0,0.0
NNC,2026-10-05,Monday,37.5,38.65,37.5,38.65,38.65,53200,2.03,0,0.0
NNC,2026-10-06,Tuesday,38.0,38.5,37.8,38.5,38.5,12400,0.47,0,0.0
NO1,2026-09-09,Wednesday,4.31,4.31,4.1,4.11,4.11,147100,0.61,0,0.0
NO1,2026-09-10,Thursday,4.11,4.25,4.1,4.12,4.12,12400,0.05,0,0.0
NO1,2026-09-11,Friday,4.12,4.12,4.03,4.03,4.03,16500,0.07,0,0.0
NO1,2026-09-14,Monday,4.02,4.02,3.91,4.0,4.0,29900,0.12,0,0.0
NO1,2026-09-15,Tuesday,3.9,3.99,3.89,3.98,3.98,3000,0.01,0,0.0
NO1,2026-09-16,Wednesday,4.01,4.01,3.72,3.99,3.99,1500,0.01,0,0.0
NO1,2026-09-17,Thursday,4.0,4.0,4.0,4.0,4.0,700,0.0,0,0.0
NO1,2026-09-18,Friday,4.1,4.1,4.0,4.0,4.0,200,0.0,0,0.0
NO1,2026-09-21,Monday,4.0,4.04,4.0,4.0,4.0,2400,0.01,0,0.0
NO1,2026-09-22,Tuesday,4.0,4.0,3.91,4.0,4.0,1100,0.0,0,0.0
NO1,2026-09-23,Wednesday,4.0,4.0,3.99,4.0,4.0,7400,0.03,0,0.0
NO1,2026-09-24,Thursday,3.79,3.99,3.76,3.79,3.79,3900,0.01,0,0.0
NO1,2026-09-25,Friday,3.61,3.91,3.61,3.91,3.91,700,0.0,0,0.0
NO1,2026-09-28,Monday,3.9,3.9,3.68,3.9,3.9,5100,0.02,0,0.0
NO1,2026-09-29,Tuesday,3.78,3.88,3.69,3.75,3.75,4800,0.02,0,0.0
NO1,2026-09-30,Wednesday,3.5,3.85,3.5,3.73,3.73,8000,0.03,0,0.0
NO1,2026-10-01,Thursday,3.66,3.66,3.49,3.64,3.64,5900,0.02,0,0.0
NO1,2026-10-02,Friday,3.61,3.65,3.52,3.64,3.64,7100,0.03,0,0.0
NO1,2026-10-05,Monday,3.56,3.64,3.56,3.62,3.62,27500,0.1,0,0.0
NO1,2026-10-06,Tuesday,3.62,3.62,3.55,3.56,3.56,14600,0.05,0,0.0
NSC,2026-09-09,Wednesday,65.0,65.5,65.0,65.5,65.5,1100,0.07,0,0.0
NSC,2026-09-10,Thursday,65.0,65.0,65.0,65.0,65.0,300,0.02,0,0.0
NSC,2026-09-11,Friday,64.5,64.5,64.5,64.5,64.5,500,0.03,0,0.0
NSC,2026-09-14,Monday,64.5,64.5,64.5,64.5,64.5,0,0.0,0,0.0
NSC,2026-09-15,Tuesday,64.5,64.5,64.5,64.5,64.5,0,0.0,0,0.0
NSC,2026-09-16,Wednesday,64.1,64.5,64.1,64.5,64.5,600,0.04,0,0.0
NSC,2026-09-17,Thursday,64.5,64.5,64.5,64.5,64.5,100,0.01,0,0.0
NSC,2026-09-18,Friday,63.6,64.0,63.5,63.5,63.5,1400,0.09,0,0.0
NSC,2026-09-21,Monday,63.5,63.5,63.5,63.5,63.5,0,0.0,0,0.0
NSC,2026-09-22,Tuesday,65.4,65.5,65.4,65.5,65.5,200,0.01,0,0.0
NSC,2026-09-23,Wednesday,65.5,65.5,65.5,65.5,65.5,0,0.0,0,0.0
NSC,2026-09-24,Thursday,62.5,63.0,62.5,63.0,63.0,300,0.02,0,0.0
NSC,2026-09-25,Friday,63.0,63.0,62.9,63.0,63.0,900,0.06,0,0.0
NSC,2026-09-28,Monday,64.5,64.5,64.5,64.5,64.5,100,0.01,0,0.0
NSC,2026-09-29,Tuesday,60.3,62.0,60.3,62.0,62.0,8100,0.5,0,0.0
NSC,2026-09-30,Wednesday,65.0,65.0,61.1,61.1,61.1,1100,0.07,0,0.0
NSC,2026-10-01,Thursday,61.1,61.1,61.1,61.1,61.1,0,0.0,0,0.0
NSC,2026-10-02,Friday,63.3,63.3,63.3,63.3,63.3,100,0.01,0,0.0
NSC,2026-10-05,Monday,59.6,61.8,59.6,61.8,61.8,1500,0.09,0,0.0
NSC,2026-10-06,Tuesday,61.6,61.6,60.0,60.0,60.0,3100,0.19,0,0.0
NT2,2026-09-09,Wednesday,20.4,20.7,20.4,20.65,20.65,530000,10.91,0,0.0
NT2,2026-09-10,Thursday,20.75,21.0,20.75,20.8,20.8,614500,12.84,0,0.0
NT2,2026-09-11,Friday,20.95,20.95,20.45,20.5,20.5,611500,12.7,0,0.0
NT2,2026-09-14,Monday,20.4,20.55,20.2,20.25,20.25,318300,6.49,0,0.0
NT2,2026-09-15,Tuesday,20.25,20.5,20.2,20.5,20.5,428100,8.7,87500,1.65
NT2,2026-09-16,Wednesday,20.5,20.6,20.45,20.5,20.5,180100,3.69,0,0.0
NT2,2026-09-17,Thursday,20.45,20.75,20.45,20.55,20.55,203700,4.2,0,0.0
NT2,2026-09-18,Friday,20.55,20.9,20.5,20.8,20.8,517700,10.73,0,0.0
NT2,2026-09-21,Monday,20.9,20.9,20.5,20.6,20.6,279900,5.78,0,0.0
NT2,2026-09-22,Tuesday,20.6,20.75,20.55,20.75,20.75,215700,4.45,0,0.0
NT2,2026-09-23,Wednesday,20.85,21.25,20.75,21.2,21.2,787300,16.63,0,0.0
NT2,2026-09-24,Thursday,21.0,21.2,20.9,20.9,20.9,584800,12.3,0,0.0
NT2,2026-09-25,Friday,20.9,21.0,20.8,20.85,20.85,158200,3.31,0,0.0
NT2,2026-09-28,Monday,21.0,21.0,20.6,20.8,20.8,288100,5.97,0,0.0
NT2,2026-09-29,Tuesday,20.8,21.15,20.6,21.1,21.1,355600,7.45,0,0.0
NT2,2026-09-30,Wednesday,21.25,22.15,21.25,22.1,22.1,2174800,47.66,280000,6.3
NT2,2026-10-01,Thursday,22.1,22.2,21.8,21.95,21.95,812200,17.82,0,0.0
NT2,2026-10-02,Friday,21.9,22.55,21.9,22.3,22.3,1402500,31.18,280000,6.27
NT2,2026-10-05,Monday,22.4,22.4,22.0,22.0,22.0,715400,15.87,0,0.0
NT2,2026-10-06,Tuesday,22.0,22.1,21.45,21.9,21.9,829700,18.04,430000,9.46
NTC,2026-09-09,Wednesday,128.0,128.9,128.0,128.5,128.5,14100,1.81,0,0.0
NTC,2026-09-10,Thursday,128.6,129.3,128.5,129.3,129.3,19800,2.55,0,0.0
NTC,2026-09-11,Friday,130.5,130.5,129.1,129.1,129.1,3000,0.39,0,0.0
NTC,2026-09-14,Monday,129.0,129.8,128.9,129.2,129.2,11500,1.48,0,0.0
NTC,2026-09-15,Tuesday,129.3,129.6,129.0,129.1,129.1,11800,1.52,0,0.0
NTC,2026-09-16,Wednesday,130.3,130.3,129.0,129.0,129.0,22400,2.89,0,0.0
NTC,2026-09-17,Thursday,129.5,129.6,129.0,129.0,129.0,4400,0.57,0,0.0
NTC,2026-09-18,Friday,129.3,129.5,128.9,129.0,129.0,8600,1.11,0,0.0
NTC,2026-09-21,Monday,129.0,129.8,129.0,129.5,129.5,11500,1.49,0,0.0
NTC,2026-09-22,Tuesday,129.8,129.9,129.8,129.8,129.8,1600,0.21,0,0.0
NTC,2026-09-23,Wednesday,129.8,130.0,129.7,129.8,129.8,900,0.12,0,0.0
NTC,2026-09-24,Thursday,129.8,130.8,129.0,129.8,129.8,17000,2.22,0,0.0
NTC,2026-09-25,Friday,130.8,131.0,130.0,130.4,130.4,3100,0.4,0,0.0
NTC,2026-09-28,Monday,130.9,130.9,129.9,130.3,130.3,21500,2.8,0,0.0
NTC,2026-09-29,Tuesday,131.5,131.5,130.4,131.3,131.3,7800,1.02,0,0.0
NTC,2026-09-30,Wednesday,132.3,133.0,132.0,133.0,133.0,5300,0.7,0,0.0
NTC,2026-10-01,Thursday,133.8,133.8,132.5,133.3,133.3,10800,1.44,0,0.0
NTC,2026-10-02,Friday,133.8,133.8,132.2,133.4,133.4,2700,0.36,0,0.0
NTC,2026-10-05,Monday,133.7,133.8,133.2,133.2,133.2,2300,0.31,0,0.0
NTC,2026-10-06,Tuesday,133.0,133.0,130.9,132.4,132.4,3700,0.49,0,0.0
NTL,2026-09-09,Wednesday,12.6,12.6,12.35,12.35,12.35,220900,2.75,0,0.0
NTL,2026-09-10,Thursday,12.3,12.35,12.15,12.15,12.15,254200,3.11,0,0.0
NTL,2026-09-11,Friday,12.05,13.0,12.05,12.75,12.75,2674000,34.34,0,0.0
NTL,2026-09-14,Monday,12.55,12.95,12.4,12.5,12.5,221400,2.8,0,0.0
NTL,2026-09-15,Tuesday,12.7,12.8,12.4,12.6,12.6,262400,3.29,0,0.0
NTL,2026-09-16,Wednesday,12.6,12.65,12.4,12.5,12.5,188900,2.36,0,0.0
NTL,2026-09-17,Thursday,12.45,12.85,12.25,12.55,12.55,405400,5.09,0,0.0
NTL,2026-09-18,Friday,12.8,12.8,12.5,12.6,12.6,221600,2.79,0,0.0
NTL,2026-09-21,Monday,12.55,13.0,12.55,12.8,12.8,929200,11.84,0,0.0
NTL,2026-09-22,Tuesday,12.95,13.15,12.75,12.8,12.8,1542300,20.03,0,0.0
NTL,2026-09-23,Wednesday,12.8,12.8,12.45,12.45,12.45,425000,5.34,0,0.0
NTL,2026-09-24,Thursday,12.55,12.55,12.2,12.25,12.25,708200,8.71,0,0.0
NTL,2026-09-25,Friday,12.25,12.4,12.2,12.2,12.2,365900,4.48,0,0.0
NTL,2026-09-28,Monday,12.15,12.2,11.35,11.7,11.7,2260900,25.95,0,0.0
NTL,2026-09-29,Tuesday,11.65,11.65,11.35,11.35,11.35,290600,3.33,0,0.0
NTL,2026-09-30,Wednesday,11.75,11.75,11.4,11.4,11.4,160300,1.84,0,0.0
NTL,2026-10-01,Thursday,11.2,11.5,11.2,11.4,11.4,234100,2.64,0,0.0
NTL,2026-10-02,Friday,11.4,11.45,11.25,11.4,11.4,372700,4.23,0,0.0
NTL,2026-10-05,Monday,11.4,11.6,11.4,11.4,11.4,190400,2.19,0,0.0
NTL,2026-10-06,Tuesday,11.25,11.55,11.0,11.55,11.55,550900,6.23,0,0.0
NVL,2026-09-09,Wednesday,12.9,13.0,12.7,13.0,12.91,9517800,122.07,1300000,16.25
NVL,2026-09-10,Thursday,12.9,13.0,12.85,12.85,12.76,3741600,48.26,0,0.0
NVL,2026-09-11,Friday,12.75,12.95,12.2,12.2,12.11,21690900,270.2,1500000,18.05
NVL,2026-09-14,Monday,12.1,12.25,11.65,11.95,11.86,22465000,267.22,2930000,34.53
NVL,2026-09-15,Tuesday,11.9,12.05,11.8,12.0,11.91,9343200,111.39,7765000,93.18
NVL,2026-09-16,Wednesday,12.0,12.25,11.7,12.25,12.16,13999200,167.92,12250000,147.0
NVL,2026-09-17,Thursday,12.15,12.5,12.0,12.5,12.41,14249000,176.73,8300000,99.6
NVL,2026-09-18,Friday,12.6,12.8,12.5,12.8,12.71,29133500,370.51,1000000,12.0
NVL,2026-09-21,Monday,12.95,13.2,12.65,12.65,12.56,18367400,237.88,0,0.0
NVL,2026-09-22,Tuesday,12.75,12.75,12.4,12.55,12.46,7776500,97.33,7239700,87.13
NVL,2026-09-23,Wednesday,12.45,12.7,12.25,12.3,12.21,7928200,98.14,21010192,254.21
NVL,2026-09-24,Thursday,12.2,12.3,11.95,12.2,12.11,15463300,186.43,11819200,141.58
NVL,2026-09-25,Friday,12.2,12.2,11.8,11.85,11.76,14512400,173.06,2089692,26.96
NVL,2026-09-28,Monday,11.7,11.8,11.05,11.05,10.97,11788400,132.39,0,0.0
NVL,2026-09-29,Tuesday,10.3,10.3,10.3,10.3,10.22,21866100,225.22,20624950,212.44
NVL,2026-09-30,Wednesday,9.6,10.6,9.6,10.2,10.2,97059000,962.1,0,0.0
NVL,2026-10-01,Thursday,10.25,10.45,10.1,10.4,10.4,15659200,160.28,0,0.0
NVL,2026-10-02,Friday,10.4,10.5,9.91,10.45,10.45,40823300,418.64,10477500,101.45
NVL,2026-10-05,Monday,10.3,10.55,10.15,10.55,10.55,27067200,281.47,2479975,27.28
NVL,2026-10-06,Tuesday,10.5,10.55,10.1,10.4,10.4,28766600,295.36,10979300,111.47
NVT,2026-09-09,Wednesday,7.98,7.98,7.98,7.98,7.98,0,0.0,0,0.0
NVT,2026-09-10,Thursday,7.6,7.6,7.6,7.6,7.6,100,0.0,0,0.0
NVT,2026-09-11,Friday,7.11,7.3,7.11,7.3,7.3,500,0.0,0,0.0
NVT,2026-09-14,Monday,7.3,7.3,7.3,7.3,7.3,0,0.0,0,0.0
NVT,2026-09-15,Tuesday,7.1,7.1,7.1,7.1,7.1,100,0.0,0,0.0
NVT,2026-09-16,Wednesday,7.1,7.1,7.1,7.1,7.1,900,0.01,0,0.0
NVT,2026-09-17,Thursday,7.1,7.1,7.1,7.1,7.1,0,0.0,0,0.0
NVT,2026-09-18,Friday,7.1,7.1,7.1,7.1,7.1,0,0.0,0,0.0
NVT,2026-09-21,Monday,7.1,7.1,7.1,7.1,7.1,0,0.0,0,0.0
NVT,2026-09-22,Tuesday,6.91,6.92,6.91,6.91,6.91,4200,0.03,0,0.0
NVT,2026-09-23,Wednesday,6.91,7.32,6.45,7.32,7.32,800,0.01,0,0.0
NVT,2026-09-24,Thursday,7.0,7.0,7.0,7.0,7.0,200,0.0,0,0.0
NVT,2026-09-25,Friday,7.0,7.0,7.0,7.0,7.0,0,0.0,0,0.0
NVT,2026-09-28,Monday,6.77,6.77,6.77,6.77,6.77,10500,0.07,0,0.0
NVT,2026-09-29,Tuesday,6.75,6.75,6.75,6.75,6.75,100,0.0,0,0.0
NVT,2026-09-30,Wednesday,6.75,6.75,6.75,6.75,6.75,0,0.0,0,0.0
NVT,2026-10-01,Thursday,6.75,6.75,6.75,6.75,6.75,0,0.0,0,0.0
NVT,2026-10-02,Friday,6.75,6.75,6.75,6.75,6.75,0,0.0,0,0.0
NVT,2026-10-05,Monday,6.75,6.75,6.75,6.75,6.75,0,0.0,0,0.0
NVT,2026-10-06,Tuesday,6.75,6.75,6.75,6.75,6.75,0,0.0,0,0.0
OCB,2026-09-09,Wednesday,10.25,10.3,10.05,10.15,10.15,4596700,46.75,0,0.0
OCB,2026-09-10,Thursday,10.1,10.25,10.1,10.2,10.2,1185300,12.08,0,0.0
OCB,2026-09-11,Friday,10.2,10.25,10.1,10.2,10.2,2278100,23.19,0,0.0
OCB,2026-09-14,Monday,10.2,10.3,10.15,10.2,10.2,1791500,18.27,6160692,64.38
OCB,2026-09-15,Tuesday,10.25,10.35,10.2,10.3,10.3,913000,9.39,0,0.0
OCB,2026-09-16,Wednesday,10.3,10.4,10.25,10.3,10.3,1265300,13.06,11225000,115.88
OCB,2026-09-17,Thursday,10.3,10.45,10.3,10.35,10.35,1522800,15.8,1252209,13.77
OCB,2026-09-18,Friday,10.35,10.6,10.35,10.5,10.5,1775300,18.58,5427379,59.7
OCB,2026-09-21,Monday,10.55,10.6,10.4,10.45,10.45,1197500,12.53,4237331,47.03
OCB,2026-09-22,Tuesday,10.4,10.5,10.4,10.45,10.45,1607500,16.76,19571749,205.71
OCB,2026-09-23,Wednesday,10.45,10.5,10.4,10.45,10.45,812200,8.49,0,0.0
OCB,2026-09-24,Thursday,10.4,10.45,10.2,10.3,10.3,1100200,11.32,7285749,80.14
OCB,2026-09-25,Friday,10.3,10.35,10.2,10.2,10.2,816500,8.39,0,0.0
OCB,2026-09-28,Monday,10.2,10.2,10.05,10.1,10.1,1233200,12.47,3085749,32.4
OCB,2026-09-29,Tuesday,10.2,10.2,9.96,10.05,10.05,1428400,14.39,0,0.0
OCB,2026-09-30,Wednesday,10.1,10.15,10.1,10.1,10.1,394200,3.99,0,0.0
OCB,2026-10-01,Thursday,10.1,10.2,10.1,10.2,10.2,989700,10.03,2341000,25.28
OCB,2026-10-02,Friday,10.15,10.2,10.1,10.1,10.1,862200,8.72,0,0.0
OCB,2026-10-05,Monday,10.15,10.15,9.97,10.0,10.0,1465700,14.78,0,0.0
OCB,2026-10-06,Tuesday,10.0,10.05,9.92,9.99,9.99,1727600,17.23,0,0.0
OGC,2026-09-09,Wednesday,2.15,2.18,2.13,2.13,2.13,233900,0.5,0,0.0
OGC,2026-09-10,Thursday,2.16,2.16,2.08,2.1,2.1,208200,0.44,0,0.0
OGC,2026-09-11,Friday,2.1,2.14,2.06,2.12,2.12,110500,0.23,0,0.0
OGC,2026-09-14,Monday,2.08,2.12,2.07,2.12,2.12,111600,0.23,0,0.0
OGC,2026-09-15,Tuesday,2.07,2.15,2.07,2.15,2.15,145800,0.31,0,0.0
OGC,2026-09-16,Wednesday,2.16,2.17,2.07,2.13,2.13,96100,0.2,0,0.0
OGC,2026-09-17,Thursday,2.1,2.14,2.08,2.1,2.1,93900,0.2,0,0.0
OGC,2026-09-18,Friday,2.14,2.2,2.09,2.12,2.12,115500,0.24,0,0.0
OGC,2026-09-21,Monday,2.12,2.16,2.09,2.1,2.1,231200,0.49,0,0.0
OGC,2026-09-22,Tuesday,2.11,2.11,2.08,2.1,2.1,143300,0.3,0,0.0
OGC,2026-09-23,Wednesday,2.13,2.13,2.09,2.1,2.1,146900,0.31,0,0.0
OGC,2026-09-24,Thursday,2.1,2.1,2.07,2.08,2.08,80900,0.17,0,0.0
OGC,2026-09-25,Friday,2.09,2.15,2.06,2.12,2.12,223300,0.47,0,0.0
OGC,2026-09-28,Monday,2.14,2.14,2.06,2.06,2.06,108800,0.23,0,0.0
OGC,2026-09-29,Tuesday,2.06,2.11,2.02,2.05,2.05,135300,0.28,0,0.0
OGC,2026-09-30,Wednesday,2.09,2.09,2.04,2.04,2.04,93300,0.19,0,0.0
OGC,2026-10-01,Thursday,2.08,2.08,2.03,2.03,2.03,95800,0.2,0,0.0
OGC,2026-10-02,Friday,2.03,2.03,1.98,2.03,2.03,233400,0.47,0,0.0
OGC,2026-10-05,Monday,2.08,2.09,2.02,2.03,2.03,253300,0.52,0,0.0
OGC,2026-10-06,Tuesday,2.03,2.05,1.98,2.05,2.05,311900,0.63,0,0.0
OPC,2026-09-09,Wednesday,20.0,20.05,19.95,20.05,20.05,4500,0.09,0,0.0
OPC,2026-09-10,Thursday,20.0,20.0,20.0,20.0,20.0,3000,0.06,0,0.0
OPC,2026-09-11,Friday,20.0,20.0,20.0,20.0,20.0,0,0.0,0,0.0
OPC,2026-09-14,Monday,20.0,20.0,19.95,19.95,19.95,500,0.01,500000,10.0
OPC,2026-09-15,Tuesday,19.95,20.0,19.95,20.0,20.0,4300,0.09,3730000,74.6
OPC,2026-09-16,Wednesday,20.1,20.1,20.0,20.0,20.0,1300,0.03,4008400,80.17
OPC,2026-09-17,Thursday,20.0,20.0,20.0,20.0,20.0,4300,0.09,0,0.0
OPC,2026-09-18,Friday,20.0,20.0,20.0,20.0,20.0,7400,0.15,0,0.0
OPC,2026-09-21,Monday,20.0,20.0,20.0,20.0,20.0,8500,0.17,2340000,46.8
OPC,2026-09-22,Tuesday,20.0,20.0,20.0,20.0,20.0,600,0.01,0,0.0
OPC,2026-09-23,Wednesday,20.0,20.0,20.0,20.0,20.0,6300,0.13,0,0.0
OPC,2026-09-24,Thursday,19.85,20.0,19.85,20.0,20.0,12700,0.25,0,0.0
OPC,2026-09-25,Friday,20.0,20.0,20.0,20.0,20.0,0,0.0,0,0.0
OPC,2026-09-28,Monday,20.0,20.0,20.0,20.0,20.0,0,0.0,0,0.0
OPC,2026-09-29,Tuesday,20.95,20.95,20.0,20.0,20.0,300,0.01,0,0.0
OPC,2026-09-30,Wednesday,19.9,19.9,19.9,19.9,19.9,700,0.01,0,0.0
OPC,2026-10-01,Thursday,18.8,20.0,18.8,20.0,20.0,16800,0.32,0,0.0
OPC,2026-10-02,Friday,19.9,20.0,19.9,20.0,20.0,1800,0.04,0,0.0
OPC,2026-10-05,Monday,18.85,19.95,18.85,19.95,19.95,3100,0.06,0,0.0
OPC,2026-10-06,Tuesday,19.9,19.95,19.5,19.95,19.95,2000,0.04,0,0.0
ORS,2026-09-09,Wednesday,13.85,13.85,13.55,13.55,13.55,3317100,45.55,2200000,30.8
ORS,2026-09-10,Thursday,13.5,13.6,13.3,13.45,13.45,1649200,22.18,0,0.0
ORS,2026-09-11,Friday,13.4,13.4,13.0,13.0,13.0,2258300,29.59,0,0.0
ORS,2026-09-14,Monday,13.05,13.1,12.8,13.0,13.0,2390300,31.09,0,0.0
ORS,2026-09-15,Tuesday,13.05,13.15,13.0,13.1,13.1,1673200,21.9,0,0.0
ORS,2026-09-16,Wednesday,13.1,13.15,12.75,13.1,13.1,2199500,28.54,19180000,268.52
ORS,2026-09-17,Thursday,13.0,13.9,12.95,13.4,13.4,5697600,76.51,0,0.0
ORS,2026-09-18,Friday,13.5,13.65,13.3,13.4,13.4,1907300,25.8,19180000,268.52
ORS,2026-09-21,Monday,13.5,13.5,13.1,13.2,13.2,1549600,20.67,0,0.0
ORS,2026-09-22,Tuesday,13.35,13.8,13.2,13.3,13.3,3416300,46.06,0,0.0
ORS,2026-09-23,Wednesday,13.3,13.55,13.25,13.3,13.3,1500100,20.09,0,0.0
ORS,2026-09-24,Thursday,13.3,13.45,13.2,13.4,13.4,1325600,17.68,0,0.0
ORS,2026-09-25,Friday,13.4,13.45,13.25,13.4,13.4,1490200,19.91,0,0.0
ORS,2026-09-28,Monday,13.35,13.35,12.95,13.2,13.2,1556000,20.41,0,0.0
ORS,2026-09-29,Tuesday,13.2,13.25,13.15,13.2,13.2,1234000,16.3,0,0.0
ORS,2026-09-30,Wednesday,13.2,13.3,13.1,13.15,13.15,1426600,18.84,0,0.0
ORS,2026-10-01,Thursday,13.15,13.5,13.05,13.5,13.5,2174000,28.79,0,0.0
ORS,2026-10-02,Friday,13.4,13.5,13.2,13.35,13.35,1466700,19.59,0,0.0
ORS,2026-10-05,Monday,13.35,13.35,13.15,13.3,13.3,1099000,14.6,0,0.0
ORS,2026-10-06,Tuesday,13.3,13.35,12.9,13.35,13.35,2268900,29.9,0,0.0
PAC,2026-09-09,Wednesday,14.95,14.95,14.6,14.7,14.7,75900,1.12,0,0.0
PAC,2026-09-10,Thursday,14.85,14.85,14.45,14.45,14.45,117500,1.71,0,0.0
PAC,2026-09-11,Friday,14.5,14.5,13.8,14.1,14.1,183600,2.59,0,0.0
PAC,2026-09-14,Monday,14.05,14.3,13.75,13.8,13.8,118300,1.66,0,0.0
PAC,2026-09-15,Tuesday,13.9,14.2,13.8,14.2,14.2,153000,2.14,0,0.0
PAC,2026-09-16,Wednesday,14.15,14.3,14.1,14.2,14.2,71300,1.01,0,0.0
PAC,2026-09-17,Thursday,14.0,14.45,14.0,14.4,14.4,91600,1.31,0,0.0
PAC,2026-09-18,Friday,14.35,14.5,14.35,14.5,14.5,103800,1.5,0,0.0
PAC,2026-09-21,Monday,14.5,14.6,14.3,14.3,14.3,120300,1.74,0,0.0
PAC,2026-09-22,Tuesday,14.45,14.55,13.8,14.2,14.2,134900,1.91,0,0.0
PAC,2026-09-23,Wednesday,14.3,14.4,14.05,14.05,14.05,69200,0.98,0,0.0
PAC,2026-09-24,Thursday,14.05,14.25,13.9,14.1,14.1,88300,1.24,0,0.0
PAC,2026-09-25,Friday,14.05,14.1,13.8,14.0,14.0,116300,1.62,0,0.0
PAC,2026-09-28,Monday,13.9,14.1,13.7,13.7,13.7,59000,0.81,0,0.0
PAC,2026-09-29,Tuesday,13.8,13.8,13.6,13.8,13.8,72600,0.99,0,0.0
PAC,2026-09-30,Wednesday,13.6,14.0,13.6,13.8,13.8,59200,0.82,0,0.0
PAC,2026-10-01,Thursday,13.8,13.95,13.75,13.9,13.9,62200,0.86,0,0.0
PAC,2026-10-02,Friday,13.95,14.6,13.9,14.1,14.1,364200,5.19,0,0.0
PAC,2026-10-05,Monday,14.4,14.4,13.95,14.1,14.1,262200,3.69,0,0.0
PAC,2026-10-06,Tuesday,14.2,14.25,13.6,13.8,13.8,167200,2.32,0,0.0
PAN,2026-09-09,Wednesday,18.7,18.8,18.45,18.65,18.65,575900,10.7,0,0.0
PAN,2026-09-10,Thursday,18.65,18.65,18.45,18.5,18.5,383500,7.11,815000,15.08
PAN,2026-09-11,Friday,18.5,18.55,18.05,18.2,18.2,776700,14.17,0,0.0
PAN,2026-09-14,Monday,18.05,18.3,17.95,18.3,18.3,372600,6.74,815000,15.26
PAN,2026-09-15,Tuesday,18.3,18.45,18.2,18.45,18.45,288400,5.29,80000,1.46
PAN,2026-09-16,Wednesday,18.45,18.8,18.25,18.55,18.55,436800,8.06,0,0.0
PAN,2026-09-17,Thursday,18.45,18.9,18.4,18.75,18.75,315900,5.92,0,0.0
PAN,2026-09-18,Friday,18.75,18.95,18.6,18.6,18.6,276400,5.17,0,0.0
PAN,2026-09-21,Monday,18.65,18.8,18.4,18.45,18.45,443200,8.21,0,0.0
PAN,2026-09-22,Tuesday,18.35,18.6,18.3,18.5,18.5,302300,5.56,0,0.0
PAN,2026-09-23,Wednesday,18.4,18.7,18.4,18.4,18.4,178500,3.3,0,0.0
PAN,2026-09-24,Thursday,18.4,18.55,18.25,18.45,18.45,431100,7.93,0,0.0
PAN,2026-09-25,Friday,18.4,18.5,18.25,18.4,18.4,158100,2.9,250000,4.88
PAN,2026-09-28,Monday,18.3,18.35,17.95,18.0,18.0,478500,8.65,0,0.0
PAN,2026-09-29,Tuesday,17.95,18.1,17.8,18.0,18.0,328700,5.89,0,0.0
PAN,2026-09-30,Wednesday,17.95,18.85,17.95,18.5,18.5,617800,11.39,0,0.0
PAN,2026-10-01,Thursday,18.5,18.75,18.25,18.5,18.5,412400,7.62,0,0.0
PAN,2026-10-02,Friday,18.5,19.05,18.4,18.7,18.7,959400,18.04,0,0.0
PAN,2026-10-05,Monday,18.65,18.85,18.55,18.75,18.75,386100,7.23,0,0.0
PAN,2026-10-06,Tuesday,18.8,18.9,18.1,18.6,18.6,636000,11.71,0,0.0
PC1,2026-09-09,Wednesday,20.45,20.9,20.45,20.7,20.7,2090900,43.27,0,0.0
PC1,2026-09-10,Thursday,20.6,20.6,20.4,20.45,20.45,1055100,21.61,0,0.0
PC1,2026-09-11,Friday,20.5,20.75,20.2,20.4,20.4,1674100,34.17,0,0.0
PC1,2026-09-14,Monday,20.4,20.4,19.45,20.25,20.25,2703000,53.82,0,0.0
PC1,2026-09-15,Tuesday,20.0,20.4,20.0,20.05,20.05,858300,17.33,0,0.0
PC1,2026-09-16,Wednesday,20.15,20.3,19.95,20.0,20.0,1201900,24.13,0,0.0
PC1,2026-09-17,Thursday,19.6,20.15,19.6,20.05,20.05,832900,16.63,0,0.0
PC1,2026-09-18,Friday,19.95,20.1,19.85,20.05,20.05,1055400,21.08,0,0.0
PC1,2026-09-21,Monday,20.0,20.55,19.8,20.15,20.15,1817000,36.81,2185000,46.76
PC1,2026-09-22,Tuesday,20.15,20.85,20.1,20.85,20.85,2518000,51.74,4030000,86.64
PC1,2026-09-23,Wednesday,20.95,21.45,20.85,21.2,21.2,2553600,54.16,7200000,159.84
PC1,2026-09-24,Thursday,21.15,21.4,20.95,21.05,21.05,1232900,26.07,0,0.0
PC1,2026-09-25,Friday,20.9,21.2,20.85,21.0,21.0,1282700,26.92,0,0.0
PC1,2026-09-28,Monday,20.9,20.9,20.15,20.25,20.25,1458500,29.69,0,0.0
PC1,2026-09-29,Tuesday,20.15,20.25,19.95,20.25,20.25,1302100,26.13,0,0.0
PC1,2026-09-30,Wednesday,20.2,20.75,20.0,20.75,20.75,2277300,46.68,150000,3.08
PC1,2026-10-01,Thursday,20.5,20.5,20.0,20.2,20.2,1298200,26.18,0,0.0
PC1,2026-10-02,Friday,20.0,20.05,19.25,19.25,19.25,2563200,50.29,150000,3.06
PC1,2026-10-05,Monday,19.3,19.7,19.1,19.55,19.55,1086700,21.06,0,0.0
PC1,2026-10-06,Tuesday,19.8,19.8,19.1,19.45,19.45,617000,11.94,0,0.0
PDN,2026-09-09,Wednesday,85.6,87.0,85.6,85.8,85.8,3800,0.33,0,0.0
PDN,2026-09-10,Thursday,85.5,86.9,85.3,86.8,86.8,2000,0.17,0,0.0
PDN,2026-09-11,Friday,86.8,86.8,85.7,85.7,85.7,1100,0.09,0,0.0
PDN,2026-09-14,Monday,85.7,85.7,82.6,84.3,84.3,1300,0.11,0,0.0
PDN,2026-09-15,Tuesday,84.2,84.7,84.0,84.7,84.7,800,0.07,0,0.0
PDN,2026-09-16,Wednesday,82.3,85.4,82.3,85.4,85.4,600,0.05,0,0.0
PDN,2026-09-17,Thursday,83.1,84.0,83.0,84.0,84.0,6600,0.55,0,0.0
PDN,2026-09-18,Friday,84.0,84.0,83.0,83.9,83.9,2400,0.2,0,0.0
PDN,2026-09-21,Monday,83.0,83.8,82.6,83.8,83.8,3000,0.25,0,0.0
PDN,2026-09-22,Tuesday,83.0,84.0,82.6,84.0,84.0,900,0.07,0,0.0
PDN,2026-09-23,Wednesday,84.0,84.0,83.9,84.0,84.0,1900,0.16,0,0.0
PDN,2026-09-24,Thursday,82.8,84.0,82.8,84.0,84.0,1600,0.13,0,0.0
PDN,2026-09-25,Friday,84.0,84.0,84.0,84.0,84.0,2300,0.19,0,0.0
PDN,2026-09-28,Monday,84.0,84.0,82.9,84.0,84.0,700,0.06,0,0.0
PDN,2026-09-29,Tuesday,84.0,85.0,84.0,84.9,84.9,2400,0.2,0,0.0
PDN,2026-09-30,Wednesday,84.9,84.9,83.7,83.7,83.7,300,0.03,0,0.0
PDN,2026-10-01,Thursday,83.7,84.0,83.7,83.7,83.7,2300,0.19,0,0.0
PDN,2026-10-02,Friday,83.7,83.7,82.7,82.7,82.7,1400,0.12,0,0.0
PDN,2026-10-05,Monday,83.0,84.2,83.0,84.2,84.2,500,0.04,0,0.0
PDN,2026-10-06,Tuesday,83.0,84.5,83.0,84.5,84.5,1000,0.08,0,0.0
PDR,2026-09-09,Wednesday,11.95,12.0,11.85,12.0,12.0,4129200,49.13,0,0.0
PDR,2026-09-10,Thursday,12.0,12.0,11.8,12.0,12.0,3341000,39.79,270000,3.25
PDR,2026-09-11,Friday,11.9,11.95,11.6,11.75,11.75,6205700,72.87,0,0.0
PDR,2026-09-14,Monday,11.65,11.7,11.4,11.55,11.55,4703300,54.38,0,0.0
PDR,2026-09-15,Tuesday,11.45,11.6,11.4,11.6,11.6,2815500,32.38,0,0.0
PDR,2026-09-16,Wednesday,11.5,11.55,11.3,11.55,11.55,2724900,31.14,0,0.0
PDR,2026-09-17,Thursday,11.3,11.8,11.3,11.55,11.55,3702800,42.94,0,0.0
PDR,2026-09-18,Friday,11.55,11.6,11.4,11.5,11.5,2965000,34.13,0,0.0
PDR,2026-09-21,Monday,11.55,11.7,11.4,11.5,11.5,1813800,20.9,0,0.0
PDR,2026-09-22,Tuesday,11.55,11.95,11.55,11.75,11.75,4953500,58.37,0,0.0
PDR,2026-09-23,Wednesday,11.8,11.8,11.55,11.65,11.65,1736900,20.21,0,0.0
PDR,2026-09-24,Thursday,11.5,11.55,11.3,11.5,11.5,4285100,48.85,0,0.0
PDR,2026-09-25,Friday,11.45,11.45,11.25,11.3,11.3,3075600,34.81,0,0.0
PDR,2026-09-28,Monday,11.3,11.3,10.55,11.3,11.3,7483400,81.8,0,0.0
PDR,2026-09-29,Tuesday,11.05,11.3,10.9,11.3,11.3,3909600,43.71,0,0.0
PDR,2026-09-30,Wednesday,11.2,11.25,11.05,11.25,11.25,3308100,37.0,0,0.0
PDR,2026-10-01,Thursday,11.1,11.25,10.9,11.25,11.25,4396700,48.9,0,0.0
PDR,2026-10-02,Friday,11.1,11.2,10.95,11.2,11.2,3665400,40.67,0,0.0
PDR,2026-10-05,Monday,11.1,11.2,11.0,11.2,11.2,3855700,42.91,0,0.0
PDR,2026-10-06,Tuesday,11.1,11.15,10.75,11.15,11.15,4533600,49.95,0,0.0
PDV,2026-09-09,Wednesday,8.45,8.45,8.3,8.32,7.77,19200,0.16,0,0.0
PDV,2026-09-10,Thursday,8.33,8.48,8.3,8.3,7.75,10700,0.09,0,0.0
PDV,2026-09-11,Friday,8.3,8.34,8.25,8.34,7.78,20800,0.17,0,0.0
PDV,2026-09-14,Monday,8.35,8.4,8.1,8.34,7.78,44000,0.36,0,0.0
PDV,2026-09-15,Tuesday,8.33,8.7,8.32,8.52,7.95,103200,0.87,0,0.0
PDV,2026-09-16,Wednesday,8.52,8.8,8.52,8.69,8.11,18600,0.16,0,0.0
PDV,2026-09-17,Thursday,8.74,8.74,8.3,8.43,7.87,31100,0.26,0,0.0
PDV,2026-09-18,Friday,8.48,8.54,8.35,8.5,7.93,17900,0.15,0,0.0
PDV,2026-09-21,Monday,8.48,8.6,8.35,8.6,8.03,54000,0.46,0,0.0
PDV,2026-09-22,Tuesday,8.42,8.74,8.42,8.73,8.15,40100,0.35,0,0.0
PDV,2026-09-23,Wednesday,8.72,8.72,8.45,8.5,7.93,11500,0.1,0,0.0
PDV,2026-09-24,Thursday,8.5,8.68,8.5,8.52,7.95,16400,0.14,0,0.0
PDV,2026-09-25,Friday,8.52,8.53,8.52,8.53,7.96,13400,0.11,0,0.0
PDV,2026-09-28,Monday,8.53,9.12,8.53,8.62,8.05,14000,0.12,0,0.0
PDV,2026-09-29,Tuesday,8.65,9.1,8.65,9.03,8.43,60500,0.54,0,0.0
PDV,2026-09-30,Wednesday,9.03,9.11,8.82,8.82,8.23,30000,0.27,0,0.0
PDV,2026-10-01,Thursday,9.0,9.14,8.81,9.01,8.41,70900,0.63,0,0.0
PDV,2026-10-02,Friday,8.62,8.62,8.31,8.34,8.34,61100,0.52,0,0.0
PDV,2026-10-05,Monday,8.27,8.55,8.27,8.55,8.55,20600,0.17,0,0.0
PDV,2026-10-06,Tuesday,8.55,8.73,8.55,8.61,8.61,18200,0.16,0,0.0
PET,2026-09-09,Wednesday,38.1,38.1,37.65,37.95,37.95,289100,10.95,300000,11.25
PET,2026-09-10,Thursday,38.4,38.9,38.0,38.55,38.55,280000,10.77,0,0.0
PET,2026-09-11,Friday,38.8,39.0,38.3,38.3,38.3,299800,11.57,0,0.0
PET,2026-09-14,Monday,38.1,38.3,35.65,36.9,36.9,656700,24.03,1679375,68.69
PET,2026-09-15,Tuesday,36.9,37.9,36.0,37.9,37.9,256000,9.61,3722025,137.71
PET,2026-09-16,Wednesday,37.5,38.5,37.5,38.4,38.4,336800,12.89,3099900,116.25
PET,2026-09-17,Thursday,38.4,38.85,38.15,38.65,38.65,555700,21.45,0,0.0
PET,2026-09-18,Friday,38.5,39.3,38.5,38.9,38.9,231400,9.01,0,0.0
PET,2026-09-21,Monday,39.1,39.25,38.0,38.8,38.8,196000,7.51,0,0.0
PET,2026-09-22,Tuesday,38.8,41.5,38.7,41.5,41.5,1647800,67.29,0,0.0
PET,2026-09-23,Wednesday,43.85,44.4,42.4,44.4,44.4,1950000,86.01,0,0.0
PET,2026-09-24,Thursday,45.0,47.0,44.7,45.0,45.0,1928000,88.32,0,0.0
PET,2026-09-25,Friday,45.85,48.15,45.3,48.0,48.0,1752500,83.52,0,0.0
PET,2026-09-28,Monday,49.9,51.0,49.8,51.0,51.0,852500,43.27,30000,1.34
PET,2026-09-29,Tuesday,51.2,54.0,47.45,54.0,54.0,1736700,88.32,0,0.0
PET,2026-09-30,Wednesday,54.0,57.0,52.9,56.9,56.9,1046900,58.02,0,0.0
PET,2026-10-01,Thursday,56.9,57.4,53.0,53.0,53.0,540500,29.09,0,0.0
PET,2026-10-02,Friday,49.3,52.2,49.3,49.8,49.8,942200,46.6,0,0.0
PET,2026-10-05,Monday,50.1,53.2,50.1,51.5,51.5,1042400,54.23,0,0.0
PET,2026-10-06,Tuesday,51.6,52.9,49.3,51.0,51.0,711400,36.36,0,0.0
PGC,2026-09-09,Wednesday,13.9,13.9,13.8,13.8,13.8,52600,0.73,0,0.0
PGC,2026-09-10,Thursday,13.95,14.2,13.85,14.2,14.2,117600,1.66,0,0.0
PGC,2026-09-11,Friday,14.2,14.3,13.95,14.2,14.2,34000,0.48,0,0.0
PGC,2026-09-14,Monday,14.3,15.15,14.15,14.75,14.75,231700,3.44,0,0.0
PGC,2026-09-15,Tuesday,14.8,14.9,14.5,14.85,14.85,80200,1.19,0,0.0
PGC,2026-09-16,Wednesday,14.65,14.9,13.9,13.9,13.9,91600,1.32,0,0.0
PGC,2026-09-17,Thursday,13.9,13.9,13.5,13.75,13.75,162700,2.22,0,0.0
PGC,2026-09-18,Friday,13.9,14.5,13.5,14.5,14.5,56200,0.78,0,0.0
PGC,2026-09-21,Monday,14.25,14.5,14.05,14.4,14.4,46400,0.66,0,0.0
PGC,2026-09-22,Tuesday,14.05,14.2,13.7,14.0,14.0,22400,0.31,0,0.0
PGC,2026-09-23,Wednesday,14.25,14.25,13.8,13.9,13.9,56000,0.78,0,0.0
PGC,2026-09-24,Thursday,13.8,13.9,13.55,13.55,13.55,86600,1.18,0,0.0
PGC,2026-09-25,Friday,13.6,14.1,13.6,14.1,14.1,46700,0.65,0,0.0
PGC,2026-09-28,Monday,14.05,14.25,13.9,14.25,14.25,94300,1.33,0,0.0
PGC,2026-09-29,Tuesday,14.3,14.7,14.05,14.45,14.45,74100,1.07,0,0.0
PGC,2026-09-30,Wednesday,14.5,14.7,14.2,14.2,14.2,16600,0.24,0,0.0
PGC,2026-10-01,Thursday,14.2,15.15,14.2,15.15,15.15,308400,4.61,0,0.0
PGC,2026-10-02,Friday,15.15,15.3,14.7,14.75,14.75,123800,1.84,0,0.0
PGC,2026-10-05,Monday,14.8,15.75,14.7,15.45,15.45,217000,3.28,0,0.0
PGC,2026-10-06,Tuesday,15.4,15.45,14.85,15.0,15.0,79700,1.21,0,0.0
PGD,2026-09-09,Wednesday,21.8,21.8,21.8,21.8,20.84,0,0.0,0,0.0
PGD,2026-09-10,Thursday,22.0,22.0,21.55,21.55,20.6,500,0.01,0,0.0
PGD,2026-09-11,Friday,21.55,21.55,21.55,21.55,20.6,0,0.0,0,0.0
PGD,2026-09-14,Monday,22.0,22.0,22.0,22.0,21.03,200,0.0,0,0.0
PGD,2026-09-15,Tuesday,22.0,22.0,22.0,22.0,21.03,0,0.0,0,0.0
PGD,2026-09-16,Wednesday,22.85,22.85,22.1,22.1,21.13,1500,0.03,0,0.0
PGD,2026-09-17,Thursday,22.1,22.7,22.1,22.7,21.7,2300,0.05,0,0.0
PGD,2026-09-18,Friday,22.7,22.7,22.7,22.7,21.7,0,0.0,0,0.0
PGD,2026-09-21,Monday,22.8,22.8,22.8,22.8,21.79,300,0.01,0,0.0
PGD,2026-09-22,Tuesday,22.7,22.7,22.7,22.7,21.7,3000,0.07,0,0.0
PGD,2026-09-23,Wednesday,22.7,22.7,22.7,22.7,21.7,0,0.0,0,0.0
PGD,2026-09-24,Thursday,21.8,21.9,21.7,21.8,21.8,900,0.02,0,0.0
PGD,2026-09-25,Friday,21.8,21.8,21.8,21.8,21.8,0,0.0,0,0.0
PGD,2026-09-28,Monday,21.8,22.5,21.8,22.5,22.5,300,0.01,0,0.0
PGD,2026-09-29,Tuesday,22.5,22.5,22.5,22.5,22.5,100,0.0,0,0.0
PGD,2026-09-30,Wednesday,21.2,21.25,20.95,21.15,21.15,3900,0.08,0,0.0
PGD,2026-10-01,Thursday,21.05,22.0,19.85,19.85,19.85,3700,0.08,0,0.0
PGD,2026-10-02,Friday,19.85,21.2,19.85,21.2,21.2,200,0.0,0,0.0
PGD,2026-10-05,Monday,22.3,22.3,22.3,22.3,22.3,100,0.0,0,0.0
PGD,2026-10-06,Tuesday,22.3,22.3,22.3,22.3,22.3,0,0.0,0,0.0
PGI,2026-09-09,Wednesday,23.0,23.0,23.0,23.0,23.0,100,0.0,0,0.0
PGI,2026-09-10,Thursday,23.0,23.0,23.0,23.0,23.0,0,0.0,0,0.0
PGI,2026-09-11,Friday,23.0,23.0,23.0,23.0,23.0,0,0.0,0,0.0
PGI,2026-09-14,Monday,22.1,22.1,22.1,22.1,22.1,200,0.0,0,0.0
PGI,2026-09-15,Tuesday,22.15,22.15,22.15,22.15,22.15,200,0.0,0,0.0
PGI,2026-09-16,Wednesday,22.15,22.15,22.15,22.15,22.15,100,0.0,0,0.0
PGI,2026-09-17,Thursday,22.0,22.0,21.35,21.35,21.35,500,0.01,0,0.0
PGI,2026-09-18,Friday,19.9,22.5,19.9,22.5,22.5,400,0.01,0,0.0
PGI,2026-09-21,Monday,22.0,22.0,22.0,22.0,22.0,2000,0.04,0,0.0
PGI,2026-09-22,Tuesday,22.0,22.0,22.0,22.0,22.0,0,0.0,0,0.0
PGI,2026-09-23,Wednesday,22.0,22.0,22.0,22.0,22.0,1900,0.04,0,0.0
PGI,2026-09-24,Thursday,22.0,22.0,22.0,22.0,22.0,1100,0.02,0,0.0
PGI,2026-09-25,Friday,22.0,22.0,22.0,22.0,22.0,0,0.0,0,0.0
PGI,2026-09-28,Monday,20.5,21.0,20.5,21.0,21.0,5100,0.11,0,0.0
PGI,2026-09-29,Tuesday,21.0,21.0,19.85,19.85,19.85,3100,0.06,0,0.0
PGI,2026-09-30,Wednesday,19.85,19.85,19.85,19.85,19.85,0,0.0,0,0.0
PGI,2026-10-01,Thursday,19.85,19.85,19.85,19.85,19.85,0,0.0,195825,3.64
PGI,2026-10-02,Friday,19.85,19.85,19.85,19.85,19.85,0,0.0,0,0.0
PGI,2026-10-05,Monday,19.85,19.85,19.85,19.85,19.85,0,0.0,0,0.0
PGI,2026-10-06,Tuesday,19.85,19.85,19.8,19.85,19.85,2100,0.04,0,0.0
PGV,2026-09-09,Wednesday,21.4,21.4,21.0,21.35,21.35,7200,0.15,0,0.0
PGV,2026-09-10,Thursday,21.3,22.7,21.2,21.65,21.65,2700,0.06,0,0.0
PGV,2026-09-11,Friday,21.65,21.65,20.8,21.4,21.4,2500,0.05,0,0.0
PGV,2026-09-14,Monday,20.7,21.8,20.6,21.3,21.3,3300,0.07,0,0.0
PGV,2026-09-15,Tuesday,21.9,21.9,21.9,21.9,21.9,100,0.0,0,0.0
PGV,2026-09-16,Wednesday,20.75,21.35,20.75,21.3,21.3,300,0.01,0,0.0
PGV,2026-09-17,Thursday,21.35,21.35,20.85,21.3,21.3,6100,0.13,0,0.0
PGV,2026-09-18,Friday,21.7,21.7,21.3,21.3,21.3,200,0.0,0,0.0
PGV,2026-09-21,Monday,21.05,21.25,21.05,21.25,21.25,300,0.01,0,0.0
PGV,2026-09-22,Tuesday,21.25,21.25,21.25,21.25,21.25,500,0.01,0,0.0
PGV,2026-09-23,Wednesday,21.25,22.7,21.25,21.95,21.95,4300,0.09,0,0.0
PGV,2026-09-24,Thursday,22.45,22.45,21.4,21.85,21.85,4700,0.1,0,0.0
PGV,2026-09-25,Friday,21.85,22.6,21.3,22.3,22.3,11000,0.24,0,0.0
PGV,2026-09-28,Monday,21.5,22.45,21.45,22.3,22.3,5700,0.12,0,0.0
PGV,2026-09-29,Tuesday,22.5,22.5,21.45,22.2,22.2,4900,0.11,0,0.0
PGV,2026-09-30,Wednesday,21.85,22.3,21.35,21.95,21.95,11700,0.25,0,0.0
PGV,2026-10-01,Thursday,21.5,22.2,21.15,21.9,21.9,6000,0.13,0,0.0
PGV,2026-10-02,Friday,21.1,21.85,20.9,21.5,21.5,13900,0.29,0,0.0
PGV,2026-10-05,Monday,21.5,21.5,20.8,21.0,21.0,11900,0.25,0,0.0
PGV,2026-10-06,Tuesday,21.35,21.35,20.6,21.1,21.1,1300,0.03,0,0.0
PHC,2026-09-09,Wednesday,3.97,3.98,3.91,3.98,3.51,1100,0.0,0,0.0
PHC,2026-09-10,Thursday,4.04,4.05,3.98,4.05,3.57,49600,0.2,0,0.0
PHC,2026-09-11,Friday,4.14,4.14,3.97,3.99,3.52,31900,0.13,0,0.0
PHC,2026-09-14,Monday,4.0,4.05,4.0,4.04,3.56,27300,0.11,0,0.0
PHC,2026-09-15,Tuesday,4.09,4.15,4.04,4.12,3.63,60800,0.25,0,0.0
PHC,2026-09-16,Wednesday,4.13,4.2,4.1,4.18,3.68,25700,0.11,0,0.0
PHC,2026-09-17,Thursday,4.13,4.24,4.12,4.23,3.73,43200,0.18,0,0.0
PHC,2026-09-18,Friday,4.27,4.31,4.2,4.24,3.74,189900,0.8,0,0.0
PHC,2026-09-21,Monday,4.29,4.32,4.17,4.2,3.7,64400,0.27,0,0.0
PHC,2026-09-22,Tuesday,3.83,3.83,3.68,3.68,3.68,36800,0.14,0,0.0
PHC,2026-09-23,Wednesday,3.68,3.74,3.65,3.66,3.66,11300,0.04,0,0.0
PHC,2026-09-24,Thursday,3.66,3.73,3.55,3.55,3.55,25700,0.09,0,0.0
PHC,2026-09-25,Friday,3.69,3.69,3.51,3.63,3.63,5800,0.02,0,0.0
PHC,2026-09-28,Monday,3.74,3.74,3.7,3.71,3.71,11600,0.04,0,0.0
PHC,2026-09-29,Tuesday,3.51,3.78,3.51,3.73,3.73,8200,0.03,0,0.0
PHC,2026-09-30,Wednesday,3.74,3.74,3.51,3.68,3.68,9100,0.03,0,0.0
PHC,2026-10-01,Thursday,3.72,3.8,3.53,3.69,3.69,20500,0.07,0,0.0
PHC,2026-10-02,Friday,3.69,3.75,3.6,3.6,3.6,16300,0.06,0,0.0
PHC,2026-10-05,Monday,3.6,3.75,3.53,3.6,3.6,8800,0.03,0,0.0
PHC,2026-10-06,Tuesday,3.67,3.67,3.51,3.6,3.6,12800,0.05,0,0.0
PHR,2026-09-09,Wednesday,62.1,62.3,61.3,61.4,33.32,413000,25.49,0,0.0
PHR,2026-09-10,Thursday,61.4,61.6,60.4,60.4,32.78,538900,32.79,0,0.0
PHR,2026-09-11,Friday,33.35,33.9,32.45,32.8,32.8,878700,29.07,0,0.0
PHR,2026-09-14,Monday,32.6,33.3,30.8,31.1,31.1,800300,25.62,0,0.0
PHR,2026-09-15,Tuesday,30.95,31.8,30.9,31.4,31.4,558300,17.52,0,0.0
PHR,2026-09-16,Wednesday,31.5,32.5,31.3,31.75,31.75,326600,10.42,0,0.0
PHR,2026-09-17,Thursday,31.55,32.0,31.45,31.7,31.7,156800,4.97,0,0.0
PHR,2026-09-18,Friday,31.8,32.0,31.5,31.55,31.55,214200,6.78,0,0.0
PHR,2026-09-21,Monday,31.6,31.95,31.6,31.7,31.7,231900,7.37,0,0.0
PHR,2026-09-22,Tuesday,31.85,31.95,31.65,31.65,31.65,182800,5.8,0,0.0
PHR,2026-09-23,Wednesday,31.7,32.25,31.6,31.65,31.65,428300,13.63,0,0.0
PHR,2026-09-24,Thursday,31.7,32.55,31.7,32.0,32.0,456200,14.64,0,0.0
PHR,2026-09-25,Friday,32.3,32.75,32.2,32.45,32.45,315600,10.24,0,0.0
PHR,2026-09-28,Monday,32.75,32.75,31.8,31.9,31.9,381900,12.3,0,0.0
PHR,2026-09-29,Tuesday,31.9,32.75,31.85,32.7,32.7,746300,24.14,0,0.0
PHR,2026-09-30,Wednesday,33.0,34.5,32.9,33.55,33.55,965000,32.58,1514700,52.94
PHR,2026-10-01,Thursday,33.9,34.6,33.35,33.85,33.85,843200,28.63,0,0.0
PHR,2026-10-02,Friday,33.55,34.35,33.15,33.2,33.2,913600,30.84,0,0.0
PHR,2026-10-05,Monday,33.25,33.5,32.75,32.9,32.9,573900,18.91,0,0.0
PHR,2026-10-06,Tuesday,33.0,33.25,31.8,32.85,32.85,716700,23.33,0,0.0
PIT,2026-09-09,Wednesday,8.8,8.8,8.8,8.8,8.8,9800,0.09,0,0.0
PIT,2026-09-10,Thursday,8.9,8.9,8.8,8.8,8.8,20100,0.18,0,0.0
PIT,2026-09-11,Friday,8.75,8.75,8.75,8.75,8.75,500,0.0,0,0.0
PIT,2026-09-14,Monday,8.75,9.1,8.75,9.1,9.1,18800,0.17,0,0.0
PIT,2026-09-15,Tuesday,9.1,9.73,9.1,9.73,9.73,11700,0.11,0,0.0
PIT,2026-09-16,Wednesday,9.73,10.4,9.59,10.4,10.4,51200,0.52,0,0.0
PIT,2026-09-17,Thursday,10.5,11.1,10.3,11.1,11.1,125700,1.39,0,0.0
PIT,2026-09-18,Friday,11.1,11.85,11.1,11.8,11.8,3220700,38.16,0,0.0
PIT,2026-09-21,Monday,11.8,11.9,11.0,11.0,11.0,16700,0.19,0,0.0
PIT,2026-09-22,Tuesday,10.9,10.9,10.25,10.25,10.25,17400,0.18,0,0.0
PIT,2026-09-23,Wednesday,9.54,9.54,9.54,9.54,9.54,12600,0.12,0,0.0
PIT,2026-09-24,Thursday,8.88,9.5,8.88,8.88,8.88,30900,0.27,0,0.0
PIT,2026-09-25,Friday,8.89,8.89,8.85,8.85,8.85,7000,0.06,0,0.0
PIT,2026-09-28,Monday,8.24,8.85,8.24,8.24,8.24,3600,0.03,0,0.0
PIT,2026-09-29,Tuesday,8.23,8.23,7.67,7.67,7.67,26600,0.2,0,0.0
PIT,2026-09-30,Wednesday,7.7,7.8,7.14,7.8,7.8,24200,0.18,0,0.0
PIT,2026-10-01,Thursday,7.8,7.8,7.8,7.8,7.8,0,0.0,0,0.0
PIT,2026-10-02,Friday,7.3,7.3,7.26,7.26,7.26,3200,0.02,0,0.0
PIT,2026-10-05,Monday,7.2,7.69,6.77,7.57,7.57,5200,0.04,0,0.0
PIT,2026-10-06,Tuesday,7.25,7.25,7.25,7.25,7.25,800,0.01,0,0.0
PJT,2026-09-09,Wednesday,9.19,9.19,9.19,9.19,9.19,0,0.0,0,0.0
PJT,2026-09-10,Thursday,9.19,9.19,9.19,9.19,9.19,0,0.0,0,0.0
PJT,2026-09-11,Friday,9.19,9.19,9.19,9.19,9.19,0,0.0,0,0.0
PJT,2026-09-14,Monday,9.19,9.19,9.19,9.19,9.19,0,0.0,0,0.0
PJT,2026-09-15,Tuesday,9.19,9.19,9.19,9.19,9.19,0,0.0,0,0.0
PJT,2026-09-16,Wednesday,8.57,9.19,8.57,9.19,9.19,200,0.0,0,0.0
PJT,2026-09-17,Thursday,8.6,9.16,8.6,9.16,9.16,400,0.0,0,0.0
PJT,2026-09-18,Friday,8.8,8.8,8.8,8.8,8.8,100,0.0,0,0.0
PJT,2026-09-21,Monday,8.8,9.18,8.8,9.18,9.18,200,0.0,0,0.0
PJT,2026-09-22,Tuesday,8.63,8.75,8.63,8.75,8.75,200,0.0,0,0.0
PJT,2026-09-23,Wednesday,8.75,8.75,8.75,8.75,8.75,0,0.0,0,0.0
PJT,2026-09-24,Thursday,8.75,8.75,8.75,8.75,8.75,0,0.0,0,0.0
PJT,2026-09-25,Friday,8.88,8.99,8.88,8.99,8.99,700,0.01,0,0.0
PJT,2026-09-28,Monday,8.53,8.53,8.5,8.5,8.5,1200,0.01,0,0.0
PJT,2026-09-29,Tuesday,8.5,8.5,8.5,8.5,8.5,0,0.0,0,0.0
PJT,2026-09-30,Wednesday,8.55,8.71,8.55,8.71,8.71,400,0.0,0,0.0
PJT,2026-10-01,Thursday,8.71,8.71,8.71,8.71,8.71,0,0.0,0,0.0
PJT,2026-10-02,Friday,8.71,8.71,8.71,8.71,8.71,0,0.0,0,0.0
PJT,2026-10-05,Monday,8.56,8.56,8.56,8.56,8.56,1000,0.01,0,0.0
PJT,2026-10-06,Tuesday,8.56,8.56,8.56,8.56,8.56,0,0.0,0,0.0
PLP,2026-09-09,Wednesday,4.26,4.61,4.26,4.61,4.61,252100,1.15,0,0.0
PLP,2026-09-10,Thursday,4.69,4.7,4.51,4.63,4.63,52700,0.24,0,0.0
PLP,2026-09-11,Friday,4.63,4.63,4.31,4.31,4.31,220100,0.96,0,0.0
PLP,2026-09-14,Monday,4.31,4.46,4.01,4.01,4.01,513400,2.09,0,0.0
PLP,2026-09-15,Tuesday,3.73,4.06,3.73,3.95,3.95,1953700,7.29,0,0.0
PLP,2026-09-16,Wednesday,3.95,3.95,3.68,3.89,3.89,138600,0.51,0,0.0
PLP,2026-09-17,Thursday,3.73,3.94,3.62,3.75,3.75,152900,0.57,0,0.0
PLP,2026-09-18,Friday,3.61,3.8,3.58,3.8,3.8,111800,0.41,0,0.0
PLP,2026-09-21,Monday,3.7,3.81,3.65,3.8,3.8,62800,0.24,0,0.0
PLP,2026-09-22,Tuesday,3.8,3.83,3.73,3.74,3.74,72400,0.27,0,0.0
PLP,2026-09-23,Wednesday,3.73,3.82,3.68,3.68,3.68,55400,0.21,0,0.0
PLP,2026-09-24,Thursday,3.68,3.7,3.58,3.6,3.6,50300,0.18,0,0.0
PLP,2026-09-25,Friday,3.6,3.75,3.6,3.68,3.68,36900,0.14,0,0.0
PLP,2026-09-28,Monday,3.6,3.73,3.55,3.68,3.68,59900,0.22,0,0.0
PLP,2026-09-29,Tuesday,3.68,3.74,3.61,3.74,3.74,35800,0.13,0,0.0
PLP,2026-09-30,Wednesday,3.68,3.76,3.65,3.75,3.75,52700,0.2,0,0.0
PLP,2026-10-01,Thursday,3.7,3.77,3.6,3.75,3.75,20100,0.07,0,0.0
PLP,2026-10-02,Friday,3.76,3.76,3.49,3.49,3.49,66000,0.24,0,0.0
PLP,2026-10-05,Monday,3.5,3.6,3.25,3.5,3.5,145600,0.48,0,0.0
PLP,2026-10-06,Tuesday,3.5,3.55,3.5,3.54,3.54,21600,0.08,0,0.0
PLX,2026-09-09,Wednesday,36.15,36.95,35.75,35.8,35.8,5211800,189.27,0,0.0
PLX,2026-09-10,Thursday,36.25,36.25,35.5,35.5,35.5,3556200,127.08,0,0.0
PLX,2026-09-11,Friday,36.0,36.35,35.2,35.2,35.2,4766600,169.91,0,0.0
PLX,2026-09-14,Monday,35.2,35.95,34.85,35.25,35.25,4183000,148.22,0,0.0
PLX,2026-09-15,Tuesday,35.4,37.5,35.3,37.35,37.35,11244000,410.81,0,0.0
PLX,2026-09-16,Wednesday,37.55,39.5,37.5,38.2,38.2,11745200,451.92,0,0.0
PLX,2026-09-17,Thursday,38.0,38.5,37.35,37.8,37.8,6643200,251.41,0,0.0
PLX,2026-09-18,Friday,38.0,38.05,36.8,37.4,37.4,5491800,204.65,0,0.0
PLX,2026-09-21,Monday,37.1,37.8,36.85,36.85,36.85,4841100,180.3,0,0.0
PLX,2026-09-22,Tuesday,37.0,37.0,35.9,36.5,36.5,5587700,202.97,0,0.0
PLX,2026-09-23,Wednesday,36.4,36.75,36.0,36.4,36.4,2502400,91.07,0,0.0
PLX,2026-09-24,Thursday,36.4,36.65,35.0,35.0,35.0,6781000,240.99,0,0.0
PLX,2026-09-25,Friday,35.1,35.3,34.5,35.0,35.0,3909400,136.58,0,0.0
PLX,2026-09-28,Monday,35.2,35.65,34.6,35.6,35.6,2854800,99.97,0,0.0
PLX,2026-09-29,Tuesday,35.75,37.1,35.65,36.45,36.45,5323900,194.16,0,0.0
PLX,2026-09-30,Wednesday,36.2,36.3,35.5,35.6,35.6,2712600,97.15,0,0.0
PLX,2026-10-01,Thursday,36.05,37.65,35.5,36.65,36.65,7102400,262.06,0,0.0
PLX,2026-10-02,Friday,37.0,37.15,35.8,35.8,35.8,3261100,118.49,0,0.0
PLX,2026-10-05,Monday,35.9,36.15,35.5,35.5,35.5,1811400,64.75,0,0.0
PLX,2026-10-06,Tuesday,35.65,36.35,34.9,36.2,36.2,4154200,148.59,0,0.0
PMG,2026-09-09,Wednesday,6.2,6.5,6.18,6.5,6.5,1600,0.01,0,0.0
PMG,2026-09-10,Thursday,6.5,6.5,6.5,6.5,6.5,0,0.0,0,0.0
PMG,2026-09-11,Friday,6.05,6.06,6.05,6.05,6.05,5700,0.03,0,0.0
PMG,2026-09-14,Monday,6.2,6.4,6.2,6.4,6.4,1200,0.01,0,0.0
PMG,2026-09-15,Tuesday,6.3,6.3,6.3,6.3,6.3,4700,0.03,0,0.0
PMG,2026-09-16,Wednesday,6.3,6.3,6.3,6.3,6.3,0,0.0,0,0.0
PMG,2026-09-17,Thursday,6.2,6.2,6.2,6.2,6.2,1100,0.01,0,0.0
PMG,2026-09-18,Friday,6.2,6.2,6.2,6.2,6.2,0,0.0,0,0.0
PMG,2026-09-21,Monday,6.2,6.2,6.2,6.2,6.2,0,0.0,0,0.0
PMG,2026-09-22,Tuesday,6.2,6.2,6.2,6.2,6.2,0,0.0,0,0.0
PMG,2026-09-23,Wednesday,6.2,6.2,6.2,6.2,6.2,0,0.0,0,0.0
PMG,2026-09-24,Thursday,6.2,6.2,6.2,6.2,6.2,0,0.0,0,0.0
PMG,2026-09-25,Friday,5.9,5.9,5.77,5.8,5.8,2300,0.01,0,0.0
PMG,2026-09-28,Monday,5.8,5.8,5.8,5.8,5.8,0,0.0,0,0.0
PMG,2026-09-29,Tuesday,5.55,5.55,5.4,5.47,5.47,5600,0.03,0,0.0
PMG,2026-09-30,Wednesday,5.8,5.8,5.48,5.48,5.48,200,0.0,0,0.0
PMG,2026-10-01,Thursday,5.5,5.52,5.5,5.52,5.52,1100,0.01,0,0.0
PMG,2026-10-02,Friday,5.52,5.52,5.52,5.52,5.52,0,0.0,0,0.0
PMG,2026-10-05,Monday,5.6,5.6,5.6,5.6,5.6,3100,0.02,0,0.0
PMG,2026-10-06,Tuesday,5.6,5.99,5.55,5.99,5.99,5400,0.03,0,0.0
PNC,2026-09-09,Wednesday,25.9,25.9,25.9,25.9,25.36,500,0.01,0,0.0
PNC,2026-09-10,Thursday,25.9,25.9,25.9,25.9,25.36,0,0.0,0,0.0
PNC,2026-09-11,Friday,25.9,25.9,25.9,25.9,25.36,0,0.0,0,0.0
PNC,2026-09-14,Monday,25.9,25.9,25.9,25.9,25.36,0,0.0,0,0.0
PNC,2026-09-15,Tuesday,25.9,25.9,25.9,25.9,25.36,0,0.0,0,0.0
PNC,2026-09-16,Wednesday,24.1,24.1,24.1,24.1,23.6,200,0.0,0,0.0
PNC,2026-09-17,Thursday,23.6,23.6,23.6,23.6,23.6,0,0.0,0,0.0
PNC,2026-09-18,Friday,23.6,23.6,23.6,23.6,23.6,0,0.0,0,0.0
PNC,2026-09-21,Monday,23.6,23.6,23.6,23.6,23.6,0,0.0,0,0.0
PNC,2026-09-22,Tuesday,23.6,23.6,23.6,23.6,23.6,0,0.0,0,0.0
PNC,2026-09-23,Wednesday,23.6,23.6,23.6,23.6,23.6,0,0.0,0,0.0
PNC,2026-09-24,Thursday,23.6,23.6,23.6,23.6,23.6,0,0.0,0,0.0
PNC,2026-09-25,Friday,23.6,23.6,23.6,23.6,23.6,0,0.0,0,0.0
PNC,2026-09-28,Monday,23.6,23.6,23.6,23.6,23.6,0,0.0,0,0.0
PNC,2026-09-29,Tuesday,23.6,23.6,23.6,23.6,23.6,0,0.0,0,0.0
PNC,2026-09-30,Wednesday,23.6,23.6,23.6,23.6,23.6,0,0.0,0,0.0
PNC,2026-10-01,Thursday,22.0,22.0,21.95,21.95,21.95,300,0.01,0,0.0
PNC,2026-10-02,Friday,21.95,21.95,21.95,21.95,21.95,0,0.0,0,0.0
PNC,2026-10-05,Monday,21.95,21.95,21.95,21.95,21.95,0,0.0,0,0.0
PNC,2026-10-06,Tuesday,21.95,21.95,21.95,21.95,21.95,0,0.0,0,0.0
PNJ,2026-09-09,Wednesday,38.6,38.65,37.6,37.95,37.95,4080500,154.54,0,0.0
PNJ,2026-09-10,Thursday,37.85,38.5,37.8,38.2,38.2,1639200,62.63,0,0.0
PNJ,2026-09-11,Friday,38.2,38.3,37.15,37.3,37.3,4937600,185.86,500000,18.5
PNJ,2026-09-14,Monday,37.45,37.5,35.0,35.9,35.9,6415200,233.59,0,0.0
PNJ,2026-09-15,Tuesday,35.55,37.55,35.55,37.2,37.2,3430700,126.77,27000,0.97
PNJ,2026-09-16,Wednesday,37.55,37.55,36.5,36.75,36.75,2328600,85.94,0,0.0
PNJ,2026-09-17,Thursday,36.9,36.95,36.05,36.75,36.75,2910800,106.24,0,0.0
PNJ,2026-09-18,Friday,36.6,38.05,36.25,36.75,36.75,6357100,235.61,12759500,440.2
PNJ,2026-09-21,Monday,37.0,37.0,36.6,36.9,36.9,1754300,64.56,0,0.0
PNJ,2026-09-22,Tuesday,36.95,37.0,35.55,35.8,35.8,5391500,194.68,82500,3.05
PNJ,2026-09-23,Wednesday,35.8,35.9,35.0,35.3,35.3,4142500,145.84,237500,8.03
PNJ,2026-09-24,Thursday,35.35,35.35,33.25,33.3,33.3,8176500,278.46,0,0.0
PNJ,2026-09-25,Friday,33.2,34.4,32.8,33.0,33.0,5299000,176.59,0,0.0
PNJ,2026-09-28,Monday,30.7,30.7,30.7,30.7,30.7,2117000,64.99,310000,10.8
PNJ,2026-09-29,Tuesday,28.6,28.6,28.6,28.6,28.6,1210300,34.61,330000,9.44
PNJ,2026-09-30,Wednesday,26.6,26.6,26.6,26.6,26.6,2374300,63.16,30000,0.8
PNJ,2026-10-01,Thursday,24.75,24.75,24.75,24.75,24.75,1677600,41.52,5398000,134.22
PNJ,2026-10-02,Friday,23.05,25.45,23.05,23.05,23.05,76068800,1772.94,1060000,24.43
PNJ,2026-10-05,Monday,23.05,23.3,21.45,21.65,21.65,10991700,242.65,425000,9.12
PNJ,2026-10-06,Tuesday,21.6,22.35,20.15,20.15,20.15,16274800,334.76,0,0.0
POW,2026-09-09,Wednesday,12.75,13.0,12.75,12.9,12.9,4907500,63.14,1359000,18.25
POW,2026-09-10,Thursday,12.9,13.0,12.75,12.85,12.85,4291300,55.12,0,0.0
POW,2026-09-11,Friday,12.85,12.85,12.6,12.6,12.6,5061000,64.5,2820000,36.24
POW,2026-09-14,Monday,12.6,12.75,12.05,12.4,12.4,12345500,152.09,0,0.0
POW,2026-09-15,Tuesday,12.45,12.5,12.3,12.45,12.45,4470900,55.4,0,0.0
POW,2026-09-16,Wednesday,12.5,12.75,12.45,12.65,12.65,7388000,93.51,3354000,40.68
POW,2026-09-17,Thursday,12.65,12.75,12.55,12.6,12.6,4317800,54.58,0,0.0
POW,2026-09-18,Friday,12.7,12.75,12.6,12.6,12.6,4205800,53.18,3303000,41.6
POW,2026-09-21,Monday,12.65,12.7,12.5,12.55,12.55,3252900,40.89,4380000,56.94
POW,2026-09-22,Tuesday,12.6,12.95,12.55,12.8,12.8,5789400,74.0,2000000,25.26
POW,2026-09-23,Wednesday,12.85,12.9,12.7,12.75,12.75,3033300,38.81,4380000,56.91
POW,2026-09-24,Thursday,12.7,12.8,12.5,12.5,12.5,4132100,51.98,2000000,26.06
POW,2026-09-25,Friday,12.5,12.55,12.45,12.45,12.45,2439500,30.49,3420000,43.26
POW,2026-09-28,Monday,12.45,12.7,12.25,12.65,12.65,5855700,72.92,400000,5.2
POW,2026-09-29,Tuesday,12.7,12.8,12.55,12.7,12.7,4578800,57.99,5416000,69.57
POW,2026-09-30,Wednesday,12.7,13.3,12.7,13.0,13.0,18183200,237.43,400000,5.1
POW,2026-10-01,Thursday,13.1,13.1,12.85,12.9,12.9,3727500,48.25,6121000,79.08
POW,2026-10-02,Friday,12.9,12.95,12.7,12.7,12.7,7902600,101.38,400000,5.1
POW,2026-10-05,Monday,12.75,12.8,12.55,12.65,12.65,3643700,46.12,4061000,52.33
POW,2026-10-06,Tuesday,12.65,12.75,12.3,12.65,12.65,7653600,95.29,400000,5.1
PPC,2026-09-09,Wednesday,8.86,8.9,8.85,8.86,8.86,36400,0.32,0,0.0
PPC,2026-09-10,Thursday,8.88,8.9,8.86,8.87,8.87,36500,0.32,0,0.0
PPC,2026-09-11,Friday,8.87,8.87,8.83,8.84,8.84,66400,0.59,0,0.0
PPC,2026-09-14,Monday,8.82,8.85,8.74,8.77,8.77,187100,1.65,0,0.0
PPC,2026-09-15,Tuesday,8.77,8.8,8.75,8.75,8.75,71100,0.62,0,0.0
PPC,2026-09-16,Wednesday,8.77,8.8,8.76,8.78,8.78,40700,0.36,0,0.0
PPC,2026-09-17,Thursday,8.71,8.78,8.71,8.78,8.78,68900,0.6,0,0.0
PPC,2026-09-18,Friday,8.78,8.86,8.77,8.78,8.78,46200,0.41,0,0.0
PPC,2026-09-21,Monday,8.84,8.88,8.81,8.82,8.82,26000,0.23,0,0.0
PPC,2026-09-22,Tuesday,8.82,8.87,8.77,8.82,8.82,44300,0.39,0,0.0
PPC,2026-09-23,Wednesday,8.83,8.83,8.78,8.78,8.78,34800,0.31,0,0.0
PPC,2026-09-24,Thursday,8.78,8.8,8.75,8.75,8.75,61500,0.54,0,0.0
PPC,2026-09-25,Friday,8.73,8.76,8.7,8.73,8.73,110700,0.97,0,0.0
PPC,2026-09-28,Monday,8.73,8.76,8.56,8.58,8.58,84300,0.73,0,0.0
PPC,2026-09-29,Tuesday,8.55,8.6,8.5,8.58,8.58,82500,0.71,0,0.0
PPC,2026-09-30,Wednesday,8.6,8.72,8.58,8.65,8.65,78100,0.67,0,0.0
PPC,2026-10-01,Thursday,8.63,8.65,8.59,8.6,8.6,99000,0.85,0,0.0
PPC,2026-10-02,Friday,8.58,8.64,8.57,8.61,8.61,46100,0.4,0,0.0
PPC,2026-10-05,Monday,8.61,8.67,8.58,8.59,8.59,50200,0.43,0,0.0
PPC,2026-10-06,Tuesday,8.59,8.6,8.47,8.6,8.6,106000,0.9,0,0.0
PTB,2026-09-09,Wednesday,31.25,31.25,30.6,31.0,31.0,33400,1.03,0,0.0
PTB,2026-09-10,Thursday,30.95,30.95,30.4,30.65,30.65,86600,2.64,0,0.0
PTB,2026-09-11,Friday,30.95,30.95,29.75,30.0,30.0,155000,4.68,0,0.0
PTB,2026-09-14,Monday,29.9,30.15,29.65,30.0,30.0,26700,0.8,0,0.0
PTB,2026-09-15,Tuesday,30.0,30.0,29.1,29.7,29.7,142000,4.2,0,0.0
PTB,2026-09-16,Wednesday,29.5,29.75,29.45,29.45,29.45,32200,0.95,126000,3.78
PTB,2026-09-17,Thursday,29.35,29.45,28.6,29.45,29.45,161300,4.7,0,0.0
PTB,2026-09-18,Friday,29.15,29.9,29.05,29.8,29.8,125700,3.71,0,0.0
PTB,2026-09-21,Monday,29.6,29.75,28.85,28.95,28.95,179000,5.19,0,0.0
PTB,2026-09-22,Tuesday,28.95,29.2,28.5,28.95,28.95,44300,1.28,0,0.0
PTB,2026-09-23,Wednesday,28.7,29.0,28.1,28.25,28.25,201200,5.73,200000,5.79
PTB,2026-09-24,Thursday,28.25,28.9,27.75,28.75,28.75,178500,5.03,59000,1.67
PTB,2026-09-25,Friday,28.75,29.5,28.0,29.3,29.3,294100,8.36,0,0.0
PTB,2026-09-28,Monday,29.3,29.45,28.45,28.9,28.9,58600,1.69,0,0.0
PTB,2026-09-29,Tuesday,28.9,29.1,28.0,28.55,28.55,136900,3.86,0,0.0
PTB,2026-09-30,Wednesday,28.6,29.0,28.25,28.95,28.95,50800,1.46,0,0.0
PTB,2026-10-01,Thursday,28.8,29.25,28.7,29.1,29.1,109000,3.15,0,0.0
PTB,2026-10-02,Friday,29.15,29.8,29.15,29.4,29.4,131100,3.87,0,0.0
PTB,2026-10-05,Monday,29.95,29.95,29.25,29.4,29.4,70700,2.08,0,0.0
PTB,2026-10-06,Tuesday,29.4,29.4,28.85,29.4,29.4,93100,2.71,0,0.0
PTC,2026-09-09,Wednesday,6.29,6.29,5.69,5.69,5.69,2100,0.01,0,0.0
PTC,2026-09-10,Thursday,5.95,5.95,5.95,5.95,5.95,100,0.0,0,0.0
PTC,2026-09-11,Friday,5.55,5.95,5.54,5.95,5.95,1600,0.01,0,0.0
PTC,2026-09-14,Monday,5.55,5.55,5.54,5.54,5.54,5100,0.03,0,0.0
PTC,2026-09-15,Tuesday,5.54,5.89,5.5,5.89,5.89,400,0.0,0,0.0
PTC,2026-09-16,Wednesday,5.89,5.89,5.89,5.89,5.89,0,0.0,0,0.0
PTC,2026-09-17,Thursday,5.5,5.52,5.49,5.49,5.49,5600,0.03,0,0.0
PTC,2026-09-18,Friday,5.48,5.79,5.48,5.48,5.48,1800,0.01,0,0.0
PTC,2026-09-21,Monday,5.48,5.64,5.48,5.64,5.64,300,0.0,0,0.0
PTC,2026-09-22,Tuesday,5.64,5.64,5.64,5.64,5.64,900,0.01,0,0.0
PTC,2026-09-23,Wednesday,5.48,5.64,5.28,5.64,5.64,3700,0.02,0,0.0
PTC,2026-09-24,Thursday,5.26,5.26,5.26,5.26,5.26,10000,0.05,0,0.0
PTC,2026-09-25,Friday,5.26,5.27,5.2,5.2,5.2,15400,0.08,0,0.0
PTC,2026-09-28,Monday,5.2,5.5,5.18,5.49,5.49,500,0.0,0,0.0
PTC,2026-09-29,Tuesday,5.49,5.5,5.18,5.18,5.18,130500,0.69,0,0.0
PTC,2026-09-30,Wednesday,5.12,5.42,5.12,5.42,5.42,64200,0.35,0,0.0
PTC,2026-10-01,Thursday,5.42,5.42,5.42,5.42,5.42,0,0.0,0,0.0
PTC,2026-10-02,Friday,5.11,5.42,5.11,5.42,5.42,1700,0.01,0,0.0
PTC,2026-10-05,Monday,5.11,5.3,5.11,5.3,5.3,500,0.0,0,0.0
PTC,2026-10-06,Tuesday,5.11,5.2,5.1,5.1,5.1,12000,0.06,0,0.0
PTL,2026-09-09,Wednesday,1.88,1.88,1.73,1.75,1.75,10600,0.02,0,0.0
PTL,2026-09-10,Thursday,1.75,1.81,1.68,1.8,1.8,41000,0.07,0,0.0
PTL,2026-09-11,Friday,1.71,1.76,1.69,1.76,1.76,69400,0.12,0,0.0
PTL,2026-09-14,Monday,1.68,1.7,1.64,1.69,1.69,117900,0.19,0,0.0
PTL,2026-09-15,Tuesday,1.7,1.75,1.65,1.75,1.75,2700,0.0,0,0.0
PTL,2026-09-16,Wednesday,1.75,1.75,1.68,1.74,1.74,30200,0.05,0,0.0
PTL,2026-09-17,Thursday,1.65,1.75,1.65,1.74,1.74,51800,0.09,0,0.0
PTL,2026-09-18,Friday,1.74,1.74,1.74,1.74,1.74,4200,0.01,0,0.0
PTL,2026-09-21,Monday,1.76,1.76,1.73,1.75,1.75,18700,0.03,0,0.0
PTL,2026-09-22,Tuesday,1.75,1.75,1.68,1.74,1.74,30100,0.05,0,0.0
PTL,2026-09-23,Wednesday,1.74,1.74,1.68,1.73,1.73,24900,0.04,0,0.0
PTL,2026-09-24,Thursday,1.73,1.73,1.69,1.72,1.72,2700,0.0,0,0.0
PTL,2026-09-25,Friday,1.72,1.72,1.69,1.71,1.71,27200,0.05,0,0.0
PTL,2026-09-28,Monday,1.72,1.73,1.7,1.73,1.73,5300,0.01,0,0.0
PTL,2026-09-29,Tuesday,1.73,1.73,1.7,1.73,1.73,13300,0.02,0,0.0
PTL,2026-09-30,Wednesday,1.73,1.73,1.68,1.73,1.73,1500,0.0,0,0.0
PTL,2026-10-01,Thursday,1.73,1.73,1.66,1.73,1.73,13300,0.02,0,0.0
PTL,2026-10-02,Friday,1.63,1.69,1.61,1.67,1.67,256500,0.41,0,0.0
PTL,2026-10-05,Monday,1.67,1.69,1.67,1.69,1.69,18900,0.03,0,0.0
PTL,2026-10-06,Tuesday,1.69,1.69,1.62,1.63,1.63,18000,0.03,0,0.0
PVD,2026-09-09,Wednesday,18.85,19.2,18.6,18.65,18.65,3488900,65.84,0,0.0
PVD,2026-09-10,Thursday,18.8,18.95,18.45,18.5,18.5,4406600,82.21,0,0.0
PVD,2026-09-11,Friday,18.8,19.35,18.55,18.55,18.55,10322000,196.01,0,0.0
PVD,2026-09-14,Monday,18.55,19.1,18.4,18.95,18.95,5875300,110.26,0,0.0
PVD,2026-09-15,Tuesday,18.95,19.95,18.8,19.65,19.65,12989700,252.53,0,0.0
PVD,2026-09-16,Wednesday,19.85,20.4,19.65,19.7,19.7,11482600,229.19,0,0.0
PVD,2026-09-17,Thursday,19.4,19.8,19.05,19.25,19.25,9521800,184.76,630000,12.47
PVD,2026-09-18,Friday,19.25,19.4,19.0,19.2,19.2,6763900,129.61,2600000,48.1
PVD,2026-09-21,Monday,19.2,19.5,19.0,19.35,19.35,4883000,94.05,630000,12.47
PVD,2026-09-22,Tuesday,19.3,19.4,19.05,19.15,19.15,3561000,68.39,2973000,58.87
PVD,2026-09-23,Wednesday,19.15,19.2,19.0,19.0,19.0,3599500,68.73,6230000,119.99
PVD,2026-09-24,Thursday,19.1,19.2,18.35,18.35,18.35,6640000,124.4,7183000,142.64
PVD,2026-09-25,Friday,18.35,18.5,18.0,18.0,18.0,4969300,90.91,6750000,128.26
PVD,2026-09-28,Monday,18.1,18.65,17.85,18.65,18.65,4887500,88.86,7183000,138.12
PVD,2026-09-29,Tuesday,18.7,19.0,18.55,18.95,18.95,4450400,83.68,630000,12.47
PVD,2026-09-30,Wednesday,18.6,18.85,17.65,18.3,18.3,3242500,59.99,2973000,58.87
PVD,2026-10-01,Thursday,18.3,18.75,18.3,18.35,18.35,2398100,44.27,13852800,256.91
PVD,2026-10-02,Friday,18.5,18.65,17.95,18.0,18.0,3219800,58.52,2973000,57.82
PVD,2026-10-05,Monday,17.95,18.1,17.85,17.85,17.85,2699500,48.5,13852800,255.67
PVD,2026-10-06,Tuesday,17.95,18.6,17.45,18.6,18.6,4580500,81.75,2973000,56.64
PVP,2026-09-09,Wednesday,19.3,19.4,18.9,19.0,18.03,654000,12.52,0,0.0
PVP,2026-09-10,Thursday,19.1,19.85,18.85,19.1,18.12,1748800,33.99,0,0.0
PVP,2026-09-11,Friday,19.4,19.7,18.9,18.9,17.93,685200,13.22,0,0.0
PVP,2026-09-14,Monday,19.0,19.6,18.75,19.05,18.07,1265000,24.23,0,0.0
PVP,2026-09-15,Tuesday,19.2,20.15,19.05,19.95,18.93,2167200,42.65,0,0.0
PVP,2026-09-16,Wednesday,20.0,20.3,19.5,19.55,18.55,1380300,27.5,0,0.0
PVP,2026-09-17,Thursday,18.6,18.75,18.05,18.15,18.15,1092400,19.95,0,0.0
PVP,2026-09-18,Friday,18.2,18.35,18.05,18.1,18.1,503300,9.13,0,0.0
PVP,2026-09-21,Monday,18.2,18.35,17.95,18.25,18.25,1007200,18.3,0,0.0
PVP,2026-09-22,Tuesday,18.35,19.5,18.3,19.5,19.5,2510700,48.08,0,0.0
PVP,2026-09-23,Wednesday,20.0,20.5,19.5,19.5,19.5,1657100,33.14,0,0.0
PVP,2026-09-24,Thursday,19.9,20.3,19.0,19.2,19.2,1876100,36.9,0,0.0
PVP,2026-09-25,Friday,19.35,20.5,19.25,20.5,20.5,1408100,27.92,0,0.0
PVP,2026-09-28,Monday,21.0,21.5,20.5,20.85,20.85,1373700,28.66,0,0.0
PVP,2026-09-29,Tuesday,21.0,22.3,20.85,21.9,21.9,1967900,42.89,0,0.0
PVP,2026-09-30,Wednesday,21.9,21.9,20.6,20.9,20.9,1870000,39.6,0,0.0
PVP,2026-10-01,Thursday,20.85,21.7,20.85,21.6,21.6,1321500,28.24,0,0.0
PVP,2026-10-02,Friday,21.95,23.05,21.95,22.0,22.0,1401300,31.28,0,0.0
PVP,2026-10-05,Monday,22.4,23.25,22.15,22.85,22.85,961200,21.89,0,0.0
PVP,2026-10-06,Tuesday,23.5,24.0,23.0,23.9,23.9,1234200,29.0,0,0.0
PVT,2026-09-09,Wednesday,21.7,21.8,20.95,21.0,21.0,6969800,148.84,20000,0.4
PVT,2026-09-10,Thursday,21.15,22.2,21.15,21.75,21.75,11677700,254.97,0,0.0
PVT,2026-09-11,Friday,22.05,22.85,21.95,22.1,22.1,9861300,220.61,0,0.0
PVT,2026-09-14,Monday,22.3,22.85,22.1,22.7,22.7,8085700,181.78,0,0.0
PVT,2026-09-15,Tuesday,22.6,23.35,22.25,22.8,22.8,8135700,185.93,0,0.0
PVT,2026-09-16,Wednesday,23.0,23.7,22.75,23.2,23.2,8723900,203.93,0,0.0
PVT,2026-09-17,Thursday,22.95,23.35,22.3,22.6,22.6,8279500,188.46,0,0.0
PVT,2026-09-18,Friday,22.8,22.8,22.25,22.8,22.8,4666700,105.13,0,0.0
PVT,2026-09-21,Monday,22.75,23.5,22.45,23.05,23.05,6507700,149.48,20000,0.48
PVT,2026-09-22,Tuesday,23.1,24.35,23.0,24.1,24.1,11627600,275.37,0,0.0
PVT,2026-09-23,Wednesday,23.9,24.0,23.1,23.1,23.1,8487300,199.97,0,0.0
PVT,2026-09-24,Thursday,23.25,23.65,22.3,22.3,22.3,8086600,185.32,0,0.0
PVT,2026-09-25,Friday,22.4,23.35,22.4,23.1,23.1,5553400,126.4,0,0.0
PVT,2026-09-28,Monday,23.2,23.6,23.0,23.45,23.45,5510900,128.49,20000,0.49
PVT,2026-09-29,Tuesday,23.65,25.05,23.5,24.95,24.95,16008700,392.24,0,0.0
PVT,2026-09-30,Wednesday,24.7,24.9,23.6,23.8,23.8,8283800,199.37,0,0.0
PVT,2026-10-01,Thursday,23.9,24.35,23.3,23.75,23.75,7818800,186.05,0,0.0
PVT,2026-10-02,Friday,24.5,24.6,23.5,23.5,23.5,7939100,191.35,0,0.0
PVT,2026-10-05,Monday,23.8,24.25,23.6,24.2,24.2,5629800,135.36,0,0.0
PVT,2026-10-06,Tuesday,24.5,24.9,23.85,24.5,24.5,6295100,153.04,0,0.0
QCG,2026-09-09,Wednesday,11.0,11.0,10.85,10.85,10.85,128100,1.4,0,0.0
QCG,2026-09-10,Thursday,10.85,10.85,10.5,10.65,10.65,94500,1.01,0,0.0
QCG,2026-09-11,Friday,10.4,10.6,10.25,10.25,10.25,111100,1.16,0,0.0
QCG,2026-09-14,Monday,10.2,10.25,9.9,9.9,9.9,121600,1.22,0,0.0
QCG,2026-09-15,Tuesday,9.91,10.2,9.9,9.92,9.92,46800,0.47,0,0.0
QCG,2026-09-16,Wednesday,10.0,10.1,9.99,10.0,10.0,72900,0.73,0,0.0
QCG,2026-09-17,Thursday,9.8,10.15,9.8,10.05,10.05,46100,0.47,0,0.0
QCG,2026-09-18,Friday,10.3,10.3,10.05,10.1,10.1,35000,0.35,0,0.0
QCG,2026-09-21,Monday,10.25,10.25,9.89,9.99,9.99,140400,1.4,0,0.0
QCG,2026-09-22,Tuesday,10.0,10.0,9.95,9.98,9.98,67200,0.67,0,0.0
QCG,2026-09-23,Wednesday,9.95,10.0,9.9,9.93,9.93,38100,0.38,0,0.0
QCG,2026-09-24,Thursday,9.9,9.98,9.7,9.79,9.79,123400,1.2,0,0.0
QCG,2026-09-25,Friday,9.8,9.95,9.7,9.74,9.74,21000,0.21,0,0.0
QCG,2026-09-28,Monday,9.74,9.85,9.52,9.78,9.78,75500,0.73,0,0.0
QCG,2026-09-29,Tuesday,9.56,9.77,9.56,9.74,9.74,44000,0.43,0,0.0
QCG,2026-09-30,Wednesday,9.7,9.7,9.5,9.55,9.55,67800,0.65,0,0.0
QCG,2026-10-01,Thursday,9.26,9.74,9.26,9.5,9.5,109100,1.03,0,0.0
QCG,2026-10-02,Friday,9.69,9.88,9.45,9.88,9.88,143100,1.39,0,0.0
QCG,2026-10-05,Monday,9.72,9.88,9.72,9.8,9.8,89000,0.87,0,0.0
QCG,2026-10-06,Tuesday,9.8,9.9,9.62,9.7,9.7,164700,1.61,0,0.0
QNP,2026-09-09,Wednesday,31.4,31.4,31.4,31.4,31.4,0,0.0,0,0.0
QNP,2026-09-10,Thursday,31.4,31.4,31.4,31.4,31.4,0,0.0,0,0.0
QNP,2026-09-11,Friday,30.5,31.3,30.5,31.3,31.3,900,0.03,0,0.0
QNP,2026-09-14,Monday,31.3,31.3,31.3,31.3,31.3,0,0.0,0,0.0
QNP,2026-09-15,Tuesday,30.1,30.95,30.0,30.95,30.95,13900,0.42,0,0.0
QNP,2026-09-16,Wednesday,30.8,30.8,30.8,30.8,30.8,100,0.0,0,0.0
QNP,2026-09-17,Thursday,30.8,30.8,30.8,30.8,30.8,0,0.0,0,0.0
QNP,2026-09-18,Friday,30.0,30.75,30.0,30.75,30.75,2400,0.07,0,0.0
QNP,2026-09-21,Monday,31.0,31.0,31.0,31.0,31.0,100,0.0,0,0.0
QNP,2026-09-22,Tuesday,30.5,30.5,30.0,30.4,30.4,1400,0.04,0,0.0
QNP,2026-09-23,Wednesday,30.4,30.4,30.4,30.4,30.4,0,0.0,0,0.0
QNP,2026-09-24,Thursday,30.4,30.4,30.4,30.4,30.4,0,0.0,0,0.0
QNP,2026-09-25,Friday,30.7,30.7,30.7,30.7,30.7,300,0.01,0,0.0
QNP,2026-09-28,Monday,30.7,30.7,30.7,30.7,30.7,0,0.0,0,0.0
QNP,2026-09-29,Tuesday,30.7,30.7,30.7,30.7,30.7,0,0.0,0,0.0
QNP,2026-09-30,Wednesday,30.7,30.7,30.7,30.7,30.7,0,0.0,0,0.0
QNP,2026-10-01,Thursday,29.2,30.5,29.2,30.5,30.5,8600,0.25,0,0.0
QNP,2026-10-02,Friday,30.5,30.5,30.5,30.5,30.5,0,0.0,0,0.0
QNP,2026-10-05,Monday,29.4,29.5,29.3,29.3,29.3,4800,0.14,0,0.0
QNP,2026-10-06,Tuesday,29.3,30.5,29.3,30.4,30.4,800,0.02,0,0.0
RAL,2026-09-09,Wednesday,75.2,76.0,75.0,75.0,75.0,5600,0.42,0,0.0
RAL,2026-09-10,Thursday,75.0,75.0,75.0,75.0,75.0,2800,0.21,0,0.0
RAL,2026-09-11,Friday,75.0,75.5,74.9,75.0,75.0,6000,0.45,0,0.0
RAL,2026-09-14,Monday,74.4,74.9,74.4,74.4,74.4,1000,0.07,0,0.0
RAL,2026-09-15,Tuesday,74.8,75.5,74.8,74.9,74.9,1200,0.09,0,0.0
RAL,2026-09-16,Wednesday,74.9,74.9,73.9,73.9,73.9,7900,0.58,0,0.0
RAL,2026-09-17,Thursday,74.1,74.1,74.1,74.1,74.1,200,0.01,0,0.0
RAL,2026-09-18,Friday,74.3,74.5,74.0,74.0,74.0,3500,0.26,0,0.0
RAL,2026-09-21,Monday,74.1,74.1,73.9,73.9,73.9,4500,0.33,0,0.0
RAL,2026-09-22,Tuesday,73.9,74.0,73.9,74.0,74.0,3300,0.24,0,0.0
RAL,2026-09-23,Wednesday,74.5,74.5,74.5,74.5,74.5,200,0.01,0,0.0
RAL,2026-09-24,Thursday,74.5,74.5,74.1,74.5,74.5,800,0.06,0,0.0
RAL,2026-09-25,Friday,74.0,74.5,73.8,74.2,74.2,3300,0.25,0,0.0
RAL,2026-09-28,Monday,74.0,74.0,73.5,73.6,73.6,2400,0.18,0,0.0
RAL,2026-09-29,Tuesday,73.2,74.0,73.0,74.0,74.0,4400,0.32,0,0.0
RAL,2026-09-30,Wednesday,74.0,74.0,73.5,73.5,73.5,1300,0.1,0,0.0
RAL,2026-10-01,Thursday,73.5,74.0,73.5,74.0,74.0,1800,0.13,0,0.0
RAL,2026-10-02,Friday,74.0,74.0,73.5,73.5,73.5,300,0.02,0,0.0
RAL,2026-10-05,Monday,73.5,73.5,73.0,73.5,73.5,1400,0.1,0,0.0
RAL,2026-10-06,Tuesday,73.0,73.9,72.4,73.9,73.9,1700,0.12,0,0.0
REE,2026-09-09,Wednesday,45.65,45.8,45.3,45.4,45.4,201500,9.18,0,0.0
REE,2026-09-10,Thursday,45.85,45.85,45.4,45.5,45.5,152600,6.95,0,0.0
REE,2026-09-11,Friday,45.5,45.55,44.9,44.95,44.95,397100,17.9,0,0.0
REE,2026-09-14,Monday,44.95,45.25,44.85,45.0,45.0,437200,19.67,0,0.0
REE,2026-09-15,Tuesday,45.25,45.5,45.0,45.3,45.3,280900,12.7,0,0.0
REE,2026-09-16,Wednesday,45.0,45.4,44.95,45.3,45.3,332200,14.99,0,0.0
REE,2026-09-17,Thursday,45.3,45.45,45.0,45.3,45.3,240800,10.88,0,0.0
REE,2026-09-18,Friday,45.7,47.3,45.6,47.05,47.05,1001000,46.7,0,0.0
REE,2026-09-21,Monday,47.35,47.35,46.4,46.7,46.7,307200,14.41,0,0.0
REE,2026-09-22,Tuesday,46.7,47.65,46.65,47.05,47.05,534800,25.13,0,0.0
REE,2026-09-23,Wednesday,47.1,47.65,47.05,47.3,47.3,443800,21.03,0,0.0
REE,2026-09-24,Thursday,47.3,47.3,46.5,46.7,46.7,299400,14.07,0,0.0
REE,2026-09-25,Friday,46.9,46.9,46.1,46.1,46.1,283300,13.2,0,0.0
REE,2026-09-28,Monday,46.05,46.1,45.4,45.6,45.6,393800,17.97,0,0.0
REE,2026-09-29,Tuesday,45.6,48.1,45.6,47.15,47.15,782300,36.89,0,0.0
REE,2026-09-30,Wednesday,47.1,48.45,47.1,47.9,47.9,947600,45.52,0,0.0
REE,2026-10-01,Thursday,48.45,48.5,47.3,47.9,47.9,364600,17.47,0,0.0
REE,2026-10-02,Friday,47.9,48.05,47.4,47.4,47.4,375500,17.91,0,0.0
REE,2026-10-05,Monday,47.55,47.9,46.3,46.4,46.4,439900,20.72,0,0.0
REE,2026-10-06,Tuesday,46.7,47.0,44.85,46.0,46.0,875400,39.68,0,0.0
RYG,2026-09-09,Wednesday,8.49,8.49,8.48,8.48,8.48,330100,2.8,0,0.0
RYG,2026-09-10,Thursday,8.48,8.48,8.48,8.48,8.48,0,0.0,0,0.0
RYG,2026-09-11,Friday,8.4,9.07,7.97,8.39,8.39,6000,0.05,0,0.0
RYG,2026-09-14,Monday,8.0,8.25,7.93,8.25,8.25,5500,0.04,0,0.0
RYG,2026-09-15,Tuesday,8.25,8.45,7.9,8.45,8.45,9900,0.08,0,0.0
RYG,2026-09-16,Wednesday,8.39,8.45,8.15,8.45,8.45,3100,0.03,0,0.0
RYG,2026-09-17,Thursday,8.45,8.58,8.0,8.58,8.58,10600,0.09,0,0.0
RYG,2026-09-18,Friday,8.5,8.5,8.45,8.45,8.45,300,0.0,0,0.0
RYG,2026-09-21,Monday,8.05,8.65,8.0,8.38,8.38,5000,0.04,0,0.0
RYG,2026-09-22,Tuesday,8.45,8.45,8.1,8.3,8.3,403200,3.31,0,0.0
RYG,2026-09-23,Wednesday,8.39,8.39,8.0,8.19,8.19,4600,0.04,0,0.0
RYG,2026-09-24,Thursday,8.1,8.45,8.1,8.45,8.45,3500,0.03,0,0.0
RYG,2026-09-25,Friday,8.4,8.4,8.3,8.3,8.3,8300,0.07,0,0.0
RYG,2026-09-28,Monday,8.45,8.45,8.0,8.28,8.28,3600,0.03,0,0.0
RYG,2026-09-29,Tuesday,8.38,8.38,8.38,8.38,8.38,100,0.0,0,0.0
RYG,2026-09-30,Wednesday,8.29,8.29,8.1,8.2,8.2,2900,0.02,0,0.0
RYG,2026-10-01,Thursday,8.35,8.35,7.9,8.28,8.28,4200,0.03,0,0.0
RYG,2026-10-02,Friday,8.3,8.3,8.3,8.3,8.3,100,0.0,0,0.0
RYG,2026-10-05,Monday,8.3,8.58,8.08,8.38,8.38,3500,0.03,0,0.0
RYG,2026-10-06,Tuesday,8.38,8.38,8.0,8.35,8.35,300,0.0,0,0.0
S4A,2026-09-09,Wednesday,32.75,32.75,32.6,32.6,32.6,7700,0.25,0,0.0
S4A,2026-09-10,Thursday,32.6,32.6,32.6,32.6,32.6,0,0.0,0,0.0
S4A,2026-09-11,Friday,31.5,31.5,31.5,31.5,31.5,1300,0.04,0,0.0
S4A,2026-09-14,Monday,31.5,31.5,31.5,31.5,31.5,0,0.0,0,0.0
S4A,2026-09-15,Tuesday,31.5,31.5,31.5,31.5,31.5,0,0.0,0,0.0
S4A,2026-09-16,Wednesday,31.5,31.5,31.5,31.5,31.5,0,0.0,0,0.0
S4A,2026-09-17,Thursday,31.5,31.5,31.5,31.5,31.5,0,0.0,0,0.0
S4A,2026-09-18,Friday,32.8,32.8,32.8,32.8,32.8,200,0.01,0,0.0
S4A,2026-09-21,Monday,32.8,32.8,32.8,32.8,32.8,0,0.0,0,0.0
S4A,2026-09-22,Tuesday,32.8,32.8,32.8,32.8,32.8,0,0.0,0,0.0
S4A,2026-09-23,Wednesday,32.6,32.6,32.6,32.6,32.6,100,0.0,0,0.0
S4A,2026-09-24,Thursday,32.6,32.6,32.0,32.0,32.0,300,0.01,0,0.0
S4A,2026-09-25,Friday,32.1,32.6,32.1,32.6,32.6,1000,0.03,0,0.0
S4A,2026-09-28,Monday,32.6,32.6,32.6,32.6,32.6,0,0.0,0,0.0
S4A,2026-09-29,Tuesday,32.5,32.5,32.5,32.5,32.5,300,0.01,0,0.0
S4A,2026-09-30,Wednesday,31.6,31.6,31.6,31.6,31.6,700,0.02,0,0.0
S4A,2026-10-01,Thursday,31.6,31.6,31.6,31.6,31.6,0,0.0,0,0.0
S4A,2026-10-02,Friday,31.6,31.6,31.6,31.6,31.6,0,0.0,0,0.0
S4A,2026-10-05,Monday,31.6,31.6,31.6,31.6,31.6,0,0.0,0,0.0
S4A,2026-10-06,Tuesday,31.6,31.6,31.6,31.6,31.6,0,0.0,0,0.0
SAB,2026-09-09,Wednesday,44.95,45.1,44.6,44.65,44.65,443900,19.87,69000,3.26
SAB,2026-09-10,Thursday,44.7,45.05,44.65,44.85,44.85,306400,13.74,91000,4.04
SAB,2026-09-11,Friday,44.6,44.8,43.1,43.85,43.85,767900,33.84,69000,3.22
SAB,2026-09-14,Monday,43.85,44.75,43.85,44.75,44.75,677800,29.96,70000,3.1
SAB,2026-09-15,Tuesday,44.75,45.45,44.55,44.55,44.55,710700,31.98,90000,4.12
SAB,2026-09-16,Wednesday,44.65,44.85,44.1,44.1,44.1,295100,13.12,70000,3.09
SAB,2026-09-17,Thursday,44.1,44.6,44.1,44.3,44.3,374900,16.65,70000,3.22
SAB,2026-09-18,Friday,44.3,45.5,44.3,44.3,44.3,297800,13.27,40000,1.76
SAB,2026-09-21,Monday,44.3,44.4,43.8,43.85,43.85,600800,26.45,0,0.0
SAB,2026-09-22,Tuesday,43.8,44.75,43.8,44.65,44.65,620900,27.55,90000,4.09
SAB,2026-09-23,Wednesday,44.55,44.7,44.1,44.2,44.2,244300,10.83,30000,1.34
SAB,2026-09-24,Thursday,44.5,44.5,43.95,44.15,44.15,288300,12.72,110000,4.95
SAB,2026-09-25,Friday,44.25,44.45,43.9,43.9,43.9,274700,12.11,0,0.0
SAB,2026-09-28,Monday,44.0,44.0,43.25,43.35,43.35,507900,22.06,0,0.0
SAB,2026-09-29,Tuesday,43.4,43.6,43.0,43.05,43.05,672700,29.04,0,0.0
SAB,2026-09-30,Wednesday,43.1,43.3,42.9,42.9,42.9,361400,15.55,120000,5.26
SAB,2026-10-01,Thursday,43.0,43.65,42.9,43.3,43.3,398400,17.29,0,0.0
SAB,2026-10-02,Friday,43.35,43.4,42.45,42.45,42.45,573000,24.53,160000,6.98
SAB,2026-10-05,Monday,42.6,43.0,42.45,42.6,42.6,228100,9.72,0,0.0
SAB,2026-10-06,Tuesday,42.9,42.95,42.15,42.55,42.55,282500,11.99,120000,5.14
SAM,2026-09-09,Wednesday,5.95,6.1,5.95,6.08,6.08,32300,0.2,0,0.0
SAM,2026-09-10,Thursday,6.01,6.1,6.01,6.1,6.1,162500,0.99,0,0.0
SAM,2026-09-11,Friday,6.09,6.1,6.0,6.09,6.09,58300,0.35,0,0.0
SAM,2026-09-14,Monday,6.08,6.08,6.0,6.08,6.08,73200,0.44,9584000,57.5
SAM,2026-09-15,Tuesday,6.05,6.2,6.03,6.2,6.2,236300,1.44,0,0.0
SAM,2026-09-16,Wednesday,6.15,6.2,6.0,6.2,6.2,125500,0.76,0,0.0
SAM,2026-09-17,Thursday,6.19,6.2,6.06,6.17,6.17,27700,0.17,0,0.0
SAM,2026-09-18,Friday,6.16,6.2,6.04,6.2,6.2,42200,0.26,0,0.0
SAM,2026-09-21,Monday,6.2,6.2,6.06,6.1,6.1,69300,0.42,0,0.0
SAM,2026-09-22,Tuesday,6.1,6.2,6.05,6.1,6.1,77100,0.47,0,0.0
SAM,2026-09-23,Wednesday,6.1,6.13,6.06,6.13,6.13,98300,0.6,0,0.0
SAM,2026-09-24,Thursday,6.1,6.15,6.05,6.15,6.15,137600,0.84,0,0.0
SAM,2026-09-25,Friday,6.15,6.2,6.11,6.19,6.19,310200,1.91,0,0.0
SAM,2026-09-28,Monday,6.2,6.2,6.05,6.15,6.15,84700,0.52,0,0.0
SAM,2026-09-29,Tuesday,6.06,6.18,6.05,6.05,6.05,39300,0.24,0,0.0
SAM,2026-09-30,Wednesday,6.05,6.16,6.0,6.1,6.1,56400,0.34,90000,0.55
SAM,2026-10-01,Thursday,6.03,6.11,5.9,6.11,6.11,98400,0.59,0,0.0
SAM,2026-10-02,Friday,6.03,6.11,5.98,6.09,6.09,36900,0.22,0,0.0
SAM,2026-10-05,Monday,6.0,6.1,5.72,6.08,6.08,59100,0.35,2750000,16.5
SAM,2026-10-06,Tuesday,5.96,6.08,5.86,6.08,6.08,83900,0.5,0,0.0
SAV,2026-09-09,Wednesday,12.55,12.6,11.7,12.4,12.4,5000,0.06,0,0.0
SAV,2026-09-10,Thursday,11.85,12.5,11.8,12.5,12.5,500,0.01,0,0.0
SAV,2026-09-11,Friday,12.5,12.5,12.5,12.5,12.5,0,0.0,0,0.0
SAV,2026-09-14,Monday,12.0,12.35,12.0,12.35,12.35,300,0.0,0,0.0
SAV,2026-09-15,Tuesday,12.35,12.35,12.35,12.35,12.35,0,0.0,0,0.0
SAV,2026-09-16,Wednesday,12.2,12.45,12.1,12.45,12.45,1000,0.01,0,0.0
SAV,2026-09-17,Thursday,12.45,12.45,12.45,12.45,12.45,0,0.0,0,0.0
SAV,2026-09-18,Friday,12.45,12.45,12.2,12.2,12.2,900,0.01,0,0.0
SAV,2026-09-21,Monday,12.2,12.2,12.2,12.2,12.2,0,0.0,0,0.0
SAV,2026-09-22,Tuesday,12.2,12.2,12.2,12.2,12.2,13000,0.16,0,0.0
SAV,2026-09-23,Wednesday,11.65,12.2,11.65,12.2,12.2,1300,0.02,0,0.0
SAV,2026-09-24,Thursday,11.4,11.4,11.4,11.4,11.4,400,0.0,0,0.0
SAV,2026-09-25,Friday,12.15,12.15,12.0,12.15,12.15,600,0.01,0,0.0
SAV,2026-09-28,Monday,12.8,12.8,12.8,12.8,12.8,100,0.0,0,0.0
SAV,2026-09-29,Tuesday,12.8,12.8,12.8,12.8,12.8,0,0.0,0,0.0
SAV,2026-09-30,Wednesday,12.0,12.6,12.0,12.6,12.6,700,0.01,0,0.0
SAV,2026-10-01,Thursday,12.6,12.6,12.6,12.6,12.6,0,0.0,0,0.0
SAV,2026-10-02,Friday,12.6,12.6,12.6,12.6,12.6,0,0.0,0,0.0
SAV,2026-10-05,Monday,12.6,12.6,12.6,12.6,12.6,0,0.0,0,0.0
SAV,2026-10-06,Tuesday,12.6,12.6,12.6,12.6,12.6,0,0.0,0,0.0
SBA,2026-09-09,Wednesday,24.6,24.85,24.6,24.85,24.85,3900,0.1,0,0.0
SBA,2026-09-10,Thursday,24.5,24.5,24.5,24.5,24.5,500,0.01,0,0.0
SBA,2026-09-11,Friday,24.3,24.85,24.3,24.8,24.8,1800,0.04,0,0.0
SBA,2026-09-14,Monday,24.1,24.8,24.1,24.8,24.8,8200,0.2,0,0.0
SBA,2026-09-15,Tuesday,24.7,24.7,24.7,24.7,24.7,100,0.0,0,0.0
SBA,2026-09-16,Wednesday,24.7,24.7,24.5,24.5,24.5,2200,0.05,0,0.0
SBA,2026-09-17,Thursday,24.65,24.65,23.9,24.1,24.1,24000,0.57,0,0.0
SBA,2026-09-18,Friday,24.0,24.5,24.0,24.5,24.5,8600,0.21,0,0.0
SBA,2026-09-21,Monday,24.2,24.45,24.2,24.45,24.45,900,0.02,0,0.0
SBA,2026-09-22,Tuesday,24.45,24.45,24.45,24.45,24.45,0,0.0,0,0.0
SBA,2026-09-23,Wednesday,24.0,24.35,23.9,24.35,24.35,6000,0.14,0,0.0
SBA,2026-09-24,Thursday,24.0,24.3,24.0,24.3,24.3,1600,0.04,0,0.0
SBA,2026-09-25,Friday,24.1,24.3,24.1,24.3,24.3,1200,0.03,0,0.0
SBA,2026-09-28,Monday,24.85,25.0,24.3,24.8,24.8,3200,0.08,0,0.0
SBA,2026-09-29,Tuesday,24.0,24.75,24.0,24.0,24.0,1100,0.03,0,0.0
SBA,2026-09-30,Wednesday,24.8,24.8,24.0,24.0,24.0,3800,0.09,0,0.0
SBA,2026-10-01,Thursday,24.0,24.8,24.0,24.6,24.6,3700,0.09,0,0.0
SBA,2026-10-02,Friday,24.0,24.3,24.0,24.3,24.3,1700,0.04,0,0.0
SBA,2026-10-05,Monday,24.75,24.75,24.75,24.75,24.75,100,0.0,0,0.0
SBA,2026-10-06,Tuesday,24.0,24.7,24.0,24.65,24.65,11100,0.27,0,0.0
SBG,2026-09-09,Wednesday,14.1,14.1,13.6,13.75,13.75,280200,3.86,0,0.0
SBG,2026-09-10,Thursday,13.65,13.9,13.6,13.8,13.8,233700,3.21,0,0.0
SBG,2026-09-11,Friday,13.7,13.85,13.6,13.7,13.7,166000,2.27,0,0.0
SBG,2026-09-14,Monday,13.65,13.8,13.5,13.7,13.7,208900,2.85,0,0.0
SBG,2026-09-15,Tuesday,13.65,14.05,13.55,14.0,14.0,284200,3.93,0,0.0
SBG,2026-09-16,Wednesday,14.05,14.1,13.85,13.95,13.95,202100,2.82,0,0.0
SBG,2026-09-17,Thursday,13.95,14.1,13.75,13.85,13.85,210400,2.93,0,0.0
SBG,2026-09-18,Friday,13.8,13.95,13.7,13.75,13.75,193700,2.67,0,0.0
SBG,2026-09-21,Monday,13.6,13.95,13.55,13.85,13.85,274800,3.78,0,0.0
SBG,2026-09-22,Tuesday,14.0,14.0,13.8,13.95,13.95,193400,2.68,0,0.0
SBG,2026-09-23,Wednesday,13.95,14.3,13.9,14.2,14.2,377400,5.33,0,0.0
SBG,2026-09-24,Thursday,14.2,14.3,14.05,14.15,14.15,335900,4.74,0,0.0
SBG,2026-09-25,Friday,14.05,14.15,13.9,14.1,14.1,242900,3.41,0,0.0
SBG,2026-09-28,Monday,14.05,14.5,14.05,14.45,14.45,401900,5.76,0,0.0
SBG,2026-09-29,Tuesday,14.6,14.65,14.3,14.35,14.35,217600,3.14,0,0.0
SBG,2026-09-30,Wednesday,14.35,14.35,13.95,13.95,13.95,293000,4.12,0,0.0
SBG,2026-10-01,Thursday,13.9,14.1,13.9,14.1,14.1,223100,3.11,0,0.0
SBG,2026-10-02,Friday,14.1,14.15,13.8,13.95,13.95,190100,2.65,0,0.0
SBG,2026-10-05,Monday,14.0,14.25,13.75,14.2,14.2,276900,3.87,0,0.0
SBG,2026-10-06,Tuesday,14.2,14.2,14.0,14.1,14.1,150000,2.11,0,0.0
SBT,2026-09-09,Wednesday,22.8,23.0,22.65,23.0,23.0,1197700,27.41,0,0.0
SBT,2026-09-10,Thursday,23.0,23.45,22.75,23.05,23.05,1584100,36.6,18372683,451.97
SBT,2026-09-11,Friday,23.05,23.05,22.75,22.9,22.9,1072200,24.53,0,0.0
SBT,2026-09-14,Monday,22.9,22.9,22.55,22.9,22.9,1126300,25.64,0,0.0
SBT,2026-09-15,Tuesday,22.9,23.05,22.8,23.0,23.0,1083800,24.86,0,0.0
SBT,2026-09-16,Wednesday,23.0,23.3,22.8,23.0,23.0,1293200,29.82,15366699,378.02
SBT,2026-09-17,Thursday,23.0,23.25,22.85,23.0,23.0,1108800,25.59,4958504,121.98
SBT,2026-09-18,Friday,22.95,23.2,22.85,23.2,23.2,1783600,41.19,0,0.0
SBT,2026-09-21,Monday,23.2,23.2,22.7,22.7,22.7,1104500,25.33,16300000,400.98
SBT,2026-09-22,Tuesday,22.7,22.8,22.55,22.6,22.6,1105200,25.01,7610000,165.2
SBT,2026-09-23,Wednesday,22.6,22.75,22.5,22.7,22.7,1137500,25.78,8655126,183.49
SBT,2026-09-24,Thursday,22.7,22.7,22.25,22.6,22.6,1079900,24.31,0,0.0
SBT,2026-09-25,Friday,22.6,22.75,22.55,22.75,22.75,1074500,24.34,12666816,266.64
SBT,2026-09-28,Monday,22.75,22.75,22.55,22.75,22.75,1057200,23.93,0,0.0
SBT,2026-09-29,Tuesday,22.75,23.3,22.65,23.0,23.0,1495500,34.35,0,0.0
SBT,2026-09-30,Wednesday,23.0,23.05,22.75,22.75,22.75,1082500,24.79,0,0.0
SBT,2026-10-01,Thursday,22.75,22.75,22.5,22.6,22.6,1067000,24.12,24037493,509.59
SBT,2026-10-02,Friday,22.6,22.6,22.25,22.3,22.3,1216000,27.23,8444874,179.28
SBT,2026-10-05,Monday,22.3,22.55,22.2,22.5,22.5,1400700,31.37,4500000,98.1
SBT,2026-10-06,Tuesday,22.5,23.1,22.45,22.9,22.9,1282700,29.36,0,0.0
SBV,2026-09-09,Wednesday,6.08,6.08,6.08,6.08,6.08,0,0.0,0,0.0
SBV,2026-09-10,Thursday,6.08,6.08,6.08,6.08,6.08,0,0.0,0,0.0
SBV,2026-09-11,Friday,6.0,6.29,5.68,6.28,6.28,1000,0.01,0,0.0
SBV,2026-09-14,Monday,6.28,6.28,6.28,6.28,6.28,400,0.0,0,0.0
SBV,2026-09-15,Tuesday,6.28,6.28,6.28,6.28,6.28,0,0.0,0,0.0
SBV,2026-09-16,Wednesday,6.23,6.23,6.23,6.23,6.23,500,0.0,0,0.0
SBV,2026-09-17,Thursday,5.8,6.22,5.8,6.22,6.22,600,0.0,0,0.0
SBV,2026-09-18,Friday,6.25,6.33,6.25,6.33,6.33,300,0.0,0,0.0
SBV,2026-09-21,Monday,6.33,6.33,6.33,6.33,6.33,0,0.0,0,0.0
SBV,2026-09-22,Tuesday,6.33,6.33,6.33,6.33,6.33,0,0.0,0,0.0
SBV,2026-09-23,Wednesday,6.33,6.33,6.33,6.33,6.33,0,0.0,0,0.0
SBV,2026-09-24,Thursday,5.9,6.2,5.9,6.2,6.2,300,0.0,0,0.0
SBV,2026-09-25,Friday,6.29,6.29,5.78,6.18,6.18,2500,0.01,0,0.0
SBV,2026-09-28,Monday,6.18,6.18,6.18,6.18,6.18,0,0.0,0,0.0
SBV,2026-09-29,Tuesday,6.16,6.16,6.16,6.16,6.16,200,0.0,0,0.0
SBV,2026-09-30,Wednesday,6.28,6.28,5.8,6.28,6.28,300,0.0,0,0.0
SBV,2026-10-01,Thursday,6.0,6.25,6.0,6.25,6.25,200,0.0,0,0.0
SBV,2026-10-02,Friday,6.25,6.25,6.25,6.25,6.25,0,0.0,0,0.0
SBV,2026-10-05,Monday,6.29,6.29,6.29,6.29,6.29,100,0.0,0,0.0
SBV,2026-10-06,Tuesday,6.28,6.28,6.28,6.28,6.28,1000,0.01,0,0.0
SC5,2026-09-09,Wednesday,16.65,16.65,16.65,16.65,16.65,0,0.0,0,0.0
SC5,2026-09-10,Thursday,16.65,16.65,16.65,16.65,16.65,0,0.0,0,0.0
SC5,2026-09-11,Friday,16.65,16.65,16.65,16.65,16.65,0,0.0,0,0.0
SC5,2026-09-14,Monday,16.65,16.65,16.65,16.65,16.65,0,0.0,0,0.0
SC5,2026-09-15,Tuesday,16.65,16.65,16.65,16.65,16.65,0,0.0,0,0.0
SC5,2026-09-16,Wednesday,15.5,15.5,15.5,15.5,15.5,200,0.0,0,0.0
SC5,2026-09-17,Thursday,15.5,15.5,15.5,15.5,15.5,0,0.0,0,0.0
SC5,2026-09-18,Friday,14.55,14.55,14.55,14.55,14.55,100,0.0,0,0.0
SC5,2026-09-21,Monday,14.55,14.55,14.55,14.55,14.55,0,0.0,0,0.0
SC5,2026-09-22,Tuesday,14.55,14.55,14.55,14.55,14.55,0,0.0,0,0.0
SC5,2026-09-23,Wednesday,14.8,14.8,14.8,14.8,14.8,400,0.01,0,0.0
SC5,2026-09-24,Thursday,14.8,14.8,14.8,14.8,14.8,0,0.0,0,0.0
SC5,2026-09-25,Friday,14.8,14.8,14.8,14.8,14.8,0,0.0,0,0.0
SC5,2026-09-28,Monday,14.8,14.8,14.8,14.8,14.8,200,0.0,0,0.0
SC5,2026-09-29,Tuesday,14.8,14.8,14.8,14.8,14.8,0,0.0,0,0.0
SC5,2026-09-30,Wednesday,14.8,14.8,14.8,14.8,14.8,0,0.0,0,0.0
SC5,2026-10-01,Thursday,14.8,14.8,14.8,14.8,14.8,0,0.0,0,0.0
SC5,2026-10-02,Friday,14.0,14.0,14.0,14.0,14.0,100,0.0,0,0.0
SC5,2026-10-05,Monday,14.95,14.95,13.75,14.9,14.9,25300,0.35,0,0.0
SC5,2026-10-06,Tuesday,15.9,15.9,15.9,15.9,15.9,100,0.0,0,0.0
SCR,2026-09-09,Wednesday,4.5,4.5,4.42,4.45,4.45,1664100,7.39,0,0.0
SCR,2026-09-10,Thursday,4.48,4.48,4.36,4.41,4.41,1020900,4.5,0,0.0
SCR,2026-09-11,Friday,4.4,4.4,4.23,4.23,4.23,1260000,5.43,0,0.0
SCR,2026-09-14,Monday,4.11,4.2,4.08,4.14,4.14,822300,3.4,0,0.0
SCR,2026-09-15,Tuesday,4.15,4.19,4.1,4.12,4.12,522500,2.16,0,0.0
SCR,2026-09-16,Wednesday,4.12,4.16,4.09,4.12,4.12,695500,2.86,0,0.0
SCR,2026-09-17,Thursday,4.06,4.23,4.06,4.18,4.18,934500,3.89,0,0.0
SCR,2026-09-18,Friday,4.21,4.22,4.15,4.18,4.18,761100,3.18,0,0.0
SCR,2026-09-21,Monday,4.14,4.24,4.13,4.18,4.18,451100,1.88,0,0.0
SCR,2026-09-22,Tuesday,4.18,4.18,4.11,4.12,4.12,573300,2.37,0,0.0
SCR,2026-09-23,Wednesday,4.12,4.14,4.07,4.12,4.12,820700,3.36,0,0.0
SCR,2026-09-24,Thursday,4.12,4.12,4.03,4.05,4.05,524500,2.13,0,0.0
SCR,2026-09-25,Friday,4.08,4.08,3.99,3.99,3.99,808200,3.24,350000,1.33
SCR,2026-09-28,Monday,3.96,4.03,3.81,3.87,3.87,1132500,4.4,3750500,14.96
SCR,2026-09-29,Tuesday,3.86,3.93,3.86,3.92,3.92,1941500,7.56,0,0.0
SCR,2026-09-30,Wednesday,3.92,4.0,3.9,3.91,3.91,1476600,5.81,0,0.0
SCR,2026-10-01,Thursday,3.9,4.01,3.88,3.9,3.9,1709800,6.73,3750500,14.66
SCR,2026-10-02,Friday,3.91,3.99,3.9,3.98,3.98,1977900,7.84,0,0.0
SCR,2026-10-05,Monday,3.98,4.03,3.93,3.94,3.94,982100,3.9,0,0.0
SCR,2026-10-06,Tuesday,3.92,3.94,3.8,3.93,3.93,1972200,7.63,0,0.0
SCS,2026-09-09,Wednesday,43.8,43.8,43.2,43.2,43.2,155500,6.74,50000,2.1
SCS,2026-09-10,Thursday,43.25,43.35,42.95,42.95,42.95,117700,5.07,0,0.0
SCS,2026-09-11,Friday,43.0,43.25,42.75,42.75,42.75,81000,3.47,0,0.0
SCS,2026-09-14,Monday,42.75,43.1,42.65,42.65,42.65,94900,4.07,80000,3.36
SCS,2026-09-15,Tuesday,42.8,43.5,42.8,43.35,43.35,140900,6.08,80000,3.36
SCS,2026-09-16,Wednesday,43.35,44.15,43.35,44.1,44.1,72500,3.18,82000,3.32
SCS,2026-09-17,Thursday,44.25,44.8,44.1,44.8,44.8,87900,3.91,0,0.0
SCS,2026-09-18,Friday,44.9,44.95,44.65,44.8,44.8,52600,2.36,0,0.0
SCS,2026-09-21,Monday,44.8,44.8,44.15,44.15,44.15,70000,3.11,50000,2.1
SCS,2026-09-22,Tuesday,44.4,44.5,44.1,44.35,44.35,72600,3.22,50000,2.1
SCS,2026-09-23,Wednesday,44.4,44.95,44.4,44.65,44.65,66200,2.96,52000,2.18
SCS,2026-09-24,Thursday,44.65,44.8,44.25,44.35,44.35,56600,2.52,0,0.0
SCS,2026-09-25,Friday,44.3,44.6,44.15,44.3,44.3,40700,1.8,0,0.0
SCS,2026-09-28,Monday,44.3,44.6,43.6,43.6,43.6,111600,4.92,0,0.0
SCS,2026-09-29,Tuesday,43.6,44.1,43.6,43.9,43.9,80600,3.54,0,0.0
SCS,2026-09-30,Wednesday,44.0,44.0,43.85,43.85,43.85,31900,1.4,0,0.0
SCS,2026-10-01,Thursday,43.9,43.95,43.75,43.8,43.8,28700,1.26,0,0.0
SCS,2026-10-02,Friday,43.8,43.9,43.35,43.4,43.4,75300,3.28,0,0.0
SCS,2026-10-05,Monday,43.3,43.6,43.05,43.1,43.1,79400,3.43,0,0.0
SCS,2026-10-06,Tuesday,43.5,43.6,42.95,43.2,43.2,85100,3.67,0,0.0
SFC,2026-09-09,Wednesday,16.5,16.5,16.5,16.5,16.5,0,0.0,0,0.0
SFC,2026-09-10,Thursday,16.5,16.5,16.5,16.5,16.5,0,0.0,0,0.0
SFC,2026-09-11,Friday,16.5,16.5,16.5,16.5,16.5,0,0.0,0,0.0
SFC,2026-09-14,Monday,16.5,16.5,16.5,16.5,16.5,0,0.0,0,0.0
SFC,2026-09-15,Tuesday,17.0,17.0,17.0,17.0,17.0,3000,0.05,0,0.0
SFC,2026-09-16,Wednesday,17.0,17.0,16.0,16.0,16.0,700,0.01,0,0.0
SFC,2026-09-17,Thursday,16.0,16.0,16.0,16.0,16.0,0,0.0,0,0.0
SFC,2026-09-18,Friday,16.0,16.0,16.0,16.0,16.0,0,0.0,0,0.0
SFC,2026-09-21,Monday,16.0,16.0,16.0,16.0,16.0,0,0.0,0,0.0
SFC,2026-09-22,Tuesday,16.0,16.0,16.0,16.0,16.0,0,0.0,0,0.0
SFC,2026-09-23,Wednesday,16.0,16.0,16.0,16.0,16.0,0,0.0,0,0.0
SFC,2026-09-24,Thursday,16.0,16.0,16.0,16.0,16.0,0,0.0,0,0.0
SFC,2026-09-25,Friday,16.0,17.1,16.0,17.1,17.1,800,0.01,0,0.0
SFC,2026-09-28,Monday,17.1,17.1,17.1,17.1,17.1,0,0.0,0,0.0
SFC,2026-09-29,Tuesday,17.1,17.1,17.1,17.1,17.1,0,0.0,0,0.0
SFC,2026-09-30,Wednesday,17.1,17.1,17.1,17.1,17.1,0,0.0,0,0.0
SFC,2026-10-01,Thursday,18.2,18.2,18.2,18.2,18.2,1600,0.03,0,0.0
SFC,2026-10-02,Friday,18.2,18.2,18.2,18.2,18.2,0,0.0,0,0.0
SFC,2026-10-05,Monday,18.2,18.2,18.2,18.2,18.2,0,0.0,0,0.0
SFC,2026-10-06,Tuesday,18.2,18.2,18.2,18.2,18.2,0,0.0,0,0.0
SFG,2026-09-09,Wednesday,10.75,10.75,10.75,10.75,10.75,0,0.0,0,0.0
SFG,2026-09-10,Thursday,10.75,10.75,10.75,10.75,10.75,0,0.0,0,0.0
SFG,2026-09-11,Friday,10.5,10.5,10.5,10.5,10.5,100,0.0,0,0.0
SFG,2026-09-14,Monday,10.9,10.9,10.05,10.05,10.05,2300,0.02,0,0.0
SFG,2026-09-15,Tuesday,10.65,10.65,9.9,10.35,10.35,1200,0.01,0,0.0
SFG,2026-09-16,Wednesday,10.7,10.7,10.0,10.0,10.0,4600,0.05,0,0.0
SFG,2026-09-17,Thursday,10.6,10.6,10.5,10.5,10.5,300,0.0,0,0.0
SFG,2026-09-18,Friday,10.5,10.5,10.5,10.5,10.5,0,0.0,0,0.0
SFG,2026-09-21,Monday,9.95,10.4,9.95,10.4,10.4,8500,0.08,0,0.0
SFG,2026-09-22,Tuesday,10.4,10.4,10.4,10.4,10.4,100,0.0,0,0.0
SFG,2026-09-23,Wednesday,10.4,10.4,10.4,10.4,10.4,0,0.0,0,0.0
SFG,2026-09-24,Thursday,10.95,10.95,9.69,10.5,10.5,2600,0.03,0,0.0
SFG,2026-09-25,Friday,10.45,10.45,10.45,10.45,10.45,200,0.0,0,0.0
SFG,2026-09-28,Monday,10.0,10.0,10.0,10.0,10.0,1000,0.01,0,0.0
SFG,2026-09-29,Tuesday,10.6,10.6,9.9,10.45,10.45,2100,0.02,0,0.0
SFG,2026-09-30,Wednesday,10.45,10.45,10.45,10.45,10.45,0,0.0,0,0.0
SFG,2026-10-01,Thursday,10.45,10.45,10.45,10.45,10.45,0,0.0,0,0.0
SFG,2026-10-02,Friday,10.45,10.45,10.45,10.45,10.45,0,0.0,0,0.0
SFG,2026-10-05,Monday,10.45,10.45,10.45,10.45,10.45,0,0.0,0,0.0
SFG,2026-10-06,Tuesday,10.45,10.45,10.45,10.45,10.45,0,0.0,0,0.0
SFI,2026-09-09,Wednesday,27.4,27.4,27.4,27.4,27.4,0,0.0,0,0.0
SFI,2026-09-10,Thursday,27.4,27.4,27.4,27.4,27.4,0,0.0,0,0.0
SFI,2026-09-11,Friday,27.4,27.4,27.4,27.4,27.4,0,0.0,0,0.0
SFI,2026-09-14,Monday,27.4,27.4,27.4,27.4,27.4,0,0.0,0,0.0
SFI,2026-09-15,Tuesday,27.4,27.4,27.4,27.4,27.4,0,0.0,0,0.0
SFI,2026-09-16,Wednesday,26.0,26.0,26.0,26.0,26.0,200,0.01,0,0.0
SFI,2026-09-17,Thursday,26.1,26.1,26.1,26.1,26.1,300,0.01,0,0.0
SFI,2026-09-18,Friday,26.1,27.1,26.1,26.2,26.2,4800,0.13,20000,0.49
SFI,2026-09-21,Monday,26.2,26.2,26.0,26.0,26.0,400,0.01,0,0.0
SFI,2026-09-22,Tuesday,26.0,26.0,26.0,26.0,26.0,0,0.0,0,0.0
SFI,2026-09-23,Wednesday,25.5,25.5,25.5,25.5,25.5,100,0.0,0,0.0
SFI,2026-09-24,Thursday,25.5,25.5,25.5,25.5,25.5,0,0.0,0,0.0
SFI,2026-09-25,Friday,25.5,25.5,25.5,25.5,25.5,0,0.0,0,0.0
SFI,2026-09-28,Monday,25.5,25.5,25.5,25.5,25.5,0,0.0,0,0.0
SFI,2026-09-29,Tuesday,25.5,25.5,25.5,25.5,25.5,300,0.01,0,0.0
SFI,2026-09-30,Wednesday,25.5,25.5,25.5,25.5,25.5,0,0.0,0,0.0
SFI,2026-10-01,Thursday,25.5,25.5,25.5,25.5,25.5,200,0.01,0,0.0
SFI,2026-10-02,Friday,25.5,25.5,25.3,25.3,25.3,2300,0.06,0,0.0
SFI,2026-10-05,Monday,25.35,25.35,25.35,25.35,25.35,300,0.01,0,0.0
SFI,2026-10-06,Tuesday,25.35,25.35,25.35,25.35,25.35,0,0.0,0,0.0
SGN,2026-09-09,Wednesday,53.0,53.4,52.5,53.1,53.1,10600,0.56,0,0.0
SGN,2026-09-10,Thursday,53.0,53.5,52.8,53.2,53.2,5700,0.3,0,0.0
SGN,2026-09-11,Friday,53.3,53.3,52.5,52.6,52.6,27000,1.42,0,0.0
SGN,2026-09-14,Monday,52.5,52.7,52.4,52.5,52.5,8600,0.45,0,0.0
SGN,2026-09-15,Tuesday,52.4,52.8,51.0,52.5,52.5,9100,0.48,0,0.0
SGN,2026-09-16,Wednesday,52.8,52.8,52.8,52.8,52.8,100,0.01,0,0.0
SGN,2026-09-17,Thursday,52.6,52.8,52.5,52.8,52.8,6100,0.32,0,0.0
SGN,2026-09-18,Friday,52.5,52.8,52.5,52.5,52.5,6800,0.36,0,0.0
SGN,2026-09-21,Monday,52.4,52.5,51.8,52.5,52.5,5700,0.3,0,0.0
SGN,2026-09-22,Tuesday,52.4,52.5,52.4,52.5,52.5,2200,0.12,0,0.0
SGN,2026-09-23,Wednesday,52.5,52.5,51.2,52.4,52.4,7800,0.41,0,0.0
SGN,2026-09-24,Thursday,52.4,52.5,52.0,52.0,52.0,7200,0.38,0,0.0
SGN,2026-09-25,Friday,51.5,52.4,51.5,52.4,52.4,2800,0.14,0,0.0
SGN,2026-09-28,Monday,51.8,52.3,51.0,52.3,52.3,14500,0.75,0,0.0
SGN,2026-09-29,Tuesday,52.2,52.2,51.5,51.5,51.5,1400,0.07,0,0.0
SGN,2026-09-30,Wednesday,51.5,52.0,51.4,52.0,52.0,2700,0.14,0,0.0
SGN,2026-10-01,Thursday,51.5,51.5,51.1,51.1,51.1,7000,0.36,0,0.0
SGN,2026-10-02,Friday,51.4,51.4,51.0,51.2,51.2,3300,0.17,0,0.0
SGN,2026-10-05,Monday,51.2,51.3,50.9,50.9,50.9,3500,0.18,0,0.0
SGN,2026-10-06,Tuesday,51.0,51.1,50.0,50.0,50.0,6900,0.35,0,0.0
SGR,2026-09-09,Wednesday,10.05,10.05,9.88,9.9,9.9,6300,0.06,0,0.0
SGR,2026-09-10,Thursday,9.9,10.0,9.85,10.0,10.0,37000,0.37,0,0.0
SGR,2026-09-11,Friday,10.0,10.0,9.8,9.99,9.99,28300,0.28,0,0.0
SGR,2026-09-14,Monday,9.97,9.97,9.4,9.97,9.97,42000,0.41,0,0.0
SGR,2026-09-15,Tuesday,9.9,9.95,9.61,9.94,9.94,89600,0.89,0,0.0
SGR,2026-09-16,Wednesday,9.94,9.94,9.8,9.94,9.94,75300,0.75,0,0.0
SGR,2026-09-17,Thursday,9.94,10.1,9.94,10.1,10.1,44900,0.45,0,0.0
SGR,2026-09-18,Friday,10.1,10.4,10.05,10.3,10.3,56500,0.58,0,0.0
SGR,2026-09-21,Monday,10.35,10.4,10.2,10.3,10.3,41300,0.42,0,0.0
SGR,2026-09-22,Tuesday,10.3,10.35,10.05,10.35,10.35,41300,0.42,0,0.0
SGR,2026-09-23,Wednesday,10.35,10.4,10.0,10.4,10.4,39700,0.41,0,0.0
SGR,2026-09-24,Thursday,10.3,10.5,10.2,10.5,10.5,63100,0.66,0,0.0
SGR,2026-09-25,Friday,10.5,10.95,10.4,10.6,10.6,68600,0.73,0,0.0
SGR,2026-09-28,Monday,10.45,10.7,10.45,10.7,10.7,92900,0.98,0,0.0
SGR,2026-09-29,Tuesday,10.7,10.75,10.5,10.7,10.7,47100,0.5,0,0.0
SGR,2026-09-30,Wednesday,10.65,10.7,10.4,10.7,10.7,38200,0.41,0,0.0
SGR,2026-10-01,Thursday,10.75,10.75,10.5,10.7,10.7,38100,0.41,0,0.0
SGR,2026-10-02,Friday,10.5,10.7,10.45,10.65,10.65,74800,0.8,0,0.0
SGR,2026-10-05,Monday,10.45,10.7,10.3,10.7,10.7,65100,0.69,0,0.0
SGR,2026-10-06,Tuesday,10.35,10.65,9.97,9.97,9.97,64600,0.66,0,0.0
SGT,2026-09-09,Wednesday,9.7,9.7,9.5,9.5,9.5,3800,0.04,0,0.0
SGT,2026-09-10,Thursday,9.5,9.5,9.5,9.5,9.5,100,0.0,0,0.0
SGT,2026-09-11,Friday,9.1,9.1,8.84,8.84,8.84,61300,0.54,0,0.0
SGT,2026-09-14,Monday,8.84,9.28,8.23,8.35,8.35,9100,0.08,0,0.0
SGT,2026-09-15,Tuesday,8.85,8.85,8.78,8.78,8.78,1100,0.01,0,0.0
SGT,2026-09-16,Wednesday,8.66,8.98,8.66,8.88,8.88,3200,0.03,0,0.0
SGT,2026-09-17,Thursday,8.84,8.98,8.35,8.98,8.98,8400,0.07,0,0.0
SGT,2026-09-18,Friday,8.5,9.1,8.45,9.1,9.1,22100,0.19,0,0.0
SGT,2026-09-21,Monday,9.1,9.33,8.63,8.63,8.63,9500,0.09,0,0.0
SGT,2026-09-22,Tuesday,9.08,9.08,8.5,9.0,9.0,46200,0.4,0,0.0
SGT,2026-09-23,Wednesday,9.0,9.0,8.6,9.0,9.0,2200,0.02,0,0.0
SGT,2026-09-24,Thursday,8.96,8.96,8.38,8.8,8.8,29900,0.25,0,0.0
SGT,2026-09-25,Friday,8.8,9.0,8.4,9.0,9.0,100100,0.87,0,0.0
SGT,2026-09-28,Monday,8.61,8.89,8.5,8.55,8.55,31700,0.27,0,0.0
SGT,2026-09-29,Tuesday,8.6,8.6,8.5,8.56,8.56,20600,0.18,0,0.0
SGT,2026-09-30,Wednesday,8.52,9.0,8.5,9.0,9.0,60700,0.52,0,0.0
SGT,2026-10-01,Thursday,9.01,9.5,9.0,9.0,9.0,3900,0.04,0,0.0
SGT,2026-10-02,Friday,9.0,9.0,9.0,9.0,9.0,0,0.0,0,0.0
SGT,2026-10-05,Monday,8.66,9.0,8.4,8.9,8.9,11800,0.1,0,0.0
SGT,2026-10-06,Tuesday,8.9,8.9,8.9,8.9,8.9,300,0.0,0,0.0
SHA,2026-09-09,Wednesday,3.89,3.9,3.81,3.85,3.85,2600,0.01,0,0.0
SHA,2026-09-10,Thursday,3.89,3.9,3.82,3.88,3.88,3900,0.01,0,0.0
SHA,2026-09-11,Friday,3.82,3.9,3.81,3.88,3.88,3300,0.01,0,0.0
SHA,2026-09-14,Monday,3.81,3.86,3.81,3.86,3.86,1500,0.01,0,0.0
SHA,2026-09-15,Tuesday,3.9,3.9,3.9,3.9,3.9,100,0.0,0,0.0
SHA,2026-09-16,Wednesday,3.81,3.88,3.81,3.88,3.88,3500,0.01,0,0.0
SHA,2026-09-17,Thursday,3.88,3.95,3.82,3.95,3.95,8900,0.03,0,0.0
SHA,2026-09-18,Friday,3.94,3.96,3.83,3.96,3.96,4600,0.02,0,0.0
SHA,2026-09-21,Monday,3.96,3.96,3.96,3.96,3.96,0,0.0,0,0.0
SHA,2026-09-22,Tuesday,3.83,3.94,3.82,3.92,3.92,800,0.0,0,0.0
SHA,2026-09-23,Wednesday,3.93,3.95,3.85,3.9,3.9,2900,0.01,0,0.0
SHA,2026-09-24,Thursday,3.9,3.9,3.9,3.9,3.9,0,0.0,0,0.0
SHA,2026-09-25,Friday,3.83,3.91,3.63,3.9,3.9,4600,0.02,0,0.0
SHA,2026-09-28,Monday,3.71,3.88,3.71,3.88,3.88,500,0.0,0,0.0
SHA,2026-09-29,Tuesday,3.88,3.88,3.88,3.88,3.88,0,0.0,0,0.0
SHA,2026-09-30,Wednesday,3.76,3.88,3.76,3.88,3.88,600,0.0,0,0.0
SHA,2026-10-01,Thursday,3.88,3.88,3.88,3.88,3.88,0,0.0,49000,0.18
SHA,2026-10-02,Friday,3.76,3.88,3.76,3.88,3.88,600,0.0,0,0.0
SHA,2026-10-05,Monday,3.88,3.88,3.88,3.88,3.88,0,0.0,0,0.0
SHA,2026-10-06,Tuesday,3.88,3.88,3.88,3.88,3.88,0,0.0,0,0.0
SHB,2026-09-09,Wednesday,11.85,11.95,11.7,11.75,11.75,52583100,619.61,18620000,221.8
SHB,2026-09-10,Thursday,11.75,11.8,11.6,11.75,11.75,35366100,413.15,5479100,63.96
SHB,2026-09-11,Friday,11.7,11.75,11.5,11.55,11.55,53980000,626.39,8561600,98.79
SHB,2026-09-14,Monday,11.55,11.6,11.3,11.4,11.4,52587200,601.19,2585000,28.32
SHB,2026-09-15,Tuesday,11.45,11.55,11.35,11.55,11.55,56436700,645.31,4913000,58.91
SHB,2026-09-16,Wednesday,11.5,11.55,11.35,11.5,11.5,34650000,396.6,10989000,126.06
SHB,2026-09-17,Thursday,11.4,11.6,11.35,11.6,11.6,47410400,546.47,4131851,49.82
SHB,2026-09-18,Friday,11.6,11.8,11.5,11.8,11.8,51778900,607.19,0,0.0
SHB,2026-09-21,Monday,11.75,11.8,11.5,11.6,11.6,47347800,549.51,4000000,48.2
SHB,2026-09-22,Tuesday,11.6,11.65,11.5,11.65,11.65,15475500,179.41,0,0.0
SHB,2026-09-23,Wednesday,11.65,11.75,11.6,11.7,11.7,24146100,281.69,11170000,131.05
SHB,2026-09-24,Thursday,11.65,11.7,11.5,11.6,11.6,32735400,378.85,1772279,22.01
SHB,2026-09-25,Friday,11.65,11.65,11.45,11.6,11.6,37765800,436.55,5620000,67.13
SHB,2026-09-28,Monday,11.6,11.6,11.35,11.5,11.5,38708400,442.73,1632279,19.59
SHB,2026-09-29,Tuesday,11.5,11.55,11.35,11.45,11.45,26435800,302.28,5670000,67.99
SHB,2026-09-30,Wednesday,11.4,11.45,11.3,11.45,11.45,29441400,335.43,810000,9.65
SHB,2026-10-01,Thursday,11.4,11.45,11.2,11.35,11.35,34648300,392.48,10594000,120.68
SHB,2026-10-02,Friday,11.25,11.35,11.15,11.15,11.15,30573500,342.54,16918318,184.52
SHB,2026-10-05,Monday,11.15,11.25,11.05,11.05,11.05,29572100,328.03,8190000,96.26
SHB,2026-10-06,Tuesday,11.05,11.1,10.65,10.95,10.95,78706700,852.76,720000,7.85
SHI,2026-09-09,Wednesday,14.7,14.7,14.45,14.6,14.6,274400,3.98,4907936,69.22
SHI,2026-09-10,Thursday,14.9,14.9,14.6,14.65,14.65,332100,4.86,2169670,30.38
SHI,2026-09-11,Friday,14.3,14.6,14.3,14.55,14.55,250900,3.65,511000,7.66
SHI,2026-09-14,Monday,14.85,14.85,14.45,14.45,14.45,314200,4.55,1219230,17.07
SHI,2026-09-15,Tuesday,14.45,14.45,14.4,14.45,14.45,286100,4.13,0,0.0
SHI,2026-09-16,Wednesday,14.35,14.55,14.35,14.45,14.45,265400,3.83,25467,0.37
SHI,2026-09-17,Thursday,14.25,14.65,14.25,14.55,14.55,205500,2.97,20000,0.29
SHI,2026-09-18,Friday,14.25,14.55,14.25,14.45,14.45,233100,3.35,0,0.0
SHI,2026-09-21,Monday,14.25,14.5,14.25,14.5,14.5,209500,3.01,1200000,16.8
SHI,2026-09-22,Tuesday,14.65,14.65,13.5,14.4,14.4,412400,5.6,0,0.0
SHI,2026-09-23,Wednesday,13.8,14.45,13.8,14.45,14.45,153100,2.14,2366625,33.05
SHI,2026-09-24,Thursday,14.45,14.5,13.55,13.85,13.85,463600,6.43,650000,9.04
SHI,2026-09-25,Friday,13.5,14.0,13.4,14.0,14.0,120900,1.66,0,0.0
SHI,2026-09-28,Monday,13.75,14.15,13.6,14.1,14.1,64000,0.89,0,0.0
SHI,2026-09-29,Tuesday,13.75,14.0,13.7,14.0,14.0,42400,0.59,881345,12.34
SHI,2026-09-30,Wednesday,13.75,14.0,13.75,14.0,14.0,223700,3.09,880000,12.32
SHI,2026-10-01,Thursday,13.75,14.0,13.1,14.0,14.0,281900,3.89,1102160,15.43
SHI,2026-10-02,Friday,13.8,14.0,13.65,14.0,14.0,254200,3.5,550000,7.7
SHI,2026-10-05,Monday,13.8,14.0,13.75,14.0,14.0,249600,3.47,485000,6.79
SHI,2026-10-06,Tuesday,13.95,14.0,13.75,14.0,14.0,154700,2.16,1987590,27.83
SHP,2026-09-09,Wednesday,31.0,31.0,31.0,31.0,31.0,200,0.01,0,0.0
SHP,2026-09-10,Thursday,31.5,31.5,31.0,31.0,31.0,1100,0.03,0,0.0
SHP,2026-09-11,Friday,31.0,31.0,31.0,31.0,31.0,300,0.01,0,0.0
SHP,2026-09-14,Monday,31.0,31.1,30.5,31.0,31.0,900,0.03,0,0.0
SHP,2026-09-15,Tuesday,31.0,31.0,31.0,31.0,31.0,4300,0.13,0,0.0
SHP,2026-09-16,Wednesday,31.5,31.5,31.5,31.5,31.5,200,0.01,0,0.0
SHP,2026-09-17,Thursday,31.5,31.5,31.45,31.45,31.45,4300,0.14,0,0.0
SHP,2026-09-18,Friday,31.5,31.5,31.45,31.5,31.5,1100,0.03,0,0.0
SHP,2026-09-21,Monday,31.0,31.2,31.0,31.2,31.2,1100,0.03,0,0.0
SHP,2026-09-22,Tuesday,31.2,31.5,31.0,31.4,31.4,4100,0.13,0,0.0
SHP,2026-09-23,Wednesday,31.5,31.6,31.3,31.5,31.5,6300,0.2,0,0.0
SHP,2026-09-24,Thursday,31.5,31.5,31.5,31.5,31.5,1200,0.04,0,0.0
SHP,2026-09-25,Friday,31.0,31.5,30.5,31.4,31.4,3800,0.12,0,0.0
SHP,2026-09-28,Monday,31.2,31.5,31.1,31.5,31.5,2400,0.07,0,0.0
SHP,2026-09-29,Tuesday,31.15,31.15,31.15,31.15,31.15,300,0.01,0,0.0
SHP,2026-09-30,Wednesday,31.0,31.05,31.0,31.05,31.05,800,0.02,0,0.0
SHP,2026-10-01,Thursday,31.05,31.5,31.05,31.3,31.3,3800,0.12,0,0.0
SHP,2026-10-02,Friday,31.0,31.4,31.0,31.15,31.15,2500,0.08,0,0.0
SHP,2026-10-05,Monday,31.0,31.5,31.0,31.5,31.5,1400,0.04,0,0.0
SHP,2026-10-06,Tuesday,32.0,32.0,31.7,31.7,31.7,300,0.01,0,0.0
SIP,2026-09-09,Wednesday,48.95,49.2,48.8,49.0,49.0,87700,4.3,0,0.0
SIP,2026-09-10,Thursday,48.9,49.2,48.9,49.0,49.0,50200,2.46,0,0.0
SIP,2026-09-11,Friday,49.05,49.1,48.5,48.5,48.5,44900,2.19,20000,0.98
SIP,2026-09-14,Monday,48.6,48.8,45.15,47.75,47.75,79400,3.76,0,0.0
SIP,2026-09-15,Tuesday,48.0,48.3,47.55,47.85,47.85,81000,3.87,0,0.0
SIP,2026-09-16,Wednesday,48.4,48.8,48.0,48.4,48.4,41300,2.0,40000,1.88
SIP,2026-09-17,Thursday,48.0,48.8,48.0,48.55,48.55,18900,0.92,0,0.0
SIP,2026-09-18,Friday,48.8,50.2,48.75,49.5,49.5,192700,9.6,40000,1.88
SIP,2026-09-21,Monday,49.5,50.2,49.5,49.5,49.5,43600,2.17,0,0.0
SIP,2026-09-22,Tuesday,49.5,50.4,49.5,50.2,50.2,80600,4.03,0,0.0
SIP,2026-09-23,Wednesday,50.5,51.1,50.1,50.2,50.2,44700,2.26,0,0.0
SIP,2026-09-24,Thursday,50.2,50.4,49.9,50.0,50.0,70900,3.55,0,0.0
SIP,2026-09-25,Friday,50.0,50.2,49.7,50.0,50.0,38800,1.94,0,0.0
SIP,2026-09-28,Monday,49.4,49.9,49.05,49.15,49.15,93600,4.61,0,0.0
SIP,2026-09-29,Tuesday,49.35,49.45,48.8,49.05,49.05,82000,4.02,0,0.0
SIP,2026-09-30,Wednesday,49.05,49.9,49.05,49.1,49.1,50300,2.48,0,0.0
SIP,2026-10-01,Thursday,49.1,49.5,48.8,49.25,49.25,158600,7.8,0,0.0
SIP,2026-10-02,Friday,49.25,49.3,48.6,48.6,48.6,62800,3.07,0,0.0
SIP,2026-10-05,Monday,48.65,48.95,48.65,48.65,48.65,48000,2.34,0,0.0
SIP,2026-10-06,Tuesday,48.7,48.85,48.1,48.2,48.2,67100,3.24,0,0.0
SJD,2026-09-09,Wednesday,13.85,13.95,13.85,13.9,13.9,18600,0.26,0,0.0
SJD,2026-09-10,Thursday,13.9,13.95,13.9,13.95,13.95,15400,0.21,0,0.0
SJD,2026-09-11,Friday,13.95,13.95,13.85,13.9,13.9,41400,0.58,0,0.0
SJD,2026-09-14,Monday,13.9,13.95,13.85,13.9,13.9,55300,0.77,0,0.0
SJD,2026-09-15,Tuesday,13.9,13.9,13.85,13.9,13.9,27400,0.38,0,0.0
SJD,2026-09-16,Wednesday,13.9,13.9,13.85,13.9,13.9,9100,0.13,0,0.0
SJD,2026-09-17,Thursday,13.9,13.9,13.85,13.9,13.9,72500,1.01,0,0.0
SJD,2026-09-18,Friday,13.9,14.0,13.9,13.95,13.95,69500,0.97,0,0.0
SJD,2026-09-21,Monday,13.9,13.9,13.85,13.85,13.85,61100,0.85,0,0.0
SJD,2026-09-22,Tuesday,13.85,13.9,13.85,13.9,13.9,19100,0.26,0,0.0
SJD,2026-09-23,Wednesday,13.85,13.9,13.85,13.9,13.9,40100,0.56,0,0.0
SJD,2026-09-24,Thursday,13.9,13.9,13.85,13.85,13.85,77900,1.08,0,0.0
SJD,2026-09-25,Friday,13.85,13.9,13.85,13.9,13.9,62100,0.86,0,0.0
SJD,2026-09-28,Monday,13.9,13.9,13.85,13.85,13.85,66900,0.93,0,0.0
SJD,2026-09-29,Tuesday,13.9,13.9,13.85,13.85,13.85,21000,0.29,0,0.0
SJD,2026-09-30,Wednesday,13.85,13.9,13.85,13.9,13.9,26700,0.37,0,0.0
SJD,2026-10-01,Thursday,13.9,13.9,13.85,13.9,13.9,22900,0.32,0,0.0
SJD,2026-10-02,Friday,13.9,13.9,13.8,13.9,13.9,63900,0.88,0,0.0
SJD,2026-10-05,Monday,13.9,13.9,13.8,13.85,13.85,72800,1.01,0,0.0
SJD,2026-10-06,Tuesday,13.85,13.85,13.75,13.8,13.8,70800,0.98,0,0.0
SJS,2026-09-09,Wednesday,54.1,57.0,54.1,56.8,56.8,17200,0.97,0,0.0
SJS,2026-09-10,Thursday,56.2,56.8,55.1,56.8,56.8,21700,1.22,0,0.0
SJS,2026-09-11,Friday,55.6,56.8,55.5,56.6,56.6,20200,1.14,0,0.0
SJS,2026-09-14,Monday,56.6,56.6,54.9,56.5,56.5,59800,3.34,518000,29.01
SJS,2026-09-15,Tuesday,56.5,56.8,55.0,56.8,56.8,46700,2.61,0,0.0
SJS,2026-09-16,Wednesday,56.8,56.8,56.0,56.8,56.8,19100,1.08,0,0.0
SJS,2026-09-17,Thursday,57.0,57.0,55.2,56.8,56.8,11200,0.63,0,0.0
SJS,2026-09-18,Friday,56.8,56.8,56.4,56.7,56.7,9300,0.53,0,0.0
SJS,2026-09-21,Monday,56.1,56.5,56.0,56.0,56.0,5700,0.32,272000,15.64
SJS,2026-09-22,Tuesday,56.0,56.7,55.2,56.4,56.4,12000,0.67,0,0.0
SJS,2026-09-23,Wednesday,55.3,56.3,55.3,56.3,56.3,23500,1.31,50000,2.82
SJS,2026-09-24,Thursday,56.1,56.1,55.2,55.9,55.9,1000,0.06,250000,15.0
SJS,2026-09-25,Friday,55.5,55.5,55.2,55.2,55.2,3100,0.17,0,0.0
SJS,2026-09-28,Monday,53.1,54.0,53.1,54.0,54.0,12200,0.66,5324000,287.35
SJS,2026-09-29,Tuesday,51.6,52.5,51.6,52.5,52.5,4500,0.23,0,0.0
SJS,2026-09-30,Wednesday,52.4,52.7,51.6,52.2,52.2,2600,0.14,0,0.0
SJS,2026-10-01,Thursday,52.5,52.5,51.5,52.3,52.3,2800,0.15,0,0.0
SJS,2026-10-02,Friday,52.6,52.6,52.3,52.6,52.6,600,0.03,0,0.0
SJS,2026-10-05,Monday,50.5,52.7,50.5,52.0,52.0,8100,0.42,952000,49.5
SJS,2026-10-06,Tuesday,51.0,52.3,51.0,51.9,51.9,2100,0.11,0,0.0
SKG,2026-09-09,Wednesday,7.54,7.63,7.54,7.6,7.6,9500,0.07,0,0.0
SKG,2026-09-10,Thursday,7.6,7.61,7.55,7.59,7.59,22000,0.17,0,0.0
SKG,2026-09-11,Friday,7.61,7.65,7.42,7.42,7.42,104500,0.79,0,0.0
SKG,2026-09-14,Monday,7.43,7.55,7.34,7.39,7.39,28800,0.21,0,0.0
SKG,2026-09-15,Tuesday,7.42,7.44,7.32,7.36,7.36,10100,0.07,0,0.0
SKG,2026-09-16,Wednesday,7.4,7.42,7.35,7.36,7.36,22100,0.16,0,0.0
SKG,2026-09-17,Thursday,7.32,7.42,7.32,7.36,7.36,11300,0.08,0,0.0
SKG,2026-09-18,Friday,7.32,7.4,7.31,7.31,7.31,23000,0.17,0,0.0
SKG,2026-09-21,Monday,7.31,7.4,7.3,7.3,7.3,40400,0.3,0,0.0
SKG,2026-09-22,Tuesday,7.3,7.36,7.01,7.36,7.36,90900,0.66,0,0.0
SKG,2026-09-23,Wednesday,7.3,7.3,7.21,7.29,7.29,25300,0.18,0,0.0
SKG,2026-09-24,Thursday,7.3,7.4,7.15,7.15,7.15,100900,0.73,0,0.0
SKG,2026-09-25,Friday,7.34,7.34,7.23,7.29,7.29,8700,0.06,0,0.0
SKG,2026-09-28,Monday,7.29,7.3,7.18,7.22,7.22,34300,0.25,0,0.0
SKG,2026-09-29,Tuesday,7.2,7.28,7.2,7.22,7.22,7800,0.06,0,0.0
SKG,2026-09-30,Wednesday,7.22,7.28,7.19,7.2,7.2,27100,0.2,0,0.0
SKG,2026-10-01,Thursday,7.2,7.27,7.11,7.12,7.12,22600,0.16,0,0.0
SKG,2026-10-02,Friday,7.13,7.2,7.1,7.16,7.16,18000,0.13,0,0.0
SKG,2026-10-05,Monday,7.1,7.3,7.1,7.28,7.28,40700,0.3,0,0.0
SKG,2026-10-06,Tuesday,7.3,7.34,7.21,7.24,7.24,30800,0.22,0,0.0
SMA,2026-09-09,Wednesday,6.66,6.66,6.66,6.66,6.66,1000,0.01,0,0.0
SMA,2026-09-10,Thursday,6.51,6.51,6.5,6.5,6.5,600,0.0,0,0.0
SMA,2026-09-11,Friday,6.5,6.5,6.2,6.2,6.2,700,0.0,0,0.0
SMA,2026-09-14,Monday,6.2,6.2,6.2,6.2,6.2,500,0.0,0,0.0
SMA,2026-09-15,Tuesday,6.2,6.2,6.2,6.2,6.2,300,0.0,0,0.0
SMA,2026-09-16,Wednesday,6.2,6.2,6.2,6.2,6.2,500,0.0,0,0.0
SMA,2026-09-17,Thursday,6.2,6.2,6.2,6.2,6.2,500,0.0,0,0.0
SMA,2026-09-18,Friday,6.2,6.2,6.2,6.2,6.2,500,0.0,0,0.0
SMA,2026-09-21,Monday,6.2,6.2,6.2,6.2,6.2,1500,0.01,0,0.0
SMA,2026-09-22,Tuesday,6.2,6.2,6.2,6.2,6.2,500,0.0,0,0.0
SMA,2026-09-23,Wednesday,6.2,6.2,6.2,6.2,6.2,0,0.0,0,0.0
SMA,2026-09-24,Thursday,6.1,6.1,6.1,6.1,6.1,200,0.0,0,0.0
SMA,2026-09-25,Friday,6.1,6.1,6.1,6.1,6.1,0,0.0,0,0.0
SMA,2026-09-28,Monday,6.1,6.1,6.1,6.1,6.1,0,0.0,0,0.0
SMA,2026-09-29,Tuesday,6.1,6.1,6.1,6.1,6.1,800,0.0,0,0.0
SMA,2026-09-30,Wednesday,6.1,6.1,6.1,6.1,6.1,2500,0.02,0,0.0
SMA,2026-10-01,Thursday,6.1,6.1,6.1,6.1,6.1,500,0.0,0,0.0
SMA,2026-10-02,Friday,6.1,6.1,6.1,6.1,6.1,0,0.0,0,0.0
SMA,2026-10-05,Monday,6.1,6.1,6.1,6.1,6.1,0,0.0,0,0.0
SMA,2026-10-06,Tuesday,5.8,5.8,5.8,5.8,5.8,1000,0.01,0,0.0
SMB,2026-09-09,Wednesday,40.3,40.85,40.3,40.85,40.85,2200,0.09,0,0.0
SMB,2026-09-10,Thursday,40.85,40.85,40.2,40.25,40.25,3300,0.13,0,0.0
SMB,2026-09-11,Friday,40.2,40.3,40.1,40.3,40.3,4700,0.19,0,0.0
SMB,2026-09-14,Monday,40.4,40.5,40.05,40.05,40.05,6500,0.26,0,0.0
SMB,2026-09-15,Tuesday,40.5,40.5,40.15,40.15,40.15,5600,0.23,0,0.0
SMB,2026-09-16,Wednesday,40.15,40.5,40.15,40.5,40.5,4600,0.18,0,0.0
SMB,2026-09-17,Thursday,40.55,40.55,40.5,40.5,40.5,11400,0.46,0,0.0
SMB,2026-09-18,Friday,40.25,40.5,40.25,40.5,40.5,2600,0.1,0,0.0
SMB,2026-09-21,Monday,40.5,40.5,40.5,40.5,40.5,6400,0.26,0,0.0
SMB,2026-09-22,Tuesday,40.5,40.65,40.5,40.5,40.5,3100,0.13,0,0.0
SMB,2026-09-23,Wednesday,40.6,41.9,40.5,40.9,40.9,19500,0.8,0,0.0
SMB,2026-09-24,Thursday,40.9,40.9,40.9,40.9,40.9,0,0.0,0,0.0
SMB,2026-09-25,Friday,40.6,40.6,40.55,40.55,40.55,3200,0.13,0,0.0
SMB,2026-09-28,Monday,40.55,41.55,40.55,41.55,41.55,3800,0.15,0,0.0
SMB,2026-09-29,Tuesday,40.6,41.5,40.5,41.5,41.5,6200,0.25,0,0.0
SMB,2026-09-30,Wednesday,41.5,41.5,40.5,41.0,41.0,600,0.02,0,0.0
SMB,2026-10-01,Thursday,41.0,41.55,40.6,41.4,41.4,11200,0.46,0,0.0
SMB,2026-10-02,Friday,41.4,41.4,41.4,41.4,41.4,0,0.0,0,0.0
SMB,2026-10-05,Monday,41.2,41.2,41.2,41.2,41.2,100,0.0,0,0.0
SMB,2026-10-06,Tuesday,41.2,41.2,41.2,41.2,41.2,0,0.0,0,0.0
SMC,2026-09-09,Wednesday,10.1,10.25,10.05,10.2,10.2,145000,1.47,0,0.0
SMC,2026-09-10,Thursday,10.4,10.4,10.15,10.25,10.25,122900,1.26,0,0.0
SMC,2026-09-11,Friday,10.3,10.3,10.0,10.0,10.0,13000,0.13,0,0.0
SMC,2026-09-14,Monday,10.0,10.0,9.81,9.81,9.81,37500,0.37,1400000,14.0
SMC,2026-09-15,Tuesday,9.82,10.0,9.8,10.0,10.0,112400,1.11,0,0.0
SMC,2026-09-16,Wednesday,10.0,10.0,9.76,9.98,9.98,28500,0.28,0,0.0
SMC,2026-09-17,Thursday,9.9,9.98,9.9,9.9,9.9,54900,0.54,0,0.0
SMC,2026-09-18,Friday,9.9,10.1,9.85,10.0,10.0,57100,0.57,0,0.0
SMC,2026-09-21,Monday,10.0,10.0,9.7,9.76,9.76,50700,0.5,0,0.0
SMC,2026-09-22,Tuesday,9.81,10.0,9.75,9.76,9.76,42900,0.42,0,0.0
SMC,2026-09-23,Wednesday,9.8,9.99,9.7,9.88,9.88,63700,0.63,0,0.0
SMC,2026-09-24,Thursday,9.88,10.0,9.7,10.0,10.0,67700,0.67,70000,0.74
SMC,2026-09-25,Friday,9.8,10.05,9.8,10.05,10.05,72800,0.73,0,0.0
SMC,2026-09-28,Monday,9.8,10.05,9.8,10.05,10.05,40300,0.4,0,0.0
SMC,2026-09-29,Tuesday,10.05,10.1,9.82,10.1,10.1,106700,1.07,0,0.0
SMC,2026-09-30,Wednesday,10.0,10.05,9.83,10.05,10.05,72600,0.72,0,0.0
SMC,2026-10-01,Thursday,9.85,10.0,9.85,10.0,10.0,31500,0.31,0,0.0
SMC,2026-10-02,Friday,9.8,9.99,9.8,9.99,9.99,58100,0.57,0,0.0
SMC,2026-10-05,Monday,9.99,10.05,9.85,9.85,9.85,58000,0.58,0,0.0
SMC,2026-10-06,Tuesday,9.85,9.98,9.72,9.95,9.95,38900,0.38,1066917,10.51
SPM,2026-09-09,Wednesday,8.8,8.8,8.8,8.8,8.8,0,0.0,0,0.0
SPM,2026-09-10,Thursday,8.8,8.8,8.8,8.8,8.8,0,0.0,0,0.0
SPM,2026-09-11,Friday,8.21,8.21,8.21,8.21,8.21,100,0.0,0,0.0
SPM,2026-09-14,Monday,8.21,8.21,8.21,8.21,8.21,0,0.0,0,0.0
SPM,2026-09-15,Tuesday,7.7,8.78,7.67,8.78,8.78,1100,0.01,0,0.0
SPM,2026-09-16,Wednesday,8.78,8.78,8.78,8.78,8.78,0,0.0,0,0.0
SPM,2026-09-17,Thursday,8.78,8.78,8.78,8.78,8.78,0,0.0,0,0.0
SPM,2026-09-18,Friday,8.6,8.6,8.6,8.6,8.6,100,0.0,0,0.0
SPM,2026-09-21,Monday,8.6,8.6,8.6,8.6,8.6,0,0.0,0,0.0
SPM,2026-09-22,Tuesday,8.01,8.6,8.01,8.6,8.6,5700,0.05,0,0.0
SPM,2026-09-23,Wednesday,8.6,8.6,8.6,8.6,8.6,0,0.0,0,0.0
SPM,2026-09-24,Thursday,8.6,8.6,8.6,8.6,8.6,0,0.0,0,0.0
SPM,2026-09-25,Friday,8.5,8.5,8.5,8.5,8.5,21000,0.18,0,0.0
SPM,2026-09-28,Monday,8.5,8.5,8.5,8.5,8.5,0,0.0,0,0.0
SPM,2026-09-29,Tuesday,8.5,8.5,8.5,8.5,8.5,0,0.0,0,0.0
SPM,2026-09-30,Wednesday,8.5,8.5,8.5,8.5,8.5,2700,0.02,0,0.0
SPM,2026-10-01,Thursday,8.5,8.5,8.5,8.5,8.5,0,0.0,0,0.0
SPM,2026-10-02,Friday,8.5,8.5,8.5,8.5,8.5,9400,0.08,0,0.0
SPM,2026-10-05,Monday,8.5,8.5,8.5,8.5,8.5,0,0.0,0,0.0
SPM,2026-10-06,Tuesday,8.5,8.5,8.5,8.5,8.5,0,0.0,0,0.0
SRC,2026-09-09,Wednesday,38.75,38.75,38.75,38.75,38.75,0,0.0,0,0.0
SRC,2026-09-10,Thursday,36.5,38.6,36.5,38.6,38.6,500,0.02,0,0.0
SRC,2026-09-11,Friday,38.9,39.5,36.25,36.25,36.25,9800,0.38,0,0.0
SRC,2026-09-14,Monday,35.5,35.5,35.5,35.5,35.5,1500,0.05,0,0.0
SRC,2026-09-15,Tuesday,35.5,35.6,35.5,35.5,35.5,2800,0.1,0,0.0
SRC,2026-09-16,Wednesday,35.5,35.5,35.5,35.5,35.5,0,0.0,0,0.0
SRC,2026-09-17,Thursday,35.5,36.8,35.5,36.8,36.8,4100,0.15,0,0.0
SRC,2026-09-18,Friday,36.8,36.8,36.8,36.8,36.8,0,0.0,0,0.0
SRC,2026-09-21,Monday,36.8,36.8,36.8,36.8,36.8,0,0.0,0,0.0
SRC,2026-09-22,Tuesday,36.8,36.8,36.8,36.8,36.8,0,0.0,0,0.0
SRC,2026-09-23,Wednesday,36.8,36.8,36.8,36.8,36.8,0,0.0,0,0.0
SRC,2026-09-24,Thursday,34.7,36.8,34.7,36.8,36.8,2100,0.07,0,0.0
SRC,2026-09-25,Friday,35.5,35.95,35.5,35.95,35.95,200,0.01,0,0.0
SRC,2026-09-28,Monday,35.95,36.25,35.95,36.25,36.25,2100,0.08,0,0.0
SRC,2026-09-29,Tuesday,36.25,36.25,36.25,36.25,36.25,0,0.0,0,0.0
SRC,2026-09-30,Wednesday,36.25,36.25,36.25,36.25,36.25,0,0.0,0,0.0
SRC,2026-10-01,Thursday,35.0,36.25,35.0,36.25,36.25,2200,0.08,0,0.0
SRC,2026-10-02,Friday,36.25,36.25,36.25,36.25,36.25,0,0.0,0,0.0
SRC,2026-10-05,Monday,36.25,36.25,36.25,36.25,36.25,0,0.0,0,0.0
SRC,2026-10-06,Tuesday,36.0,36.25,35.0,35.0,35.0,2000,0.07,0,0.0
SRF,2026-09-09,Wednesday,7.16,7.5,7.1,7.26,6.77,11100,0.08,0,0.0
SRF,2026-09-10,Thursday,7.35,7.5,7.1,7.5,6.99,13200,0.1,0,0.0
SRF,2026-09-11,Friday,7.43,7.49,7.37,7.38,6.88,6600,0.05,0,0.0
SRF,2026-09-14,Monday,7.44,7.48,7.09,7.4,6.9,17100,0.13,0,0.0
SRF,2026-09-15,Tuesday,6.54,7.29,6.54,7.1,7.1,9400,0.06,0,0.0
SRF,2026-09-16,Wednesday,7.1,7.5,6.95,7.42,7.42,9600,0.07,0,0.0
SRF,2026-09-17,Thursday,7.39,7.48,6.96,7.43,7.43,13200,0.09,0,0.0
SRF,2026-09-18,Friday,7.7,7.7,7.7,7.7,7.7,1100,0.01,0,0.0
SRF,2026-09-21,Monday,7.57,7.9,7.56,7.7,7.7,33600,0.26,0,0.0
SRF,2026-09-22,Tuesday,7.74,7.75,7.7,7.7,7.7,1200,0.01,0,0.0
SRF,2026-09-23,Wednesday,7.77,7.9,7.37,7.89,7.89,11500,0.09,0,0.0
SRF,2026-09-24,Thursday,7.99,8.0,7.41,7.99,7.99,29900,0.23,0,0.0
SRF,2026-09-25,Friday,7.99,8.0,7.46,7.98,7.98,19500,0.15,0,0.0
SRF,2026-09-28,Monday,7.96,7.98,7.88,7.88,7.88,2900,0.02,0,0.0
SRF,2026-09-29,Tuesday,7.85,7.85,7.33,7.79,7.79,194600,1.5,0,0.0
SRF,2026-09-30,Wednesday,7.51,7.9,7.36,7.9,7.9,38000,0.29,0,0.0
SRF,2026-10-01,Thursday,7.82,7.82,7.82,7.82,7.82,3300,0.03,0,0.0
SRF,2026-10-02,Friday,7.3,7.88,7.3,7.32,7.32,5600,0.04,0,0.0
SRF,2026-10-05,Monday,7.56,7.6,7.56,7.6,7.6,2100,0.02,0,0.0
SRF,2026-10-06,Tuesday,7.58,7.75,7.5,7.75,7.75,9700,0.07,1604000,12.03
SSB,2026-09-09,Wednesday,18.0,18.05,17.7,17.7,17.7,1666600,29.72,0,0.0
SSB,2026-09-10,Thursday,17.8,18.2,17.65,18.0,18.0,2647800,47.38,19644000,347.7
SSB,2026-09-11,Friday,17.95,18.4,17.8,18.3,18.3,2470500,44.92,0,0.0
SSB,2026-09-14,Monday,18.5,19.55,18.5,19.55,19.55,5557100,107.96,37778000,688.84
SSB,2026-09-15,Tuesday,19.85,20.9,19.85,20.9,20.9,6514300,135.35,5355000,104.6
SSB,2026-09-16,Wednesday,21.25,22.35,19.45,22.35,22.35,6216700,134.3,300000,5.85
SSB,2026-09-17,Thursday,23.0,23.8,22.5,23.45,23.45,5052900,117.77,0,0.0
SSB,2026-09-18,Friday,23.6,24.8,22.6,24.1,24.1,11734500,281.64,15320000,359.25
SSB,2026-09-21,Monday,24.1,24.1,22.45,22.45,22.45,2348700,53.3,39500000,951.95
SSB,2026-09-22,Tuesday,20.9,21.7,20.9,20.9,20.9,3800200,79.87,12600000,287.29
SSB,2026-09-23,Wednesday,20.85,21.6,20.4,20.5,20.5,3392700,70.45,5300000,110.77
SSB,2026-09-24,Thursday,20.6,20.7,19.85,20.0,20.0,2677200,53.75,10000000,209.0
SSB,2026-09-25,Friday,19.7,20.25,19.45,19.45,19.45,2756100,54.78,0,0.0
SSB,2026-09-28,Monday,19.3,19.45,18.5,18.85,18.85,3279700,61.8,0,0.0
SSB,2026-09-29,Tuesday,19.25,19.95,18.85,19.1,19.1,2192100,42.3,0,0.0
SSB,2026-09-30,Wednesday,19.5,19.5,18.25,18.25,18.25,1906000,35.97,0,0.0
SSB,2026-10-01,Thursday,18.1,18.45,17.45,17.75,17.75,2698600,48.37,0,0.0
SSB,2026-10-02,Friday,17.9,17.9,17.05,17.05,17.05,2364000,41.24,0,0.0
SSB,2026-10-05,Monday,17.05,17.55,16.5,17.45,17.45,2303400,39.59,0,0.0
SSB,2026-10-06,Tuesday,17.6,17.6,16.7,16.8,16.8,2165800,36.71,0,0.0
SSC,2026-09-09,Wednesday,22.7,22.7,22.7,22.7,22.7,1100,0.02,0,0.0
SSC,2026-09-10,Thursday,22.75,22.75,21.6,21.6,21.6,300,0.01,0,0.0
SSC,2026-09-11,Friday,21.6,21.6,21.6,21.6,21.6,0,0.0,0,0.0
SSC,2026-09-14,Monday,21.6,21.6,21.6,21.6,21.6,100,0.0,0,0.0
SSC,2026-09-15,Tuesday,21.5,21.5,21.5,21.5,21.5,400,0.01,0,0.0
SSC,2026-09-16,Wednesday,21.5,21.5,21.5,21.5,21.5,0,0.0,0,0.0
SSC,2026-09-17,Thursday,21.6,21.6,21.6,21.6,21.6,300,0.01,0,0.0
SSC,2026-09-18,Friday,22.6,22.6,22.6,22.6,22.6,100,0.0,0,0.0
SSC,2026-09-21,Monday,22.6,22.6,22.6,22.6,22.6,0,0.0,0,0.0
SSC,2026-09-22,Tuesday,22.6,22.6,22.6,22.6,22.6,0,0.0,0,0.0
SSC,2026-09-23,Wednesday,22.6,22.6,22.6,22.6,22.6,200,0.0,0,0.0
SSC,2026-09-24,Thursday,22.6,22.6,22.6,22.6,22.6,0,0.0,0,0.0
SSC,2026-09-25,Friday,22.6,22.6,22.6,22.6,22.6,0,0.0,0,0.0
SSC,2026-09-28,Monday,22.7,22.7,22.7,22.7,22.7,100,0.0,0,0.0
SSC,2026-09-29,Tuesday,21.15,21.25,21.15,21.25,21.25,800,0.02,0,0.0
SSC,2026-09-30,Wednesday,21.25,21.25,21.25,21.25,21.25,100,0.0,0,0.0
SSC,2026-10-01,Thursday,21.25,21.25,21.25,21.25,21.25,100,0.0,0,0.0
SSC,2026-10-02,Friday,21.25,21.25,21.25,21.25,21.25,100,0.0,0,0.0
SSC,2026-10-05,Monday,21.25,21.25,21.25,21.25,21.25,0,0.0,0,0.0
SSC,2026-10-06,Tuesday,21.25,21.25,21.25,21.25,21.25,400,0.01,0,0.0
SSI,2026-09-09,Wednesday,21.05,21.15,20.85,20.9,20.9,9488000,198.93,0,0.0
SSI,2026-09-10,Thursday,20.85,21.2,20.7,21.0,21.0,12807500,268.36,26000,0.54
SSI,2026-09-11,Friday,20.85,20.95,20.3,20.3,20.3,24010700,494.58,0,0.0
SSI,2026-09-14,Monday,20.25,20.4,19.7,20.3,20.3,24518000,493.44,0,0.0
SSI,2026-09-15,Tuesday,20.3,20.75,20.25,20.65,20.65,16404500,336.53,0,0.0
SSI,2026-09-16,Wednesday,20.65,20.65,20.3,20.55,20.55,13947800,285.62,0,0.0
SSI,2026-09-17,Thursday,20.4,21.6,20.35,21.15,21.15,40967600,868.97,1000000,21.95
SSI,2026-09-18,Friday,21.5,21.65,21.2,21.4,21.4,36400100,780.97,4518900,99.42
SSI,2026-09-21,Monday,21.55,21.6,20.75,20.9,20.9,33510000,703.63,0,0.0
SSI,2026-09-22,Tuesday,20.95,21.35,20.9,20.95,20.95,12109000,254.98,4868900,106.62
SSI,2026-09-23,Wednesday,20.95,21.15,20.75,20.85,20.85,15632800,327.47,552000,11.52
SSI,2026-09-24,Thursday,20.85,21.2,20.6,20.85,20.85,22439900,467.31,650000,13.98
SSI,2026-09-25,Friday,20.85,21.05,20.7,20.7,20.7,11689500,243.66,1750000,37.52
SSI,2026-09-28,Monday,20.7,20.75,20.0,20.15,20.15,30299500,612.68,900000,19.27
SSI,2026-09-29,Tuesday,20.15,20.35,19.95,20.15,20.15,15055400,303.68,0,0.0
SSI,2026-09-30,Wednesday,20.3,20.55,20.05,20.1,20.1,15011100,303.93,150000,3.15
SSI,2026-10-01,Thursday,20.15,20.55,20.1,20.15,20.15,21997400,445.33,9343900,194.5
SSI,2026-10-02,Friday,20.15,20.25,19.6,19.7,19.7,24912200,497.17,125000,2.34
SSI,2026-10-05,Monday,19.75,20.1,19.65,19.65,19.65,15048900,299.19,8864900,183.5
SSI,2026-10-06,Tuesday,19.7,19.8,19.0,19.75,19.75,35983700,696.73,0,0.0
ST8,2026-09-09,Wednesday,2.06,2.07,2.03,2.04,2.04,27000,0.06,0,0.0
ST8,2026-09-10,Thursday,2.05,2.05,2.0,2.0,2.0,110800,0.22,0,0.0
ST8,2026-09-11,Friday,2.0,2.03,1.99,2.0,2.0,101200,0.2,0,0.0
ST8,2026-09-14,Monday,2.0,2.04,1.98,1.98,1.98,8500,0.02,0,0.0
ST8,2026-09-15,Tuesday,1.99,2.0,1.91,2.0,2.0,78700,0.16,0,0.0
ST8,2026-09-16,Wednesday,1.99,2.0,1.98,2.0,2.0,38400,0.08,0,0.0
ST8,2026-09-17,Thursday,2.0,2.02,1.97,2.02,2.02,47100,0.09,0,0.0
ST8,2026-09-18,Friday,2.0,2.03,1.98,2.01,2.01,52500,0.11,0,0.0
ST8,2026-09-21,Monday,2.01,2.02,1.99,2.01,2.01,44500,0.09,0,0.0
ST8,2026-09-22,Tuesday,2.0,2.02,2.0,2.02,2.02,63400,0.13,0,0.0
ST8,2026-09-23,Wednesday,2.02,2.03,2.0,2.03,2.03,44200,0.09,0,0.0
ST8,2026-09-24,Thursday,2.03,2.17,2.03,2.17,2.17,367800,0.78,0,0.0
ST8,2026-09-25,Friday,2.17,2.29,2.17,2.28,2.28,214800,0.48,0,0.0
ST8,2026-09-28,Monday,2.3,2.3,2.13,2.13,2.13,189400,0.41,0,0.0
ST8,2026-09-29,Tuesday,2.05,2.11,2.03,2.05,2.05,119700,0.25,0,0.0
ST8,2026-09-30,Wednesday,2.05,2.12,2.05,2.06,2.06,55900,0.12,0,0.0
ST8,2026-10-01,Thursday,2.06,2.11,2.03,2.06,2.06,29200,0.06,0,0.0
ST8,2026-10-02,Friday,2.09,2.2,2.07,2.2,2.2,425200,0.93,0,0.0
ST8,2026-10-05,Monday,2.3,2.35,2.29,2.35,2.35,528300,1.23,0,0.0
ST8,2026-10-06,Tuesday,2.5,2.5,2.3,2.32,2.32,559800,1.36,0,0.0
STB,2026-09-09,Wednesday,76.2,78.0,76.2,76.7,76.7,4406100,340.2,2911000,214.52
STB,2026-09-10,Thursday,76.7,79.0,76.7,78.0,78.0,3168900,248.1,3586000,258.85
STB,2026-09-11,Friday,78.2,79.0,77.2,77.3,77.3,8252800,647.51,0,0.0
STB,2026-09-14,Monday,77.3,77.9,75.8,76.4,76.4,2531100,194.0,5365000,391.45
STB,2026-09-15,Tuesday,76.7,77.0,75.8,76.0,76.0,2216700,169.21,10032400,717.32
STB,2026-09-16,Wednesday,76.3,76.9,75.6,75.8,75.8,2318100,176.66,1098000,77.96
STB,2026-09-17,Thursday,75.8,77.1,75.7,76.2,76.2,2555400,195.87,1550000,110.05
STB,2026-09-18,Friday,76.5,78.2,76.2,78.2,78.2,5077900,395.54,0,0.0
STB,2026-09-21,Monday,78.0,78.2,76.7,76.7,76.7,1907900,147.49,1850000,135.98
STB,2026-09-22,Tuesday,76.7,77.9,76.6,76.7,76.7,1778400,137.37,305000,21.96
STB,2026-09-23,Wednesday,76.9,77.8,76.7,76.9,76.9,1487500,114.96,6225000,485.08
STB,2026-09-24,Thursday,77.1,77.8,76.5,76.9,76.9,2073800,160.3,501111,36.08
STB,2026-09-25,Friday,77.0,77.9,76.5,76.5,76.5,1606900,123.95,5720000,447.38
STB,2026-09-28,Monday,77.1,77.9,76.6,77.2,77.2,2221800,171.99,0,0.0
STB,2026-09-29,Tuesday,77.5,77.8,75.6,75.8,75.8,2357000,180.06,0,0.0
STB,2026-09-30,Wednesday,75.9,76.3,73.9,74.0,74.0,2742800,204.95,1622000,117.33
STB,2026-10-01,Thursday,74.1,74.4,70.0,70.3,70.3,5264100,375.92,1420000,97.98
STB,2026-10-02,Friday,70.4,70.5,67.7,68.4,68.4,4798300,329.72,543000,35.84
STB,2026-10-05,Monday,68.4,69.9,67.6,68.0,68.0,3414500,234.06,592000,37.89
STB,2026-10-06,Tuesday,68.0,68.9,67.6,67.7,67.7,2819400,191.97,425000,27.2
STG,2026-09-09,Wednesday,30.05,30.05,30.05,30.05,30.05,0,0.0,0,0.0
STG,2026-09-10,Thursday,29.5,32.15,29.5,32.15,32.15,300,0.01,0,0.0
STG,2026-09-11,Friday,31.5,34.4,31.5,34.4,34.4,1600,0.05,0,0.0
STG,2026-09-14,Monday,33.5,36.6,33.5,35.95,35.95,1400,0.05,0,0.0
STG,2026-09-15,Tuesday,35.5,38.35,35.5,37.8,37.8,1000,0.04,0,0.0
STG,2026-09-16,Wednesday,35.2,35.2,35.2,35.2,35.2,100,0.0,0,0.0
STG,2026-09-17,Thursday,32.75,32.75,32.75,32.75,32.75,700,0.02,0,0.0
STG,2026-09-18,Friday,30.65,32.75,30.65,32.75,32.75,1100,0.04,0,0.0
STG,2026-09-21,Monday,32.75,32.75,32.75,32.75,32.75,0,0.0,0,0.0
STG,2026-09-22,Tuesday,30.8,30.85,30.75,30.75,30.75,1600,0.05,0,0.0
STG,2026-09-23,Wednesday,29.3,29.3,29.25,29.25,29.25,500,0.01,0,0.0
STG,2026-09-24,Thursday,29.25,31.25,28.25,31.25,31.25,2000,0.06,0,0.0
STG,2026-09-25,Friday,33.4,33.4,29.4,33.4,33.4,1400,0.04,0,0.0
STG,2026-09-28,Monday,32.5,35.7,32.5,35.7,35.7,200,0.01,0,0.0
STG,2026-09-29,Tuesday,34.0,38.05,34.0,38.05,38.05,200,0.01,0,0.0
STG,2026-09-30,Wednesday,38.05,38.05,38.05,38.05,38.05,0,0.0,0,0.0
STG,2026-10-01,Thursday,38.05,38.05,38.05,38.05,38.05,0,0.0,0,0.0
STG,2026-10-02,Friday,38.05,38.05,38.05,38.05,38.05,0,0.0,0,0.0
STG,2026-10-05,Monday,38.05,38.05,38.05,38.05,38.05,0,0.0,0,0.0
STG,2026-10-06,Tuesday,38.05,38.05,38.05,38.05,38.05,0,0.0,0,0.0
STK,2026-09-09,Wednesday,7.8,8.0,7.7,7.7,7.7,40300,0.32,0,0.0
STK,2026-09-10,Thursday,8.0,8.0,7.64,7.64,7.64,4100,0.03,0,0.0
STK,2026-09-11,Friday,7.64,7.94,7.5,7.94,7.94,8700,0.07,0,0.0
STK,2026-09-14,Monday,7.91,7.91,7.79,7.79,7.79,17800,0.14,0,0.0
STK,2026-09-15,Tuesday,7.5,7.79,7.5,7.78,7.78,26900,0.2,0,0.0
STK,2026-09-16,Wednesday,7.75,7.75,7.45,7.69,7.69,7600,0.06,0,0.0
STK,2026-09-17,Thursday,7.68,7.69,7.53,7.53,7.53,35700,0.27,0,0.0
STK,2026-09-18,Friday,7.6,7.68,7.57,7.68,7.68,5900,0.05,0,0.0
STK,2026-09-21,Monday,7.9,7.95,7.7,7.8,7.8,3000,0.02,0,0.0
STK,2026-09-22,Tuesday,7.92,7.92,7.8,7.9,7.9,2200,0.02,0,0.0
STK,2026-09-23,Wednesday,7.8,7.98,7.6,7.68,7.68,10100,0.08,0,0.0
STK,2026-09-24,Thursday,7.61,7.68,7.53,7.68,7.68,9000,0.07,0,0.0
STK,2026-09-25,Friday,8.0,8.0,7.6,7.7,7.7,25300,0.19,0,0.0
STK,2026-09-28,Monday,7.7,7.7,7.6,7.7,7.7,3900,0.03,0,0.0
STK,2026-09-29,Tuesday,7.7,7.9,7.7,7.88,7.88,27600,0.22,0,0.0
STK,2026-09-30,Wednesday,7.88,7.88,7.88,7.88,7.88,1200,0.01,0,0.0
STK,2026-10-01,Thursday,7.7,7.88,7.7,7.88,7.88,1100,0.01,0,0.0
STK,2026-10-02,Friday,7.65,7.7,7.33,7.42,7.42,26100,0.19,0,0.0
STK,2026-10-05,Monday,7.45,7.6,7.45,7.55,7.55,1500,0.01,0,0.0
STK,2026-10-06,Tuesday,7.5,7.79,7.4,7.45,7.45,9700,0.07,0,0.0
SVC,2026-09-09,Wednesday,16.0,16.35,15.5,16.35,16.35,8800,0.14,0,0.0
SVC,2026-09-10,Thursday,16.75,16.75,16.75,16.75,16.75,100,0.0,0,0.0
SVC,2026-09-11,Friday,16.75,16.75,16.75,16.75,16.75,100,0.0,0,0.0
SVC,2026-09-14,Monday,16.75,16.75,16.75,16.75,16.75,0,0.0,0,0.0
SVC,2026-09-15,Tuesday,15.7,16.5,15.7,16.5,16.5,200,0.0,0,0.0
SVC,2026-09-16,Wednesday,16.5,16.5,16.5,16.5,16.5,0,0.0,0,0.0
SVC,2026-09-17,Thursday,16.85,16.85,16.85,16.85,16.85,100,0.0,0,0.0
SVC,2026-09-18,Friday,16.95,16.95,16.95,16.95,16.95,100,0.0,0,0.0
SVC,2026-09-21,Monday,17.5,17.5,17.5,17.5,17.5,4300,0.08,0,0.0
SVC,2026-09-22,Tuesday,18.5,18.5,18.5,18.5,18.5,7500,0.14,0,0.0
SVC,2026-09-23,Wednesday,18.4,19.25,18.1,19.25,19.25,11500,0.22,0,0.0
SVC,2026-09-24,Thursday,19.45,19.45,19.45,19.45,19.45,100,0.0,0,0.0
SVC,2026-09-25,Friday,19.45,19.45,19.45,19.45,19.45,0,0.0,0,0.0
SVC,2026-09-28,Monday,20.0,20.0,20.0,20.0,20.0,10000,0.2,0,0.0
SVC,2026-09-29,Tuesday,20.0,20.0,20.0,20.0,20.0,0,0.0,0,0.0
SVC,2026-09-30,Wednesday,20.0,20.0,20.0,20.0,20.0,0,0.0,0,0.0
SVC,2026-10-01,Thursday,19.0,19.0,18.6,19.0,19.0,9000,0.17,0,0.0
SVC,2026-10-02,Friday,17.8,17.8,17.75,17.75,17.75,3400,0.06,0,0.0
SVC,2026-10-05,Monday,17.0,18.0,16.65,18.0,18.0,1500,0.03,0,0.0
SVC,2026-10-06,Tuesday,16.9,17.95,16.75,17.95,17.95,2600,0.04,0,0.0
SVD,2026-09-09,Wednesday,4.61,4.62,4.35,4.38,4.38,16400,0.08,0,0.0
SVD,2026-09-10,Thursday,4.38,4.68,4.15,4.32,4.32,16700,0.08,0,0.0
SVD,2026-09-11,Friday,4.33,4.62,4.33,4.62,4.62,19000,0.09,0,0.0
SVD,2026-09-14,Monday,4.62,4.94,4.62,4.7,4.7,26600,0.13,0,0.0
SVD,2026-09-15,Tuesday,4.7,5.02,4.7,5.02,5.02,29600,0.15,0,0.0
SVD,2026-09-16,Wednesday,4.74,5.2,4.74,4.77,4.77,28700,0.14,0,0.0
SVD,2026-09-17,Thursday,4.76,5.0,4.76,4.8,4.8,6300,0.03,0,0.0
SVD,2026-09-18,Friday,5.1,5.13,4.71,4.75,4.75,22300,0.11,0,0.0
SVD,2026-09-21,Monday,4.6,5.08,4.6,4.73,4.73,5200,0.03,0,0.0
SVD,2026-09-22,Tuesday,5.0,5.06,4.76,5.05,5.05,45400,0.23,0,0.0
SVD,2026-09-23,Wednesday,4.86,5.4,4.86,4.9,4.9,17900,0.09,0,0.0
SVD,2026-09-24,Thursday,5.19,5.24,4.95,5.19,5.19,10700,0.06,0,0.0
SVD,2026-09-25,Friday,5.19,5.19,5.01,5.02,5.02,9200,0.05,0,0.0
SVD,2026-09-28,Monday,5.02,5.23,5.01,5.14,5.14,50900,0.26,0,0.0
SVD,2026-09-29,Tuesday,5.14,5.25,4.94,4.94,4.94,3800,0.02,0,0.0
SVD,2026-09-30,Wednesday,4.82,4.82,4.82,4.82,4.82,100,0.0,0,0.0
SVD,2026-10-01,Thursday,4.51,5.06,4.51,5.06,5.06,2700,0.01,0,0.0
SVD,2026-10-02,Friday,5.0,5.05,4.72,4.99,4.99,5000,0.02,0,0.0
SVD,2026-10-05,Monday,4.65,5.18,4.65,5.05,5.05,1700,0.01,0,0.0
SVD,2026-10-06,Tuesday,4.8,4.8,4.8,4.8,4.8,5400,0.03,0,0.0
SVT,2026-09-09,Wednesday,10.5,10.5,10.35,10.4,9.4,20100,0.21,0,0.0
SVT,2026-09-10,Thursday,9.4,9.5,9.4,9.4,9.4,4300,0.04,0,0.0
SVT,2026-09-11,Friday,9.38,9.38,8.8,8.92,8.92,10500,0.09,0,0.0
SVT,2026-09-14,Monday,9.1,9.49,8.96,9.49,9.49,3000,0.03,0,0.0
SVT,2026-09-15,Tuesday,9.48,9.48,8.99,9.01,9.01,3700,0.03,0,0.0
SVT,2026-09-16,Wednesday,9.3,9.3,9.28,9.28,9.28,200,0.0,0,0.0
SVT,2026-09-17,Thursday,9.19,9.2,9.19,9.2,9.2,500,0.0,0,0.0
SVT,2026-09-18,Friday,9.19,9.2,9.19,9.2,9.2,7000,0.06,0,0.0
SVT,2026-09-21,Monday,9.2,9.2,9.2,9.2,9.2,100,0.0,0,0.0
SVT,2026-09-22,Tuesday,9.2,9.2,9.2,9.2,9.2,0,0.0,0,0.0
SVT,2026-09-23,Wednesday,9.2,9.2,9.2,9.2,9.2,200,0.0,0,0.0
SVT,2026-09-24,Thursday,9.0,9.0,9.0,9.0,9.0,200,0.0,0,0.0
SVT,2026-09-25,Friday,9.0,9.4,9.0,9.4,9.4,3400,0.03,0,0.0
SVT,2026-09-28,Monday,9.3,9.3,9.3,9.3,9.3,100,0.0,0,0.0
SVT,2026-09-29,Tuesday,9.3,9.65,9.0,9.65,9.65,2300,0.02,0,0.0
SVT,2026-09-30,Wednesday,9.3,9.63,9.3,9.63,9.63,400,0.0,0,0.0
SVT,2026-10-01,Thursday,9.63,9.63,9.0,9.0,9.0,2200,0.02,0,0.0
SVT,2026-10-02,Friday,9.0,9.0,9.0,9.0,9.0,0,0.0,0,0.0
SVT,2026-10-05,Monday,9.01,9.01,9.0,9.0,9.0,13000,0.12,0,0.0
SVT,2026-10-06,Tuesday,9.0,9.0,9.0,9.0,9.0,3000,0.03,0,0.0
SZC,2026-09-09,Wednesday,19.95,20.1,19.5,19.6,18.59,493700,9.73,0,0.0
SZC,2026-09-10,Thursday,19.6,19.6,19.3,19.45,18.45,284900,5.53,0,0.0
SZC,2026-09-11,Friday,18.55,18.55,18.0,18.0,18.0,353000,6.41,0,0.0
SZC,2026-09-14,Monday,18.0,18.05,17.6,17.6,17.6,310300,5.49,0,0.0
SZC,2026-09-15,Tuesday,17.7,17.9,17.55,17.55,17.55,243700,4.29,0,0.0
SZC,2026-09-16,Wednesday,17.7,17.9,17.5,17.55,17.55,316500,5.59,0,0.0
SZC,2026-09-17,Thursday,17.55,17.95,17.55,17.65,17.65,232800,4.13,0,0.0
SZC,2026-09-18,Friday,17.65,17.95,17.65,17.85,17.85,203500,3.63,0,0.0
SZC,2026-09-21,Monday,17.9,18.0,17.65,17.7,17.7,282600,5.04,0,0.0
SZC,2026-09-22,Tuesday,17.75,17.9,17.55,17.7,17.7,246200,4.36,0,0.0
SZC,2026-09-23,Wednesday,17.9,18.2,17.65,18.1,18.1,340600,6.13,0,0.0
SZC,2026-09-24,Thursday,18.0,18.6,18.0,18.2,18.2,465600,8.56,0,0.0
SZC,2026-09-25,Friday,18.1,18.25,17.8,17.85,17.85,172200,3.1,0,0.0
SZC,2026-09-28,Monday,17.9,17.9,17.2,17.3,17.3,382200,6.69,0,0.0
SZC,2026-09-29,Tuesday,17.3,17.4,17.2,17.2,17.2,213500,3.68,0,0.0
SZC,2026-09-30,Wednesday,17.2,17.6,17.2,17.3,17.3,248500,4.33,0,0.0
SZC,2026-10-01,Thursday,17.2,17.45,17.05,17.15,17.15,107400,1.85,0,0.0
SZC,2026-10-02,Friday,17.1,17.3,16.7,16.8,16.8,238300,4.04,0,0.0
SZC,2026-10-05,Monday,16.8,16.9,16.45,16.55,16.55,266000,4.43,0,0.0
SZC,2026-10-06,Tuesday,16.55,16.8,16.2,16.7,16.7,293000,4.84,0,0.0
SZL,2026-09-09,Wednesday,52.5,52.5,51.3,51.3,28.68,35400,1.83,0,0.0
SZL,2026-09-10,Thursday,51.3,51.5,50.6,51.3,28.68,24200,1.23,0,0.0
SZL,2026-09-11,Friday,51.1,51.1,50.2,50.6,28.29,44000,2.22,0,0.0
SZL,2026-09-14,Monday,50.9,51.8,50.5,50.5,28.23,66000,3.36,0,0.0
SZL,2026-09-15,Tuesday,48.7,51.0,48.7,50.3,28.12,42800,2.15,0,0.0
SZL,2026-09-16,Wednesday,28.2,28.55,27.15,28.55,28.55,59900,1.69,0,0.0
SZL,2026-09-17,Thursday,28.4,28.55,28.0,28.0,28.0,62500,1.77,0,0.0
SZL,2026-09-18,Friday,28.0,28.1,27.95,28.1,28.1,57600,1.61,0,0.0
SZL,2026-09-21,Monday,28.2,28.2,27.65,27.9,27.9,24000,0.67,0,0.0
SZL,2026-09-22,Tuesday,27.7,27.8,27.6,27.7,27.7,10700,0.3,0,0.0
SZL,2026-09-23,Wednesday,27.7,27.7,27.45,27.55,27.55,11000,0.3,0,0.0
SZL,2026-09-24,Thursday,27.5,27.5,27.0,27.25,27.25,46700,1.27,0,0.0
SZL,2026-09-25,Friday,27.35,27.35,27.1,27.2,27.2,7200,0.2,0,0.0
SZL,2026-09-28,Monday,27.05,27.1,26.6,26.9,26.9,11700,0.32,0,0.0
SZL,2026-09-29,Tuesday,27.0,27.0,26.7,26.8,26.8,9900,0.27,0,0.0
SZL,2026-09-30,Wednesday,27.0,27.1,26.8,26.85,26.85,33800,0.91,0,0.0
SZL,2026-10-01,Thursday,27.0,27.0,26.8,26.8,26.8,17000,0.46,0,0.0
SZL,2026-10-02,Friday,25.7,27.0,25.7,26.2,26.2,30400,0.8,0,0.0
SZL,2026-10-05,Monday,26.1,26.7,26.1,26.7,26.7,7600,0.2,0,0.0
SZL,2026-10-06,Tuesday,27.0,27.25,26.85,27.2,27.2,10100,0.27,0,0.0
TAL,2026-09-09,Wednesday,23.2,23.6,23.0,23.3,23.3,42500,0.99,0,0.0
TAL,2026-09-10,Thursday,23.6,23.8,23.0,23.15,23.15,69000,1.61,0,0.0
TAL,2026-09-11,Friday,23.45,23.45,22.15,22.15,22.15,140200,3.15,0,0.0
TAL,2026-09-14,Monday,22.15,22.55,22.0,22.35,22.35,140200,3.13,0,0.0
TAL,2026-09-15,Tuesday,22.35,22.5,22.0,22.45,22.45,113800,2.53,0,0.0
TAL,2026-09-16,Wednesday,22.3,22.7,22.0,22.5,22.5,57500,1.28,0,0.0
TAL,2026-09-17,Thursday,22.4,22.9,22.2,22.25,22.25,89900,2.02,0,0.0
TAL,2026-09-18,Friday,22.8,22.8,22.25,22.6,22.6,70800,1.59,0,0.0
TAL,2026-09-21,Monday,22.65,22.7,22.0,22.4,22.4,91100,2.03,0,0.0
TAL,2026-09-22,Tuesday,21.8,22.3,21.8,22.3,22.3,41000,0.9,0,0.0
TAL,2026-09-23,Wednesday,22.35,22.45,22.0,22.45,22.45,90700,2.03,0,0.0
TAL,2026-09-24,Thursday,22.45,22.45,22.3,22.3,22.3,19700,0.44,0,0.0
TAL,2026-09-25,Friday,22.55,23.85,22.3,23.0,23.0,963100,22.24,0,0.0
TAL,2026-09-28,Monday,23.85,23.85,22.6,23.7,23.7,977800,22.56,0,0.0
TAL,2026-09-29,Tuesday,23.7,23.8,22.7,22.7,22.7,457200,10.66,0,0.0
TAL,2026-09-30,Wednesday,22.5,22.8,22.0,22.8,22.8,325900,7.29,1000000,22.8
TAL,2026-10-01,Thursday,23.0,23.0,22.2,22.8,22.8,628400,14.28,700000,15.75
TAL,2026-10-02,Friday,22.8,23.0,22.45,23.0,23.0,626400,14.31,0,0.0
TAL,2026-10-05,Monday,23.0,23.0,22.7,22.7,22.7,1177500,26.9,4200000,103.32
TAL,2026-10-06,Tuesday,22.1,22.8,21.85,22.8,22.8,199400,4.44,0,0.0
TBC,2026-09-09,Wednesday,31.55,32.0,31.5,32.0,32.0,2100,0.07,0,0.0
TBC,2026-09-10,Thursday,32.0,32.0,32.0,32.0,32.0,5000,0.16,0,0.0
TBC,2026-09-11,Friday,31.9,31.9,31.9,31.9,31.9,300,0.01,0,0.0
TBC,2026-09-14,Monday,31.6,31.6,31.55,31.55,31.55,3700,0.12,0,0.0
TBC,2026-09-15,Tuesday,31.7,31.7,31.55,31.55,31.55,400,0.01,0,0.0
TBC,2026-09-16,Wednesday,31.55,31.55,31.55,31.55,31.55,300,0.01,0,0.0
TBC,2026-09-17,Thursday,31.55,31.55,31.55,31.55,31.55,100,0.0,0,0.0
TBC,2026-09-18,Friday,32.5,32.5,32.5,32.5,32.5,100,0.0,0,0.0
TBC,2026-09-21,Monday,32.5,32.5,32.5,32.5,32.5,400,0.01,0,0.0
TBC,2026-09-22,Tuesday,32.0,32.0,31.55,31.6,31.6,6800,0.22,0,0.0
TBC,2026-09-23,Wednesday,31.6,31.6,31.5,31.6,31.6,2200,0.07,0,0.0
TBC,2026-09-24,Thursday,31.6,31.6,31.6,31.6,31.6,0,0.0,0,0.0
TBC,2026-09-25,Friday,31.5,31.6,31.5,31.6,31.6,7300,0.23,0,0.0
TBC,2026-09-28,Monday,31.6,31.6,31.5,31.55,31.55,3200,0.1,0,0.0
TBC,2026-09-29,Tuesday,31.55,31.6,31.55,31.6,31.6,5000,0.16,0,0.0
TBC,2026-09-30,Wednesday,31.5,32.45,31.5,32.45,32.45,1600,0.05,0,0.0
TBC,2026-10-01,Thursday,32.45,32.45,31.75,31.75,31.75,3800,0.12,0,0.0
TBC,2026-10-02,Friday,32.4,32.4,32.4,32.4,32.4,400,0.01,0,0.0
TBC,2026-10-05,Monday,32.4,32.4,32.4,32.4,32.4,3700,0.12,0,0.0
TBC,2026-10-06,Tuesday,32.5,32.85,32.4,32.85,32.85,600,0.02,0,0.0
TCB,2026-09-09,Wednesday,32.0,32.7,32.0,32.4,32.4,10974600,355.68,4382000,140.05
TCB,2026-09-10,Thursday,32.2,32.5,32.15,32.4,32.4,5852200,189.38,365000,11.79
TCB,2026-09-11,Friday,32.2,32.3,31.6,31.6,31.6,15192300,484.04,30000,0.92
TCB,2026-09-14,Monday,31.45,32.2,31.4,31.85,31.85,11777000,374.81,3788500,119.98
TCB,2026-09-15,Tuesday,31.85,32.4,31.85,32.2,32.2,9080700,292.25,80000,2.53
TCB,2026-09-16,Wednesday,32.4,32.45,31.9,32.45,32.45,9514400,306.27,430000,13.91
TCB,2026-09-17,Thursday,32.2,32.7,32.2,32.65,32.65,12488900,406.19,80000,2.72
TCB,2026-09-18,Friday,32.8,33.0,31.6,31.6,31.6,15676600,505.76,320000,10.35
TCB,2026-09-21,Monday,32.0,32.25,31.6,32.25,32.25,14620400,466.66,1060000,33.88
TCB,2026-09-22,Tuesday,32.2,32.7,32.05,32.3,32.3,11125400,359.31,200000,6.02
TCB,2026-09-23,Wednesday,32.25,33.45,32.2,33.15,33.15,39007100,1288.74,4083000,135.45
TCB,2026-09-24,Thursday,32.75,33.15,32.75,32.95,32.95,16336800,538.28,540000,17.34
TCB,2026-09-25,Friday,32.9,33.7,32.85,33.25,33.25,27899800,926.47,3663000,123.72
TCB,2026-09-28,Monday,33.2,33.25,32.4,32.85,32.85,21588800,705.85,1711000,57.83
TCB,2026-09-29,Tuesday,32.55,32.8,32.25,32.6,32.6,15103700,491.47,6263800,200.29
TCB,2026-09-30,Wednesday,32.8,32.85,32.3,32.55,32.55,16570700,538.65,17345000,566.64
TCB,2026-10-01,Thursday,32.75,33.0,32.35,33.0,33.0,17097100,559.46,7451300,239.76
TCB,2026-10-02,Friday,32.8,33.0,32.25,32.25,32.25,14182100,460.46,3870000,126.49
TCB,2026-10-05,Monday,32.15,32.5,31.75,32.5,32.5,18043200,579.66,1500000,49.08
TCB,2026-10-06,Tuesday,32.3,32.5,31.95,32.45,32.45,16131700,519.73,14420000,467.49
TCD,2026-07-07,Tuesday,1.89,1.89,1.89,1.89,1.89,0,0.0,0,0.0
TCD,2026-07-08,Wednesday,1.89,1.89,1.89,1.89,1.89,0,0.0,0,0.0
TCD,2026-07-09,Thursday,1.89,1.89,1.89,1.89,1.89,0,0.0,0,0.0
TCD,2026-07-10,Friday,1.89,1.89,1.89,1.89,1.89,0,0.0,0,0.0
TCD,2026-07-13,Monday,1.89,1.89,1.89,1.89,1.89,0,0.0,0,0.0
TCD,2026-07-14,Tuesday,1.89,1.89,1.89,1.89,1.89,0,0.0,0,0.0
TCH,2026-09-09,Wednesday,12.15,12.4,12.05,12.2,12.2,4808600,58.64,0,0.0
TCH,2026-09-10,Thursday,12.2,12.35,12.1,12.1,12.1,3641200,44.43,30000,0.37
TCH,2026-09-11,Friday,12.0,12.05,11.5,11.7,11.7,9850000,115.44,0,0.0
TCH,2026-09-14,Monday,11.5,11.7,11.2,11.45,11.45,4690100,53.64,0,0.0
TCH,2026-09-15,Tuesday,11.4,11.65,11.4,11.6,11.6,2971900,34.19,0,0.0
TCH,2026-09-16,Wednesday,11.5,11.6,11.25,11.3,11.3,5009100,56.94,0,0.0
TCH,2026-09-17,Thursday,11.25,11.95,11.2,11.7,11.7,5531800,64.67,0,0.0
TCH,2026-09-18,Friday,11.8,11.9,11.65,11.85,11.85,3450900,40.61,0,0.0
TCH,2026-09-21,Monday,11.9,12.1,11.5,11.7,11.7,4050100,47.41,0,0.0
TCH,2026-09-22,Tuesday,11.7,11.85,11.55,11.7,11.7,2130800,24.88,0,0.0
TCH,2026-09-23,Wednesday,11.75,11.8,11.45,11.55,11.55,3178100,36.85,0,0.0
TCH,2026-09-24,Thursday,11.55,11.55,11.25,11.25,11.25,3936000,44.58,0,0.0
TCH,2026-09-25,Friday,11.25,11.4,11.1,11.3,11.3,3508300,39.54,0,0.0
TCH,2026-09-28,Monday,11.3,11.5,10.75,11.4,11.4,7539300,83.22,0,0.0
TCH,2026-09-29,Tuesday,11.35,11.6,11.1,11.5,11.5,3467400,39.41,0,0.0
TCH,2026-09-30,Wednesday,11.6,11.6,11.25,11.55,11.55,3979200,45.53,0,0.0
TCH,2026-10-01,Thursday,11.4,11.55,11.25,11.3,11.3,2510200,28.46,0,0.0
TCH,2026-10-02,Friday,11.35,11.35,10.85,10.9,10.9,3468800,38.37,0,0.0
TCH,2026-10-05,Monday,10.7,11.0,10.7,11.0,11.0,2724400,29.56,0,0.0
TCH,2026-10-06,Tuesday,11.0,11.1,10.5,11.1,11.1,7452300,80.28,601000,6.16
TCI,2026-09-09,Wednesday,9.3,9.75,9.3,9.75,9.75,111600,1.07,0,0.0
TCI,2026-09-10,Thursday,9.6,9.98,9.5,9.6,9.6,22200,0.21,0,0.0
TCI,2026-09-11,Friday,9.0,9.64,9.0,9.6,9.6,99000,0.94,0,0.0
TCI,2026-09-14,Monday,9.6,9.6,9.4,9.4,9.4,13500,0.13,0,0.0
TCI,2026-09-15,Tuesday,9.45,9.8,9.3,9.8,9.8,73400,0.7,2140000,20.12
TCI,2026-09-16,Wednesday,9.56,9.79,9.4,9.7,9.7,31800,0.3,0,0.0
TCI,2026-09-17,Thursday,9.4,9.75,9.4,9.6,9.6,91900,0.88,0,0.0
TCI,2026-09-18,Friday,9.38,9.8,9.36,9.7,9.7,17500,0.17,0,0.0
TCI,2026-09-21,Monday,9.7,9.75,9.37,9.66,9.66,178100,1.7,105900,0.96
TCI,2026-09-22,Tuesday,9.69,9.8,9.66,9.8,9.8,69100,0.68,0,0.0
TCI,2026-09-23,Wednesday,10.0,10.0,9.82,9.88,9.88,56100,0.55,0,0.0
TCI,2026-09-24,Thursday,9.95,9.95,9.85,9.9,9.9,140900,1.39,66900,0.71
TCI,2026-09-25,Friday,9.9,9.91,9.87,9.91,9.91,76200,0.75,0,0.0
TCI,2026-09-28,Monday,9.8,9.91,9.75,9.91,9.91,74100,0.73,0,0.0
TCI,2026-09-29,Tuesday,9.91,9.91,9.8,9.89,9.89,130900,1.29,0,0.0
TCI,2026-09-30,Wednesday,9.91,9.91,9.7,9.89,9.89,107500,1.05,0,0.0
TCI,2026-10-01,Thursday,9.88,9.89,9.67,9.86,9.86,87500,0.85,0,0.0
TCI,2026-10-02,Friday,9.89,10.0,9.7,9.89,9.89,332700,3.27,0,0.0
TCI,2026-10-05,Monday,9.99,10.35,9.71,10.2,10.2,398300,3.98,0,0.0
TCI,2026-10-06,Tuesday,10.2,10.2,9.88,10.0,10.0,117800,1.17,0,0.0
TCL,2026-09-09,Wednesday,29.2,29.2,29.0,29.1,29.1,45800,1.33,0,0.0
TCL,2026-09-10,Thursday,29.05,29.1,28.9,29.0,29.0,12900,0.37,0,0.0
TCL,2026-09-11,Friday,29.0,29.2,28.95,28.95,28.95,6600,0.19,0,0.0
TCL,2026-09-14,Monday,28.9,28.95,28.8,28.8,28.8,5100,0.15,0,0.0
TCL,2026-09-15,Tuesday,28.7,28.9,28.7,28.85,28.85,6000,0.17,0,0.0
TCL,2026-09-16,Wednesday,28.85,29.0,28.8,29.0,29.0,18400,0.53,0,0.0
TCL,2026-09-17,Thursday,28.9,29.3,28.8,29.1,29.1,8200,0.24,0,0.0
TCL,2026-09-18,Friday,29.1,29.25,29.1,29.2,29.2,6000,0.18,0,0.0
TCL,2026-09-21,Monday,29.25,29.25,29.2,29.2,29.2,1100,0.03,0,0.0
TCL,2026-09-22,Tuesday,29.2,29.35,29.2,29.25,29.25,15300,0.45,0,0.0
TCL,2026-09-23,Wednesday,29.2,29.35,29.2,29.35,29.35,5600,0.16,0,0.0
TCL,2026-09-24,Thursday,29.35,29.35,29.1,29.3,29.3,10400,0.3,0,0.0
TCL,2026-09-25,Friday,29.3,29.3,29.2,29.2,29.2,4900,0.14,0,0.0
TCL,2026-09-28,Monday,29.15,29.2,29.0,29.2,29.2,4300,0.12,0,0.0
TCL,2026-09-29,Tuesday,29.2,29.2,29.1,29.1,29.1,4300,0.13,0,0.0
TCL,2026-09-30,Wednesday,29.05,29.1,28.95,28.95,28.95,12900,0.37,0,0.0
TCL,2026-10-01,Thursday,29.0,29.15,29.0,29.0,29.0,8800,0.26,0,0.0
TCL,2026-10-02,Friday,29.15,29.15,28.95,29.0,29.0,2600,0.08,0,0.0
TCL,2026-10-05,Monday,28.9,29.0,28.85,29.0,29.0,4000,0.12,0,0.0
TCL,2026-10-06,Tuesday,29.3,29.3,28.5,28.8,28.8,36300,1.04,0,0.0
TCM,2026-09-09,Wednesday,16.8,16.85,16.6,16.85,16.85,614200,10.29,0,0.0
TCM,2026-09-10,Thursday,16.8,16.85,16.65,16.8,16.8,379300,6.36,0,0.0
TCM,2026-09-11,Friday,16.65,16.8,16.05,16.6,16.6,768500,12.69,0,0.0
TCM,2026-09-14,Monday,16.55,16.55,16.2,16.5,16.5,842600,13.79,0,0.0
TCM,2026-09-15,Tuesday,16.25,16.45,16.15,16.4,16.4,744700,12.14,0,0.0
TCM,2026-09-16,Wednesday,16.4,16.4,16.1,16.2,16.2,432200,7.0,0,0.0
TCM,2026-09-17,Thursday,15.95,16.3,15.8,16.25,16.25,1496900,23.95,0,0.0
TCM,2026-09-18,Friday,16.15,16.3,15.95,16.2,16.2,1105000,17.75,0,0.0
TCM,2026-09-21,Monday,16.2,16.2,15.8,16.0,16.0,790400,12.61,0,0.0
TCM,2026-09-22,Tuesday,15.85,16.05,15.75,15.95,15.95,950600,15.09,0,0.0
TCM,2026-09-23,Wednesday,15.9,16.0,15.7,15.95,15.95,1084000,17.14,0,0.0
TCM,2026-09-24,Thursday,15.75,15.85,15.3,15.8,15.8,885000,13.89,0,0.0
TCM,2026-09-25,Friday,15.6,15.85,15.6,15.8,15.8,484300,7.64,0,0.0
TCM,2026-09-28,Monday,15.8,15.8,15.3,15.65,15.65,1124200,17.38,0,0.0
TCM,2026-09-29,Tuesday,15.45,15.6,15.25,15.6,15.6,728700,11.25,0,0.0
TCM,2026-09-30,Wednesday,15.6,15.65,15.35,15.5,15.5,699200,10.8,0,0.0
TCM,2026-10-01,Thursday,15.35,15.6,15.2,15.45,15.45,548700,8.44,0,0.0
TCM,2026-10-02,Friday,15.45,15.45,15.15,15.3,15.3,614500,9.39,0,0.0
TCM,2026-10-05,Monday,15.3,15.3,15.05,15.25,15.25,419600,6.38,0,0.0
TCM,2026-10-06,Tuesday,15.1,15.15,14.6,14.8,14.8,1232500,18.27,0,0.0
TCO,2026-09-09,Wednesday,10.75,10.8,10.5,10.8,10.8,244600,2.6,0,0.0
TCO,2026-09-10,Thursday,10.7,10.8,10.5,10.6,10.6,179100,1.91,0,0.0
TCO,2026-09-11,Friday,10.6,10.65,10.4,10.4,10.4,246300,2.59,0,0.0
TCO,2026-09-14,Monday,10.4,10.6,10.35,10.6,10.6,234500,2.45,0,0.0
TCO,2026-09-15,Tuesday,10.7,10.75,10.6,10.75,10.75,546400,5.82,0,0.0
TCO,2026-09-16,Wednesday,10.75,11.1,10.7,11.1,11.1,1042300,11.41,0,0.0
TCO,2026-09-17,Thursday,11.2,11.25,11.0,11.1,11.1,1137600,12.68,0,0.0
TCO,2026-09-18,Friday,10.8,11.1,10.7,10.7,10.7,887500,9.69,0,0.0
TCO,2026-09-21,Monday,10.85,10.95,10.75,10.85,10.85,480700,5.23,0,0.0
TCO,2026-09-22,Tuesday,10.8,10.85,10.7,10.7,10.7,868700,9.38,0,0.0
TCO,2026-09-23,Wednesday,10.75,10.8,10.65,10.65,10.65,518000,5.57,0,0.0
TCO,2026-09-24,Thursday,10.7,10.75,10.6,10.6,10.6,240100,2.56,0,0.0
TCO,2026-09-25,Friday,10.7,10.75,10.6,10.7,10.7,239100,2.56,0,0.0
TCO,2026-09-28,Monday,10.7,10.7,10.65,10.7,10.7,107900,1.15,0,0.0
TCO,2026-09-29,Tuesday,10.7,10.8,10.55,10.8,10.8,431200,4.6,0,0.0
TCO,2026-09-30,Wednesday,11.1,11.1,10.55,10.75,10.75,298600,3.2,0,0.0
TCO,2026-10-01,Thursday,10.65,10.75,10.55,10.7,10.7,186000,1.99,0,0.0
TCO,2026-10-02,Friday,10.65,10.7,10.3,10.55,10.55,139500,1.48,0,0.0
TCO,2026-10-05,Monday,10.55,10.6,10.4,10.4,10.4,183200,1.94,0,0.0
TCO,2026-10-06,Tuesday,10.4,10.4,10.2,10.4,10.4,48500,0.5,0,0.0
TCR,2026-09-09,Wednesday,2.1,2.1,2.1,2.1,2.1,100,0.0,0,0.0
TCR,2026-09-10,Thursday,2.1,2.1,2.1,2.1,2.1,0,0.0,0,0.0
TCR,2026-09-11,Friday,2.23,2.24,2.15,2.15,2.15,9600,0.02,0,0.0
TCR,2026-09-14,Monday,2.15,2.15,2.15,2.15,2.15,100,0.0,0,0.0
TCR,2026-09-15,Tuesday,2.12,2.12,2.1,2.1,2.1,1700,0.0,0,0.0
TCR,2026-09-16,Wednesday,2.1,2.1,2.1,2.1,2.1,0,0.0,0,0.0
TCR,2026-09-17,Thursday,2.1,2.1,2.1,2.1,2.1,0,0.0,0,0.0
TCR,2026-09-18,Friday,1.99,2.19,1.99,2.19,2.19,400,0.0,0,0.0
TCR,2026-09-21,Monday,2.19,2.19,2.19,2.19,2.19,0,0.0,0,0.0
TCR,2026-09-22,Tuesday,2.04,2.19,2.04,2.19,2.19,1200,0.0,0,0.0
TCR,2026-09-23,Wednesday,2.18,2.18,2.18,2.18,2.18,200,0.0,0,0.0
TCR,2026-09-24,Thursday,2.18,2.18,2.18,2.18,2.18,0,0.0,0,0.0
TCR,2026-09-25,Friday,2.18,2.18,2.18,2.18,2.18,0,0.0,0,0.0
TCR,2026-09-28,Monday,2.18,2.18,2.18,2.18,2.18,0,0.0,0,0.0
TCR,2026-09-29,Tuesday,2.18,2.18,2.18,2.18,2.18,0,0.0,0,0.0
TCR,2026-09-30,Wednesday,2.14,2.14,2.03,2.03,2.03,800,0.0,0,0.0
TCR,2026-10-01,Thursday,2.03,2.03,2.03,2.03,2.03,400,0.0,0,0.0
TCR,2026-10-02,Friday,2.03,2.03,2.03,2.03,2.03,100,0.0,0,0.0
TCR,2026-10-05,Monday,2.03,2.03,2.03,2.03,2.03,700,0.0,0,0.0
TCR,2026-10-06,Tuesday,1.95,1.95,1.95,1.95,1.95,300,0.0,0,0.0
TCT,2026-09-09,Wednesday,17.65,17.65,17.65,17.65,17.65,0,0.0,0,0.0
TCT,2026-09-10,Thursday,17.65,17.65,17.65,17.65,17.65,100,0.0,0,0.0
TCT,2026-09-11,Friday,17.65,17.65,17.65,17.65,17.65,1100,0.02,0,0.0
TCT,2026-09-14,Monday,17.9,17.95,17.8,17.9,17.9,1300,0.02,0,0.0
TCT,2026-09-15,Tuesday,17.85,17.85,17.85,17.85,17.85,200,0.0,0,0.0
TCT,2026-09-16,Wednesday,17.9,17.9,17.65,17.7,17.7,1100,0.02,0,0.0
TCT,2026-09-17,Thursday,17.7,17.7,17.7,17.7,17.7,100,0.0,0,0.0
TCT,2026-09-18,Friday,17.9,17.9,17.9,17.9,17.9,100,0.0,0,0.0
TCT,2026-09-21,Monday,17.9,17.9,17.9,17.9,17.9,0,0.0,0,0.0
TCT,2026-09-22,Tuesday,17.9,17.9,17.9,17.9,17.9,0,0.0,0,0.0
TCT,2026-09-23,Wednesday,17.7,17.7,17.7,17.7,17.7,1100,0.02,0,0.0
TCT,2026-09-24,Thursday,17.7,17.7,17.7,17.7,17.7,0,0.0,0,0.0
TCT,2026-09-25,Friday,17.8,17.8,17.8,17.8,17.8,100,0.0,0,0.0
TCT,2026-09-28,Monday,17.8,17.8,17.8,17.8,17.8,300,0.01,0,0.0
TCT,2026-09-29,Tuesday,17.8,17.8,17.8,17.8,17.8,100,0.0,0,0.0
TCT,2026-09-30,Wednesday,17.8,17.8,17.8,17.8,17.8,0,0.0,0,0.0
TCT,2026-10-01,Thursday,17.8,17.8,17.8,17.8,17.8,0,0.0,0,0.0
TCT,2026-10-02,Friday,17.8,17.8,17.8,17.8,17.8,0,0.0,0,0.0
TCT,2026-10-05,Monday,17.8,17.8,17.8,17.8,17.8,100,0.0,0,0.0
TCT,2026-10-06,Tuesday,17.8,17.8,17.8,17.8,17.8,0,0.0,0,0.0
TCX,2026-09-09,Wednesday,40.2,40.2,39.65,40.0,33.33,1587400,63.37,0,0.0
TCX,2026-09-10,Thursday,39.9,39.95,39.25,39.6,33.0,1968000,77.73,0,0.0
TCX,2026-09-11,Friday,39.35,39.4,38.1,38.1,31.75,3742200,144.65,0,0.0
TCX,2026-09-14,Monday,37.6,38.2,37.35,38.2,31.83,2963700,111.81,0,0.0
TCX,2026-09-15,Tuesday,38.5,38.9,38.2,38.6,32.17,1488700,57.3,0,0.0
TCX,2026-09-16,Wednesday,38.65,38.75,38.0,38.15,31.79,1850700,70.76,0,0.0
TCX,2026-09-17,Thursday,31.8,32.9,31.8,31.8,31.8,2656400,85.67,0,0.0
TCX,2026-09-18,Friday,32.3,32.45,31.5,31.5,31.5,3590900,114.21,0,0.0
TCX,2026-09-21,Monday,32.15,32.15,30.95,31.0,31.0,1891000,59.34,697800,21.98
TCX,2026-09-22,Tuesday,31.2,31.35,30.75,31.0,31.0,1414200,43.85,0,0.0
TCX,2026-09-23,Wednesday,31.0,31.15,30.6,30.6,30.6,2254800,69.65,0,0.0
TCX,2026-09-24,Thursday,30.6,30.6,29.9,30.0,30.0,3451700,103.72,0,0.0
TCX,2026-09-25,Friday,30.0,30.3,29.95,29.95,29.95,1794200,53.95,0,0.0
TCX,2026-09-28,Monday,29.95,29.95,29.0,29.15,29.15,2624700,76.81,0,0.0
TCX,2026-09-29,Tuesday,29.15,29.5,28.7,29.2,29.2,2629000,76.41,0,0.0
TCX,2026-09-30,Wednesday,29.5,29.7,29.15,29.15,29.15,1336700,39.24,0,0.0
TCX,2026-10-01,Thursday,29.3,29.35,28.5,28.5,28.5,2337200,67.26,49000,1.33
TCX,2026-10-02,Friday,28.3,28.5,27.9,27.9,27.9,2477400,69.59,0,0.0
TCX,2026-10-05,Monday,27.85,28.45,27.8,27.8,27.8,1758300,49.26,0,0.0
TCX,2026-10-06,Tuesday,28.0,28.6,27.0,28.6,28.6,3627800,100.33,0,0.0
TDC,2026-09-09,Wednesday,7.1,7.14,6.96,7.14,7.14,63400,0.45,0,0.0
TDC,2026-09-10,Thursday,7.0,7.18,7.0,7.18,7.18,21900,0.15,0,0.0
TDC,2026-09-11,Friday,7.01,7.02,6.93,6.93,6.93,62900,0.44,0,0.0
TDC,2026-09-14,Monday,6.93,7.06,6.85,6.88,6.88,58000,0.4,1500000,11.12
TDC,2026-09-15,Tuesday,6.89,6.9,6.4,6.8,6.8,60500,0.41,0,0.0
TDC,2026-09-16,Wednesday,6.87,6.87,6.8,6.8,6.8,9600,0.07,0,0.0
TDC,2026-09-17,Thursday,6.86,6.95,6.81,6.81,6.81,36100,0.25,0,0.0
TDC,2026-09-18,Friday,6.76,6.95,6.73,6.82,6.82,12000,0.08,0,0.0
TDC,2026-09-21,Monday,6.89,6.89,6.71,6.84,6.84,22400,0.15,0,0.0
TDC,2026-09-22,Tuesday,6.85,6.89,6.83,6.84,6.84,27100,0.19,0,0.0
TDC,2026-09-23,Wednesday,6.88,6.88,6.77,6.8,6.8,33100,0.23,0,0.0
TDC,2026-09-24,Thursday,6.78,6.79,6.33,6.38,6.38,198400,1.28,0,0.0
TDC,2026-09-25,Friday,6.38,6.45,6.27,6.45,6.45,168200,1.08,0,0.0
TDC,2026-09-28,Monday,6.44,6.45,6.11,6.44,6.44,123600,0.77,0,0.0
TDC,2026-09-29,Tuesday,6.38,6.45,6.21,6.45,6.45,151700,0.96,0,0.0
TDC,2026-09-30,Wednesday,6.48,6.48,6.2,6.37,6.37,29100,0.18,0,0.0
TDC,2026-10-01,Thursday,6.36,6.37,6.21,6.37,6.37,44600,0.28,0,0.0
TDC,2026-10-02,Friday,6.36,6.5,6.2,6.5,6.5,76900,0.49,0,0.0
TDC,2026-10-05,Monday,6.5,6.6,6.35,6.5,6.5,19300,0.12,0,0.0
TDC,2026-10-06,Tuesday,6.35,6.5,6.22,6.5,6.5,21100,0.13,0,0.0
TDG,2026-09-09,Wednesday,2.29,2.3,2.25,2.3,2.3,12800,0.03,0,0.0
TDG,2026-09-10,Thursday,2.3,2.3,2.26,2.29,2.29,3800,0.01,0,0.0
TDG,2026-09-11,Friday,2.3,2.3,2.22,2.22,2.22,13100,0.03,0,0.0
TDG,2026-09-14,Monday,2.22,2.34,2.13,2.22,2.22,20100,0.05,0,0.0
TDG,2026-09-15,Tuesday,2.27,2.27,2.16,2.24,2.24,8800,0.02,0,0.0
TDG,2026-09-16,Wednesday,2.27,2.28,2.17,2.24,2.24,34100,0.08,0,0.0
TDG,2026-09-17,Thursday,2.24,2.25,2.21,2.25,2.25,5400,0.01,0,0.0
TDG,2026-09-18,Friday,2.25,2.25,2.2,2.25,2.25,8800,0.02,0,0.0
TDG,2026-09-21,Monday,2.25,2.25,2.19,2.19,2.19,1500,0.0,0,0.0
TDG,2026-09-22,Tuesday,2.2,2.24,2.2,2.24,2.24,19600,0.04,0,0.0
TDG,2026-09-23,Wednesday,2.24,2.24,2.24,2.24,2.24,7100,0.02,0,0.0
TDG,2026-09-24,Thursday,2.23,2.24,2.15,2.15,2.15,154400,0.35,0,0.0
TDG,2026-09-25,Friday,2.2,2.22,2.09,2.09,2.09,15500,0.03,0,0.0
TDG,2026-09-28,Monday,2.08,2.21,2.03,2.07,2.07,5700,0.01,0,0.0
TDG,2026-09-29,Tuesday,2.1,2.14,2.08,2.09,2.09,23500,0.05,0,0.0
TDG,2026-09-30,Wednesday,2.12,2.12,2.1,2.11,2.11,4300,0.01,0,0.0
TDG,2026-10-01,Thursday,2.07,2.12,2.07,2.12,2.12,20900,0.04,0,0.0
TDG,2026-10-02,Friday,2.12,2.17,2.07,2.08,2.08,5500,0.01,0,0.0
TDG,2026-10-05,Monday,2.07,2.16,2.07,2.11,2.11,52200,0.11,0,0.0
TDG,2026-10-06,Tuesday,2.24,2.24,2.09,2.11,2.11,39800,0.08,0,0.0
TDH,2026-09-09,Wednesday,3.29,3.29,3.2,3.2,3.2,29000,0.09,0,0.0
TDH,2026-09-10,Thursday,3.21,3.25,3.18,3.24,3.24,12000,0.04,0,0.0
TDH,2026-09-11,Friday,3.15,3.23,3.02,3.1,3.1,47300,0.15,0,0.0
TDH,2026-09-14,Monday,3.1,3.2,3.05,3.19,3.19,14400,0.04,0,0.0
TDH,2026-09-15,Tuesday,3.2,3.2,3.19,3.19,3.19,2800,0.01,0,0.0
TDH,2026-09-16,Wednesday,3.19,3.24,3.08,3.15,3.15,1200,0.0,0,0.0
TDH,2026-09-17,Thursday,3.2,3.2,3.1,3.15,3.15,28300,0.09,0,0.0
TDH,2026-09-18,Friday,3.19,3.19,3.1,3.15,3.15,11300,0.04,0,0.0
TDH,2026-09-21,Monday,3.14,3.3,3.1,3.15,3.15,17600,0.05,0,0.0
TDH,2026-09-22,Tuesday,3.14,3.15,3.1,3.15,3.15,14600,0.05,0,0.0
TDH,2026-09-23,Wednesday,3.15,3.15,3.05,3.14,3.14,69900,0.21,0,0.0
TDH,2026-09-24,Thursday,3.18,3.18,3.08,3.15,3.15,24000,0.08,0,0.0
TDH,2026-09-25,Friday,3.15,3.15,3.03,3.03,3.03,3600,0.01,0,0.0
TDH,2026-09-28,Monday,3.13,3.13,3.0,3.04,3.04,78900,0.24,0,0.0
TDH,2026-09-29,Tuesday,3.02,3.04,2.9,2.91,2.91,111600,0.33,0,0.0
TDH,2026-09-30,Wednesday,2.91,3.0,2.91,2.97,2.97,13700,0.04,0,0.0
TDH,2026-10-01,Thursday,3.0,3.0,2.94,2.97,2.97,29400,0.09,0,0.0
TDH,2026-10-02,Friday,2.98,2.98,2.93,2.96,2.96,3000,0.01,0,0.0
TDH,2026-10-05,Monday,3.03,3.03,2.8,2.95,2.95,36100,0.1,0,0.0
TDH,2026-10-06,Tuesday,2.95,2.95,2.8,2.92,2.92,34400,0.1,0,0.0
TDM,2026-09-09,Wednesday,60.2,60.2,57.5,58.1,58.1,26700,1.55,0,0.0
TDM,2026-09-10,Thursday,60.0,60.0,60.0,60.0,60.0,100,0.01,0,0.0
TDM,2026-09-11,Friday,58.6,59.0,58.6,59.0,59.0,5000,0.29,0,0.0
TDM,2026-09-14,Monday,58.1,59.0,58.0,59.0,59.0,800,0.05,0,0.0
TDM,2026-09-15,Tuesday,57.1,59.9,57.1,59.0,59.0,1300,0.08,0,0.0
TDM,2026-09-16,Wednesday,57.5,60.0,57.5,59.9,59.9,26200,1.57,0,0.0
TDM,2026-09-17,Thursday,60.0,60.0,59.7,59.8,59.8,1900,0.11,0,0.0
TDM,2026-09-18,Friday,59.8,59.8,59.8,59.8,59.8,0,0.0,0,0.0
TDM,2026-09-21,Monday,59.0,61.9,59.0,59.1,59.1,34600,2.13,0,0.0
TDM,2026-09-22,Tuesday,59.1,59.1,59.1,59.1,59.1,0,0.0,0,0.0
TDM,2026-09-23,Wednesday,58.7,59.0,58.7,59.0,59.0,1000,0.06,24000,1.42
TDM,2026-09-24,Thursday,59.0,59.0,59.0,59.0,59.0,0,0.0,0,0.0
TDM,2026-09-25,Friday,59.0,59.0,59.0,59.0,59.0,0,0.0,0,0.0
TDM,2026-09-28,Monday,58.5,61.0,58.5,61.0,61.0,500,0.03,0,0.0
TDM,2026-09-29,Tuesday,58.6,58.6,58.6,58.6,58.6,400,0.02,0,0.0
TDM,2026-09-30,Wednesday,58.6,58.6,58.6,58.6,58.6,0,0.0,0,0.0
TDM,2026-10-01,Thursday,58.6,58.6,58.6,58.6,58.6,0,0.0,0,0.0
TDM,2026-10-02,Friday,58.6,58.6,58.6,58.6,58.6,0,0.0,0,0.0
TDM,2026-10-05,Monday,58.7,59.8,58.6,59.8,59.8,300,0.02,0,0.0
TDM,2026-10-06,Tuesday,59.8,59.8,59.8,59.8,59.8,1000,0.06,0,0.0
TDP,2026-09-09,Wednesday,33.0,33.0,32.9,32.9,29.91,248800,8.19,0,0.0
TDP,2026-09-10,Thursday,32.9,33.15,32.9,33.15,30.14,250500,8.24,0,0.0
TDP,2026-09-11,Friday,33.1,33.8,32.5,33.8,30.73,123500,4.06,0,0.0
TDP,2026-09-14,Monday,33.8,33.9,31.7,33.9,30.82,218900,7.32,0,0.0
TDP,2026-09-15,Tuesday,33.9,34.55,33.3,33.9,30.82,330100,11.16,0,0.0
TDP,2026-09-16,Wednesday,33.9,34.95,33.8,34.95,31.77,182400,6.19,0,0.0
TDP,2026-09-17,Thursday,30.5,31.6,29.6,29.6,29.6,130900,3.99,0,0.0
TDP,2026-09-18,Friday,27.8,30.45,27.8,29.8,29.8,109000,3.13,0,0.0
TDP,2026-09-21,Monday,29.25,29.25,28.0,28.5,28.5,293000,8.28,0,0.0
TDP,2026-09-22,Tuesday,28.5,28.5,26.65,27.0,27.0,319500,8.7,0,0.0
TDP,2026-09-23,Wednesday,27.0,27.35,26.3,27.15,27.15,283300,7.73,0,0.0
TDP,2026-09-24,Thursday,27.15,27.5,27.0,27.5,27.5,432000,11.84,0,0.0
TDP,2026-09-25,Friday,26.3,27.5,26.3,27.3,27.3,585200,15.94,0,0.0
TDP,2026-09-28,Monday,27.3,27.55,27.15,27.55,27.55,329600,9.06,0,0.0
TDP,2026-09-29,Tuesday,27.5,27.85,27.5,27.85,27.85,522300,14.36,0,0.0
TDP,2026-09-30,Wednesday,27.8,28.0,27.45,27.5,27.5,372900,10.32,0,0.0
TDP,2026-10-01,Thursday,27.5,27.5,27.4,27.4,27.4,122100,3.36,0,0.0
TDP,2026-10-02,Friday,27.5,28.5,25.65,27.45,27.45,335500,9.2,0,0.0
TDP,2026-10-05,Monday,27.4,28.1,27.4,27.5,27.5,319000,8.79,0,0.0
TDP,2026-10-06,Tuesday,27.5,28.25,27.0,27.6,27.6,267000,7.36,0,0.0
TDW,2026-09-09,Wednesday,47.5,47.5,47.5,47.5,47.2,0,0.0,0,0.0
TDW,2026-09-10,Thursday,47.5,47.5,47.5,47.5,47.2,0,0.0,0,0.0
TDW,2026-09-11,Friday,47.0,47.0,47.0,47.0,46.7,100,0.0,0,0.0
TDW,2026-09-14,Monday,46.5,46.5,43.75,43.75,43.47,8500,0.38,0,0.0
TDW,2026-09-15,Tuesday,43.75,43.75,43.75,43.75,43.47,0,0.0,0,0.0
TDW,2026-09-16,Wednesday,46.8,46.8,46.8,46.8,46.51,800,0.04,0,0.0
TDW,2026-09-17,Thursday,46.8,46.8,46.8,46.8,46.51,0,0.0,0,0.0
TDW,2026-09-18,Friday,46.8,46.8,46.8,46.8,46.51,0,0.0,0,0.0
TDW,2026-09-21,Monday,46.8,46.8,46.8,46.8,46.51,0,0.0,0,0.0
TDW,2026-09-22,Tuesday,46.8,46.8,46.8,46.8,46.51,100,0.0,0,0.0
TDW,2026-09-23,Wednesday,48.0,48.0,48.0,48.0,47.7,600,0.03,0,0.0
TDW,2026-09-24,Thursday,48.0,48.0,48.0,48.0,47.7,0,0.0,0,0.0
TDW,2026-09-25,Friday,48.0,48.0,48.0,48.0,47.7,0,0.0,0,0.0
TDW,2026-09-28,Monday,48.0,48.0,48.0,48.0,47.7,0,0.0,0,0.0
TDW,2026-09-29,Tuesday,47.7,47.7,47.7,47.7,47.7,0,0.0,0,0.0
TDW,2026-09-30,Wednesday,47.7,47.7,47.7,47.7,47.7,100,0.0,0,0.0
TDW,2026-10-01,Thursday,47.7,47.7,47.7,47.7,47.7,0,0.0,0,0.0
TDW,2026-10-02,Friday,47.7,47.7,47.7,47.7,47.7,0,0.0,0,0.0
TDW,2026-10-05,Monday,44.7,44.7,44.7,44.7,44.7,100,0.0,0,0.0
TDW,2026-10-06,Tuesday,44.75,44.75,44.7,44.7,44.7,1500,0.07,0,0.0
TEG,2026-09-09,Wednesday,5.95,5.95,5.85,5.85,5.85,4100,0.02,0,0.0
TEG,2026-09-10,Thursday,5.9,6.0,5.9,5.99,5.99,103600,0.62,0,0.0
TEG,2026-09-11,Friday,5.99,6.05,5.82,5.95,5.95,90500,0.54,0,0.0
TEG,2026-09-14,Monday,5.99,6.0,5.8,5.93,5.93,7300,0.04,0,0.0
TEG,2026-09-15,Tuesday,5.93,5.93,5.75,5.9,5.9,285500,1.68,0,0.0
TEG,2026-09-16,Wednesday,5.98,5.98,5.74,5.9,5.9,166300,0.97,0,0.0
TEG,2026-09-17,Thursday,6.0,6.0,5.75,5.89,5.89,306200,1.8,0,0.0
TEG,2026-09-18,Friday,5.98,5.98,5.7,5.94,5.94,185600,1.07,0,0.0
TEG,2026-09-21,Monday,6.0,6.0,5.7,5.93,5.93,459400,2.63,0,0.0
TEG,2026-09-22,Tuesday,5.62,5.85,5.62,5.66,5.66,469000,2.74,0,0.0
TEG,2026-09-23,Wednesday,5.96,6.05,5.8,5.9,5.9,181600,1.08,0,0.0
TEG,2026-09-24,Thursday,5.72,5.87,5.71,5.87,5.87,308900,1.81,0,0.0
TEG,2026-09-25,Friday,5.87,5.87,5.68,5.8,5.8,271200,1.58,0,0.0
TEG,2026-09-28,Monday,5.76,5.8,5.7,5.71,5.71,29000,0.17,0,0.0
TEG,2026-09-29,Tuesday,5.71,5.71,5.71,5.71,5.71,200,0.0,0,0.0
TEG,2026-09-30,Wednesday,5.75,5.98,5.71,5.75,5.75,38100,0.22,0,0.0
TEG,2026-10-01,Thursday,5.97,5.98,5.73,5.84,5.84,9100,0.05,0,0.0
TEG,2026-10-02,Friday,5.97,5.97,5.73,5.8,5.8,600,0.0,0,0.0
TEG,2026-10-05,Monday,5.85,5.85,5.75,5.75,5.75,41500,0.24,0,0.0
TEG,2026-10-06,Tuesday,6.0,6.0,5.79,5.86,5.86,64800,0.38,2000000,12.0
THG,2026-09-09,Wednesday,28.95,29.0,28.75,28.95,28.95,12200,0.35,0,0.0
THG,2026-09-10,Thursday,28.95,28.95,28.65,28.95,28.95,6000,0.17,0,0.0
THG,2026-09-11,Friday,28.9,28.95,28.6,28.7,28.7,6000,0.17,0,0.0
THG,2026-09-14,Monday,28.7,28.9,28.4,28.9,28.9,38400,1.09,0,0.0
THG,2026-09-15,Tuesday,28.5,28.9,28.5,28.7,28.7,11200,0.32,0,0.0
THG,2026-09-16,Wednesday,28.5,28.5,28.25,28.4,28.4,11500,0.33,0,0.0
THG,2026-09-17,Thursday,28.2,28.45,27.85,28.1,28.1,18100,0.51,0,0.0
THG,2026-09-18,Friday,28.0,28.3,27.95,28.3,28.3,5300,0.15,0,0.0
THG,2026-09-21,Monday,28.3,28.3,27.7,27.75,27.75,34700,0.97,0,0.0
THG,2026-09-22,Tuesday,27.75,28.1,27.75,28.0,28.0,11600,0.32,0,0.0
THG,2026-09-23,Wednesday,28.15,28.3,27.95,28.1,28.1,4200,0.12,0,0.0
THG,2026-09-24,Thursday,27.9,28.0,27.85,28.0,28.0,6200,0.17,0,0.0
THG,2026-09-25,Friday,28.0,28.1,27.8,28.05,28.05,8600,0.24,0,0.0
THG,2026-09-28,Monday,28.1,28.4,27.5,28.1,28.1,13900,0.39,0,0.0
THG,2026-09-29,Tuesday,27.8,28.0,27.7,27.8,27.8,13500,0.38,0,0.0
THG,2026-09-30,Wednesday,27.8,28.0,27.65,28.0,28.0,9500,0.26,0,0.0
THG,2026-10-01,Thursday,28.0,28.0,27.7,27.9,27.9,13900,0.39,0,0.0
THG,2026-10-02,Friday,27.65,27.95,27.65,27.95,27.95,6600,0.18,0,0.0
THG,2026-10-05,Monday,27.95,28.0,27.6,27.8,27.8,8200,0.23,0,0.0
THG,2026-10-06,Tuesday,27.8,27.8,27.5,27.5,27.5,7200,0.2,0,0.0
TIP,2026-09-09,Wednesday,17.5,17.8,17.4,17.45,16.25,19600,0.34,0,0.0
TIP,2026-09-10,Thursday,16.85,16.85,16.2,16.3,16.3,41900,0.7,0,0.0
TIP,2026-09-11,Friday,16.2,16.25,16.05,16.1,16.1,14000,0.23,0,0.0
TIP,2026-09-14,Monday,16.0,16.05,16.0,16.0,16.0,14000,0.22,0,0.0
TIP,2026-09-15,Tuesday,16.0,16.1,16.0,16.1,16.1,34800,0.56,0,0.0
TIP,2026-09-16,Wednesday,16.1,16.15,16.0,16.15,16.15,19200,0.31,0,0.0
TIP,2026-09-17,Thursday,16.1,16.1,16.05,16.1,16.1,11100,0.18,0,0.0
TIP,2026-09-18,Friday,16.15,16.4,16.15,16.3,16.3,12400,0.2,0,0.0
TIP,2026-09-21,Monday,16.3,16.35,16.2,16.3,16.3,36500,0.59,0,0.0
TIP,2026-09-22,Tuesday,16.35,16.5,16.3,16.35,16.35,35200,0.57,0,0.0
TIP,2026-09-23,Wednesday,16.5,16.5,16.3,16.3,16.3,15600,0.25,0,0.0
TIP,2026-09-24,Thursday,16.2,16.2,16.1,16.15,16.15,23300,0.38,0,0.0
TIP,2026-09-25,Friday,16.1,16.15,16.05,16.15,16.15,16800,0.27,0,0.0
TIP,2026-09-28,Monday,16.15,16.2,15.9,16.0,16.0,53100,0.85,0,0.0
TIP,2026-09-29,Tuesday,15.65,16.0,15.65,15.9,15.9,14900,0.23,0,0.0
TIP,2026-09-30,Wednesday,15.9,15.9,15.9,15.9,15.9,9700,0.15,0,0.0
TIP,2026-10-01,Thursday,15.9,15.9,15.8,15.8,15.8,35800,0.57,0,0.0
TIP,2026-10-02,Friday,15.8,16.0,15.8,15.85,15.85,9900,0.16,0,0.0
TIP,2026-10-05,Monday,16.0,16.0,15.9,15.9,15.9,800,0.01,0,0.0
TIP,2026-10-06,Tuesday,15.85,16.0,15.85,15.85,15.85,32000,0.51,0,0.0
TIX,2026-09-09,Wednesday,39.0,39.0,39.0,39.0,39.0,0,0.0,0,0.0
TIX,2026-09-10,Thursday,39.0,39.0,39.0,39.0,39.0,0,0.0,0,0.0
TIX,2026-09-11,Friday,39.0,39.0,39.0,39.0,39.0,100,0.0,0,0.0
TIX,2026-09-14,Monday,38.0,38.0,38.0,38.0,38.0,500,0.02,0,0.0
TIX,2026-09-15,Tuesday,38.0,38.0,38.0,38.0,38.0,0,0.0,0,0.0
TIX,2026-09-16,Wednesday,38.0,38.0,38.0,38.0,38.0,0,0.0,0,0.0
TIX,2026-09-17,Thursday,38.0,38.0,38.0,38.0,38.0,0,0.0,0,0.0
TIX,2026-09-18,Friday,38.0,38.0,38.0,38.0,38.0,0,0.0,0,0.0
TIX,2026-09-21,Monday,38.0,38.0,38.0,38.0,38.0,0,0.0,0,0.0
TIX,2026-09-22,Tuesday,38.0,38.0,38.0,38.0,38.0,0,0.0,0,0.0
TIX,2026-09-23,Wednesday,35.45,40.65,35.45,40.65,40.65,400,0.01,0,0.0
TIX,2026-09-24,Thursday,40.65,40.65,40.65,40.65,40.65,0,0.0,0,0.0
TIX,2026-09-25,Friday,40.65,40.65,40.65,40.65,40.65,0,0.0,0,0.0
TIX,2026-09-28,Monday,40.65,40.65,40.65,40.65,40.65,0,0.0,0,0.0
TIX,2026-09-29,Tuesday,40.65,40.65,40.65,40.65,40.65,0,0.0,0,0.0
TIX,2026-09-30,Wednesday,40.65,40.65,40.65,40.65,40.65,0,0.0,0,0.0
TIX,2026-10-01,Thursday,40.65,40.65,40.65,40.65,40.65,0,0.0,0,0.0
TIX,2026-10-02,Friday,40.65,40.65,40.65,40.65,40.65,0,0.0,0,0.0
TIX,2026-10-05,Monday,40.65,40.65,40.65,40.65,40.65,0,0.0,0,0.0
TIX,2026-10-06,Tuesday,40.65,40.65,40.65,40.65,40.65,0,0.0,0,0.0
TLD,2026-09-09,Wednesday,8.21,8.27,8.1,8.25,8.25,59000,0.49,0,0.0
TLD,2026-09-10,Thursday,8.25,8.25,8.16,8.23,8.23,28800,0.24,0,0.0
TLD,2026-09-11,Friday,8.23,8.23,8.15,8.2,8.2,2132900,17.49,0,0.0
TLD,2026-09-14,Monday,8.2,8.2,8.15,8.19,8.19,137800,1.13,0,0.0
TLD,2026-09-15,Tuesday,8.19,8.19,8.16,8.16,8.16,11100,0.09,0,0.0
TLD,2026-09-16,Wednesday,8.19,8.19,8.1,8.17,8.17,7400,0.06,0,0.0
TLD,2026-09-17,Thursday,8.16,8.17,8.12,8.17,8.17,453400,3.7,0,0.0
TLD,2026-09-18,Friday,8.17,8.17,8.15,8.17,8.17,1700,0.01,0,0.0
TLD,2026-09-21,Monday,8.17,8.2,8.17,8.19,8.19,202000,1.65,0,0.0
TLD,2026-09-22,Tuesday,7.66,8.19,7.66,8.18,8.18,730900,5.94,0,0.0
TLD,2026-09-23,Wednesday,8.18,8.18,8.15,8.15,8.15,48100,0.39,0,0.0
TLD,2026-09-24,Thursday,8.15,8.15,7.81,8.1,8.1,20900,0.17,0,0.0
TLD,2026-09-25,Friday,8.1,8.1,7.9,8.1,8.1,16000,0.13,0,0.0
TLD,2026-09-28,Monday,8.1,8.1,8.0,8.0,8.0,300500,2.4,0,0.0
TLD,2026-09-29,Tuesday,8.0,8.04,7.7,8.04,8.04,134200,1.07,0,0.0
TLD,2026-09-30,Wednesday,8.0,8.07,8.0,8.07,8.07,12600,0.1,0,0.0
TLD,2026-10-01,Thursday,8.07,8.08,7.8,8.08,8.08,39400,0.31,0,0.0
TLD,2026-10-02,Friday,8.08,8.08,8.04,8.07,8.07,2400,0.02,0,0.0
TLD,2026-10-05,Monday,7.96,8.07,7.9,8.06,8.06,352800,2.84,0,0.0
TLD,2026-10-06,Tuesday,8.06,8.06,8.03,8.05,8.05,302800,2.44,0,0.0
TLG,2026-09-09,Wednesday,50.5,50.9,50.4,50.4,50.4,103000,5.21,0,0.0
TLG,2026-09-10,Thursday,50.4,50.9,49.85,49.85,49.85,89400,4.48,0,0.0
TLG,2026-09-11,Friday,49.85,50.4,49.0,49.8,49.8,143100,7.12,0,0.0
TLG,2026-09-14,Monday,49.8,52.0,49.1,51.9,51.9,341700,17.45,0,0.0
TLG,2026-09-15,Tuesday,51.9,53.9,51.9,53.5,53.5,325800,17.35,0,0.0
TLG,2026-09-16,Wednesday,53.6,53.6,52.9,53.0,53.0,160600,8.57,0,0.0
TLG,2026-09-17,Thursday,52.7,53.0,52.6,52.6,52.6,78700,4.15,0,0.0
TLG,2026-09-18,Friday,53.2,55.0,52.7,54.3,54.3,425200,23.14,0,0.0
TLG,2026-09-21,Monday,54.8,55.0,53.7,54.3,54.3,204100,11.13,0,0.0
TLG,2026-09-22,Tuesday,54.3,55.3,53.4,53.5,53.5,698100,38.17,0,0.0
TLG,2026-09-23,Wednesday,53.4,54.8,53.3,54.7,54.7,314500,17.12,0,0.0
TLG,2026-09-24,Thursday,54.9,55.0,52.5,53.3,53.3,331000,17.8,0,0.0
TLG,2026-09-25,Friday,53.6,54.8,52.9,53.0,53.0,96500,5.18,0,0.0
TLG,2026-09-28,Monday,53.0,53.0,52.1,53.0,53.0,132000,6.96,0,0.0
TLG,2026-09-29,Tuesday,52.5,52.9,52.5,52.6,52.6,92800,4.89,0,0.0
TLG,2026-09-30,Wednesday,52.6,53.0,52.4,52.9,52.9,137600,7.24,0,0.0
TLG,2026-10-01,Thursday,53.0,55.0,53.0,54.2,54.2,263700,14.23,0,0.0
TLG,2026-10-02,Friday,54.7,55.3,54.3,54.5,54.5,210600,11.53,0,0.0
TLG,2026-10-05,Monday,54.3,54.9,53.9,53.9,53.9,134300,7.28,0,0.0
TLG,2026-10-06,Tuesday,54.0,54.3,53.4,54.0,54.0,137700,7.41,0,0.0
TLH,2026-09-09,Wednesday,3.73,3.75,3.7,3.73,3.73,113000,0.42,0,0.0
TLH,2026-09-10,Thursday,3.73,3.73,3.66,3.73,3.73,116700,0.43,0,0.0
TLH,2026-09-11,Friday,3.73,3.8,3.65,3.66,3.66,84500,0.31,0,0.0
TLH,2026-09-14,Monday,3.7,3.7,3.62,3.66,3.66,96500,0.35,0,0.0
TLH,2026-09-15,Tuesday,3.66,3.66,3.52,3.65,3.65,89800,0.33,0,0.0
TLH,2026-09-16,Wednesday,3.64,3.65,3.52,3.55,3.55,155100,0.56,0,0.0
TLH,2026-09-17,Thursday,3.54,3.59,3.52,3.55,3.55,85500,0.3,0,0.0
TLH,2026-09-18,Friday,3.55,3.57,3.52,3.56,3.56,92800,0.33,0,0.0
TLH,2026-09-21,Monday,3.56,3.59,3.51,3.58,3.58,153500,0.55,0,0.0
TLH,2026-09-22,Tuesday,3.58,3.58,3.5,3.51,3.51,126100,0.45,0,0.0
TLH,2026-09-23,Wednesday,3.51,3.51,3.48,3.51,3.51,114600,0.4,0,0.0
TLH,2026-09-24,Thursday,3.51,3.51,3.4,3.45,3.45,108600,0.38,0,0.0
TLH,2026-09-25,Friday,3.45,3.45,3.33,3.44,3.44,109000,0.37,0,0.0
TLH,2026-09-28,Monday,3.35,3.43,3.35,3.38,3.38,94900,0.32,0,0.0
TLH,2026-09-29,Tuesday,3.38,3.43,3.15,3.15,3.15,212500,0.69,0,0.0
TLH,2026-09-30,Wednesday,3.03,3.15,2.96,3.07,3.07,163300,0.5,0,0.0
TLH,2026-10-01,Thursday,3.07,3.09,3.03,3.07,3.07,89100,0.27,0,0.0
TLH,2026-10-02,Friday,3.07,3.07,2.86,2.86,2.86,196100,0.58,0,0.0
TLH,2026-10-05,Monday,3.05,3.06,3.0,3.06,3.06,117900,0.36,0,0.0
TLH,2026-10-06,Tuesday,3.14,3.14,3.05,3.09,3.09,123200,0.38,0,0.0
TMP,2026-09-09,Wednesday,53.5,53.5,52.9,52.9,52.9,3000,0.16,0,0.0
TMP,2026-09-10,Thursday,53.3,53.3,53.0,53.0,53.0,4300,0.23,0,0.0
TMP,2026-09-11,Friday,52.5,52.5,52.5,52.5,52.5,200,0.01,0,0.0
TMP,2026-09-14,Monday,53.7,53.7,53.7,53.7,53.7,500,0.03,0,0.0
TMP,2026-09-15,Tuesday,53.7,53.7,53.7,53.7,53.7,0,0.0,0,0.0
TMP,2026-09-16,Wednesday,50.0,53.2,50.0,53.2,53.2,300,0.02,0,0.0
TMP,2026-09-17,Thursday,53.6,53.6,53.6,53.6,53.6,100,0.01,0,0.0
TMP,2026-09-18,Friday,53.6,53.6,52.0,53.0,53.0,1300,0.07,0,0.0
TMP,2026-09-21,Monday,53.0,53.0,53.0,53.0,53.0,500,0.03,0,0.0
TMP,2026-09-22,Tuesday,53.0,53.0,50.0,52.0,52.0,600,0.03,0,0.0
TMP,2026-09-23,Wednesday,53.7,53.7,49.0,49.0,49.0,500,0.03,0,0.0
TMP,2026-09-24,Thursday,50.0,50.0,48.9,49.0,49.0,1500,0.07,0,0.0
TMP,2026-09-25,Friday,49.0,49.0,49.0,49.0,49.0,100,0.0,0,0.0
TMP,2026-09-28,Monday,50.0,50.1,50.0,50.1,50.1,1100,0.06,0,0.0
TMP,2026-09-29,Tuesday,50.0,50.0,50.0,50.0,50.0,100,0.0,0,0.0
TMP,2026-09-30,Wednesday,50.0,50.0,50.0,50.0,50.0,0,0.0,0,0.0
TMP,2026-10-01,Thursday,51.9,51.9,51.9,51.9,51.9,1000,0.05,0,0.0
TMP,2026-10-02,Friday,50.1,51.0,50.0,51.0,51.0,600,0.03,0,0.0
TMP,2026-10-05,Monday,50.0,51.0,50.0,50.5,50.5,400,0.02,0,0.0
TMP,2026-10-06,Tuesday,51.0,51.0,51.0,51.0,51.0,1000,0.05,0,0.0
TMS,2026-09-09,Wednesday,35.9,35.9,35.9,35.9,33.11,0,0.0,0,0.0
TMS,2026-09-10,Thursday,35.9,35.9,35.9,35.9,33.11,0,0.0,0,0.0
TMS,2026-09-11,Friday,34.1,35.9,34.1,34.15,31.49,300,0.01,0,0.0
TMS,2026-09-14,Monday,34.15,34.15,34.15,34.15,31.49,0,0.0,0,0.0
TMS,2026-09-15,Tuesday,34.9,34.9,34.9,34.9,32.18,100,0.0,0,0.0
TMS,2026-09-16,Wednesday,34.7,34.7,34.7,34.7,32.0,300,0.01,0,0.0
TMS,2026-09-17,Thursday,35.9,35.9,35.9,35.9,33.11,100,0.0,0,0.0
TMS,2026-09-18,Friday,38.0,38.1,38.0,38.1,35.14,500,0.02,0,0.0
TMS,2026-09-21,Monday,37.95,37.95,37.95,37.95,35.0,100,0.0,0,0.0
TMS,2026-09-22,Tuesday,37.95,37.95,37.95,37.95,35.0,0,0.0,0,0.0
TMS,2026-09-23,Wednesday,37.95,37.95,37.95,37.95,35.0,0,0.0,0,0.0
TMS,2026-09-24,Thursday,37.9,37.9,37.9,37.9,34.95,100,0.0,0,0.0
TMS,2026-09-25,Friday,34.9,34.9,34.9,34.9,34.9,200,0.01,0,0.0
TMS,2026-09-28,Monday,34.9,34.9,34.9,34.9,34.9,0,0.0,0,0.0
TMS,2026-09-29,Tuesday,34.9,34.9,34.9,34.9,34.9,0,0.0,0,0.0
TMS,2026-09-30,Wednesday,32.6,33.0,32.6,33.0,33.0,200,0.01,0,0.0
TMS,2026-10-01,Thursday,33.0,33.0,33.0,33.0,33.0,100,0.0,0,0.0
TMS,2026-10-02,Friday,31.5,31.5,31.5,31.5,31.5,200,0.01,0,0.0
TMS,2026-10-05,Monday,33.0,33.0,33.0,33.0,33.0,10000,0.33,0,0.0
TMS,2026-10-06,Tuesday,33.0,33.0,33.0,33.0,33.0,300,0.01,0,0.0
TMT,2026-09-09,Wednesday,11.0,11.0,10.5,10.7,10.7,5400,0.06,0,0.0
TMT,2026-09-10,Thursday,10.7,10.9,10.7,10.85,10.85,3400,0.04,0,0.0
TMT,2026-09-11,Friday,10.95,10.95,10.75,10.75,10.75,10200,0.11,0,0.0
TMT,2026-09-14,Monday,10.75,10.75,10.7,10.7,10.7,5700,0.06,0,0.0
TMT,2026-09-15,Tuesday,10.5,10.75,10.2,10.55,10.55,8700,0.09,0,0.0
TMT,2026-09-16,Wednesday,10.75,10.75,10.45,10.45,10.45,11500,0.12,0,0.0
TMT,2026-09-17,Thursday,10.5,10.5,10.45,10.45,10.45,1400,0.01,0,0.0
TMT,2026-09-18,Friday,10.4,10.7,10.3,10.35,10.35,3300,0.03,0,0.0
TMT,2026-09-21,Monday,10.7,10.8,10.7,10.8,10.8,2000,0.02,0,0.0
TMT,2026-09-22,Tuesday,10.75,10.8,10.7,10.8,10.8,19000,0.2,0,0.0
TMT,2026-09-23,Wednesday,10.75,10.9,10.75,10.9,10.9,3400,0.04,0,0.0
TMT,2026-09-24,Thursday,10.95,11.0,10.8,10.9,10.9,7400,0.08,0,0.0
TMT,2026-09-25,Friday,11.0,11.0,10.85,10.9,10.9,11600,0.13,0,0.0
TMT,2026-09-28,Monday,10.75,11.35,10.5,11.3,11.3,23800,0.26,0,0.0
TMT,2026-09-29,Tuesday,11.3,11.3,11.3,11.3,11.3,5200,0.06,0,0.0
TMT,2026-09-30,Wednesday,11.0,11.25,11.0,11.25,11.25,8800,0.1,0,0.0
TMT,2026-10-01,Thursday,11.25,11.25,11.25,11.25,11.25,2200,0.02,0,0.0
TMT,2026-10-02,Friday,11.25,11.3,11.0,11.3,11.3,5000,0.06,0,0.0
TMT,2026-10-05,Monday,11.3,11.4,11.3,11.4,11.4,13900,0.16,0,0.0
TMT,2026-10-06,Tuesday,11.4,11.4,11.4,11.4,11.4,2200,0.03,0,0.0
TN1,2026-09-09,Wednesday,12.6,12.6,12.6,12.6,12.6,100,0.0,0,0.0
TN1,2026-09-10,Thursday,12.5,12.9,12.5,12.9,12.9,600,0.01,0,0.0
TN1,2026-09-11,Friday,12.8,12.9,12.3,12.35,12.35,1300,0.02,0,0.0
TN1,2026-09-14,Monday,12.5,12.5,12.25,12.25,12.25,900,0.01,0,0.0
TN1,2026-09-15,Tuesday,12.3,12.4,12.3,12.4,12.4,200,0.0,0,0.0
TN1,2026-09-16,Wednesday,12.4,12.6,12.3,12.3,12.3,1800,0.02,0,0.0
TN1,2026-09-17,Thursday,12.5,12.85,12.5,12.85,12.85,1100,0.01,0,0.0
TN1,2026-09-18,Friday,12.75,12.75,12.3,12.75,12.75,500,0.01,0,0.0
TN1,2026-09-21,Monday,12.6,12.6,12.6,12.6,12.6,200,0.0,0,0.0
TN1,2026-09-22,Tuesday,12.6,12.65,12.6,12.65,12.65,1600,0.02,0,0.0
TN1,2026-09-23,Wednesday,12.65,12.7,12.65,12.7,12.7,1000,0.01,0,0.0
TN1,2026-09-24,Thursday,12.7,12.7,12.0,12.0,12.0,20300,0.24,0,0.0
TN1,2026-09-25,Friday,12.0,12.0,11.7,11.7,11.7,1800,0.02,0,0.0
TN1,2026-09-28,Monday,11.7,12.1,11.7,12.0,12.0,1300,0.02,0,0.0
TN1,2026-09-29,Tuesday,11.5,11.7,11.5,11.5,11.5,5500,0.06,0,0.0
TN1,2026-09-30,Wednesday,11.5,11.95,11.5,11.85,11.85,1600,0.02,0,0.0
TN1,2026-10-01,Thursday,11.6,11.7,11.5,11.5,11.5,5400,0.06,0,0.0
TN1,2026-10-02,Friday,11.5,11.5,11.2,11.2,11.2,3700,0.04,0,0.0
TN1,2026-10-05,Monday,11.3,11.5,11.3,11.5,11.5,200,0.0,0,0.0
TN1,2026-10-06,Tuesday,11.5,11.5,11.2,11.4,11.4,1900,0.02,0,0.0
TNC,2026-09-09,Wednesday,26.05,26.05,26.05,26.05,24.12,0,0.0,0,0.0
TNC,2026-09-10,Thursday,26.05,26.05,26.05,26.05,24.12,0,0.0,0,0.0
TNC,2026-09-11,Friday,24.55,27.85,24.55,27.85,25.79,300,0.01,0,0.0
TNC,2026-09-14,Monday,28.0,28.0,27.95,27.95,25.88,200,0.01,0,0.0
TNC,2026-09-15,Tuesday,27.95,27.95,26.75,26.75,24.77,300,0.01,0,0.0
TNC,2026-09-16,Wednesday,28.6,28.6,27.05,27.05,25.05,200,0.01,0,0.0
TNC,2026-09-17,Thursday,28.9,28.9,25.3,25.3,23.43,200,0.01,0,0.0
TNC,2026-09-18,Friday,27.05,27.05,25.45,27.05,25.05,400,0.01,0,0.0
TNC,2026-09-21,Monday,26.8,26.8,26.8,26.8,26.8,700,0.02,0,0.0
TNC,2026-09-22,Tuesday,28.65,28.65,26.85,26.9,26.9,3000,0.09,0,0.0
TNC,2026-09-23,Wednesday,28.5,28.5,28.5,28.5,28.5,400,0.01,0,0.0
TNC,2026-09-24,Thursday,30.4,30.45,26.65,26.8,26.8,900,0.03,0,0.0
TNC,2026-09-25,Friday,25.1,28.65,25.1,28.65,28.65,200,0.01,0,0.0
TNC,2026-09-28,Monday,28.65,28.65,28.65,28.65,28.65,0,0.0,0,0.0
TNC,2026-09-29,Tuesday,26.75,26.75,26.75,26.75,26.75,100,0.0,0,0.0
TNC,2026-09-30,Wednesday,26.75,26.75,26.75,26.75,26.75,0,0.0,0,0.0
TNC,2026-10-01,Thursday,28.6,28.6,28.6,28.6,28.6,100,0.0,0,0.0
TNC,2026-10-02,Friday,26.6,26.6,26.6,26.6,26.6,11700,0.31,0,0.0
TNC,2026-10-05,Monday,26.6,26.6,26.6,26.6,26.6,0,0.0,0,0.0
TNC,2026-10-06,Tuesday,26.75,28.45,26.7,26.7,26.7,2200,0.06,0,0.0
TNH,2026-09-09,Wednesday,8.05,8.08,7.99,8.0,8.0,83500,0.67,0,0.0
TNH,2026-09-10,Thursday,8.1,8.1,7.93,7.99,7.99,58600,0.47,0,0.0
TNH,2026-09-11,Friday,8.0,8.0,7.92,7.94,7.94,40900,0.33,2150000,17.63
TNH,2026-09-14,Monday,7.94,7.95,7.8,7.81,7.81,80900,0.63,0,0.0
TNH,2026-09-15,Tuesday,7.82,7.89,7.69,7.7,7.7,310600,2.41,0,0.0
TNH,2026-09-16,Wednesday,7.7,7.7,7.46,7.46,7.46,159200,1.21,0,0.0
TNH,2026-09-17,Thursday,7.6,7.6,7.0,7.0,7.0,474500,3.4,0,0.0
TNH,2026-09-18,Friday,7.23,7.23,6.65,6.65,6.65,266900,1.83,0,0.0
TNH,2026-09-21,Monday,6.8,6.8,6.6,6.62,6.62,152900,1.02,0,0.0
TNH,2026-09-22,Tuesday,6.63,6.75,6.63,6.68,6.68,167100,1.11,0,0.0
TNH,2026-09-23,Wednesday,6.71,6.71,6.62,6.67,6.67,71000,0.47,0,0.0
TNH,2026-09-24,Thursday,6.67,6.69,6.58,6.67,6.67,50800,0.34,0,0.0
TNH,2026-09-25,Friday,6.4,6.66,6.4,6.4,6.4,139500,0.91,0,0.0
TNH,2026-09-28,Monday,6.4,6.48,6.33,6.35,6.35,92200,0.59,0,0.0
TNH,2026-09-29,Tuesday,6.35,6.39,6.12,6.12,6.12,95000,0.59,0,0.0
TNH,2026-09-30,Wednesday,6.25,6.25,5.98,6.0,6.0,201200,1.21,0,0.0
TNH,2026-10-01,Thursday,6.0,6.01,5.75,5.86,5.86,137000,0.81,0,0.0
TNH,2026-10-02,Friday,5.94,5.95,5.76,5.82,5.82,105300,0.62,0,0.0
TNH,2026-10-05,Monday,5.83,5.97,5.43,5.95,5.95,134900,0.78,0,0.0
TNH,2026-10-06,Tuesday,5.9,5.9,5.6,5.66,5.66,218200,1.23,0,0.0
TNI,2026-09-09,Wednesday,5.59,5.6,5.3,5.3,5.3,111100,0.6,0,0.0
TNI,2026-09-10,Thursday,5.47,5.47,5.0,5.25,5.25,31400,0.16,0,0.0
TNI,2026-09-11,Friday,5.25,5.5,5.03,5.3,5.3,468800,2.46,0,0.0
TNI,2026-09-14,Monday,5.42,5.52,5.21,5.48,5.48,1167400,6.32,0,0.0
TNI,2026-09-15,Tuesday,5.48,5.66,5.48,5.56,5.56,943800,5.3,0,0.0
TNI,2026-09-16,Wednesday,5.55,5.55,5.35,5.4,5.4,776100,4.25,0,0.0
TNI,2026-09-17,Thursday,5.4,5.5,5.3,5.3,5.3,582500,3.15,0,0.0
TNI,2026-09-18,Friday,5.3,5.32,5.1,5.25,5.25,2144000,11.26,0,0.0
TNI,2026-09-21,Monday,5.3,5.4,5.3,5.3,5.3,28700,0.15,0,0.0
TNI,2026-09-22,Tuesday,5.26,5.32,5.23,5.31,5.31,35200,0.19,0,0.0
TNI,2026-09-23,Wednesday,5.31,5.32,5.25,5.3,5.3,58900,0.31,0,0.0
TNI,2026-09-24,Thursday,5.03,5.28,4.98,5.11,5.11,51300,0.26,0,0.0
TNI,2026-09-25,Friday,5.1,5.21,5.1,5.13,5.13,32800,0.17,0,0.0
TNI,2026-09-28,Monday,5.1,5.12,5.01,5.02,5.02,22700,0.11,0,0.0
TNI,2026-09-29,Tuesday,4.92,5.12,4.92,4.93,4.93,89300,0.44,0,0.0
TNI,2026-09-30,Wednesday,4.6,4.71,4.59,4.59,4.59,303000,1.4,0,0.0
TNI,2026-10-01,Thursday,4.77,4.77,4.5,4.51,4.51,693500,3.17,0,0.0
TNI,2026-10-02,Friday,4.51,4.82,4.3,4.65,4.65,496900,2.3,0,0.0
TNI,2026-10-05,Monday,4.75,4.84,4.56,4.56,4.56,7600,0.04,0,0.0
TNI,2026-10-06,Tuesday,4.56,4.56,4.29,4.32,4.32,30400,0.13,0,0.0
TNT,2026-09-09,Wednesday,9.7,9.9,9.5,9.79,9.79,52800,0.51,0,0.0
TNT,2026-09-10,Thursday,9.99,9.99,9.7,9.88,9.88,4400,0.04,0,0.0
TNT,2026-09-11,Friday,10.25,10.55,9.9,10.15,10.15,48100,0.49,0,0.0
TNT,2026-09-14,Monday,10.1,10.1,9.89,9.9,9.9,4300,0.04,1065000,10.12
TNT,2026-09-15,Tuesday,9.98,9.98,9.53,9.97,9.97,1800,0.02,0,0.0
TNT,2026-09-16,Wednesday,9.9,10.2,9.53,9.9,9.9,14800,0.15,0,0.0
TNT,2026-09-17,Thursday,10.0,10.2,9.35,10.2,10.2,28000,0.27,0,0.0
TNT,2026-09-18,Friday,10.2,10.4,9.95,10.4,10.4,3000,0.03,0,0.0
TNT,2026-09-21,Monday,10.4,10.4,10.2,10.2,10.2,7000,0.07,0,0.0
TNT,2026-09-22,Tuesday,10.2,10.2,10.2,10.2,10.2,1000,0.01,0,0.0
TNT,2026-09-23,Wednesday,9.58,10.2,9.58,10.0,10.0,5800,0.06,0,0.0
TNT,2026-09-24,Thursday,10.0,10.0,9.99,10.0,10.0,1100,0.01,0,0.0
TNT,2026-09-25,Friday,9.3,10.0,9.3,10.0,10.0,6500,0.06,0,0.0
TNT,2026-09-28,Monday,10.0,10.5,9.95,10.5,10.5,3200,0.03,0,0.0
TNT,2026-09-29,Tuesday,11.15,11.2,10.5,11.0,11.0,8600,0.1,0,0.0
TNT,2026-09-30,Wednesday,10.25,10.45,10.25,10.25,10.25,13300,0.14,0,0.0
TNT,2026-10-01,Thursday,9.56,10.65,9.56,10.45,10.45,3000,0.03,0,0.0
TNT,2026-10-02,Friday,11.0,11.0,9.74,10.4,10.4,4200,0.04,0,0.0
TNT,2026-10-05,Monday,10.4,10.4,9.73,10.1,10.1,2300,0.02,0,0.0
TNT,2026-10-06,Tuesday,9.5,10.1,9.5,10.1,10.1,11800,0.12,0,0.0
TPB,2026-09-09,Wednesday,14.5,14.6,14.45,14.45,12.13,2307600,33.45,0,0.0
TPB,2026-09-10,Thursday,14.45,14.5,14.4,14.45,12.13,4276600,61.75,0,0.0
TPB,2026-09-11,Friday,14.4,14.45,14.15,14.15,11.88,6437500,91.7,0,0.0
TPB,2026-09-14,Monday,14.15,14.25,13.95,14.0,11.75,6595500,93.06,449856,6.37
TPB,2026-09-15,Tuesday,14.0,14.35,14.0,14.15,11.88,16853100,238.57,0,0.0
TPB,2026-09-16,Wednesday,14.2,14.25,14.0,14.0,11.75,4619700,65.1,0,0.0
TPB,2026-09-17,Thursday,14.0,14.3,13.95,14.05,11.79,8807200,124.57,449856,6.3
TPB,2026-09-18,Friday,14.2,14.35,14.1,14.1,11.84,6855800,97.33,0,0.0
TPB,2026-09-21,Monday,14.3,14.3,14.0,14.0,11.75,6197800,87.58,1113200,14.64
TPB,2026-09-22,Tuesday,14.1,14.25,14.05,14.25,11.96,10217300,144.92,0,0.0
TPB,2026-09-23,Wednesday,14.3,14.75,14.25,14.75,12.38,28156800,409.77,0,0.0
TPB,2026-09-24,Thursday,14.75,14.85,14.5,14.7,12.34,13346400,195.96,0,0.0
TPB,2026-09-25,Friday,14.7,14.8,14.6,14.6,12.26,8775900,128.86,1200000,18.0
TPB,2026-09-28,Monday,14.6,14.65,14.4,14.6,12.26,9160600,132.85,0,0.0
TPB,2026-09-29,Tuesday,14.5,14.7,14.4,14.5,12.17,6922700,100.63,0,0.0
TPB,2026-09-30,Wednesday,14.6,14.6,14.4,14.45,12.13,5569300,80.67,0,0.0
TPB,2026-10-01,Thursday,14.45,14.65,14.4,14.4,12.09,16555800,240.44,0,0.0
TPB,2026-10-02,Friday,12.3,12.3,11.75,11.9,11.9,11178200,135.61,0,0.0
TPB,2026-10-05,Monday,11.95,12.1,11.85,11.9,11.9,4973300,59.46,0,0.0
TPB,2026-10-06,Tuesday,11.85,12.0,11.6,11.8,11.8,7379500,86.96,1060000,12.66
TPC,2026-09-09,Wednesday,13.5,13.5,12.5,12.7,12.7,4500,0.06,0,0.0
TPC,2026-09-10,Thursday,13.0,13.15,13.0,13.15,13.15,14400,0.19,0,0.0
TPC,2026-09-11,Friday,13.45,13.45,13.15,13.4,13.4,6100,0.08,0,0.0
TPC,2026-09-14,Monday,13.7,13.7,13.7,13.7,13.7,400000,5.48,0,0.0
TPC,2026-09-15,Tuesday,13.6,13.6,13.6,13.6,13.6,400000,5.44,0,0.0
TPC,2026-09-16,Wednesday,12.65,13.5,12.65,13.4,13.4,403600,5.45,0,0.0
TPC,2026-09-17,Thursday,13.0,13.5,13.0,13.5,13.5,401500,5.42,0,0.0
TPC,2026-09-18,Friday,13.5,13.6,13.45,13.45,13.45,399700,5.44,0,0.0
TPC,2026-09-21,Monday,12.55,12.55,12.55,12.55,12.55,200,0.0,400000,5.48
TPC,2026-09-22,Tuesday,12.55,12.55,12.55,12.55,12.55,0,0.0,400000,5.36
TPC,2026-09-23,Wednesday,12.95,12.95,11.7,12.9,12.9,400300,5.18,0,0.0
TPC,2026-09-24,Thursday,12.0,12.0,12.0,12.0,12.0,1000,0.01,400000,5.32
TPC,2026-09-25,Friday,12.0,12.0,12.0,12.0,12.0,0,0.0,400000,4.96
TPC,2026-09-28,Monday,11.9,11.9,11.9,11.9,11.9,1000,0.01,0,0.0
TPC,2026-09-29,Tuesday,11.9,11.9,11.9,11.9,11.9,0,0.0,0,0.0
TPC,2026-09-30,Wednesday,11.9,11.9,11.9,11.9,11.9,0,0.0,0,0.0
TPC,2026-10-01,Thursday,11.9,11.9,11.9,11.9,11.9,0,0.0,0,0.0
TPC,2026-10-02,Friday,11.9,11.9,11.9,11.9,11.9,0,0.0,0,0.0
TPC,2026-10-05,Monday,11.1,11.1,11.1,11.1,11.1,2100,0.02,0,0.0
TPC,2026-10-06,Tuesday,10.35,10.35,10.35,10.35,10.35,100,0.0,0,0.0
TRA,2026-09-09,Wednesday,37.0,37.0,36.5,36.9,36.9,2300,0.08,0,0.0
TRA,2026-09-10,Thursday,36.9,36.9,36.5,36.5,36.5,3200,0.12,0,0.0
TRA,2026-09-11,Friday,36.45,37.5,36.2,37.1,37.1,4600,0.17,0,0.0
TRA,2026-09-14,Monday,37.1,37.1,37.0,37.0,37.0,2200,0.08,0,0.0
TRA,2026-09-15,Tuesday,36.4,37.0,36.15,37.0,37.0,3100,0.11,0,0.0
TRA,2026-09-16,Wednesday,36.7,37.0,36.0,36.5,36.5,11500,0.42,0,0.0
TRA,2026-09-17,Thursday,36.2,37.0,36.2,36.3,36.3,3200,0.12,0,0.0
TRA,2026-09-18,Friday,36.95,38.7,36.3,36.5,36.5,9000,0.33,0,0.0
TRA,2026-09-21,Monday,36.4,36.55,36.3,36.55,36.55,4000,0.15,0,0.0
TRA,2026-09-22,Tuesday,36.55,37.0,36.55,37.0,37.0,7000,0.26,0,0.0
TRA,2026-09-23,Wednesday,36.5,38.95,36.5,38.95,38.95,13200,0.5,0,0.0
TRA,2026-09-24,Thursday,36.5,37.8,36.5,36.8,36.8,600,0.02,0,0.0
TRA,2026-09-25,Friday,36.8,37.1,36.8,36.9,36.9,3300,0.12,0,0.0
TRA,2026-09-28,Monday,37.1,37.1,36.95,37.1,37.1,6900,0.26,0,0.0
TRA,2026-09-29,Tuesday,37.5,37.6,36.8,36.8,36.8,2800,0.1,0,0.0
TRA,2026-09-30,Wednesday,37.0,37.0,37.0,37.0,37.0,400,0.01,0,0.0
TRA,2026-10-01,Thursday,36.5,37.0,36.5,37.0,37.0,2600,0.1,0,0.0
TRA,2026-10-02,Friday,37.0,37.0,36.65,36.65,36.65,2100,0.08,0,0.0
TRA,2026-10-05,Monday,36.3,36.65,36.25,36.25,36.25,6200,0.23,0,0.0
TRA,2026-10-06,Tuesday,36.3,36.3,36.3,36.3,36.3,2400,0.09,0,0.0
TRC,2026-09-09,Wednesday,86.0,86.6,82.0,82.2,20.55,359400,30.18,0,0.0
TRC,2026-09-10,Thursday,82.6,84.4,82.6,83.1,20.78,80800,6.74,0,0.0
TRC,2026-09-11,Friday,83.3,83.3,81.5,81.8,20.45,95900,7.88,0,0.0
TRC,2026-09-14,Monday,82.0,82.4,80.5,80.6,20.15,149500,12.16,0,0.0
TRC,2026-09-15,Tuesday,21.55,21.55,21.1,21.55,21.55,610500,13.12,0,0.0
TRC,2026-09-16,Wednesday,21.6,22.6,21.55,22.4,22.4,445400,9.95,0,0.0
TRC,2026-09-17,Thursday,22.4,22.4,21.5,22.3,22.3,161000,3.55,0,0.0
TRC,2026-09-18,Friday,21.8,22.15,21.8,21.8,21.8,115900,2.54,0,0.0
TRC,2026-09-21,Monday,21.65,21.8,21.15,21.35,21.35,110600,2.37,0,0.0
TRC,2026-09-22,Tuesday,21.5,21.5,21.0,21.4,21.4,145900,3.1,0,0.0
TRC,2026-09-23,Wednesday,21.5,22.2,21.5,22.0,22.0,120500,2.62,0,0.0
TRC,2026-09-24,Thursday,22.0,22.9,21.85,22.6,22.6,185600,4.17,0,0.0
TRC,2026-09-25,Friday,22.6,22.9,22.45,22.45,22.45,229200,5.2,0,0.0
TRC,2026-09-28,Monday,22.45,23.55,22.2,22.9,22.9,165100,3.78,0,0.0
TRC,2026-09-29,Tuesday,23.0,24.2,22.9,23.8,23.8,456100,10.85,0,0.0
TRC,2026-09-30,Wednesday,24.35,25.1,24.25,24.65,24.65,446200,11.01,0,0.0
TRC,2026-10-01,Thursday,24.9,25.3,24.0,24.25,24.25,327300,8.04,0,0.0
TRC,2026-10-02,Friday,24.25,25.2,23.6,24.15,24.15,273200,6.6,0,0.0
TRC,2026-10-05,Monday,24.5,24.5,23.85,24.1,24.1,237600,5.71,0,0.0
TRC,2026-10-06,Tuesday,24.1,24.3,23.35,23.95,23.95,238500,5.66,0,0.0
TSA,2026-09-09,Wednesday,15.6,15.7,15.6,15.65,15.65,55100,0.86,0,0.0
TSA,2026-09-10,Thursday,15.65,15.7,15.6,15.65,15.65,62600,0.98,0,0.0
TSA,2026-09-11,Friday,15.65,15.65,15.6,15.65,15.65,33900,0.53,0,0.0
TSA,2026-09-14,Monday,15.65,15.75,15.6,15.7,15.7,26700,0.42,0,0.0
TSA,2026-09-15,Tuesday,15.7,15.75,15.6,15.6,15.6,14300,0.22,0,0.0
TSA,2026-09-16,Wednesday,15.6,15.6,15.5,15.55,15.55,6000,0.09,0,0.0
TSA,2026-09-17,Thursday,15.5,15.55,15.4,15.4,15.4,13000,0.2,0,0.0
TSA,2026-09-18,Friday,15.35,15.35,15.3,15.3,15.3,3700,0.06,0,0.0
TSA,2026-09-21,Monday,15.3,15.3,15.0,15.0,15.0,32800,0.5,0,0.0
TSA,2026-09-22,Tuesday,14.95,14.95,14.8,14.8,14.8,10000,0.15,0,0.0
TSA,2026-09-23,Wednesday,14.75,14.75,14.4,14.5,14.5,4300,0.06,0,0.0
TSA,2026-09-24,Thursday,14.5,14.5,14.25,14.25,14.25,3800,0.05,0,0.0
TSA,2026-09-25,Friday,14.2,14.2,14.05,14.15,14.15,35800,0.5,0,0.0
TSA,2026-09-28,Monday,13.5,13.6,13.5,13.6,13.6,5100,0.07,0,0.0
TSA,2026-09-29,Tuesday,13.6,13.65,13.15,13.65,13.65,5500,0.07,0,0.0
TSA,2026-09-30,Wednesday,13.65,13.8,13.0,13.8,13.8,13700,0.19,0,0.0
TSA,2026-10-01,Thursday,13.9,13.9,13.9,13.9,13.9,200,0.0,0,0.0
TSA,2026-10-02,Friday,13.85,13.85,13.2,13.2,13.2,4100,0.06,0,0.0
TSA,2026-10-05,Monday,13.1,13.25,13.0,13.25,13.25,3800,0.05,0,0.0
TSA,2026-10-06,Tuesday,13.55,13.55,12.6,13.2,13.2,4800,0.06,0,0.0
TSC,2026-09-09,Wednesday,1.98,1.98,1.94,1.95,1.95,72000,0.14,0,0.0
TSC,2026-09-10,Thursday,1.96,1.96,1.92,1.94,1.94,56700,0.11,0,0.0
TSC,2026-09-11,Friday,1.93,1.95,1.89,1.89,1.89,136800,0.26,0,0.0
TSC,2026-09-14,Monday,1.9,1.9,1.87,1.88,1.88,93200,0.18,0,0.0
TSC,2026-09-15,Tuesday,1.88,1.91,1.87,1.89,1.89,107700,0.2,0,0.0
TSC,2026-09-16,Wednesday,1.89,1.97,1.89,1.93,1.93,81100,0.16,0,0.0
TSC,2026-09-17,Thursday,1.91,1.94,1.9,1.94,1.94,82400,0.16,0,0.0
TSC,2026-09-18,Friday,1.95,1.96,1.9,1.93,1.93,99100,0.19,0,0.0
TSC,2026-09-21,Monday,1.93,1.94,1.91,1.91,1.91,33500,0.06,0,0.0
TSC,2026-09-22,Tuesday,1.9,1.92,1.88,1.88,1.88,61500,0.12,0,0.0
TSC,2026-09-23,Wednesday,1.91,1.91,1.87,1.88,1.88,94300,0.18,0,0.0
TSC,2026-09-24,Thursday,1.9,1.95,1.88,1.91,1.91,162600,0.31,0,0.0
TSC,2026-09-25,Friday,1.91,1.94,1.91,1.92,1.92,60100,0.12,0,0.0
TSC,2026-09-28,Monday,1.92,1.92,1.86,1.88,1.88,141700,0.27,0,0.0
TSC,2026-09-29,Tuesday,1.89,1.89,1.83,1.87,1.87,149300,0.28,0,0.0
TSC,2026-09-30,Wednesday,1.84,1.86,1.74,1.74,1.74,275000,0.49,0,0.0
TSC,2026-10-01,Thursday,1.76,1.78,1.71,1.71,1.71,643100,1.13,0,0.0
TSC,2026-10-02,Friday,1.72,1.81,1.72,1.77,1.77,305800,0.54,0,0.0
TSC,2026-10-05,Monday,1.76,1.78,1.75,1.76,1.76,92000,0.16,0,0.0
TSC,2026-10-06,Tuesday,1.76,1.78,1.72,1.76,1.76,316700,0.55,0,0.0
TTA,2026-09-09,Wednesday,11.15,11.35,11.1,11.35,11.35,317000,3.56,0,0.0
TTA,2026-09-10,Thursday,11.35,11.4,11.2,11.35,11.35,257000,2.91,0,0.0
TTA,2026-09-11,Friday,11.35,11.35,11.15,11.25,11.25,266400,3.02,0,0.0
TTA,2026-09-14,Monday,11.1,11.15,10.85,11.05,11.05,343600,3.8,60000,0.72
TTA,2026-09-15,Tuesday,11.0,11.2,10.8,11.0,11.0,300400,3.32,0,0.0
TTA,2026-09-16,Wednesday,11.0,11.1,11.0,11.0,11.0,48300,0.53,0,0.0
TTA,2026-09-17,Thursday,11.0,11.2,10.85,11.15,11.15,43500,0.48,0,0.0
TTA,2026-09-18,Friday,10.9,11.25,10.9,11.15,11.15,26700,0.3,0,0.0
TTA,2026-09-21,Monday,11.0,11.15,10.95,11.15,11.15,8900,0.1,0,0.0
TTA,2026-09-22,Tuesday,11.15,11.2,10.95,11.05,11.05,18800,0.21,0,0.0
TTA,2026-09-23,Wednesday,11.05,11.05,10.85,11.0,11.0,23400,0.26,0,0.0
TTA,2026-09-24,Thursday,11.0,11.0,10.85,11.0,11.0,9500,0.1,0,0.0
TTA,2026-09-25,Friday,11.05,11.05,10.9,10.9,10.9,69700,0.77,0,0.0
TTA,2026-09-28,Monday,10.95,10.95,10.7,10.9,10.9,27400,0.3,0,0.0
TTA,2026-09-29,Tuesday,10.9,10.9,10.75,10.8,10.8,13400,0.14,0,0.0
TTA,2026-09-30,Wednesday,10.7,10.85,10.7,10.8,10.8,33800,0.36,0,0.0
TTA,2026-10-01,Thursday,10.8,10.8,10.7,10.8,10.8,3400,0.04,0,0.0
TTA,2026-10-02,Friday,10.7,10.85,10.65,10.8,10.8,109400,1.18,0,0.0
TTA,2026-10-05,Monday,10.55,10.8,10.55,10.75,10.75,160300,1.7,0,0.0
TTA,2026-10-06,Tuesday,10.65,10.7,10.55,10.7,10.7,134600,1.43,0,0.0
TTE,2026-09-09,Wednesday,33.95,33.95,33.95,33.95,33.95,0,0.0,0,0.0
TTE,2026-09-10,Thursday,33.95,33.95,33.95,33.95,33.95,0,0.0,0,0.0
TTE,2026-09-11,Friday,33.95,33.95,33.95,33.95,33.95,0,0.0,0,0.0
TTE,2026-09-14,Monday,33.95,33.95,33.95,33.95,33.95,0,0.0,0,0.0
TTE,2026-09-15,Tuesday,33.95,33.95,33.95,33.95,33.95,0,0.0,0,0.0
TTE,2026-09-16,Wednesday,33.95,33.95,33.95,33.95,33.95,0,0.0,0,0.0
TTE,2026-09-17,Thursday,33.95,33.95,33.95,33.95,33.95,0,0.0,0,0.0
TTE,2026-09-18,Friday,33.95,33.95,33.95,33.95,33.95,0,0.0,0,0.0
TTE,2026-09-21,Monday,33.95,33.95,33.95,33.95,33.95,0,0.0,0,0.0
TTE,2026-09-22,Tuesday,33.95,33.95,33.95,33.95,33.95,0,0.0,0,0.0
TTE,2026-09-23,Wednesday,33.95,33.95,33.95,33.95,33.95,0,0.0,0,0.0
TTE,2026-09-24,Thursday,33.95,33.95,33.95,33.95,33.95,0,0.0,0,0.0
TTE,2026-09-25,Friday,33.95,33.95,33.95,33.95,33.95,0,0.0,0,0.0
TTE,2026-09-28,Monday,33.95,33.95,33.95,33.95,33.95,0,0.0,0,0.0
TTE,2026-09-29,Tuesday,33.95,33.95,33.95,33.95,33.95,0,0.0,0,0.0
TTE,2026-09-30,Wednesday,33.95,33.95,33.95,33.95,33.95,0,0.0,0,0.0
TTE,2026-10-01,Thursday,33.95,33.95,33.95,33.95,33.95,0,0.0,0,0.0
TTE,2026-10-02,Friday,33.95,33.95,33.95,33.95,33.95,0,0.0,0,0.0
TTE,2026-10-05,Monday,33.95,33.95,33.95,33.95,33.95,0,0.0,0,0.0
TTE,2026-10-06,Tuesday,33.95,33.95,33.95,33.95,33.95,0,0.0,0,0.0
TTF,2026-09-09,Wednesday,1.57,1.62,1.57,1.57,1.57,599900,0.95,0,0.0
TTF,2026-09-10,Thursday,1.57,1.58,1.54,1.56,1.56,577600,0.9,0,0.0
TTF,2026-09-11,Friday,1.56,1.57,1.46,1.48,1.48,2108100,3.13,0,0.0
TTF,2026-09-14,Monday,1.46,1.47,1.38,1.42,1.42,1251500,1.78,0,0.0
TTF,2026-09-15,Tuesday,1.4,1.5,1.4,1.49,1.49,878800,1.29,0,0.0
TTF,2026-09-16,Wednesday,1.48,1.52,1.43,1.45,1.45,499500,0.74,0,0.0
TTF,2026-09-17,Thursday,1.43,1.49,1.43,1.45,1.45,441700,0.64,0,0.0
TTF,2026-09-18,Friday,1.45,1.5,1.45,1.46,1.46,550600,0.81,0,0.0
TTF,2026-09-21,Monday,1.47,1.49,1.43,1.47,1.47,643400,0.94,0,0.0
TTF,2026-09-22,Tuesday,1.47,1.49,1.46,1.47,1.47,392700,0.58,0,0.0
TTF,2026-09-23,Wednesday,1.47,1.5,1.46,1.47,1.47,682700,1.01,0,0.0
TTF,2026-09-24,Thursday,1.47,1.57,1.47,1.57,1.57,1387800,2.14,0,0.0
TTF,2026-09-25,Friday,1.59,1.67,1.59,1.67,1.67,2882100,4.78,0,0.0
TTF,2026-09-28,Monday,1.7,1.73,1.62,1.63,1.63,1502300,2.52,0,0.0
TTF,2026-09-29,Tuesday,1.65,1.65,1.52,1.52,1.52,1249700,1.95,0,0.0
TTF,2026-09-30,Wednesday,1.51,1.56,1.5,1.52,1.52,481900,0.73,0,0.0
TTF,2026-10-01,Thursday,1.51,1.52,1.47,1.5,1.5,402000,0.6,0,0.0
TTF,2026-10-02,Friday,1.46,1.49,1.4,1.44,1.44,1504000,2.15,0,0.0
TTF,2026-10-05,Monday,1.34,1.44,1.34,1.39,1.39,999900,1.38,0,0.0
TTF,2026-10-06,Tuesday,1.39,1.42,1.3,1.34,1.34,1743200,2.31,0,0.0
TV2,2026-09-09,Wednesday,26.15,26.3,25.85,25.9,25.9,97400,2.53,0,0.0
TV2,2026-09-10,Thursday,25.8,26.3,25.8,25.9,25.9,52700,1.37,0,0.0
TV2,2026-09-11,Friday,26.0,26.0,25.5,25.75,25.75,68700,1.77,0,0.0
TV2,2026-09-14,Monday,25.75,25.8,25.35,25.7,25.7,83700,2.14,0,0.0
TV2,2026-09-15,Tuesday,25.35,26.0,25.35,25.75,25.75,70100,1.81,0,0.0
TV2,2026-09-16,Wednesday,25.75,25.85,25.65,25.65,25.65,61100,1.57,0,0.0
TV2,2026-09-17,Thursday,25.55,25.85,25.55,25.75,25.75,60400,1.55,0,0.0
TV2,2026-09-18,Friday,25.75,25.9,25.6,25.75,25.75,100300,2.59,0,0.0
TV2,2026-09-21,Monday,25.9,26.25,25.65,25.7,25.7,49900,1.29,0,0.0
TV2,2026-09-22,Tuesday,25.7,25.85,25.6,25.7,25.7,77200,1.98,0,0.0
TV2,2026-09-23,Wednesday,25.8,26.3,25.7,26.0,26.0,153700,3.98,0,0.0
TV2,2026-09-24,Thursday,26.0,26.1,25.55,25.7,25.7,195900,5.05,0,0.0
TV2,2026-09-25,Friday,25.7,25.7,25.2,25.65,25.65,75100,1.92,0,0.0
TV2,2026-09-28,Monday,25.65,25.65,25.0,25.5,25.5,138400,3.5,0,0.0
TV2,2026-09-29,Tuesday,25.5,25.7,25.1,25.7,25.7,82500,2.1,0,0.0
TV2,2026-09-30,Wednesday,25.65,25.85,25.6,25.75,25.75,91200,2.35,0,0.0
TV2,2026-10-01,Thursday,25.6,25.75,25.55,25.6,25.6,55300,1.42,0,0.0
TV2,2026-10-02,Friday,25.7,25.7,25.05,25.35,25.35,94900,2.4,0,0.0
TV2,2026-10-05,Monday,25.35,25.6,25.05,25.35,25.35,30800,0.78,0,0.0
TV2,2026-10-06,Tuesday,25.2,25.6,24.9,25.35,25.35,115800,2.91,0,0.0
TVB,2026-09-09,Wednesday,6.8,6.85,6.35,6.38,6.38,11500,0.07,0,0.0
TVB,2026-09-10,Thursday,6.35,6.35,6.31,6.31,6.31,11000,0.07,0,0.0
TVB,2026-09-11,Friday,6.32,6.32,6.25,6.3,6.3,3100,0.02,0,0.0
TVB,2026-09-14,Monday,6.35,6.35,5.96,5.96,5.96,7300,0.04,0,0.0
TVB,2026-09-15,Tuesday,5.98,6.29,5.75,6.0,6.0,19700,0.12,0,0.0
TVB,2026-09-16,Wednesday,6.2,6.2,6.2,6.2,6.2,100,0.0,0,0.0
TVB,2026-09-17,Thursday,6.19,6.29,6.19,6.2,6.2,900,0.01,0,0.0
TVB,2026-09-18,Friday,6.18,6.19,6.17,6.19,6.19,11300,0.07,0,0.0
TVB,2026-09-21,Monday,6.19,6.29,6.17,6.19,6.19,6300,0.04,0,0.0
TVB,2026-09-22,Tuesday,6.18,6.33,6.18,6.33,6.33,15200,0.09,0,0.0
TVB,2026-09-23,Wednesday,6.35,6.36,6.16,6.3,6.3,15200,0.1,0,0.0
TVB,2026-09-24,Thursday,6.59,6.59,6.0,6.3,6.3,2300,0.01,0,0.0
TVB,2026-09-25,Friday,6.3,6.3,6.3,6.3,6.3,8300,0.05,0,0.0
TVB,2026-09-28,Monday,6.0,6.3,6.0,6.0,6.0,24500,0.15,0,0.0
TVB,2026-09-29,Tuesday,6.0,6.29,6.0,6.24,6.24,1100,0.01,0,0.0
TVB,2026-09-30,Wednesday,6.5,6.5,5.9,6.29,6.29,300,0.0,0,0.0
TVB,2026-10-01,Thursday,6.48,6.48,5.86,6.17,6.17,20700,0.12,0,0.0
TVB,2026-10-02,Friday,6.23,6.23,6.1,6.18,6.18,4900,0.03,0,0.0
TVB,2026-10-05,Monday,6.2,6.29,6.1,6.1,6.1,13700,0.08,0,0.0
TVB,2026-10-06,Tuesday,6.2,6.2,6.15,6.17,6.17,2200,0.01,0,0.0
TVS,2026-09-09,Wednesday,14.25,14.75,14.1,14.75,14.75,218000,3.14,0,0.0
TVS,2026-09-10,Thursday,14.9,15.25,14.7,14.75,14.75,239800,3.6,0,0.0
TVS,2026-09-11,Friday,14.7,15.0,14.45,14.6,14.6,230200,3.39,0,0.0
TVS,2026-09-14,Monday,14.45,14.75,14.15,14.15,14.15,267700,3.82,0,0.0
TVS,2026-09-15,Tuesday,14.15,14.55,14.1,14.35,14.35,81000,1.15,0,0.0
TVS,2026-09-16,Wednesday,14.4,14.4,14.1,14.35,14.35,74500,1.06,0,0.0
TVS,2026-09-17,Thursday,14.15,14.6,14.15,14.3,14.3,83500,1.2,0,0.0
TVS,2026-09-18,Friday,14.4,14.6,14.1,14.3,14.3,162700,2.34,0,0.0
TVS,2026-09-21,Monday,14.3,14.6,14.2,14.6,14.6,211200,3.05,0,0.0
TVS,2026-09-22,Tuesday,14.6,15.6,14.6,15.6,15.6,754300,11.56,0,0.0
TVS,2026-09-23,Wednesday,15.9,15.95,15.6,15.6,15.6,353800,5.58,0,0.0
TVS,2026-09-24,Thursday,15.6,15.7,14.8,14.9,14.9,552600,8.32,0,0.0
TVS,2026-09-25,Friday,14.9,15.05,14.7,15.05,15.05,194000,2.88,0,0.0
TVS,2026-09-28,Monday,15.0,15.0,14.6,14.6,14.6,94100,1.38,0,0.0
TVS,2026-09-29,Tuesday,14.55,14.95,14.4,14.8,14.8,134400,1.98,0,0.0
TVS,2026-09-30,Wednesday,14.75,14.85,14.5,14.75,14.75,89200,1.31,0,0.0
TVS,2026-10-01,Thursday,14.75,14.8,14.5,14.65,14.65,95300,1.4,0,0.0
TVS,2026-10-02,Friday,14.65,14.8,14.1,14.3,14.3,111400,1.61,0,0.0
TVS,2026-10-05,Monday,14.4,14.4,13.3,13.45,13.45,410700,5.56,150000,2.0
TVS,2026-10-06,Tuesday,13.45,13.6,13.1,13.4,13.4,135100,1.8,0,0.0
TVT,2026-09-09,Wednesday,14.9,14.95,14.75,14.75,14.75,300,0.0,0,0.0
TVT,2026-09-10,Thursday,15.1,15.15,15.1,15.15,15.15,200,0.0,0,0.0
TVT,2026-09-11,Friday,14.6,14.6,14.6,14.6,14.6,100,0.0,0,0.0
TVT,2026-09-14,Monday,14.6,14.6,14.6,14.6,14.6,100,0.0,0,0.0
TVT,2026-09-15,Tuesday,14.6,14.6,14.6,14.6,14.6,0,0.0,0,0.0
TVT,2026-09-16,Wednesday,14.6,14.8,14.6,14.8,14.8,500,0.01,0,0.0
TVT,2026-09-17,Thursday,14.8,14.8,14.8,14.8,14.8,100,0.0,0,0.0
TVT,2026-09-18,Friday,14.0,15.8,14.0,15.0,15.0,6200,0.1,0,0.0
TVT,2026-09-21,Monday,14.05,15.55,14.05,15.5,15.5,25800,0.4,0,0.0
TVT,2026-09-22,Tuesday,15.5,15.5,15.5,15.5,15.5,100,0.0,0,0.0
TVT,2026-09-23,Wednesday,15.5,15.5,15.5,15.5,15.5,0,0.0,0,0.0
TVT,2026-09-24,Thursday,16.55,16.55,14.8,15.45,15.45,1000,0.02,0,0.0
TVT,2026-09-25,Friday,15.45,15.45,15.45,15.45,15.45,0,0.0,0,0.0
TVT,2026-09-28,Monday,15.45,15.45,15.45,15.45,15.45,0,0.0,0,0.0
TVT,2026-09-29,Tuesday,15.5,15.55,14.5,15.5,15.5,38300,0.59,0,0.0
TVT,2026-09-30,Wednesday,15.5,15.5,15.5,15.5,15.5,0,0.0,0,0.0
TVT,2026-10-01,Thursday,16.3,16.3,16.3,16.3,16.3,100,0.0,0,0.0
TVT,2026-10-02,Friday,16.3,16.3,16.3,16.3,16.3,0,0.0,0,0.0
TVT,2026-10-05,Monday,16.3,16.3,16.3,16.3,16.3,0,0.0,0,0.0
TVT,2026-10-06,Tuesday,15.95,15.95,15.95,15.95,15.95,100,0.0,0,0.0
TYA,2026-09-09,Wednesday,16.9,16.9,16.8,16.8,16.8,5200,0.09,0,0.0
TYA,2026-09-10,Thursday,16.8,16.85,16.8,16.85,16.85,6500,0.11,0,0.0
TYA,2026-09-11,Friday,16.85,16.85,16.85,16.85,16.85,10100,0.17,0,0.0
TYA,2026-09-14,Monday,16.85,16.85,16.85,16.85,16.85,0,0.0,0,0.0
TYA,2026-09-15,Tuesday,16.8,16.85,16.8,16.85,16.85,800,0.01,0,0.0
TYA,2026-09-16,Wednesday,16.8,16.8,16.8,16.8,16.8,2900,0.05,0,0.0
TYA,2026-09-17,Thursday,16.85,16.85,16.8,16.8,16.8,14000,0.24,0,0.0
TYA,2026-09-18,Friday,16.9,16.9,16.85,16.85,16.85,400,0.01,0,0.0
TYA,2026-09-21,Monday,16.85,16.85,16.8,16.8,16.8,10300,0.17,0,0.0
TYA,2026-09-22,Tuesday,16.8,16.8,16.8,16.8,16.8,100,0.0,0,0.0
TYA,2026-09-23,Wednesday,16.8,16.8,16.8,16.8,16.8,0,0.0,0,0.0
TYA,2026-09-24,Thursday,16.8,17.1,16.5,17.1,17.1,2700,0.05,0,0.0
TYA,2026-09-25,Friday,16.85,16.85,16.85,16.85,16.85,3800,0.06,0,0.0
TYA,2026-09-28,Monday,16.95,16.95,16.9,16.95,16.95,2700,0.05,0,0.0
TYA,2026-09-29,Tuesday,16.9,16.9,16.85,16.9,16.9,3400,0.06,0,0.0
TYA,2026-09-30,Wednesday,16.95,18.05,16.9,16.9,16.9,2200,0.04,0,0.0
TYA,2026-10-01,Thursday,16.9,16.9,16.9,16.9,16.9,0,0.0,0,0.0
TYA,2026-10-02,Friday,16.9,16.9,16.9,16.9,16.9,100,0.0,0,0.0
TYA,2026-10-05,Monday,16.9,17.2,16.85,17.2,17.2,1900,0.03,0,0.0
TYA,2026-10-06,Tuesday,17.1,17.2,17.1,17.2,17.2,2500,0.04,0,0.0
UIC,2026-09-09,Wednesday,55.9,55.9,55.9,55.9,55.9,0,0.0,0,0.0
UIC,2026-09-10,Thursday,55.9,55.9,54.6,54.6,54.6,500,0.03,0,0.0
UIC,2026-09-11,Friday,55.6,56.0,55.0,56.0,56.0,11700,0.65,0,0.0
UIC,2026-09-14,Monday,54.7,54.7,54.7,54.7,54.7,100,0.01,0,0.0
UIC,2026-09-15,Tuesday,56.0,56.0,56.0,56.0,56.0,2900,0.16,0,0.0
UIC,2026-09-16,Wednesday,56.0,56.0,56.0,56.0,56.0,0,0.0,0,0.0
UIC,2026-09-17,Thursday,55.2,55.2,55.2,55.2,55.2,200,0.01,0,0.0
UIC,2026-09-18,Friday,56.0,57.1,56.0,57.1,57.1,500,0.03,0,0.0
UIC,2026-09-21,Monday,56.0,56.0,56.0,56.0,56.0,800,0.04,0,0.0
UIC,2026-09-22,Tuesday,56.0,56.0,56.0,56.0,56.0,700,0.04,0,0.0
UIC,2026-09-23,Wednesday,55.2,55.2,55.2,55.2,55.2,900,0.05,0,0.0
UIC,2026-09-24,Thursday,55.2,55.2,55.2,55.2,55.2,0,0.0,0,0.0
UIC,2026-09-25,Friday,55.2,55.2,55.2,55.2,55.2,0,0.0,0,0.0
UIC,2026-09-28,Monday,54.2,54.3,54.1,54.3,54.3,600,0.03,0,0.0
UIC,2026-09-29,Tuesday,54.2,54.2,54.2,54.2,54.2,400,0.02,0,0.0
UIC,2026-09-30,Wednesday,54.2,54.2,54.2,54.2,54.2,0,0.0,0,0.0
UIC,2026-10-01,Thursday,54.2,54.2,54.2,54.2,54.2,0,0.0,0,0.0
UIC,2026-10-02,Friday,54.2,54.2,54.2,54.2,54.2,0,0.0,0,0.0
UIC,2026-10-05,Monday,54.2,54.2,54.2,54.2,54.2,0,0.0,0,0.0
UIC,2026-10-06,Tuesday,54.2,54.2,54.2,54.2,54.2,0,0.0,0,0.0
VAB,2026-09-09,Wednesday,9.08,9.08,8.96,9.08,9.08,619800,5.59,700000,6.3
VAB,2026-09-10,Thursday,9.08,9.08,9.0,9.05,9.05,270800,2.44,0,0.0
VAB,2026-09-11,Friday,9.0,9.04,8.93,9.02,9.02,384200,3.45,0,0.0
VAB,2026-09-14,Monday,9.02,9.05,8.93,9.02,9.02,256000,2.3,0,0.0
VAB,2026-09-15,Tuesday,9.02,9.05,8.91,9.05,9.05,645300,5.8,0,0.0
VAB,2026-09-16,Wednesday,9.0,9.04,8.97,9.04,9.04,276700,2.49,0,0.0
VAB,2026-09-17,Thursday,9.03,9.04,8.95,9.03,9.03,245700,2.21,0,0.0
VAB,2026-09-18,Friday,9.05,9.4,9.05,9.25,9.25,1709600,15.82,0,0.0
VAB,2026-09-21,Monday,9.35,9.35,9.16,9.17,9.17,269400,2.49,0,0.0
VAB,2026-09-22,Tuesday,9.25,9.25,9.07,9.14,9.14,540900,4.94,3000103,29.43
VAB,2026-09-23,Wednesday,9.13,9.15,9.07,9.13,9.13,424100,3.86,0,0.0
VAB,2026-09-24,Thursday,9.13,9.13,8.99,9.0,9.0,539400,4.87,0,0.0
VAB,2026-09-25,Friday,9.02,9.15,9.02,9.05,9.05,300000,2.71,0,0.0
VAB,2026-09-28,Monday,9.01,9.05,8.93,9.01,9.01,560300,5.03,0,0.0
VAB,2026-09-29,Tuesday,9.0,9.03,8.92,9.03,9.03,204300,1.84,0,0.0
VAB,2026-09-30,Wednesday,9.02,9.02,8.94,9.0,9.0,637700,5.73,2980100,25.33
VAB,2026-10-01,Thursday,8.99,9.0,8.92,9.0,9.0,444000,3.98,1209520,10.22
VAB,2026-10-02,Friday,9.0,9.0,8.9,9.0,9.0,429300,3.84,0,0.0
VAB,2026-10-05,Monday,8.96,9.0,8.94,8.98,8.98,255600,2.29,0,0.0
VAB,2026-10-06,Tuesday,8.98,9.14,8.94,9.03,9.03,506900,4.57,0,0.0
VCA,2026-09-09,Wednesday,6.5,6.5,6.5,6.5,6.5,0,0.0,0,0.0
VCA,2026-09-10,Thursday,6.5,6.5,6.5,6.5,6.5,3000,0.02,0,0.0
VCA,2026-09-11,Friday,6.49,6.49,6.49,6.49,6.49,100,0.0,0,0.0
VCA,2026-09-14,Monday,6.49,6.49,6.49,6.49,6.49,0,0.0,0,0.0
VCA,2026-09-15,Tuesday,6.04,6.45,6.04,6.45,6.45,300,0.0,0,0.0
VCA,2026-09-16,Wednesday,6.45,6.45,6.45,6.45,6.45,100,0.0,0,0.0
VCA,2026-09-17,Thursday,6.33,6.33,6.33,6.33,6.33,100,0.0,0,0.0
VCA,2026-09-18,Friday,6.02,6.51,6.02,6.51,6.51,1100,0.01,0,0.0
VCA,2026-09-21,Monday,6.51,6.51,6.51,6.51,6.51,0,0.0,0,0.0
VCA,2026-09-22,Tuesday,6.74,6.74,6.1,6.1,6.1,600,0.0,0,0.0
VCA,2026-09-23,Wednesday,6.49,6.49,6.49,6.49,6.49,100,0.0,0,0.0
VCA,2026-09-24,Thursday,6.43,6.45,6.43,6.45,6.45,200,0.0,0,0.0
VCA,2026-09-25,Friday,6.3,6.3,6.3,6.3,6.3,300,0.0,0,0.0
VCA,2026-09-28,Monday,6.3,6.3,6.3,6.3,6.3,0,0.0,0,0.0
VCA,2026-09-29,Tuesday,6.3,6.3,6.3,6.3,6.3,0,0.0,0,0.0
VCA,2026-09-30,Wednesday,6.69,6.69,6.64,6.64,6.64,200,0.0,0,0.0
VCA,2026-10-01,Thursday,6.64,6.64,6.6,6.6,6.6,300,0.0,0,0.0
VCA,2026-10-02,Friday,6.14,6.15,6.14,6.14,6.14,1800,0.01,0,0.0
VCA,2026-10-05,Monday,6.5,6.5,6.5,6.5,6.5,100,0.0,0,0.0
VCA,2026-10-06,Tuesday,6.95,6.95,6.94,6.94,6.94,200,0.0,0,0.0
VCB,2026-09-09,Wednesday,58.4,59.3,58.2,58.7,58.7,5324200,312.41,1750000,96.55
VCB,2026-09-10,Thursday,58.7,59.4,58.5,59.0,59.0,3066000,180.96,86000,5.02
VCB,2026-09-11,Friday,58.9,59.0,58.2,58.2,58.2,4365200,255.45,41000,2.45
VCB,2026-09-14,Monday,58.2,58.8,58.0,58.5,58.5,4818800,281.0,78000,4.6
VCB,2026-09-15,Tuesday,58.6,60.0,58.6,60.0,60.0,9547200,569.16,88000,5.25
VCB,2026-09-16,Wednesday,60.1,60.3,59.3,59.3,59.3,2880800,171.72,78000,4.62
VCB,2026-09-17,Thursday,59.0,60.0,58.8,59.6,59.6,5395900,321.88,21000,1.26
VCB,2026-09-18,Friday,60.0,61.0,59.8,59.9,59.9,10362600,624.25,1485000,90.58
VCB,2026-09-21,Monday,60.2,60.2,58.8,58.9,58.9,5480900,324.69,575100,34.45
VCB,2026-09-22,Tuesday,59.1,59.4,58.8,58.9,58.9,2571300,151.82,1529000,92.66
VCB,2026-09-23,Wednesday,58.9,59.2,58.5,58.5,58.5,4077100,239.9,66000,3.95
VCB,2026-09-24,Thursday,58.6,58.7,58.1,58.1,58.1,4188600,244.07,2543000,155.02
VCB,2026-09-25,Friday,58.2,58.5,57.7,58.0,58.0,4390100,254.89,20000,1.23
VCB,2026-09-28,Monday,58.0,58.4,57.6,58.3,58.3,3824000,221.42,2519000,155.2
VCB,2026-09-29,Tuesday,58.3,58.4,57.9,58.0,58.0,2495400,145.0,0,0.0
VCB,2026-09-30,Wednesday,58.3,58.5,58.0,58.0,58.0,2228800,129.82,117000,6.75
VCB,2026-10-01,Thursday,58.0,58.2,57.6,57.6,57.6,3172000,183.45,2684000,158.36
VCB,2026-10-02,Friday,57.6,57.6,57.1,57.1,57.1,3512400,201.33,196000,11.51
VCB,2026-10-05,Monday,57.1,57.4,56.9,57.0,57.0,2442100,139.48,2684000,157.63
VCB,2026-10-06,Tuesday,56.9,57.4,56.0,57.3,57.3,4496200,254.26,74000,4.35
VCF,2026-09-09,Wednesday,298.0,298.0,294.0,297.0,297.0,600,0.18,0,0.0
VCF,2026-09-10,Thursday,297.0,297.0,297.0,297.0,297.0,0,0.0,0,0.0
VCF,2026-09-11,Friday,297.0,297.0,297.0,297.0,297.0,0,0.0,0,0.0
VCF,2026-09-14,Monday,297.0,297.0,297.0,297.0,297.0,0,0.0,0,0.0
VCF,2026-09-15,Tuesday,296.5,296.5,293.0,296.0,296.0,300,0.09,0,0.0
VCF,2026-09-16,Wednesday,295.0,295.9,286.0,295.9,295.9,400,0.12,0,0.0
VCF,2026-09-17,Thursday,295.9,295.9,295.9,295.9,295.9,0,0.0,0,0.0
VCF,2026-09-18,Friday,287.1,293.9,287.1,293.9,293.9,600,0.17,0,0.0
VCF,2026-09-21,Monday,293.9,293.9,293.8,293.8,293.8,200,0.06,0,0.0
VCF,2026-09-22,Tuesday,293.8,293.8,293.8,293.8,293.8,200,0.06,0,0.0
VCF,2026-09-23,Wednesday,293.8,293.8,293.8,293.8,293.8,0,0.0,0,0.0
VCF,2026-09-24,Thursday,289.0,289.0,289.0,289.0,289.0,100,0.03,0,0.0
VCF,2026-09-25,Friday,289.0,289.0,289.0,289.0,289.0,0,0.0,0,0.0
VCF,2026-09-28,Monday,293.5,293.5,287.0,287.0,287.0,200,0.06,0,0.0
VCF,2026-09-29,Tuesday,287.0,287.0,287.0,287.0,287.0,0,0.0,0,0.0
VCF,2026-09-30,Wednesday,287.1,287.1,287.1,287.1,287.1,400,0.11,0,0.0
VCF,2026-10-01,Thursday,287.1,287.1,287.1,287.1,287.1,200,0.06,0,0.0
VCF,2026-10-02,Friday,287.1,287.1,287.1,287.1,287.1,0,0.0,0,0.0
VCF,2026-10-05,Monday,287.1,287.1,287.1,287.1,287.1,0,0.0,0,0.0
VCF,2026-10-06,Tuesday,288.0,288.0,287.2,287.2,287.2,200,0.06,0,0.0
VCG,2026-09-09,Wednesday,15.5,15.7,15.5,15.5,15.5,2801300,43.58,0,0.0
VCG,2026-09-10,Thursday,15.55,15.6,15.45,15.45,15.45,1598300,24.77,0,0.0
VCG,2026-09-11,Friday,15.4,15.45,15.05,15.05,15.05,3607500,54.83,0,0.0
VCG,2026-09-14,Monday,15.05,15.1,14.15,14.4,14.4,3706000,54.33,0,0.0
VCG,2026-09-15,Tuesday,14.5,14.75,14.15,14.5,14.5,1675600,24.25,0,0.0
VCG,2026-09-16,Wednesday,14.55,14.65,14.35,14.35,14.35,1269800,18.41,0,0.0
VCG,2026-09-17,Thursday,14.2,14.65,14.2,14.4,14.4,2018100,29.15,0,0.0
VCG,2026-09-18,Friday,14.55,14.55,14.4,14.4,14.4,2054800,29.72,0,0.0
VCG,2026-09-21,Monday,14.5,14.55,14.3,14.3,14.3,1138200,16.38,0,0.0
VCG,2026-09-22,Tuesday,14.35,14.55,14.3,14.35,14.35,1016600,14.67,0,0.0
VCG,2026-09-23,Wednesday,14.4,14.5,14.25,14.25,14.25,1498800,21.49,0,0.0
VCG,2026-09-24,Thursday,14.3,14.3,13.95,14.05,14.05,2337300,32.96,0,0.0
VCG,2026-09-25,Friday,14.05,14.15,14.0,14.05,14.05,1325400,18.64,700000,10.5
VCG,2026-09-28,Monday,14.05,14.15,13.7,13.7,13.7,2150900,29.81,0,0.0
VCG,2026-09-29,Tuesday,13.7,14.0,13.6,13.65,13.65,1162700,16.03,0,0.0
VCG,2026-09-30,Wednesday,13.65,13.85,13.65,13.65,13.65,1071000,14.71,0,0.0
VCG,2026-10-01,Thursday,13.75,13.75,13.6,13.65,13.65,1005100,13.72,0,0.0
VCG,2026-10-02,Friday,13.7,13.75,13.3,13.3,13.3,1811100,24.4,0,0.0
VCG,2026-10-05,Monday,13.4,13.65,13.4,13.45,13.45,1410100,19.06,0,0.0
VCG,2026-10-06,Tuesday,13.5,13.75,13.15,13.65,13.65,2165100,29.05,0,0.0
VCI,2026-09-09,Wednesday,21.7,21.75,21.2,21.2,21.2,7442100,159.35,390000,9.02
VCI,2026-09-10,Thursday,21.1,21.6,21.0,21.3,21.3,4738000,100.71,120000,2.54
VCI,2026-09-11,Friday,21.15,21.15,20.0,20.05,20.05,18681700,381.77,20000,0.43
VCI,2026-09-14,Monday,20.0,20.2,19.45,19.6,19.6,13099900,259.51,540500,10.08
VCI,2026-09-15,Tuesday,19.75,20.2,19.75,19.8,19.8,6922100,137.99,0,0.0
VCI,2026-09-16,Wednesday,19.9,20.1,19.25,19.25,19.25,8853200,173.15,650500,13.6
VCI,2026-09-17,Thursday,19.2,20.55,19.15,20.0,20.0,18343400,371.36,0,0.0
VCI,2026-09-18,Friday,20.4,20.9,20.2,20.65,20.65,14508300,299.31,600500,11.33
VCI,2026-09-21,Monday,20.95,20.95,20.15,20.15,20.15,10586600,216.0,1293300,27.96
VCI,2026-09-22,Tuesday,20.3,20.65,20.25,20.4,20.4,4534500,92.67,0,0.0
VCI,2026-09-23,Wednesday,20.4,20.6,20.0,20.2,20.2,6421500,130.04,660500,14.1
VCI,2026-09-24,Thursday,20.2,20.3,19.85,20.1,20.1,8067100,161.51,0,0.0
VCI,2026-09-25,Friday,20.0,20.15,19.8,19.8,19.8,7011700,139.82,660500,12.68
VCI,2026-09-28,Monday,19.75,19.8,19.15,19.45,19.45,8346300,161.76,0,0.0
VCI,2026-09-29,Tuesday,19.35,19.9,19.2,19.45,19.45,7033100,137.66,120000,2.28
VCI,2026-09-30,Wednesday,19.6,19.75,19.35,19.35,19.35,3894000,76.09,0,0.0
VCI,2026-10-01,Thursday,19.4,19.7,19.25,19.5,19.5,5345100,104.07,0,0.0
VCI,2026-10-02,Friday,19.45,19.55,18.65,18.65,18.65,9371600,178.54,381000,7.42
VCI,2026-10-05,Monday,18.95,19.25,18.6,18.6,18.6,8406600,159.24,0,0.0
VCI,2026-10-06,Tuesday,18.65,19.4,18.15,19.4,19.4,11777200,220.04,200000,3.72
VCK,2026-09-09,Wednesday,29.8,30.0,29.7,29.85,29.85,1201600,35.87,0,0.0
VCK,2026-09-10,Thursday,29.95,30.15,29.55,30.1,30.1,1583500,47.35,0,0.0
VCK,2026-09-11,Friday,29.8,29.95,28.6,29.0,29.0,2521200,73.64,0,0.0
VCK,2026-09-14,Monday,28.85,28.9,27.5,28.4,28.4,3318700,93.47,0,0.0
VCK,2026-09-15,Tuesday,28.5,29.0,28.15,28.5,28.5,2013600,57.39,0,0.0
VCK,2026-09-16,Wednesday,28.5,28.6,28.0,28.0,28.0,1861600,52.51,0,0.0
VCK,2026-09-17,Thursday,27.75,29.35,27.75,28.75,28.75,3528500,101.28,0,0.0
VCK,2026-09-18,Friday,29.05,29.7,28.8,29.7,29.7,7274800,214.47,0,0.0
VCK,2026-09-21,Monday,29.8,29.8,28.8,28.8,28.8,1280600,37.2,0,0.0
VCK,2026-09-22,Tuesday,29.0,29.3,28.65,28.9,28.9,1136300,32.79,0,0.0
VCK,2026-09-23,Wednesday,28.8,29.0,28.6,28.7,28.7,988100,28.44,0,0.0
VCK,2026-09-24,Thursday,28.5,28.9,28.25,28.75,28.75,1697200,48.41,0,0.0
VCK,2026-09-25,Friday,28.5,28.95,28.4,28.5,28.5,1357600,38.84,0,0.0
VCK,2026-09-28,Monday,28.6,28.75,28.1,28.4,28.4,1523600,43.23,0,0.0
VCK,2026-09-29,Tuesday,28.45,28.5,28.1,28.1,28.1,1192300,33.67,0,0.0
VCK,2026-09-30,Wednesday,28.15,28.4,27.95,27.95,27.95,1370500,38.52,0,0.0
VCK,2026-10-01,Thursday,28.0,28.1,27.6,27.85,27.85,1314100,36.55,0,0.0
VCK,2026-10-02,Friday,27.85,27.85,27.15,27.4,27.4,1872400,51.41,0,0.0
VCK,2026-10-05,Monday,27.5,27.7,27.05,27.3,27.3,1497000,40.95,0,0.0
VCK,2026-10-06,Tuesday,27.15,27.95,26.4,27.95,27.95,2969800,80.42,0,0.0
VDP,2026-09-09,Wednesday,25.5,25.5,25.0,25.2,25.2,1300,0.03,0,0.0
VDP,2026-09-10,Thursday,25.2,26.6,25.2,26.6,26.6,500,0.01,0,0.0
VDP,2026-09-11,Friday,25.1,25.1,24.75,24.8,24.8,4300,0.11,0,0.0
VDP,2026-09-14,Monday,24.8,24.8,24.8,24.8,24.8,100,0.0,0,0.0
VDP,2026-09-15,Tuesday,24.0,24.0,24.0,24.0,24.0,200,0.0,0,0.0
VDP,2026-09-16,Wednesday,24.0,25.65,24.0,25.65,25.65,2700,0.07,0,0.0
VDP,2026-09-17,Thursday,25.0,25.0,25.0,25.0,25.0,100,0.0,0,0.0
VDP,2026-09-18,Friday,25.0,26.6,25.0,26.6,26.6,2300,0.06,0,0.0
VDP,2026-09-21,Monday,25.3,27.9,25.3,27.9,27.9,2400,0.07,0,0.0
VDP,2026-09-22,Tuesday,27.8,29.5,27.8,29.5,29.5,2800,0.08,0,0.0
VDP,2026-09-23,Wednesday,29.5,31.55,29.05,31.55,31.55,2200,0.07,0,0.0
VDP,2026-09-24,Thursday,29.35,31.55,29.35,31.55,31.55,6500,0.2,0,0.0
VDP,2026-09-25,Friday,29.85,33.75,29.6,33.7,33.7,3400,0.11,0,0.0
VDP,2026-09-28,Monday,33.0,36.0,33.0,36.0,36.0,2700,0.1,0,0.0
VDP,2026-09-29,Tuesday,38.0,38.2,38.0,38.2,38.2,1100,0.04,0,0.0
VDP,2026-09-30,Wednesday,40.85,40.85,40.85,40.85,40.85,3700,0.15,0,0.0
VDP,2026-10-01,Thursday,40.85,40.85,40.85,40.85,40.85,0,0.0,0,0.0
VDP,2026-10-02,Friday,40.85,40.85,40.85,40.85,40.85,0,0.0,0,0.0
VDP,2026-10-05,Monday,39.9,39.9,38.05,38.05,38.05,8000,0.32,0,0.0
VDP,2026-10-06,Tuesday,35.4,35.4,35.4,35.4,35.4,100,0.0,0,0.0
VDS,2026-09-09,Wednesday,11.8,11.8,11.6,11.6,11.6,591300,6.91,0,0.0
VDS,2026-09-10,Thursday,11.6,11.7,11.5,11.6,11.6,377200,4.38,0,0.0
VDS,2026-09-11,Friday,11.5,11.6,11.0,11.0,11.0,1028200,11.55,0,0.0
VDS,2026-09-14,Monday,11.0,11.15,10.4,10.4,10.4,864200,9.26,0,0.0
VDS,2026-09-15,Tuesday,10.65,10.85,10.6,10.7,10.7,888300,9.54,0,0.0
VDS,2026-09-16,Wednesday,10.65,10.8,10.55,10.65,10.65,301300,3.2,0,0.0
VDS,2026-09-17,Thursday,10.55,11.15,10.55,10.9,10.9,638300,6.96,0,0.0
VDS,2026-09-18,Friday,11.0,11.1,10.9,10.9,10.9,459400,5.06,0,0.0
VDS,2026-09-21,Monday,11.0,11.05,10.7,10.7,10.7,324800,3.5,0,0.0
VDS,2026-09-22,Tuesday,10.65,10.9,10.65,10.7,10.7,243700,2.62,50000,0.5
VDS,2026-09-23,Wednesday,10.7,10.8,10.65,10.7,10.7,483100,5.16,0,0.0
VDS,2026-09-24,Thursday,10.7,10.7,10.5,10.5,10.5,380300,4.01,50000,0.5
VDS,2026-09-25,Friday,10.5,10.55,10.3,10.3,10.3,597100,6.21,0,0.0
VDS,2026-09-28,Monday,10.3,10.3,9.76,9.8,9.8,1154200,11.36,50000,0.49
VDS,2026-09-29,Tuesday,9.92,10.05,9.76,9.85,9.85,382300,3.78,0,0.0
VDS,2026-09-30,Wednesday,9.85,9.99,9.85,9.88,9.88,249800,2.47,75000,0.7
VDS,2026-10-01,Thursday,9.83,10.0,9.83,9.85,9.85,266800,2.64,0,0.0
VDS,2026-10-02,Friday,9.85,9.92,9.77,9.78,9.78,480100,4.72,65000,0.6
VDS,2026-10-05,Monday,9.69,9.95,9.53,9.53,9.53,364500,3.53,0,0.0
VDS,2026-10-06,Tuesday,9.53,9.8,9.1,9.76,9.76,933900,8.7,60000,0.54
VFG,2026-09-09,Wednesday,44.4,44.4,44.25,44.25,44.25,500,0.02,0,0.0
VFG,2026-09-10,Thursday,44.0,44.05,44.0,44.0,44.0,400,0.02,0,0.0
VFG,2026-09-11,Friday,43.9,44.05,43.85,43.85,43.85,1500,0.07,0,0.0
VFG,2026-09-14,Monday,43.85,43.85,43.7,43.7,43.7,500,0.02,0,0.0
VFG,2026-09-15,Tuesday,43.65,43.65,43.45,43.6,43.6,3100,0.14,0,0.0
VFG,2026-09-16,Wednesday,43.65,45.7,43.6,43.6,43.6,3100,0.14,0,0.0
VFG,2026-09-17,Thursday,44.7,44.7,43.65,43.65,43.65,800,0.04,0,0.0
VFG,2026-09-18,Friday,45.0,45.0,43.85,43.85,43.85,1800,0.08,0,0.0
VFG,2026-09-21,Monday,43.8,43.8,43.0,43.1,43.1,6600,0.29,0,0.0
VFG,2026-09-22,Tuesday,43.1,43.1,43.1,43.1,43.1,2200,0.09,0,0.0
VFG,2026-09-23,Wednesday,43.2,43.3,43.2,43.3,43.3,1000,0.04,0,0.0
VFG,2026-09-24,Thursday,43.1,43.1,42.7,43.0,43.0,2600,0.11,0,0.0
VFG,2026-09-25,Friday,43.0,43.0,43.0,43.0,43.0,2400,0.1,0,0.0
VFG,2026-09-28,Monday,42.95,42.95,42.5,42.5,42.5,3500,0.15,0,0.0
VFG,2026-09-29,Tuesday,42.55,42.55,42.5,42.5,42.5,900,0.04,0,0.0
VFG,2026-09-30,Wednesday,42.25,42.25,42.2,42.25,42.25,9700,0.41,0,0.0
VFG,2026-10-01,Thursday,42.25,42.9,42.25,42.9,42.9,700,0.03,0,0.0
VFG,2026-10-02,Friday,42.9,42.9,42.1,42.25,42.25,1600,0.07,0,0.0
VFG,2026-10-05,Monday,42.0,42.4,42.0,42.4,42.4,1700,0.07,0,0.0
VFG,2026-10-06,Tuesday,41.7,43.0,41.7,42.7,42.7,3400,0.14,0,0.0
VGC,2026-09-09,Wednesday,40.0,40.5,39.95,40.5,40.5,227900,9.15,0,0.0
VGC,2026-09-10,Thursday,40.6,42.2,40.2,41.5,41.5,594400,24.48,0,0.0
VGC,2026-09-11,Friday,41.8,41.8,40.8,41.0,41.0,398500,16.38,0,0.0
VGC,2026-09-14,Monday,40.9,41.2,38.15,38.3,38.3,655600,25.82,1058100,46.34
VGC,2026-09-15,Tuesday,40.5,40.5,39.1,39.8,39.8,208900,8.27,0,0.0
VGC,2026-09-16,Wednesday,40.0,40.2,39.55,39.7,39.7,227500,9.06,0,0.0
VGC,2026-09-17,Thursday,39.1,40.35,39.1,39.85,39.85,210400,8.38,0,0.0
VGC,2026-09-18,Friday,40.0,41.15,39.9,40.5,40.5,375200,15.3,0,0.0
VGC,2026-09-21,Monday,40.2,40.5,39.7,39.85,39.85,184100,7.34,0,0.0
VGC,2026-09-22,Tuesday,39.85,41.1,39.65,41.0,41.0,436500,17.81,0,0.0
VGC,2026-09-23,Wednesday,41.35,42.1,41.15,42.0,42.0,821500,34.43,0,0.0
VGC,2026-09-24,Thursday,42.0,43.1,42.0,42.4,42.4,633900,26.99,0,0.0
VGC,2026-09-25,Friday,42.4,43.1,42.3,42.75,42.75,559500,23.88,0,0.0
VGC,2026-09-28,Monday,43.0,43.25,41.7,42.75,42.75,475900,20.02,0,0.0
VGC,2026-09-29,Tuesday,42.55,43.0,42.1,43.0,43.0,417000,17.79,0,0.0
VGC,2026-09-30,Wednesday,43.1,45.5,42.95,45.0,45.0,2538800,113.75,2000000,84.0
VGC,2026-10-01,Thursday,45.0,45.45,43.95,44.5,44.5,422500,18.8,0,0.0
VGC,2026-10-02,Friday,44.5,45.0,43.8,43.85,43.85,465100,20.45,0,0.0
VGC,2026-10-05,Monday,43.65,45.0,43.6,44.5,44.5,382900,17.0,0,0.0
VGC,2026-10-06,Tuesday,44.5,45.15,43.9,44.3,44.3,525400,23.32,0,0.0
VHC,2026-09-09,Wednesday,52.2,52.2,51.8,52.1,52.1,245200,12.77,0,0.0
VHC,2026-09-10,Thursday,52.0,52.3,51.5,51.6,51.6,279300,14.42,0,0.0
VHC,2026-09-11,Friday,51.3,51.5,50.1,50.2,50.2,426500,21.61,0,0.0
VHC,2026-09-14,Monday,50.2,51.4,50.0,50.3,50.3,251500,12.7,262000,12.76
VHC,2026-09-15,Tuesday,50.3,51.0,50.3,50.7,50.7,182300,9.24,0,0.0
VHC,2026-09-16,Wednesday,50.7,50.9,50.2,50.3,50.3,223100,11.26,0,0.0
VHC,2026-09-17,Thursday,50.3,50.7,50.3,50.7,50.7,249700,12.61,0,0.0
VHC,2026-09-18,Friday,50.5,51.0,50.1,50.1,50.1,436300,22.02,262000,12.76
VHC,2026-09-21,Monday,50.5,50.5,50.1,50.2,50.2,255600,12.85,0,0.0
VHC,2026-09-22,Tuesday,50.1,50.5,49.4,49.45,49.45,566100,28.26,0,0.0
VHC,2026-09-23,Wednesday,49.5,50.3,49.5,50.3,50.3,595200,29.88,0,0.0
VHC,2026-09-24,Thursday,50.4,50.4,49.7,49.7,49.7,153400,7.66,0,0.0
VHC,2026-09-25,Friday,50.0,50.1,49.4,49.55,49.55,163600,8.14,0,0.0
VHC,2026-09-28,Monday,49.55,49.55,48.45,48.65,48.65,305100,14.9,0,0.0
VHC,2026-09-29,Tuesday,48.8,48.8,48.0,48.25,48.25,193800,9.37,0,0.0
VHC,2026-09-30,Wednesday,48.0,49.25,48.0,48.5,48.5,187400,9.11,70000,3.38
VHC,2026-10-01,Thursday,48.5,49.9,48.5,49.9,49.9,319600,15.78,0,0.0
VHC,2026-10-02,Friday,49.95,51.9,49.95,50.7,50.7,600900,30.66,1250000,58.5
VHC,2026-10-05,Monday,51.0,51.0,50.3,50.5,50.5,168200,8.51,0,0.0
VHC,2026-10-06,Tuesday,50.7,50.7,49.3,50.0,50.0,264500,13.18,0,0.0
VHM,2026-09-09,Wednesday,73.2,74.5,72.1,72.1,72.1,13952300,1018.86,50000,3.68
VHM,2026-09-10,Thursday,71.8,74.2,69.5,73.1,73.1,16074200,1147.77,49000,3.77
VHM,2026-09-11,Friday,72.6,73.2,71.7,72.0,72.0,6700800,485.09,1068000,76.9
VHM,2026-09-14,Monday,71.0,73.9,71.0,71.7,71.7,10116200,729.37,1386000,103.6
VHM,2026-09-15,Tuesday,72.1,72.8,71.1,71.4,71.4,7917400,567.16,6843000,484.27
VHM,2026-09-16,Wednesday,71.2,72.0,71.0,71.0,71.0,7021900,500.72,1315000,99.94
VHM,2026-09-17,Thursday,70.5,73.0,70.5,71.3,71.3,8187400,585.53,0,0.0
VHM,2026-09-18,Friday,72.2,72.9,71.0,71.0,71.0,18774600,1341.89,3061000,233.25
VHM,2026-09-21,Monday,71.7,72.0,67.6,68.1,68.1,17209800,1192.67,411600,31.21
VHM,2026-09-22,Tuesday,68.4,69.6,67.0,69.4,69.4,7336800,505.29,392000,28.22
VHM,2026-09-23,Wednesday,69.5,70.3,68.0,68.2,68.2,6719500,462.99,1590000,117.98
VHM,2026-09-24,Thursday,68.2,68.2,65.3,65.4,65.4,18260100,1207.6,1784000,120.65
VHM,2026-09-25,Friday,65.4,69.5,65.2,69.1,69.1,11452700,777.87,858000,59.72
VHM,2026-09-28,Monday,69.1,70.1,68.3,69.5,69.5,8424200,584.82,1447000,104.18
VHM,2026-09-29,Tuesday,69.7,71.0,69.4,69.8,69.8,7409300,519.32,0,0.0
VHM,2026-09-30,Wednesday,69.8,70.5,68.5,68.5,68.5,6415700,443.94,966000,69.55
VHM,2026-10-01,Thursday,68.5,68.8,67.0,68.4,68.4,6624300,449.95,1623716,118.51
VHM,2026-10-02,Friday,68.3,69.3,67.4,67.9,67.9,6216200,423.1,966000,70.61
VHM,2026-10-05,Monday,68.0,69.2,67.5,68.3,68.3,5443600,371.97,1632200,117.96
VHM,2026-10-06,Tuesday,68.3,70.0,67.6,69.0,69.0,7022900,481.83,0,0.0
VIB,2026-09-09,Wednesday,14.95,15.05,14.9,15.0,13.7,5214400,78.0,0,0.0
VIB,2026-09-10,Thursday,13.75,13.8,13.65,13.7,13.7,2869000,39.36,3651690,50.99
VIB,2026-09-11,Friday,13.65,13.65,13.25,13.25,13.25,5463300,73.24,2952000,41.33
VIB,2026-09-14,Monday,13.3,13.5,13.15,13.25,13.25,4328000,57.47,7976492,107.84
VIB,2026-09-15,Tuesday,13.4,13.6,13.35,13.5,13.5,3526000,47.52,8466598,118.68
VIB,2026-09-16,Wednesday,13.5,13.6,13.4,13.55,13.55,2986700,40.39,6191880,85.46
VIB,2026-09-17,Thursday,13.5,13.75,13.5,13.6,13.6,5082800,69.44,5964358,85.73
VIB,2026-09-18,Friday,13.65,13.75,13.6,13.6,13.6,4222400,57.74,4241372,61.5
VIB,2026-09-21,Monday,13.6,13.75,13.3,13.35,13.35,6339000,85.24,7050658,100.35
VIB,2026-09-22,Tuesday,13.4,13.5,13.35,13.4,13.4,2269000,30.45,9070392,125.79
VIB,2026-09-23,Wednesday,13.55,13.65,13.4,13.55,13.55,4989400,67.56,9084392,128.63
VIB,2026-09-24,Thursday,13.55,13.6,13.35,13.45,13.45,2840700,38.15,6522392,93.82
VIB,2026-09-25,Friday,13.4,13.5,13.35,13.4,13.4,2202600,29.58,5506300,76.04
VIB,2026-09-28,Monday,13.35,13.4,13.15,13.15,13.15,4088000,54.09,4508192,63.11
VIB,2026-09-29,Tuesday,13.25,13.45,13.15,13.4,13.4,3958200,52.83,8340000,109.62
VIB,2026-09-30,Wednesday,13.5,13.5,13.25,13.35,13.35,2245200,29.98,6840000,91.11
VIB,2026-10-01,Thursday,13.3,13.5,13.25,13.4,13.4,5771100,77.25,4291000,59.88
VIB,2026-10-02,Friday,13.45,13.5,13.35,13.35,13.35,5473200,73.38,6011500,83.54
VIB,2026-10-05,Monday,13.35,13.45,13.35,13.4,13.4,2565000,34.42,5782000,79.07
VIB,2026-10-06,Tuesday,13.4,13.5,13.35,13.5,13.5,5636900,75.7,2500000,33.5
VIC,2026-09-09,Wednesday,252.0,255.8,244.6,247.7,247.7,4857800,1208.29,68000,16.97
VIC,2026-09-10,Thursday,247.7,249.5,244.4,247.7,247.7,4481800,1109.32,0,0.0
VIC,2026-09-11,Friday,244.3,248.3,243.3,243.3,243.3,4264000,1047.4,0,0.0
VIC,2026-09-14,Monday,242.3,243.3,235.6,241.4,241.4,4144700,997.43,32000,7.79
VIC,2026-09-15,Tuesday,242.0,243.2,240.8,241.3,241.3,4196100,1012.8,68000,16.42
VIC,2026-09-16,Wednesday,240.9,243.8,237.6,241.2,241.2,4014000,969.06,0,0.0
VIC,2026-09-17,Thursday,240.9,244.1,239.8,241.2,241.2,3951500,955.81,67000,16.16
VIC,2026-09-18,Friday,244.5,244.5,240.3,241.2,241.2,13251500,3197.68,0,0.0
VIC,2026-09-21,Monday,243.4,243.4,232.8,235.0,235.0,3685300,870.76,548800,132.37
VIC,2026-09-22,Tuesday,235.0,243.8,230.2,243.8,243.8,1493400,358.82,0,0.0
VIC,2026-09-23,Wednesday,244.3,246.4,236.0,236.0,236.0,3054200,731.07,0,0.0
VIC,2026-09-24,Thursday,235.9,235.9,228.1,230.0,230.0,2995500,690.52,0,0.0
VIC,2026-09-25,Friday,228.2,234.8,227.9,232.0,232.0,1360800,314.43,0,0.0
VIC,2026-09-28,Monday,232.0,233.1,229.0,231.9,231.9,891800,205.77,0,0.0
VIC,2026-09-29,Tuesday,232.0,232.1,229.5,230.0,230.0,1056500,243.33,0,0.0
VIC,2026-09-30,Wednesday,229.7,232.4,227.5,227.9,227.9,1584300,362.42,0,0.0
VIC,2026-10-01,Thursday,226.9,227.7,219.7,220.0,220.0,3716400,824.01,0,0.0
VIC,2026-10-02,Friday,218.5,224.9,215.0,224.0,224.0,3199100,707.6,0,0.0
VIC,2026-10-05,Monday,224.1,232.0,224.1,232.0,232.0,2293600,527.9,0,0.0
VIC,2026-10-06,Tuesday,232.0,238.5,231.9,232.0,232.0,4217500,985.97,0,0.0
VID,2026-09-09,Wednesday,4.53,4.53,4.53,4.53,4.53,0,0.0,0,0.0
VID,2026-09-10,Thursday,4.53,4.53,4.53,4.53,4.53,0,0.0,0,0.0
VID,2026-09-11,Friday,4.52,4.8,4.4,4.55,4.55,1200,0.01,0,0.0
VID,2026-09-14,Monday,4.35,4.49,4.35,4.49,4.49,200,0.0,0,0.0
VID,2026-09-15,Tuesday,4.35,4.45,4.3,4.45,4.45,600,0.0,0,0.0
VID,2026-09-16,Wednesday,4.3,4.35,4.18,4.18,4.18,8800,0.04,0,0.0
VID,2026-09-17,Thursday,4.4,4.4,4.3,4.3,4.3,400,0.0,0,0.0
VID,2026-09-18,Friday,4.21,4.28,4.21,4.28,4.28,1100,0.0,0,0.0
VID,2026-09-21,Monday,4.2,4.25,4.2,4.25,4.25,1200,0.01,0,0.0
VID,2026-09-22,Tuesday,4.25,4.25,4.25,4.25,4.25,300,0.0,0,0.0
VID,2026-09-23,Wednesday,4.25,4.53,4.25,4.53,4.53,1400,0.01,0,0.0
VID,2026-09-24,Thursday,4.28,4.4,4.28,4.4,4.4,1100,0.0,0,0.0
VID,2026-09-25,Friday,4.22,4.22,4.2,4.2,4.2,4400,0.02,0,0.0
VID,2026-09-28,Monday,4.2,4.2,3.99,4.19,4.19,5600,0.02,0,0.0
VID,2026-09-29,Tuesday,4.19,4.19,4.19,4.19,4.19,1000,0.0,0,0.0
VID,2026-09-30,Wednesday,4.3,4.48,4.3,4.35,4.35,2100,0.01,0,0.0
VID,2026-10-01,Thursday,4.35,4.35,4.35,4.35,4.35,0,0.0,0,0.0
VID,2026-10-02,Friday,4.35,4.35,4.35,4.35,4.35,0,0.0,0,0.0
VID,2026-10-05,Monday,4.15,4.3,4.1,4.3,4.3,1400,0.01,0,0.0
VID,2026-10-06,Tuesday,4.48,4.48,4.1,4.1,4.1,700,0.0,0,0.0
VIP,2026-09-09,Wednesday,9.72,9.75,9.7,9.75,9.75,14700,0.14,0,0.0
VIP,2026-09-10,Thursday,9.75,9.76,9.7,9.7,9.7,25400,0.25,0,0.0
VIP,2026-09-11,Friday,9.79,9.79,9.65,9.66,9.66,29200,0.28,0,0.0
VIP,2026-09-14,Monday,9.75,9.75,9.6,9.63,9.63,40600,0.39,0,0.0
VIP,2026-09-15,Tuesday,9.65,9.7,9.65,9.68,9.68,38600,0.37,0,0.0
VIP,2026-09-16,Wednesday,9.69,9.8,9.69,9.79,9.79,47200,0.46,0,0.0
VIP,2026-09-17,Thursday,9.8,9.8,9.7,9.72,9.72,20500,0.2,0,0.0
VIP,2026-09-18,Friday,9.77,9.78,9.71,9.73,9.73,37400,0.36,0,0.0
VIP,2026-09-21,Monday,9.73,9.74,9.71,9.74,9.74,15100,0.15,0,0.0
VIP,2026-09-22,Tuesday,9.74,9.84,9.7,9.84,9.84,41900,0.41,0,0.0
VIP,2026-09-23,Wednesday,9.83,9.83,9.74,9.74,9.74,38000,0.37,0,0.0
VIP,2026-09-24,Thursday,9.74,9.9,9.74,9.74,9.74,40200,0.39,0,0.0
VIP,2026-09-25,Friday,9.73,9.86,9.69,9.79,9.79,10800,0.11,0,0.0
VIP,2026-09-28,Monday,9.79,9.8,9.7,9.72,9.72,62200,0.6,0,0.0
VIP,2026-09-29,Tuesday,9.7,10.0,9.7,9.9,9.9,145700,1.43,0,0.0
VIP,2026-09-30,Wednesday,9.84,9.98,9.8,9.88,9.88,23000,0.23,0,0.0
VIP,2026-10-01,Thursday,9.88,9.95,9.71,9.82,9.82,67500,0.67,0,0.0
VIP,2026-10-02,Friday,9.82,9.84,9.72,9.8,9.8,24700,0.24,0,0.0
VIP,2026-10-05,Monday,9.8,10.35,9.73,10.15,10.15,187300,1.89,0,0.0
VIP,2026-10-06,Tuesday,10.15,10.3,9.99,10.05,10.05,143500,1.45,0,0.0
VIX,2026-09-09,Wednesday,13.8,13.9,13.6,13.6,13.6,35706800,491.01,255000,3.51
VIX,2026-09-10,Thursday,13.55,13.9,13.5,13.8,13.8,25599500,350.87,235000,3.2
VIX,2026-09-11,Friday,13.65,13.75,13.25,13.25,13.25,39176700,528.48,6300000,89.54
VIX,2026-09-14,Monday,13.15,13.35,12.35,12.6,12.6,82875800,1056.51,13714240,184.34
VIX,2026-09-15,Tuesday,12.65,13.35,12.65,12.9,12.9,32852700,426.1,8000000,96.0
VIX,2026-09-16,Wednesday,13.05,13.15,12.65,12.65,12.65,24790400,317.18,0,0.0
VIX,2026-09-17,Thursday,12.6,13.3,12.6,12.85,12.85,39173300,509.83,2858600,36.88
VIX,2026-09-18,Friday,13.15,13.45,13.0,13.15,13.15,43747600,578.81,6205304,83.77
VIX,2026-09-21,Monday,13.3,13.45,12.8,12.8,12.8,26970400,350.84,0,0.0
VIX,2026-09-22,Tuesday,12.85,13.15,12.8,13.05,13.05,19673900,255.88,26915000,340.16
VIX,2026-09-23,Wednesday,13.05,13.2,12.9,12.95,12.95,17614300,230.1,3240000,42.12
VIX,2026-09-24,Thursday,12.9,13.0,12.65,12.75,12.75,26613900,340.75,20128680,267.44
VIX,2026-09-25,Friday,12.75,12.9,12.65,12.65,12.65,19201700,244.5,2305000,30.0
VIX,2026-09-28,Monday,12.65,12.75,12.35,12.4,12.4,26328800,328.75,15741480,208.15
VIX,2026-09-29,Tuesday,12.35,12.65,12.2,12.45,12.45,19488600,242.35,20000,0.26
VIX,2026-09-30,Wednesday,12.45,12.65,12.3,12.3,12.3,21090600,262.88,13331600,175.59
VIX,2026-10-01,Thursday,12.35,12.5,12.05,12.15,12.15,26670200,326.25,0,0.0
VIX,2026-10-02,Friday,12.1,12.25,11.8,11.8,11.8,32713200,392.65,1685000,21.46
VIX,2026-10-05,Monday,11.8,12.1,11.8,11.85,11.85,18621400,222.62,1685000,21.23
VIX,2026-10-06,Tuesday,11.9,12.0,11.45,11.9,11.9,32702500,381.44,90750,1.15
VJC,2026-09-09,Wednesday,126.0,126.5,124.5,125.0,125.0,892800,112.1,150000,18.9
VJC,2026-09-10,Thursday,125.1,125.9,124.0,125.2,125.2,774000,96.52,130000,16.25
VJC,2026-09-11,Friday,124.9,125.2,123.7,124.7,124.7,1073500,133.46,0,0.0
VJC,2026-09-14,Monday,124.6,124.8,122.5,122.9,122.9,953300,117.98,0,0.0
VJC,2026-09-15,Tuesday,123.3,124.5,122.9,124.4,124.4,935400,115.72,20000,2.46
VJC,2026-09-16,Wednesday,124.3,124.9,123.3,124.4,124.4,987700,122.47,0,0.0
VJC,2026-09-17,Thursday,124.0,127.0,123.9,126.8,126.8,1256200,157.74,70000,8.71
VJC,2026-09-18,Friday,127.0,129.0,126.0,129.0,129.0,2012700,258.13,0,0.0
VJC,2026-09-21,Monday,129.0,138.0,125.1,138.0,138.0,1864200,242.15,315000,40.64
VJC,2026-09-22,Tuesday,137.9,138.0,132.7,135.9,135.9,1162600,156.59,300000,41.4
VJC,2026-09-23,Wednesday,135.9,135.9,133.3,135.0,135.0,1012600,135.91,299000,40.63
VJC,2026-09-24,Thursday,135.0,135.0,131.4,132.0,132.0,939000,124.67,433000,58.46
VJC,2026-09-25,Friday,132.0,134.0,131.7,132.8,132.8,877300,116.42,370000,48.84
VJC,2026-09-28,Monday,133.0,133.0,130.8,132.9,132.9,946600,124.96,0,0.0
VJC,2026-09-29,Tuesday,133.0,134.5,132.3,133.5,133.5,897300,119.75,0,0.0
VJC,2026-09-30,Wednesday,133.7,134.5,131.8,132.0,132.0,836900,111.38,316000,42.19
VJC,2026-10-01,Thursday,132.0,132.5,128.0,129.6,129.6,916300,119.77,42000,5.54
VJC,2026-10-02,Friday,129.8,130.0,127.7,129.4,129.4,918900,118.1,0,0.0
VJC,2026-10-05,Monday,129.4,129.6,127.6,128.8,128.8,809100,104.0,652000,84.37
VJC,2026-10-06,Tuesday,129.0,129.0,127.0,128.8,128.8,931200,119.16,7487100,922.38
VMD,2026-09-09,Wednesday,13.95,13.95,13.8,13.85,13.85,2400,0.03,0,0.0
VMD,2026-09-10,Thursday,13.9,13.9,13.8,13.8,13.8,800,0.01,0,0.0
VMD,2026-09-11,Friday,13.5,13.5,13.5,13.5,13.5,100,0.0,0,0.0
VMD,2026-09-14,Monday,13.5,13.5,13.5,13.5,13.5,0,0.0,0,0.0
VMD,2026-09-15,Tuesday,13.55,13.55,13.55,13.55,13.55,100,0.0,0,0.0
VMD,2026-09-16,Wednesday,13.6,13.6,13.6,13.6,13.6,100,0.0,0,0.0
VMD,2026-09-17,Thursday,13.6,13.6,13.6,13.6,13.6,300,0.0,0,0.0
VMD,2026-09-18,Friday,13.6,13.6,13.6,13.6,13.6,100,0.0,0,0.0
VMD,2026-09-21,Monday,12.65,14.45,12.65,14.45,14.45,5700,0.07,0,0.0
VMD,2026-09-22,Tuesday,14.45,14.45,14.45,14.45,14.45,0,0.0,0,0.0
VMD,2026-09-23,Wednesday,14.25,14.25,14.25,14.25,14.25,200,0.0,0,0.0
VMD,2026-09-24,Thursday,13.55,13.55,13.5,13.5,13.5,400,0.01,0,0.0
VMD,2026-09-25,Friday,13.3,13.3,13.2,13.2,13.2,300,0.0,0,0.0
VMD,2026-09-28,Monday,14.0,14.0,14.0,14.0,14.0,200,0.0,0,0.0
VMD,2026-09-29,Tuesday,14.0,14.0,14.0,14.0,14.0,0,0.0,0,0.0
VMD,2026-09-30,Wednesday,13.5,13.5,13.5,13.5,13.5,100,0.0,0,0.0
VMD,2026-10-01,Thursday,13.3,13.3,13.3,13.3,13.3,500,0.01,0,0.0
VMD,2026-10-02,Friday,13.3,13.3,13.3,13.3,13.3,100,0.0,0,0.0
VMD,2026-10-05,Monday,14.0,14.0,14.0,14.0,14.0,100,0.0,0,0.0
VMD,2026-10-06,Tuesday,14.0,14.0,14.0,14.0,14.0,0,0.0,0,0.0
VND,2026-09-09,Wednesday,16.05,16.15,15.85,15.85,15.85,5956600,95.2,0,0.0
VND,2026-09-10,Thursday,15.85,16.0,15.6,15.85,15.85,9677400,152.94,3440000,55.04
VND,2026-09-11,Friday,15.75,15.8,15.15,15.15,15.15,12527400,193.72,0,0.0
VND,2026-09-14,Monday,15.2,15.35,14.5,14.6,14.6,17848500,264.63,50000,0.8
VND,2026-09-15,Tuesday,14.7,15.0,14.6,14.7,14.7,12825700,189.36,3860000,54.54
VND,2026-09-16,Wednesday,14.8,14.9,14.5,14.5,14.5,7105600,104.1,1390000,21.82
VND,2026-09-17,Thursday,14.4,15.3,14.4,14.8,14.8,14298800,213.87,6475000,100.11
VND,2026-09-18,Friday,15.1,15.3,14.9,15.2,15.2,16031500,242.75,1460000,22.63
VND,2026-09-21,Monday,15.3,15.3,14.7,14.7,14.7,9953200,148.21,5340000,85.44
VND,2026-09-22,Tuesday,14.8,15.05,14.75,14.85,14.85,5235100,77.93,0,0.0
VND,2026-09-23,Wednesday,14.85,15.0,14.65,14.75,14.75,8847300,130.68,2808500,43.79
VND,2026-09-24,Thursday,14.7,14.75,14.35,14.5,14.5,11487600,166.63,0,0.0
VND,2026-09-25,Friday,14.55,14.6,14.3,14.35,14.35,6191600,89.44,4226000,64.47
VND,2026-09-28,Monday,14.35,14.4,13.8,13.9,13.9,13643900,190.71,200000,2.67
VND,2026-09-29,Tuesday,13.85,14.2,13.85,14.0,14.0,7179000,100.57,0,0.0
VND,2026-09-30,Wednesday,14.05,14.2,13.85,13.85,13.85,5043000,70.48,4777700,64.43
VND,2026-10-01,Thursday,13.8,14.05,13.7,13.7,13.7,9082400,125.81,1668000,24.08
VND,2026-10-02,Friday,13.8,13.8,13.3,13.3,13.3,11945800,161.15,500000,6.81
VND,2026-10-05,Monday,13.3,13.6,13.3,13.35,13.35,5839300,78.45,2306100,32.29
VND,2026-10-06,Tuesday,13.4,13.85,13.05,13.85,13.85,15438900,206.09,859000,11.42
VNG,2026-09-09,Wednesday,6.09,6.09,6.09,6.09,6.09,200,0.0,0,0.0
VNG,2026-09-10,Thursday,6.39,6.39,6.09,6.09,6.09,1300,0.01,0,0.0
VNG,2026-09-11,Friday,5.68,6.04,5.68,6.04,6.04,200,0.0,0,0.0
VNG,2026-09-14,Monday,5.67,5.99,5.62,5.62,5.62,13400,0.08,1700000,10.98
VNG,2026-09-15,Tuesday,5.94,5.94,5.89,5.89,5.89,200,0.0,0,0.0
VNG,2026-09-16,Wednesday,5.89,5.89,5.89,5.89,5.89,100,0.0,0,0.0
VNG,2026-09-17,Thursday,6.2,6.2,5.9,5.9,5.9,300,0.0,0,0.0
VNG,2026-09-18,Friday,6.0,6.0,5.8,5.8,5.8,800,0.0,0,0.0
VNG,2026-09-21,Monday,5.8,5.8,5.6,5.6,5.6,5100,0.03,0,0.0
VNG,2026-09-22,Tuesday,5.6,5.6,5.6,5.6,5.6,800,0.0,0,0.0
VNG,2026-09-23,Wednesday,5.96,5.96,5.96,5.96,5.96,100,0.0,0,0.0
VNG,2026-09-24,Thursday,5.59,5.59,5.59,5.59,5.59,100,0.0,0,0.0
VNG,2026-09-25,Friday,5.59,5.59,5.4,5.4,5.4,1100,0.01,0,0.0
VNG,2026-09-28,Monday,5.4,5.4,5.4,5.4,5.4,0,0.0,0,0.0
VNG,2026-09-29,Tuesday,5.4,5.4,5.4,5.4,5.4,0,0.0,0,0.0
VNG,2026-09-30,Wednesday,5.43,5.43,5.43,5.43,5.43,100,0.0,0,0.0
VNG,2026-10-01,Thursday,5.41,5.41,5.4,5.4,5.4,300,0.0,0,0.0
VNG,2026-10-02,Friday,5.4,5.4,5.4,5.4,5.4,1000,0.01,0,0.0
VNG,2026-10-05,Monday,5.4,5.4,5.4,5.4,5.4,0,0.0,0,0.0
VNG,2026-10-06,Tuesday,5.12,5.12,5.12,5.12,5.12,100,0.0,0,0.0
VNL,2026-09-09,Wednesday,18.9,18.9,18.9,18.9,18.9,100,0.0,0,0.0
VNL,2026-09-10,Thursday,18.95,19.0,18.9,18.9,18.9,1800,0.03,0,0.0
VNL,2026-09-11,Friday,18.8,19.2,18.8,19.2,19.2,212800,4.06,0,0.0
VNL,2026-09-14,Monday,19.15,19.15,19.1,19.1,19.1,2300,0.04,0,0.0
VNL,2026-09-15,Tuesday,19.1,19.1,19.1,19.1,19.1,0,0.0,0,0.0
VNL,2026-09-16,Wednesday,19.1,19.1,19.1,19.1,19.1,0,0.0,0,0.0
VNL,2026-09-17,Thursday,18.85,18.85,18.85,18.85,18.85,40800,0.77,0,0.0
VNL,2026-09-18,Friday,19.1,19.1,18.85,18.85,18.85,50500,0.95,0,0.0
VNL,2026-09-21,Monday,19.25,19.35,18.9,18.9,18.9,4400,0.08,0,0.0
VNL,2026-09-22,Tuesday,18.9,18.9,18.9,18.9,18.9,0,0.0,0,0.0
VNL,2026-09-23,Wednesday,18.9,19.3,18.9,19.3,19.3,12700,0.24,0,0.0
VNL,2026-09-24,Thursday,18.5,19.2,18.5,18.8,18.8,2700,0.05,0,0.0
VNL,2026-09-25,Friday,18.8,18.85,18.8,18.85,18.85,2500,0.05,0,0.0
VNL,2026-09-28,Monday,18.85,18.85,18.85,18.85,18.85,0,0.0,0,0.0
VNL,2026-09-29,Tuesday,18.8,18.8,18.8,18.8,18.8,100,0.0,0,0.0
VNL,2026-09-30,Wednesday,18.8,18.8,18.8,18.8,18.8,0,0.0,0,0.0
VNL,2026-10-01,Thursday,18.8,18.8,18.8,18.8,18.8,200,0.0,0,0.0
VNL,2026-10-02,Friday,18.65,18.7,18.65,18.7,18.7,4100,0.08,0,0.0
VNL,2026-10-05,Monday,18.85,18.85,18.65,18.65,18.65,1000,0.02,0,0.0
VNL,2026-10-06,Tuesday,18.65,19.0,18.65,19.0,19.0,200,0.0,0,0.0
VNM,2026-09-09,Wednesday,61.0,61.8,61.0,61.3,61.3,1620000,99.56,0,0.0
VNM,2026-09-10,Thursday,61.3,61.9,61.1,61.6,61.6,1890400,116.39,0,0.0
VNM,2026-09-11,Friday,61.2,61.3,59.8,59.9,59.9,4047300,243.65,0,0.0
VNM,2026-09-14,Monday,59.7,60.1,58.6,59.3,59.3,3853000,227.91,0,0.0
VNM,2026-09-15,Tuesday,59.5,60.2,59.4,59.7,59.7,1835300,109.64,0,0.0
VNM,2026-09-16,Wednesday,59.8,60.3,59.6,59.6,59.6,1737400,104.18,0,0.0
VNM,2026-09-17,Thursday,59.4,60.7,59.4,60.2,60.2,2437100,147.07,0,0.0
VNM,2026-09-18,Friday,60.4,61.2,60.3,61.2,61.2,4517300,275.86,0,0.0
VNM,2026-09-21,Monday,61.2,61.3,60.3,60.3,60.3,2522300,153.11,23964,1.45
VNM,2026-09-22,Tuesday,60.4,61.3,60.3,61.2,61.2,1774600,108.29,0,0.0
VNM,2026-09-23,Wednesday,61.3,61.3,60.5,60.5,60.5,1227000,74.69,23964,1.45
VNM,2026-09-24,Thursday,60.5,61.0,60.3,60.6,60.6,1384600,84.11,0,0.0
VNM,2026-09-25,Friday,60.7,61.0,59.7,59.8,59.8,1997600,120.06,23964,1.45
VNM,2026-09-28,Monday,59.7,60.4,59.1,60.3,60.3,1723400,102.94,0,0.0
VNM,2026-09-29,Tuesday,60.4,60.5,59.8,60.3,60.3,1268300,76.24,0,0.0
VNM,2026-09-30,Wednesday,60.8,60.8,59.4,59.4,59.4,1776100,106.25,0,0.0
VNM,2026-10-01,Thursday,59.4,59.6,58.5,58.6,58.6,3690200,217.13,0,0.0
VNM,2026-10-02,Friday,59.0,59.0,57.3,57.3,57.3,3579300,207.53,400000,23.52
VNM,2026-10-05,Monday,57.8,58.0,57.1,57.2,57.2,2928200,168.1,0,0.0
VNM,2026-10-06,Tuesday,57.4,58.4,57.2,58.4,58.4,3250000,187.68,0,0.0
VNS,2026-09-09,Wednesday,6.31,6.5,6.3,6.4,6.4,9600,0.06,0,0.0
VNS,2026-09-10,Thursday,6.5,6.5,6.19,6.19,6.19,37700,0.24,0,0.0
VNS,2026-09-11,Friday,6.12,6.37,6.12,6.15,6.15,7700,0.05,0,0.0
VNS,2026-09-14,Monday,6.57,6.58,6.15,6.15,6.15,21500,0.14,0,0.0
VNS,2026-09-15,Tuesday,6.15,6.21,6.15,6.15,6.15,21700,0.13,0,0.0
VNS,2026-09-16,Wednesday,6.18,6.18,6.07,6.07,6.07,1600,0.01,0,0.0
VNS,2026-09-17,Thursday,6.15,6.2,6.15,6.2,6.2,900,0.01,0,0.0
VNS,2026-09-18,Friday,6.29,6.31,6.29,6.31,6.31,5200,0.03,0,0.0
VNS,2026-09-21,Monday,6.15,6.49,6.15,6.49,6.49,400,0.0,0,0.0
VNS,2026-09-22,Tuesday,6.48,6.55,6.33,6.33,6.33,8500,0.05,0,0.0
VNS,2026-09-23,Wednesday,6.33,6.33,6.33,6.33,6.33,500,0.0,0,0.0
VNS,2026-09-24,Thursday,6.33,6.4,6.33,6.35,6.35,1500,0.01,0,0.0
VNS,2026-09-25,Friday,6.6,6.6,6.6,6.6,6.6,100,0.0,0,0.0
VNS,2026-09-28,Monday,6.6,6.6,6.6,6.6,6.6,0,0.0,0,0.0
VNS,2026-09-29,Tuesday,6.5,6.53,6.5,6.53,6.53,6400,0.04,0,0.0
VNS,2026-09-30,Wednesday,6.53,6.53,6.53,6.53,6.53,0,0.0,0,0.0
VNS,2026-10-01,Thursday,6.3,6.53,6.3,6.53,6.53,1100,0.01,0,0.0
VNS,2026-10-02,Friday,6.52,6.52,6.5,6.5,6.5,3000,0.02,0,0.0
VNS,2026-10-05,Monday,6.5,6.5,6.5,6.5,6.5,1000,0.01,0,0.0
VNS,2026-10-06,Tuesday,6.4,6.5,6.4,6.5,6.5,5200,0.03,0,0.0
VOS,2026-09-09,Wednesday,11.25,11.25,11.0,11.0,10.21,201000,2.24,0,0.0
VOS,2026-09-10,Thursday,11.05,11.3,11.05,11.1,10.31,382600,4.26,0,0.0
VOS,2026-09-11,Friday,11.2,11.6,11.05,11.45,10.63,1260400,14.33,0,0.0
VOS,2026-09-14,Monday,11.55,11.6,11.2,11.35,10.54,573800,6.52,0,0.0
VOS,2026-09-15,Tuesday,11.5,12.1,11.45,12.1,11.24,1819600,21.91,0,0.0
VOS,2026-09-16,Wednesday,12.2,12.5,12.0,12.25,11.38,1420300,17.4,0,0.0
VOS,2026-09-17,Thursday,12.1,12.35,11.8,12.15,11.28,1175900,14.21,0,0.0
VOS,2026-09-18,Friday,12.2,12.2,11.85,11.95,11.1,753600,9.05,0,0.0
VOS,2026-09-21,Monday,12.0,12.45,11.95,12.0,11.14,912000,11.09,0,0.0
VOS,2026-09-22,Tuesday,12.05,12.65,12.05,12.4,11.51,1317900,16.29,0,0.0
VOS,2026-09-23,Wednesday,12.4,12.7,12.15,12.35,11.47,898600,11.16,0,0.0
VOS,2026-09-24,Thursday,12.5,12.5,12.0,12.0,11.14,937400,11.41,0,0.0
VOS,2026-09-25,Friday,12.0,12.5,11.95,12.5,11.61,851500,10.41,0,0.0
VOS,2026-09-28,Monday,12.7,13.2,12.6,12.7,11.79,2167500,27.79,0,0.0
VOS,2026-09-29,Tuesday,12.9,13.2,12.7,13.1,12.16,2127900,27.6,0,0.0
VOS,2026-09-30,Wednesday,13.25,13.25,12.4,12.6,11.7,2047000,26.0,0,0.0
VOS,2026-10-01,Thursday,11.75,11.8,11.35,11.6,11.6,1084100,12.54,0,0.0
VOS,2026-10-02,Friday,11.7,11.75,11.1,11.1,11.1,1045300,11.86,0,0.0
VOS,2026-10-05,Monday,11.1,11.55,11.1,11.3,11.3,926900,10.49,0,0.0
VOS,2026-10-06,Tuesday,11.3,11.65,11.2,11.5,11.5,1219400,13.9,0,0.0
VPB,2026-09-09,Wednesday,27.35,27.55,27.25,27.4,21.74,11247800,308.36,2262000,62.22
VPB,2026-09-10,Thursday,27.3,27.6,27.15,27.5,21.82,13222300,362.09,500000,13.7
VPB,2026-09-11,Friday,27.45,27.6,26.85,26.95,21.38,21893700,594.32,5032000,143.0
VPB,2026-09-14,Monday,26.95,27.45,26.85,27.2,21.58,25705400,696.91,0,0.0
VPB,2026-09-15,Tuesday,27.4,27.8,27.3,27.65,21.94,22318600,614.69,1653000,47.94
VPB,2026-09-16,Wednesday,27.65,27.7,27.3,27.6,21.9,17558200,483.04,2599900,76.0
VPB,2026-09-17,Thursday,27.35,28.2,27.35,28.2,22.37,31764100,889.66,2671000,78.79
VPB,2026-09-18,Friday,28.3,29.05,27.45,27.45,21.78,49102400,1387.15,13105100,380.83
VPB,2026-09-21,Monday,27.85,28.45,27.6,28.45,22.57,33290700,931.54,5582300,155.79
VPB,2026-09-22,Tuesday,28.35,28.4,27.85,28.0,22.22,16166700,452.89,362000,10.25
VPB,2026-09-23,Wednesday,27.85,28.05,27.6,27.8,22.06,26013600,725.11,6400000,185.26
VPB,2026-09-24,Thursday,22.25,22.55,22.1,22.1,22.1,21317700,476.06,1479700,34.6
VPB,2026-09-25,Friday,22.0,23.6,22.0,23.0,23.0,46844000,1080.87,1400000,30.94
VPB,2026-09-28,Monday,23.15,23.2,22.45,22.95,22.95,20503800,465.52,4238000,101.71
VPB,2026-09-29,Tuesday,23.0,23.0,22.7,22.95,22.95,16588300,379.64,16054000,363.97
VPB,2026-09-30,Wednesday,22.95,23.4,22.9,23.4,23.4,16774900,389.14,15056000,339.48
VPB,2026-10-01,Thursday,23.4,23.5,23.25,23.3,23.3,11541100,269.73,10889900,245.65
VPB,2026-10-02,Friday,23.2,23.3,22.8,22.9,22.9,13941400,320.33,0,0.0
VPB,2026-10-05,Monday,22.8,23.0,22.2,23.0,23.0,14159200,322.71,1479900,35.27
VPB,2026-10-06,Tuesday,22.95,23.2,22.75,23.2,23.2,10323000,237.32,1898000,44.11
VPD,2026-09-09,Wednesday,21.0,21.05,21.0,21.05,21.05,3000,0.06,0,0.0
VPD,2026-09-10,Thursday,20.7,20.8,19.6,20.8,20.8,7600,0.15,0,0.0
VPD,2026-09-11,Friday,20.95,20.95,20.4,20.4,20.4,5600,0.12,0,0.0
VPD,2026-09-14,Monday,20.55,20.95,20.4,20.4,20.4,8200,0.17,0,0.0
VPD,2026-09-15,Tuesday,20.6,20.95,20.5,20.5,20.5,11400,0.23,55997,1.06
VPD,2026-09-16,Wednesday,20.4,21.0,20.4,21.0,21.0,4600,0.1,0,0.0
VPD,2026-09-17,Thursday,20.65,20.7,20.5,20.5,20.5,11700,0.24,0,0.0
VPD,2026-09-18,Friday,20.6,20.7,20.6,20.65,20.65,7500,0.15,0,0.0
VPD,2026-09-21,Monday,21.0,21.0,20.65,20.7,20.7,2400,0.05,0,0.0
VPD,2026-09-22,Tuesday,20.65,21.0,20.6,20.6,20.6,8700,0.18,0,0.0
VPD,2026-09-23,Wednesday,20.5,20.6,20.45,20.5,20.5,20700,0.42,0,0.0
VPD,2026-09-24,Thursday,20.55,20.7,20.35,20.5,20.5,24800,0.51,0,0.0
VPD,2026-09-25,Friday,20.5,20.55,20.45,20.55,20.55,5700,0.12,0,0.0
VPD,2026-09-28,Monday,20.5,20.6,20.45,20.5,20.5,1800,0.04,0,0.0
VPD,2026-09-29,Tuesday,20.55,20.85,20.55,20.85,20.85,16600,0.34,0,0.0
VPD,2026-09-30,Wednesday,20.65,20.8,20.5,20.8,20.8,2500,0.05,0,0.0
VPD,2026-10-01,Thursday,20.6,20.8,20.55,20.55,20.55,3200,0.07,0,0.0
VPD,2026-10-02,Friday,20.55,20.95,20.5,20.5,20.5,2100,0.04,0,0.0
VPD,2026-10-05,Monday,20.5,20.5,20.1,20.1,20.1,3400,0.07,0,0.0
VPD,2026-10-06,Tuesday,20.4,20.9,20.4,20.8,20.8,2200,0.05,0,0.0
VPG,2026-09-09,Wednesday,1.71,1.73,1.69,1.72,1.72,279800,0.48,0,0.0
VPG,2026-09-10,Thursday,1.72,1.73,1.65,1.71,1.71,49300,0.08,0,0.0
VPG,2026-09-11,Friday,1.72,1.72,1.65,1.65,1.65,49100,0.08,0,0.0
VPG,2026-09-14,Monday,1.65,1.66,1.54,1.54,1.54,386700,0.6,0,0.0
VPG,2026-09-15,Tuesday,1.59,1.59,1.5,1.53,1.53,82300,0.13,0,0.0
VPG,2026-09-16,Wednesday,1.53,1.54,1.48,1.53,1.53,139800,0.21,0,0.0
VPG,2026-09-17,Thursday,1.49,1.54,1.49,1.51,1.51,61200,0.09,0,0.0
VPG,2026-09-18,Friday,1.53,1.53,1.48,1.48,1.48,130600,0.2,0,0.0
VPG,2026-09-21,Monday,1.48,1.48,1.38,1.39,1.39,815100,1.14,0,0.0
VPG,2026-09-22,Tuesday,1.4,1.41,1.3,1.31,1.31,387100,0.51,0,0.0
VPG,2026-09-23,Wednesday,1.3,1.35,1.3,1.34,1.34,247500,0.33,0,0.0
VPG,2026-09-24,Thursday,1.38,1.43,1.34,1.43,1.43,598400,0.85,0,0.0
VPG,2026-09-25,Friday,1.53,1.53,1.49,1.53,1.53,460800,0.7,0,0.0
VPG,2026-09-28,Monday,1.63,1.63,1.53,1.54,1.54,737300,1.17,0,0.0
VPG,2026-09-29,Tuesday,1.56,1.58,1.44,1.47,1.47,279500,0.41,0,0.0
VPG,2026-09-30,Wednesday,1.49,1.49,1.4,1.42,1.42,169400,0.24,0,0.0
VPG,2026-10-01,Thursday,1.38,1.41,1.33,1.35,1.35,447900,0.6,0,0.0
VPG,2026-10-02,Friday,1.35,1.38,1.31,1.37,1.37,183600,0.25,0,0.0
VPG,2026-10-05,Monday,1.37,1.4,1.33,1.34,1.34,96800,0.13,0,0.0
VPG,2026-10-06,Tuesday,1.34,1.34,1.25,1.26,1.26,503300,0.64,0,0.0
VPH,2026-09-09,Wednesday,3.04,3.04,2.97,2.98,2.98,17500,0.05,0,0.0
VPH,2026-09-10,Thursday,3.03,3.03,2.98,2.99,2.99,13900,0.04,0,0.0
VPH,2026-09-11,Friday,2.98,2.98,2.95,2.98,2.98,27000,0.08,0,0.0
VPH,2026-09-14,Monday,3.0,3.0,2.9,2.9,2.9,19200,0.06,0,0.0
VPH,2026-09-15,Tuesday,2.9,2.92,2.86,2.9,2.9,23800,0.07,0,0.0
VPH,2026-09-16,Wednesday,2.92,2.92,2.9,2.91,2.91,18300,0.05,0,0.0
VPH,2026-09-17,Thursday,2.91,3.06,2.91,2.92,2.92,17500,0.05,0,0.0
VPH,2026-09-18,Friday,2.99,2.99,2.89,2.94,2.94,18600,0.05,0,0.0
VPH,2026-09-21,Monday,2.94,2.99,2.81,2.81,2.81,14500,0.04,0,0.0
VPH,2026-09-22,Tuesday,2.64,2.91,2.64,2.83,2.83,55000,0.15,0,0.0
VPH,2026-09-23,Wednesday,2.8,2.84,2.77,2.82,2.82,10800,0.03,0,0.0
VPH,2026-09-24,Thursday,2.76,2.83,2.7,2.79,2.79,36600,0.1,0,0.0
VPH,2026-09-25,Friday,2.85,2.94,2.71,2.8,2.8,67100,0.18,0,0.0
VPH,2026-09-28,Monday,2.73,2.78,2.69,2.78,2.78,62700,0.17,0,0.0
VPH,2026-09-29,Tuesday,2.63,2.78,2.63,2.74,2.74,47300,0.13,0,0.0
VPH,2026-09-30,Wednesday,2.73,2.73,2.69,2.69,2.69,5300,0.01,0,0.0
VPH,2026-10-01,Thursday,2.65,2.69,2.55,2.6,2.6,64100,0.17,0,0.0
VPH,2026-10-02,Friday,2.6,2.78,2.6,2.6,2.6,14300,0.04,0,0.0
VPH,2026-10-05,Monday,2.7,2.7,2.6,2.64,2.64,2800,0.01,0,0.0
VPH,2026-10-06,Tuesday,2.67,2.67,2.6,2.6,2.6,7400,0.02,0,0.0
VPI,2026-09-09,Wednesday,58.6,59.0,57.2,58.7,58.7,2887000,168.76,0,0.0
VPI,2026-09-10,Thursday,58.6,61.4,58.0,61.4,61.4,2633100,156.56,0,0.0
VPI,2026-09-11,Friday,61.2,61.2,58.9,59.6,59.6,2979400,177.41,0,0.0
VPI,2026-09-14,Monday,59.3,60.5,58.9,60.3,60.3,2701300,160.99,0,0.0
VPI,2026-09-15,Tuesday,60.3,61.5,59.9,61.0,61.0,2657200,161.1,0,0.0
VPI,2026-09-16,Wednesday,61.1,62.1,60.8,62.0,62.0,1869600,114.6,0,0.0
VPI,2026-09-17,Thursday,62.0,63.4,61.7,63.1,63.1,1632300,102.15,0,0.0
VPI,2026-09-18,Friday,63.1,63.3,62.0,62.9,62.9,1268400,79.48,0,0.0
VPI,2026-09-21,Monday,62.9,62.9,60.0,60.2,60.2,1384900,85.03,860000,53.32
VPI,2026-09-22,Tuesday,60.5,61.0,59.0,59.6,59.6,1160800,69.18,0,0.0
VPI,2026-09-23,Wednesday,59.0,61.3,59.0,61.1,61.1,1264900,76.14,3360000,203.32
VPI,2026-09-24,Thursday,60.9,61.8,59.6,61.8,61.8,1497100,91.28,0,0.0
VPI,2026-09-25,Friday,61.8,62.6,61.5,62.2,62.2,1787800,110.94,2500000,150.0
VPI,2026-09-28,Monday,61.8,62.0,60.7,62.0,62.0,1124700,68.83,0,0.0
VPI,2026-09-29,Tuesday,61.9,62.0,60.3,60.6,60.6,1182600,72.74,0,0.0
VPI,2026-09-30,Wednesday,60.4,61.5,59.3,59.3,59.3,1174700,70.89,0,0.0
VPI,2026-10-01,Thursday,59.3,59.8,58.2,58.4,58.4,1459900,86.07,240000,14.23
VPI,2026-10-02,Friday,58.4,59.4,58.1,58.8,58.8,1851100,108.53,4200000,248.22
VPI,2026-10-05,Monday,58.7,59.4,56.5,56.9,56.9,2013200,116.38,240000,14.23
VPI,2026-10-06,Tuesday,57.0,57.8,56.4,57.6,57.6,1906100,108.86,4200000,248.22
VPL,2026-09-09,Wednesday,82.5,88.2,82.5,85.9,85.9,2456000,210.78,0,0.0
VPL,2026-09-10,Thursday,85.8,85.8,83.0,84.0,84.0,583700,49.08,0,0.0
VPL,2026-09-11,Friday,83.0,85.0,82.5,82.5,82.5,662900,55.25,0,0.0
VPL,2026-09-14,Monday,83.0,84.8,81.6,84.2,84.2,1296400,107.93,0,0.0
VPL,2026-09-15,Tuesday,84.3,85.6,83.3,85.6,85.6,1185700,100.11,0,0.0
VPL,2026-09-16,Wednesday,85.0,85.4,82.8,84.2,84.2,1118400,93.86,0,0.0
VPL,2026-09-17,Thursday,83.1,85.5,82.3,85.5,85.5,1309000,110.7,0,0.0
VPL,2026-09-18,Friday,86.0,87.6,81.2,81.2,81.2,3751600,308.76,0,0.0
VPL,2026-09-21,Monday,82.5,82.9,79.2,81.2,81.2,1279300,103.49,0,0.0
VPL,2026-09-22,Tuesday,80.5,82.0,80.5,81.7,81.7,998500,80.93,0,0.0
VPL,2026-09-23,Wednesday,81.7,81.7,79.1,79.1,79.1,650700,52.13,0,0.0
VPL,2026-09-24,Thursday,78.3,78.8,76.6,78.0,78.0,942400,73.08,0,0.0
VPL,2026-09-25,Friday,78.0,80.1,77.7,79.7,79.7,423000,33.46,0,0.0
VPL,2026-09-28,Monday,79.6,80.0,78.2,80.0,80.0,433200,34.43,0,0.0
VPL,2026-09-29,Tuesday,79.8,80.0,78.5,79.3,79.3,648600,51.29,0,0.0
VPL,2026-09-30,Wednesday,79.8,79.8,78.5,79.2,79.2,656500,51.79,0,0.0
VPL,2026-10-01,Thursday,78.5,78.7,77.3,78.5,78.5,657800,51.43,0,0.0
VPL,2026-10-02,Friday,78.0,78.9,76.2,78.9,78.9,633000,49.34,0,0.0
VPL,2026-10-05,Monday,78.8,78.8,77.5,77.6,77.6,625600,48.71,0,0.0
VPL,2026-10-06,Tuesday,77.1,81.0,77.1,80.9,80.9,913300,72.04,0,0.0
VPS,2026-09-09,Wednesday,8.72,8.72,8.7,8.7,8.7,6700,0.06,0,0.0
VPS,2026-09-10,Thursday,8.7,8.7,8.65,8.68,8.68,1200,0.01,0,0.0
VPS,2026-09-11,Friday,8.68,8.68,8.55,8.55,8.55,7900,0.07,0,0.0
VPS,2026-09-14,Monday,8.51,8.51,8.45,8.45,8.45,3100,0.03,0,0.0
VPS,2026-09-15,Tuesday,8.41,8.41,8.4,8.4,8.4,15400,0.13,0,0.0
VPS,2026-09-16,Wednesday,8.5,8.5,8.5,8.5,8.5,500,0.0,0,0.0
VPS,2026-09-17,Thursday,8.5,8.5,8.5,8.5,8.5,100,0.0,0,0.0
VPS,2026-09-18,Friday,8.5,8.74,8.5,8.74,8.74,400,0.0,0,0.0
VPS,2026-09-21,Monday,8.78,8.78,8.75,8.75,8.75,200,0.0,0,0.0
VPS,2026-09-22,Tuesday,8.75,8.75,8.75,8.75,8.75,100,0.0,0,0.0
VPS,2026-09-23,Wednesday,8.75,8.75,8.51,8.51,8.51,300,0.0,0,0.0
VPS,2026-09-24,Thursday,8.51,8.51,8.29,8.29,8.29,12900,0.11,0,0.0
VPS,2026-09-25,Friday,8.4,8.5,8.29,8.5,8.5,2800,0.02,0,0.0
VPS,2026-09-28,Monday,8.5,8.5,8.49,8.49,8.49,900,0.01,0,0.0
VPS,2026-09-29,Tuesday,8.49,8.49,8.49,8.49,8.49,100,0.0,0,0.0
VPS,2026-09-30,Wednesday,8.48,8.49,8.4,8.4,8.4,600,0.01,0,0.0
VPS,2026-10-01,Thursday,8.4,8.4,8.4,8.4,8.4,200,0.0,0,0.0
VPS,2026-10-02,Friday,8.4,8.5,8.4,8.41,8.41,1600,0.01,0,0.0
VPS,2026-10-05,Monday,8.4,8.45,8.4,8.4,8.4,3200,0.03,0,0.0
VPS,2026-10-06,Tuesday,8.31,8.4,8.31,8.4,8.4,1300,0.01,0,0.0
VPX,2026-09-09,Wednesday,24.95,25.0,24.7,24.7,24.7,438900,10.88,0,0.0
VPX,2026-09-10,Thursday,24.6,24.9,24.55,24.75,24.75,307500,7.6,0,0.0
VPX,2026-09-11,Friday,24.75,24.75,24.0,24.0,24.0,1021000,24.74,0,0.0
VPX,2026-09-14,Monday,24.0,24.15,23.3,23.45,23.45,920100,21.8,942000,24.12
VPX,2026-09-15,Tuesday,23.3,23.8,23.3,23.45,23.45,610600,14.39,0,0.0
VPX,2026-09-16,Wednesday,23.45,23.65,23.2,23.2,23.2,580300,13.56,0,0.0
VPX,2026-09-17,Thursday,23.15,24.15,23.1,23.95,23.95,737300,17.53,0,0.0
VPX,2026-09-18,Friday,24.05,24.2,23.9,23.9,23.9,658000,15.82,0,0.0
VPX,2026-09-21,Monday,24.1,24.15,23.5,23.9,23.9,631400,15.0,0,0.0
VPX,2026-09-22,Tuesday,23.9,24.95,23.75,24.8,24.8,1251600,30.43,0,0.0
VPX,2026-09-23,Wednesday,24.5,25.3,24.35,25.2,25.2,1057600,26.23,0,0.0
VPX,2026-09-24,Thursday,25.05,25.3,24.55,25.2,25.2,1288300,32.16,0,0.0
VPX,2026-09-25,Friday,25.15,26.0,24.85,25.45,25.45,1484600,37.86,0,0.0
VPX,2026-09-28,Monday,25.25,25.25,24.5,24.95,24.95,624400,15.49,0,0.0
VPX,2026-09-29,Tuesday,24.9,25.45,24.5,25.45,25.45,975900,24.39,0,0.0
VPX,2026-09-30,Wednesday,25.1,25.8,25.1,25.8,25.8,2441100,62.38,0,0.0
VPX,2026-10-01,Thursday,25.3,25.8,25.1,25.45,25.45,591300,14.99,0,0.0
VPX,2026-10-02,Friday,25.35,25.35,23.85,24.2,24.2,2217200,53.52,0,0.0
VPX,2026-10-05,Monday,24.2,24.2,23.7,23.7,23.7,713200,16.95,0,0.0
VPX,2026-10-06,Tuesday,23.65,23.65,22.8,23.5,23.5,848700,19.65,0,0.0
VRC,2026-09-09,Wednesday,10.8,11.3,10.65,11.0,11.0,24500,0.26,0,0.0
VRC,2026-09-10,Thursday,10.4,11.65,10.4,11.45,11.45,700,0.01,0,0.0
VRC,2026-09-11,Friday,10.75,11.45,10.75,11.45,11.45,4900,0.06,0,0.0
VRC,2026-09-14,Monday,11.2,11.6,11.2,11.6,11.6,300,0.0,0,0.0
VRC,2026-09-15,Tuesday,10.9,11.25,10.9,11.15,11.15,8100,0.09,0,0.0
VRC,2026-09-16,Wednesday,11.0,11.0,10.95,10.95,10.95,34700,0.38,0,0.0
VRC,2026-09-17,Thursday,10.95,11.45,10.95,11.45,11.45,200,0.0,0,0.0
VRC,2026-09-18,Friday,11.15,11.3,11.15,11.3,11.3,2100,0.02,0,0.0
VRC,2026-09-21,Monday,11.35,11.35,10.8,10.8,10.8,200,0.0,0,0.0
VRC,2026-09-22,Tuesday,11.3,11.3,11.3,11.3,11.3,200,0.0,0,0.0
VRC,2026-09-23,Wednesday,11.3,11.3,11.3,11.3,11.3,0,0.0,0,0.0
VRC,2026-09-24,Thursday,10.65,11.2,10.65,11.15,11.15,10300,0.11,0,0.0
VRC,2026-09-25,Friday,11.15,11.15,11.15,11.15,11.15,0,0.0,0,0.0
VRC,2026-09-28,Monday,11.4,11.8,11.4,11.8,11.8,200,0.0,0,0.0
VRC,2026-09-29,Tuesday,11.0,11.8,11.0,11.8,11.8,15700,0.18,0,0.0
VRC,2026-09-30,Wednesday,11.7,11.8,11.7,11.8,11.8,201400,2.36,0,0.0
VRC,2026-10-01,Thursday,11.0,11.75,11.0,11.55,11.55,1600,0.02,0,0.0
VRC,2026-10-02,Friday,11.7,11.7,10.8,10.8,10.8,26800,0.29,0,0.0
VRC,2026-10-05,Monday,11.1,11.4,10.5,11.4,11.4,5400,0.06,0,0.0
VRC,2026-10-06,Tuesday,11.3,11.4,11.15,11.15,11.15,374200,4.2,0,0.0
VRE,2026-09-09,Wednesday,26.2,27.15,26.2,26.3,26.3,4030100,107.33,0,0.0
VRE,2026-09-10,Thursday,26.15,26.5,25.65,26.45,26.45,3903200,102.11,0,0.0
VRE,2026-09-11,Friday,26.15,26.3,25.6,25.6,25.6,3766700,97.45,0,0.0
VRE,2026-09-14,Monday,25.35,25.75,24.75,25.75,25.75,6024200,152.05,0,0.0
VRE,2026-09-15,Tuesday,25.8,25.85,25.4,25.7,25.7,3375400,86.57,0,0.0
VRE,2026-09-16,Wednesday,25.3,26.0,25.3,25.5,25.5,2915600,74.91,0,0.0
VRE,2026-09-17,Thursday,25.45,26.2,25.4,25.8,25.8,4502700,116.51,0,0.0
VRE,2026-09-18,Friday,25.8,26.4,25.5,25.5,25.5,7567800,195.04,0,0.0
VRE,2026-09-21,Monday,25.8,25.9,24.55,24.75,24.75,7088000,176.8,500000,12.6
VRE,2026-09-22,Tuesday,24.85,25.3,24.65,25.1,25.1,2784700,69.65,0,0.0
VRE,2026-09-23,Wednesday,25.2,25.3,24.8,24.9,24.9,3217300,80.26,560000,13.98
VRE,2026-09-24,Thursday,24.75,24.9,24.15,24.15,24.15,5601600,136.44,0,0.0
VRE,2026-09-25,Friday,24.1,24.75,24.05,24.5,24.5,3865200,94.52,0,0.0
VRE,2026-09-28,Monday,24.5,24.8,24.3,24.4,24.4,2486400,60.8,0,0.0
VRE,2026-09-29,Tuesday,24.2,24.6,24.15,24.15,24.15,3118700,75.8,0,0.0
VRE,2026-09-30,Wednesday,24.2,24.5,24.1,24.35,24.35,3146200,76.35,0,0.0
VRE,2026-10-01,Thursday,24.35,24.35,23.8,24.15,24.15,3642400,87.49,0,0.0
VRE,2026-10-02,Friday,24.0,24.25,23.55,23.6,23.6,3226400,76.72,0,0.0
VRE,2026-10-05,Monday,23.6,23.85,23.45,23.8,23.8,3082000,72.89,0,0.0
VRE,2026-10-06,Tuesday,23.7,24.0,23.05,23.8,23.8,3747500,87.85,0,0.0
VSC,2026-09-09,Wednesday,13.8,13.85,13.5,13.5,13.5,5109100,69.78,0,0.0
VSC,2026-09-10,Thursday,13.4,13.75,13.35,13.55,13.55,5301000,71.84,0,0.0
VSC,2026-09-11,Friday,13.55,13.55,13.0,13.0,13.0,10044500,132.6,0,0.0
VSC,2026-09-14,Monday,13.0,13.2,12.25,12.7,12.7,11876200,151.48,0,0.0
VSC,2026-09-15,Tuesday,12.85,13.4,12.85,13.15,13.15,6135600,80.86,0,0.0
VSC,2026-09-16,Wednesday,13.15,13.35,13.0,13.05,13.05,5226000,68.63,0,0.0
VSC,2026-09-17,Thursday,13.0,13.45,12.95,13.2,13.2,7698200,102.19,0,0.0
VSC,2026-09-18,Friday,13.4,13.65,13.25,13.35,13.35,7314400,98.51,0,0.0
VSC,2026-09-21,Monday,13.45,13.6,13.1,13.1,13.1,4171500,55.54,0,0.0
VSC,2026-09-22,Tuesday,13.15,13.5,13.15,13.4,13.4,5726700,76.65,0,0.0
VSC,2026-09-23,Wednesday,13.5,13.7,13.25,13.3,13.3,5429300,73.24,0,0.0
VSC,2026-09-24,Thursday,13.35,13.45,13.1,13.1,13.1,6493000,86.2,0,0.0
VSC,2026-09-25,Friday,13.15,13.5,13.1,13.25,13.25,5815300,77.11,0,0.0
VSC,2026-09-28,Monday,13.4,13.9,13.4,13.6,13.6,15027100,205.37,0,0.0
VSC,2026-09-29,Tuesday,13.75,13.8,13.5,13.55,13.55,7696700,105.0,0,0.0
VSC,2026-09-30,Wednesday,13.55,13.7,13.15,13.15,13.15,8459500,113.63,0,0.0
VSC,2026-10-01,Thursday,13.2,13.2,12.8,13.15,13.15,9909500,128.6,0,0.0
VSC,2026-10-02,Friday,13.3,13.3,12.7,12.7,12.7,6161100,79.64,0,0.0
VSC,2026-10-05,Monday,12.9,13.05,12.7,13.0,13.0,6150000,79.48,0,0.0
VSC,2026-10-06,Tuesday,13.0,13.1,12.65,12.95,12.95,5162400,66.11,0,0.0
VSH,2026-09-09,Wednesday,41.25,41.3,41.2,41.3,41.3,12700,0.52,0,0.0
VSH,2026-09-10,Thursday,41.3,41.8,41.3,41.8,41.8,1400,0.06,0,0.0
VSH,2026-09-11,Friday,41.5,41.5,41.0,41.0,41.0,7900,0.32,0,0.0
VSH,2026-09-14,Monday,41.2,41.2,41.0,41.2,41.2,1500,0.06,0,0.0
VSH,2026-09-15,Tuesday,41.2,41.3,40.6,41.2,41.2,8400,0.34,0,0.0
VSH,2026-09-16,Wednesday,41.1,41.2,41.0,41.2,41.2,4200,0.17,0,0.0
VSH,2026-09-17,Thursday,41.2,41.2,41.1,41.2,41.2,4000,0.16,0,0.0
VSH,2026-09-18,Friday,41.2,41.2,40.9,41.2,41.2,14400,0.59,0,0.0
VSH,2026-09-21,Monday,41.2,41.35,41.0,41.35,41.35,1400,0.06,0,0.0
VSH,2026-09-22,Tuesday,41.35,41.35,41.15,41.35,41.35,1300,0.05,0,0.0
VSH,2026-09-23,Wednesday,41.05,41.35,41.0,41.35,41.35,3700,0.15,0,0.0
VSH,2026-09-24,Thursday,41.35,41.65,41.3,41.65,41.65,2700,0.11,0,0.0
VSH,2026-09-25,Friday,41.2,41.65,41.2,41.2,41.2,5200,0.21,0,0.0
VSH,2026-09-28,Monday,41.45,41.45,40.9,41.1,41.1,9600,0.4,0,0.0
VSH,2026-09-29,Tuesday,41.1,41.1,40.9,41.1,41.1,7400,0.3,0,0.0
VSH,2026-09-30,Wednesday,41.0,41.1,40.8,41.1,41.1,14400,0.59,0,0.0
VSH,2026-10-01,Thursday,41.45,41.45,41.45,41.45,41.45,400,0.02,0,0.0
VSH,2026-10-02,Friday,40.9,41.7,40.9,41.45,41.45,8700,0.36,0,0.0
VSH,2026-10-05,Monday,41.0,41.45,40.8,41.25,41.25,3400,0.14,0,0.0
VSH,2026-10-06,Tuesday,41.4,41.45,41.0,41.15,41.15,3600,0.15,0,0.0
VSI,2026-09-09,Wednesday,18.6,18.6,18.5,18.5,18.5,1000,0.02,0,0.0
VSI,2026-09-10,Thursday,18.6,18.6,18.5,18.5,18.5,1000,0.02,0,0.0
VSI,2026-09-11,Friday,18.5,18.5,18.5,18.5,18.5,0,0.0,0,0.0
VSI,2026-09-14,Monday,18.5,18.5,18.5,18.5,18.5,0,0.0,0,0.0
VSI,2026-09-15,Tuesday,18.05,18.05,18.05,18.05,18.05,800,0.01,0,0.0
VSI,2026-09-16,Wednesday,19.25,19.25,19.25,19.25,19.25,100,0.0,0,0.0
VSI,2026-09-17,Thursday,18.1,20.5,18.1,20.5,20.5,1100,0.02,0,0.0
VSI,2026-09-18,Friday,19.1,19.1,19.1,19.1,19.1,1900,0.04,0,0.0
VSI,2026-09-21,Monday,18.5,20.35,18.5,20.35,20.35,1100,0.02,0,0.0
VSI,2026-09-22,Tuesday,21.7,21.7,19.0,19.0,19.0,1900,0.04,0,0.0
VSI,2026-09-23,Wednesday,19.0,19.0,19.0,19.0,19.0,0,0.0,0,0.0
VSI,2026-09-24,Thursday,17.8,17.8,17.8,17.8,17.8,100,0.0,0,0.0
VSI,2026-09-25,Friday,17.8,17.8,17.8,17.8,17.8,0,0.0,0,0.0
VSI,2026-09-28,Monday,17.8,17.8,17.8,17.8,17.8,0,0.0,0,0.0
VSI,2026-09-29,Tuesday,17.15,17.15,17.15,17.15,17.15,100,0.0,0,0.0
VSI,2026-09-30,Wednesday,16.05,16.05,16.05,16.05,16.05,100,0.0,0,0.0
VSI,2026-10-01,Thursday,16.05,16.05,16.05,16.05,16.05,0,0.0,0,0.0
VSI,2026-10-02,Friday,16.05,16.05,16.05,16.05,16.05,0,0.0,0,0.0
VSI,2026-10-05,Monday,17.15,17.15,17.15,17.15,17.15,100,0.0,0,0.0
VSI,2026-10-06,Tuesday,18.35,18.35,17.35,17.35,17.35,200,0.0,0,0.0
VTB,2026-09-09,Wednesday,13.2,13.2,13.2,13.2,12.17,100,0.0,0,0.0
VTB,2026-09-10,Thursday,13.2,13.2,13.2,13.2,12.17,0,0.0,0,0.0
VTB,2026-09-11,Friday,13.1,13.1,13.1,13.1,12.08,900,0.01,0,0.0
VTB,2026-09-14,Monday,13.1,13.1,13.1,13.1,12.08,0,0.0,0,0.0
VTB,2026-09-15,Tuesday,13.0,13.1,13.0,13.1,12.08,5000,0.07,0,0.0
VTB,2026-09-16,Wednesday,12.6,13.2,12.6,13.2,12.17,700,0.01,0,0.0
VTB,2026-09-17,Thursday,13.3,13.5,13.3,13.3,12.26,3100,0.04,0,0.0
VTB,2026-09-18,Friday,13.5,13.5,13.5,13.5,12.45,2500,0.03,0,0.0
VTB,2026-09-21,Monday,13.2,13.2,13.1,13.15,12.12,3100,0.04,0,0.0
VTB,2026-09-22,Tuesday,13.3,13.3,13.3,13.3,12.26,1300,0.02,0,0.0
VTB,2026-09-23,Wednesday,13.3,13.3,12.8,12.8,11.8,3700,0.05,0,0.0
VTB,2026-09-24,Thursday,12.8,12.8,12.8,12.8,11.8,9300,0.12,0,0.0
VTB,2026-09-25,Friday,11.75,11.75,11.75,11.75,11.75,2700,0.03,0,0.0
VTB,2026-09-28,Monday,12.1,12.1,11.05,11.05,11.05,3100,0.04,0,0.0
VTB,2026-09-29,Tuesday,10.6,11.2,10.6,11.2,11.2,1900,0.02,0,0.0
VTB,2026-09-30,Wednesday,11.2,11.2,10.85,10.85,10.85,500,0.01,0,0.0
VTB,2026-10-01,Thursday,10.85,10.85,10.85,10.85,10.85,600,0.01,0,0.0
VTB,2026-10-02,Friday,10.6,10.6,10.6,10.6,10.6,1500,0.02,0,0.0
VTB,2026-10-05,Monday,10.6,10.65,10.6,10.65,10.65,2000,0.02,0,0.0
VTB,2026-10-06,Tuesday,10.65,10.65,10.65,10.65,10.65,100,0.0,0,0.0
VTO,2026-09-09,Wednesday,10.6,10.65,10.45,10.6,10.6,70300,0.74,0,0.0
VTO,2026-09-10,Thursday,10.6,10.6,10.45,10.55,10.55,45100,0.48,0,0.0
VTO,2026-09-11,Friday,10.55,10.6,10.3,10.3,10.3,98000,1.02,0,0.0
VTO,2026-09-14,Monday,10.5,10.5,10.3,10.3,10.3,67800,0.7,0,0.0
VTO,2026-09-15,Tuesday,10.4,10.5,10.3,10.45,10.45,174100,1.81,0,0.0
VTO,2026-09-16,Wednesday,10.5,10.85,10.5,10.8,10.8,815300,8.77,0,0.0
VTO,2026-09-17,Thursday,10.8,10.8,10.65,10.7,10.7,79500,0.85,0,0.0
VTO,2026-09-18,Friday,10.6,10.9,10.55,10.55,10.55,346100,3.71,0,0.0
VTO,2026-09-21,Monday,10.65,10.65,10.5,10.5,10.5,160500,1.69,0,0.0
VTO,2026-09-22,Tuesday,10.55,11.0,10.4,10.9,10.9,390300,4.16,0,0.0
VTO,2026-09-23,Wednesday,10.85,11.0,10.65,10.7,10.7,227800,2.47,0,0.0
VTO,2026-09-24,Thursday,10.7,10.95,10.7,10.75,10.75,283700,3.06,0,0.0
VTO,2026-09-25,Friday,10.7,10.95,10.7,10.95,10.95,179900,1.96,0,0.0
VTO,2026-09-28,Monday,10.9,11.15,10.8,11.05,11.05,579000,6.37,0,0.0
VTO,2026-09-29,Tuesday,11.1,11.45,10.95,11.45,11.45,865900,9.72,0,0.0
VTO,2026-09-30,Wednesday,11.45,11.6,11.25,11.25,11.25,515400,5.88,0,0.0
VTO,2026-10-01,Thursday,11.25,11.4,11.05,11.1,11.1,498600,5.57,0,0.0
VTO,2026-10-02,Friday,11.2,11.4,11.2,11.25,11.25,634200,7.17,0,0.0
VTO,2026-10-05,Monday,11.4,12.0,11.3,11.7,11.7,2425900,28.62,0,0.0
VTO,2026-10-06,Tuesday,11.85,12.0,11.45,11.8,11.8,828000,9.67,0,0.0
VTP,2026-09-09,Wednesday,51.2,51.8,50.4,50.4,50.4,535900,27.25,0,0.0
VTP,2026-09-10,Thursday,50.2,51.4,50.2,50.8,50.8,566700,28.77,256976,13.85
VTP,2026-09-11,Friday,50.4,50.8,49.5,49.5,49.5,591000,29.52,250000,13.0
VTP,2026-09-14,Monday,49.0,49.4,48.1,48.65,48.65,380900,18.55,256976,13.59
VTP,2026-09-15,Tuesday,48.7,49.9,48.7,49.5,49.5,395100,19.44,536335,26.82
VTP,2026-09-16,Wednesday,49.7,50.6,49.5,49.6,49.6,461200,23.01,0,0.0
VTP,2026-09-17,Thursday,49.0,50.3,49.0,49.55,49.55,296100,14.73,190482,10.1
VTP,2026-09-18,Friday,49.6,50.0,49.1,49.1,49.1,507200,25.1,1057095,53.45
VTP,2026-09-21,Monday,49.25,49.55,48.25,48.25,48.25,360300,17.53,563328,29.29
VTP,2026-09-22,Tuesday,48.5,49.0,48.3,48.95,48.95,324600,15.79,295500,14.78
VTP,2026-09-23,Wednesday,48.95,49.35,48.9,49.25,49.25,323100,15.87,52169,2.73
VTP,2026-09-24,Thursday,49.5,52.6,49.25,52.6,52.6,2588800,134.76,0,0.0
VTP,2026-09-25,Friday,52.6,53.5,51.9,52.8,52.8,815600,42.91,0,0.0
VTP,2026-09-28,Monday,52.8,53.0,50.6,51.5,51.5,951200,48.72,0,0.0
VTP,2026-09-29,Tuesday,51.5,53.3,50.9,52.6,52.6,1148900,60.44,0,0.0
VTP,2026-09-30,Wednesday,52.5,53.6,51.7,52.4,52.4,825700,43.46,0,0.0
VTP,2026-10-01,Thursday,52.4,55.0,52.4,53.2,53.2,1430000,76.9,0,0.0
VTP,2026-10-02,Friday,53.0,53.3,51.9,51.9,51.9,710900,37.36,0,0.0
VTP,2026-10-05,Monday,51.9,53.0,51.2,52.0,52.0,540900,28.25,375000,19.88
VTP,2026-10-06,Tuesday,52.0,52.2,48.6,50.1,50.1,1271100,63.43,555200,28.87
VVS,2026-09-09,Wednesday,90.0,90.9,88.7,88.7,88.7,56800,5.09,0,0.0
VVS,2026-09-10,Thursday,88.8,88.9,87.5,88.7,88.7,54400,4.8,0,0.0
VVS,2026-09-11,Friday,88.7,88.7,86.0,86.4,86.4,92500,8.03,0,0.0
VVS,2026-09-14,Monday,87.0,87.0,82.0,83.4,83.4,128500,10.85,0,0.0
VVS,2026-09-15,Tuesday,84.0,84.5,83.0,83.6,83.6,61700,5.17,0,0.0
VVS,2026-09-16,Wednesday,84.0,84.3,81.2,82.0,82.0,82600,6.8,0,0.0
VVS,2026-09-17,Thursday,82.0,82.0,79.5,80.4,80.4,166400,13.4,0,0.0
VVS,2026-09-18,Friday,80.3,83.2,80.2,82.1,82.1,75400,6.15,0,0.0
VVS,2026-09-21,Monday,82.1,83.0,81.1,81.5,81.5,60700,4.98,0,0.0
VVS,2026-09-22,Tuesday,81.5,87.0,81.0,85.6,85.6,95300,8.01,0,0.0
VVS,2026-09-23,Wednesday,86.9,90.9,86.1,89.9,89.9,207400,18.5,0,0.0
VVS,2026-09-24,Thursday,89.9,89.9,86.1,86.8,86.8,85400,7.46,0,0.0
VVS,2026-09-25,Friday,86.3,86.6,83.0,85.1,85.1,88600,7.51,0,0.0
VVS,2026-09-28,Monday,83.8,83.9,81.4,81.4,81.4,108300,8.87,0,0.0
VVS,2026-09-29,Tuesday,80.2,87.0,78.5,86.4,86.4,425500,34.89,0,0.0
VVS,2026-09-30,Wednesday,86.2,87.7,84.1,84.1,84.1,97600,8.38,0,0.0
VVS,2026-10-01,Thursday,84.1,84.1,82.2,82.7,82.7,122100,10.11,0,0.0
VVS,2026-10-02,Friday,82.0,82.9,80.8,81.8,81.8,138400,11.31,0,0.0
VVS,2026-10-05,Monday,81.8,85.0,81.8,84.7,84.7,173900,14.52,0,0.0
VVS,2026-10-06,Tuesday,84.7,87.0,83.5,84.7,84.7,121600,10.34,0,0.0
YBM,2026-09-09,Wednesday,10.25,10.25,10.25,10.25,10.25,0,0.0,0,0.0
YBM,2026-09-10,Thursday,9.66,9.98,9.66,9.98,9.98,900,0.01,0,0.0
YBM,2026-09-11,Friday,9.35,10.5,9.3,10.5,10.5,400,0.0,0,0.0
YBM,2026-09-14,Monday,11.2,11.2,9.8,10.0,10.0,4300,0.05,0,0.0
YBM,2026-09-15,Tuesday,10.0,10.0,10.0,10.0,10.0,0,0.0,0,0.0
YBM,2026-09-16,Wednesday,10.0,10.0,10.0,10.0,10.0,0,0.0,0,0.0
YBM,2026-09-17,Thursday,9.5,9.5,9.5,9.5,9.5,3000,0.03,0,0.0
YBM,2026-09-18,Friday,9.95,9.97,9.7,9.97,9.97,2700,0.03,0,0.0
YBM,2026-09-21,Monday,10.0,10.35,10.0,10.35,10.35,2900,0.03,0,0.0
YBM,2026-09-22,Tuesday,10.25,10.8,10.25,10.8,10.8,3700,0.04,0,0.0
YBM,2026-09-23,Wednesday,10.05,10.15,10.05,10.05,10.05,3500,0.04,0,0.0
YBM,2026-09-24,Thursday,10.05,10.05,10.05,10.05,10.05,100,0.0,0,0.0
YBM,2026-09-25,Friday,10.05,10.05,10.05,10.05,10.05,100,0.0,0,0.0
YBM,2026-09-28,Monday,10.05,10.05,9.4,9.4,9.4,500,0.0,0,0.0
YBM,2026-09-29,Tuesday,10.05,10.05,10.05,10.05,10.05,1200,0.01,0,0.0
YBM,2026-09-30,Wednesday,10.7,10.7,10.45,10.6,10.6,4200,0.04,0,0.0
YBM,2026-10-01,Thursday,10.6,10.6,10.0,10.4,10.4,1700,0.02,0,0.0
YBM,2026-10-02,Friday,9.8,10.35,9.8,10.35,10.35,400,0.0,0,0.0
YBM,2026-10-05,Monday,10.95,10.95,9.7,10.45,10.45,2800,0.03,0,0.0
YBM,2026-10-06,Tuesday,10.5,10.5,9.75,10.25,10.25,1400,0.01,200000,2.0
YEG,2026-09-09,Wednesday,7.32,7.32,7.18,7.2,7.2,531600,3.84,0,0.0
YEG,2026-09-10,Thursday,7.21,7.25,7.17,7.17,7.17,442200,3.18,0,0.0
YEG,2026-09-11,Friday,7.0,7.13,6.97,7.05,7.05,932100,6.55,0,0.0
YEG,2026-09-14,Monday,7.02,7.05,6.8,6.89,6.89,492900,3.42,0,0.0
YEG,2026-09-15,Tuesday,6.8,7.0,6.78,7.0,7.0,572600,3.94,20000,0.14
YEG,2026-09-16,Wednesday,7.0,7.0,6.86,6.88,6.88,158100,1.09,0,0.0
YEG,2026-09-17,Thursday,6.77,7.1,6.77,7.03,7.03,499100,3.49,14300000,100.1
YEG,2026-09-18,Friday,7.08,7.11,7.02,7.09,7.09,266900,1.88,10700000,74.9
YEG,2026-09-21,Monday,7.09,7.2,7.02,7.07,7.07,239000,1.7,0,0.0
YEG,2026-09-22,Tuesday,6.93,7.04,6.93,7.0,7.0,215500,1.5,0,0.0
YEG,2026-09-23,Wednesday,7.0,7.49,7.0,7.49,7.49,1271000,9.38,0,0.0
YEG,2026-09-24,Thursday,7.68,7.86,7.54,7.74,7.74,2830700,21.9,0,0.0
YEG,2026-09-25,Friday,7.74,7.77,7.58,7.71,7.71,1017100,7.82,0,0.0
YEG,2026-09-28,Monday,7.72,7.8,7.35,7.8,7.8,1877900,14.21,0,0.0
YEG,2026-09-29,Tuesday,7.63,7.88,7.55,7.88,7.88,1467000,11.33,0,0.0
YEG,2026-09-30,Wednesday,7.79,8.09,7.7,7.95,7.95,1778100,14.09,0,0.0
YEG,2026-10-01,Thursday,7.9,7.93,7.7,7.7,7.7,652900,5.1,0,0.0
YEG,2026-10-02,Friday,7.63,7.71,7.57,7.57,7.57,542100,4.15,0,0.0
YEG,2026-10-05,Monday,7.57,7.6,7.45,7.46,7.46,455400,3.42,0,0.0
YEG,2026-10-06,Tuesday,7.42,7.46,7.16,7.18,7.18,537900,3.93,0,0.0
